MatchID,Date,Season,Team,Opponent,IsHome,GF,GA,Shots,ShotsAgainst,SoT,SoTAgainst,Corners,Fouls,Yellow,Red,Points,Elo
0,2016-08-13,2016-17,Burnley,Swansea,1,0.0,1.0,10.0,17.0,3.0,9.0,7.0,10.0,3.0,0.0,0,1638.27
0,2016-08-13,2016-17,Swansea,Burnley,0,1.0,0.0,17.0,10.0,9.0,3.0,4.0,14.0,2.0,0.0,3,1689.39
1,2016-08-13,2016-17,Crystal Palace,West Brom,1,0.0,1.0,14.0,13.0,4.0,3.0,3.0,12.0,2.0,0.0,0,1635.1
1,2016-08-13,2016-17,West Brom,Crystal Palace,0,1.0,0.0,13.0,14.0,3.0,4.0,6.0,15.0,2.0,0.0,3,1646.81
2,2016-08-13,2016-17,Everton,Tottenham,1,1.0,1.0,12.0,13.0,6.0,4.0,5.0,10.0,0.0,0.0,1,1696.52
2,2016-08-13,2016-17,Tottenham,Everton,0,1.0,1.0,13.0,12.0,4.0,6.0,6.0,14.0,0.0,0.0,1,1805.58
3,2016-08-13,2016-17,Hull,Leicester,1,2.0,1.0,14.0,18.0,5.0,5.0,5.0,8.0,2.0,0.0,3,1590.4
3,2016-08-13,2016-17,Leicester,Hull,0,1.0,2.0,18.0,14.0,5.0,5.0,3.0,17.0,2.0,0.0,0,1812.99
4,2016-08-13,2016-17,Man City,Sunderland,1,2.0,1.0,16.0,7.0,4.0,3.0,9.0,11.0,1.0,0.0,3,1849.89
4,2016-08-13,2016-17,Sunderland,Man City,0,1.0,2.0,7.0,16.0,3.0,4.0,6.0,14.0,2.0,0.0,0,1656.89
5,2016-08-13,2016-17,Middlesbrough,Stoke,1,1.0,1.0,12.0,12.0,2.0,1.0,9.0,18.0,3.0,0.0,1,1596.31
5,2016-08-13,2016-17,Stoke,Middlesbrough,0,1.0,1.0,12.0,12.0,1.0,2.0,6.0,14.0,5.0,0.0,1,1683.14
6,2016-08-13,2016-17,Southampton,Watford,1,1.0,1.0,24.0,5.0,6.0,1.0,6.0,8.0,1.0,0.0,1,1779.85
6,2016-08-13,2016-17,Watford,Southampton,0,1.0,1.0,5.0,24.0,1.0,6.0,2.0,12.0,2.0,1.0,1,1625.21
7,2016-08-14,2016-17,Arsenal,Liverpool,1,3.0,4.0,9.0,16.0,5.0,7.0,5.0,13.0,3.0,0.0,0,1841.41
7,2016-08-14,2016-17,Liverpool,Arsenal,0,4.0,3.0,16.0,9.0,7.0,5.0,4.0,17.0,3.0,0.0,3,1801.55
8,2016-08-14,2016-17,Bournemouth,Man United,1,1.0,3.0,9.0,11.0,3.0,7.0,4.0,7.0,0.0,0.0,0,1621.22
8,2016-08-14,2016-17,Man United,Bournemouth,0,3.0,1.0,11.0,9.0,7.0,3.0,2.0,10.0,1.0,0.0,3,1790.08
9,2016-08-15,2016-17,Chelsea,West Ham,1,2.0,1.0,16.0,7.0,6.0,3.0,7.0,16.0,5.0,0.0,3,1795.98
9,2016-08-15,2016-17,West Ham,Chelsea,0,1.0,2.0,7.0,16.0,3.0,6.0,1.0,16.0,2.0,0.0,0,1727.62
10,2016-08-19,2016-17,Man United,Southampton,1,2.0,0.0,12.0,13.0,5.0,1.0,4.0,11.0,0.0,0.0,3,1798.99
10,2016-08-19,2016-17,Southampton,Man United,0,0.0,2.0,13.0,12.0,1.0,5.0,0.0,8.0,0.0,0.0,0,1775.83
11,2016-08-20,2016-17,Swansea,Hull,1,0.0,2.0,13.0,12.0,3.0,4.0,8.0,7.0,0.0,0.0,0,1699.23
11,2016-08-20,2016-17,Hull,Swansea,0,2.0,0.0,12.0,13.0,4.0,3.0,3.0,10.0,0.0,0.0,3,1604.09
12,2016-08-20,2016-17,Leicester,Arsenal,1,0.0,0.0,8.0,13.0,1.0,4.0,2.0,11.0,1.0,0.0,1,1802.18
12,2016-08-20,2016-17,Arsenal,Leicester,0,0.0,0.0,13.0,8.0,4.0,1.0,7.0,7.0,2.0,0.0,1,1832.22
13,2016-08-20,2016-17,Stoke,Man City,1,1.0,4.0,8.0,12.0,3.0,6.0,7.0,12.0,3.0,0.0,0,1683.77
13,2016-08-20,2016-17,Man City,Stoke,0,4.0,1.0,12.0,8.0,6.0,3.0,7.0,13.0,4.0,0.0,3,1854.01
14,2016-08-20,2016-17,West Brom,Everton,1,1.0,2.0,11.0,13.0,4.0,7.0,7.0,16.0,3.0,0.0,0,1657.61
14,2016-08-20,2016-17,Everton,West Brom,0,2.0,1.0,13.0,11.0,7.0,4.0,4.0,10.0,1.0,0.0,3,1699.41
15,2016-08-20,2016-17,Tottenham,Crystal Palace,1,1.0,0.0,20.0,10.0,5.0,2.0,10.0,19.0,3.0,0.0,3,1805.58
15,2016-08-20,2016-17,Crystal Palace,Tottenham,0,0.0,1.0,10.0,20.0,2.0,5.0,4.0,9.0,3.0,0.0,0,1627.18
16,2016-08-20,2016-17,Watford,Chelsea,1,1.0,2.0,6.0,13.0,2.0,4.0,0.0,20.0,4.0,0.0,0,1632.11
16,2016-08-20,2016-17,Chelsea,Watford,0,2.0,1.0,13.0,6.0,4.0,2.0,5.0,10.0,3.0,0.0,3,1795.98
17,2016-08-20,2016-17,Burnley,Liverpool,1,2.0,0.0,3.0,26.0,2.0,5.0,1.0,14.0,0.0,0.0,3,1631.31
17,2016-08-20,2016-17,Liverpool,Burnley,0,0.0,2.0,26.0,3.0,5.0,2.0,12.0,5.0,1.0,0.0,0,1813.63
18,2016-08-21,2016-17,Sunderland,Middlesbrough,1,1.0,2.0,18.0,8.0,5.0,3.0,8.0,11.0,1.0,0.0,0,1655.65
18,2016-08-21,2016-17,Middlesbrough,Sunderland,0,2.0,1.0,8.0,18.0,3.0,5.0,1.0,14.0,1.0,0.0,3,1598.57
19,2016-08-21,2016-17,West Ham,Bournemouth,1,1.0,0.0,15.0,8.0,2.0,5.0,1.0,15.0,3.0,0.0,3,1727.62
19,2016-08-21,2016-17,Bournemouth,West Ham,0,0.0,1.0,8.0,15.0,5.0,2.0,6.0,15.0,1.0,1.0,0,1615.19
20,2016-08-27,2016-17,Crystal Palace,Bournemouth,1,1.0,1.0,24.0,10.0,5.0,3.0,10.0,15.0,2.0,0.0,1,1627.18
20,2016-08-27,2016-17,Bournemouth,Crystal Palace,0,1.0,1.0,10.0,24.0,3.0,5.0,4.0,10.0,1.0,0.0,1,1615.19
21,2016-08-27,2016-17,Chelsea,Burnley,1,3.0,0.0,22.0,6.0,10.0,0.0,9.0,6.0,2.0,0.0,3,1795.98
21,2016-08-27,2016-17,Burnley,Chelsea,0,0.0,3.0,6.0,22.0,0.0,10.0,5.0,9.0,2.0,0.0,0,1631.31
22,2016-08-27,2016-17,Everton,Stoke,1,1.0,0.0,21.0,8.0,9.0,1.0,9.0,14.0,2.0,0.0,3,1699.41
22,2016-08-27,2016-17,Stoke,Everton,0,0.0,1.0,8.0,21.0,1.0,9.0,2.0,11.0,1.0,0.0,0,1683.77
23,2016-08-27,2016-17,Hull,Man United,1,0.0,1.0,8.0,29.0,2.0,9.0,1.0,9.0,2.0,0.0,0,1604.09
23,2016-08-27,2016-17,Man United,Hull,0,1.0,0.0,29.0,8.0,9.0,2.0,6.0,6.0,3.0,0.0,3,1798.99
24,2016-08-27,2016-17,Leicester,Swansea,1,2.0,1.0,13.0,9.0,6.0,3.0,4.0,14.0,2.0,0.0,3,1802.18
24,2016-08-27,2016-17,Swansea,Leicester,0,1.0,2.0,9.0,13.0,3.0,6.0,6.0,10.0,2.0,0.0,0,1699.23
25,2016-08-27,2016-17,Watford,Arsenal,1,1.0,3.0,14.0,10.0,6.0,7.0,3.0,18.0,6.0,0.0,0,1632.11
25,2016-08-27,2016-17,Arsenal,Watford,0,3.0,1.0,10.0,14.0,7.0,6.0,2.0,15.0,1.0,0.0,3,1832.22
26,2016-08-27,2016-17,Tottenham,Liverpool,1,1.0,1.0,11.0,13.0,4.0,3.0,5.0,11.0,3.0,0.0,1,1805.58
26,2016-08-27,2016-17,Liverpool,Tottenham,0,1.0,1.0,13.0,11.0,3.0,4.0,5.0,17.0,5.0,0.0,1,1813.63
27,2016-08-27,2016-17,Southampton,Sunderland,1,1.0,1.0,16.0,5.0,7.0,2.0,5.0,15.0,2.0,0.0,1,1775.83
27,2016-08-27,2016-17,Sunderland,Southampton,0,1.0,1.0,5.0,16.0,2.0,7.0,5.0,8.0,2.0,0.0,1,1655.65
28,2016-08-28,2016-17,Man City,West Ham,1,3.0,1.0,22.0,9.0,5.0,2.0,5.0,5.0,1.0,0.0,3,1854.01
28,2016-08-28,2016-17,West Ham,Man City,0,1.0,3.0,9.0,22.0,2.0,5.0,4.0,10.0,3.0,0.0,0,1727.62
29,2016-08-28,2016-17,West Brom,Middlesbrough,1,0.0,0.0,13.0,7.0,2.0,2.0,5.0,12.0,1.0,0.0,1,1657.61
29,2016-08-28,2016-17,Middlesbrough,West Brom,0,0.0,0.0,7.0,13.0,2.0,2.0,4.0,11.0,3.0,0.0,1,1598.57
30,2016-09-10,2016-17,Arsenal,Southampton,1,2.0,1.0,17.0,11.0,2.0,5.0,6.0,10.0,2.0,0.0,3,1833.49
30,2016-09-10,2016-17,Southampton,Arsenal,0,1.0,2.0,11.0,17.0,5.0,2.0,1.0,8.0,5.0,0.0,0,1756.8
31,2016-09-10,2016-17,Bournemouth,West Brom,1,1.0,0.0,12.0,12.0,5.0,2.0,10.0,9.0,1.0,0.0,3,1607.28
31,2016-09-10,2016-17,West Brom,Bournemouth,0,0.0,1.0,12.0,12.0,2.0,5.0,5.0,11.0,3.0,0.0,0,1640.59
32,2016-09-10,2016-17,Burnley,Hull,1,1.0,1.0,13.0,11.0,2.0,3.0,5.0,13.0,2.0,0.0,1,1635.62
32,2016-09-10,2016-17,Hull,Burnley,0,1.0,1.0,11.0,13.0,3.0,2.0,9.0,3.0,0.0,0.0,1,1610.4
33,2016-09-10,2016-17,Liverpool,Leicester,1,4.0,1.0,17.0,12.0,11.0,3.0,1.0,4.0,1.0,0.0,3,1793.93
33,2016-09-10,2016-17,Leicester,Liverpool,0,1.0,4.0,12.0,17.0,3.0,11.0,7.0,8.0,2.0,0.0,0,1799.54
34,2016-09-10,2016-17,Man United,Man City,1,1.0,2.0,14.0,18.0,3.0,6.0,4.0,15.0,4.0,0.0,0,1806.67
34,2016-09-10,2016-17,Man City,Man United,0,2.0,1.0,18.0,14.0,6.0,3.0,4.0,10.0,2.0,0.0,3,1865.55
35,2016-09-10,2016-17,Middlesbrough,Crystal Palace,1,1.0,2.0,12.0,12.0,4.0,4.0,6.0,5.0,1.0,0.0,0,1606.79
35,2016-09-10,2016-17,Crystal Palace,Middlesbrough,0,2.0,1.0,12.0,12.0,4.0,4.0,6.0,9.0,2.0,0.0,3,1616.52
36,2016-09-10,2016-17,Stoke,Tottenham,1,0.0,4.0,15.0,20.0,2.0,8.0,10.0,13.0,3.0,0.0,0,1663.26
36,2016-09-10,2016-17,Tottenham,Stoke,0,4.0,0.0,20.0,15.0,8.0,2.0,8.0,18.0,2.0,0.0,3,1800.76
37,2016-09-10,2016-17,West Ham,Watford,1,2.0,4.0,19.0,13.0,4.0,8.0,4.0,10.0,2.0,0.0,0,1694.93
37,2016-09-10,2016-17,Watford,West Ham,0,4.0,2.0,13.0,19.0,8.0,4.0,4.0,15.0,2.0,0.0,3,1614.83
38,2016-09-11,2016-17,Swansea,Chelsea,1,2.0,2.0,6.0,28.0,2.0,7.0,1.0,17.0,3.0,0.0,1,1672.33
38,2016-09-11,2016-17,Chelsea,Swansea,0,2.0,2.0,28.0,6.0,7.0,2.0,11.0,8.0,4.0,0.0,1,1806.18
39,2016-09-12,2016-17,Sunderland,Everton,1,0.0,3.0,11.0,20.0,2.0,9.0,5.0,11.0,1.0,0.0,0,1643.38
39,2016-09-12,2016-17,Everton,Sunderland,0,3.0,0.0,20.0,11.0,9.0,2.0,4.0,8.0,1.0,0.0,3,1707.82
40,2016-09-16,2016-17,Chelsea,Liverpool,1,1.0,2.0,12.0,13.0,4.0,5.0,6.0,6.0,1.0,0.0,0,1807.16
40,2016-09-16,2016-17,Liverpool,Chelsea,0,2.0,1.0,13.0,12.0,5.0,4.0,4.0,13.0,1.0,0.0,3,1808.49
41,2016-09-17,2016-17,Everton,Middlesbrough,1,3.0,1.0,11.0,7.0,6.0,0.0,6.0,5.0,2.0,0.0,3,1724.33
41,2016-09-17,2016-17,Middlesbrough,Everton,0,1.0,3.0,7.0,11.0,0.0,6.0,3.0,15.0,1.0,0.0,0,1600.47
42,2016-09-17,2016-17,Hull,Arsenal,1,1.0,4.0,6.0,24.0,2.0,9.0,2.0,9.0,0.0,1.0,0,1616.04
42,2016-09-17,2016-17,Arsenal,Hull,0,4.0,1.0,24.0,6.0,9.0,2.0,4.0,12.0,2.0,0.0,3,1844.96
43,2016-09-17,2016-17,Leicester,Burnley,1,3.0,0.0,14.0,7.0,6.0,2.0,7.0,10.0,0.0,0.0,3,1801.83
43,2016-09-17,2016-17,Burnley,Leicester,0,0.0,3.0,7.0,14.0,2.0,6.0,1.0,9.0,1.0,0.0,0,1636.42
44,2016-09-17,2016-17,Man City,Bournemouth,1,4.0,0.0,20.0,6.0,12.0,2.0,5.0,8.0,1.0,1.0,3,1884.49
44,2016-09-17,2016-17,Bournemouth,Man City,0,0.0,4.0,6.0,20.0,2.0,12.0,5.0,11.0,1.0,0.0,0,1617.8
45,2016-09-17,2016-17,West Brom,West Ham,1,4.0,2.0,8.0,23.0,6.0,5.0,2.0,14.0,2.0,0.0,3,1636.51
45,2016-09-17,2016-17,West Ham,West Brom,0,2.0,4.0,23.0,8.0,5.0,6.0,6.0,6.0,1.0,0.0,0,1681.86
46,2016-09-18,2016-17,Crystal Palace,Stoke,1,4.0,1.0,14.0,11.0,8.0,4.0,10.0,15.0,2.0,0.0,3,1629.28
46,2016-09-18,2016-17,Stoke,Crystal Palace,0,1.0,4.0,11.0,14.0,4.0,8.0,5.0,9.0,1.0,0.0,0,1654.43
47,2016-09-18,2016-17,Southampton,Swansea,1,1.0,0.0,19.0,9.0,6.0,3.0,7.0,14.0,1.0,0.0,3,1755.28
47,2016-09-18,2016-17,Swansea,Southampton,0,0.0,1.0,9.0,19.0,3.0,6.0,1.0,9.0,1.0,0.0,0,1677.8
48,2016-09-18,2016-17,Tottenham,Sunderland,1,1.0,0.0,31.0,6.0,9.0,2.0,14.0,7.0,1.0,0.0,3,1804.29
48,2016-09-18,2016-17,Sunderland,Tottenham,0,0.0,1.0,6.0,31.0,2.0,9.0,1.0,16.0,5.0,1.0,0,1633.31
49,2016-09-18,2016-17,Watford,Man United,1,3.0,1.0,10.0,15.0,5.0,2.0,5.0,14.0,3.0,0.0,3,1634.34
49,2016-09-18,2016-17,Man United,Watford,0,1.0,3.0,15.0,10.0,2.0,5.0,7.0,19.0,4.0,0.0,0,1801.8
50,2016-09-24,2016-17,Bournemouth,Everton,1,1.0,0.0,12.0,13.0,1.0,2.0,5.0,10.0,2.0,0.0,3,1617.8
50,2016-09-24,2016-17,Everton,Bournemouth,0,0.0,1.0,13.0,12.0,2.0,1.0,3.0,14.0,2.0,0.0,0,1724.33
51,2016-09-24,2016-17,Arsenal,Chelsea,1,3.0,0.0,14.0,9.0,5.0,2.0,9.0,9.0,0.0,0.0,3,1844.96
51,2016-09-24,2016-17,Chelsea,Arsenal,0,0.0,3.0,9.0,14.0,2.0,5.0,1.0,11.0,2.0,0.0,0,1807.16
52,2016-09-24,2016-17,Liverpool,Hull,1,5.0,1.0,32.0,2.0,12.0,1.0,13.0,8.0,1.0,0.0,3,1808.49
52,2016-09-24,2016-17,Hull,Liverpool,0,1.0,5.0,2.0,32.0,1.0,12.0,2.0,8.0,2.0,1.0,0,1616.04
53,2016-09-24,2016-17,Man United,Leicester,1,4.0,1.0,16.0,10.0,7.0,3.0,8.0,9.0,0.0,0.0,3,1801.8
53,2016-09-24,2016-17,Leicester,Man United,0,1.0,4.0,10.0,16.0,3.0,7.0,6.0,12.0,2.0,0.0,0,1801.83
54,2016-09-24,2016-17,Middlesbrough,Tottenham,1,1.0,2.0,6.0,19.0,2.0,5.0,2.0,14.0,2.0,0.0,0,1600.47
54,2016-09-24,2016-17,Tottenham,Middlesbrough,0,2.0,1.0,19.0,6.0,5.0,2.0,10.0,9.0,1.0,0.0,3,1804.29
55,2016-09-24,2016-17,Swansea,Man City,1,1.0,3.0,13.0,18.0,5.0,4.0,2.0,15.0,2.0,0.0,0,1677.8
55,2016-09-24,2016-17,Man City,Swansea,0,3.0,1.0,18.0,13.0,4.0,5.0,7.0,9.0,4.0,0.0,3,1884.49
56,2016-09-24,2016-17,Sunderland,Crystal Palace,1,2.0,3.0,11.0,20.0,4.0,4.0,3.0,15.0,0.0,0.0,0,1633.31
56,2016-09-24,2016-17,Crystal Palace,Sunderland,0,3.0,2.0,20.0,11.0,4.0,4.0,5.0,12.0,2.0,0.0,3,1629.28
57,2016-09-24,2016-17,Stoke,West Brom,1,1.0,1.0,12.0,9.0,2.0,3.0,6.0,9.0,3.0,0.0,1,1654.43
57,2016-09-24,2016-17,West Brom,Stoke,0,1.0,1.0,9.0,12.0,3.0,2.0,6.0,13.0,4.0,0.0,1,1636.51
58,2016-09-25,2016-17,West Ham,Southampton,1,0.0,3.0,13.0,18.0,1.0,9.0,6.0,9.0,5.0,0.0,0,1681.86
58,2016-09-25,2016-17,Southampton,West Ham,0,3.0,0.0,18.0,13.0,9.0,1.0,2.0,14.0,2.0,0.0,3,1755.28
59,2016-09-26,2016-17,Burnley,Watford,1,2.0,0.0,13.0,12.0,4.0,3.0,7.0,11.0,1.0,0.0,3,1636.42
59,2016-09-26,2016-17,Watford,Burnley,0,0.0,2.0,12.0,13.0,3.0,4.0,6.0,15.0,3.0,0.0,0,1634.34
60,2016-09-30,2016-17,Everton,Crystal Palace,1,1.0,1.0,13.0,10.0,3.0,2.0,10.0,16.0,5.0,0.0,1,1724.33
60,2016-09-30,2016-17,Crystal Palace,Everton,0,1.0,1.0,10.0,13.0,2.0,3.0,9.0,11.0,4.0,0.0,1,1629.28
61,2016-10-01,2016-17,Hull,Chelsea,1,0.0,2.0,8.0,22.0,3.0,9.0,5.0,13.0,2.0,0.0,0,1605.61
61,2016-10-01,2016-17,Chelsea,Hull,0,2.0,0.0,22.0,8.0,9.0,3.0,7.0,15.0,2.0,0.0,3,1790.32
62,2016-10-01,2016-17,Sunderland,West Brom,1,1.0,1.0,7.0,17.0,2.0,7.0,6.0,7.0,1.0,0.0,1,1622.46
62,2016-10-01,2016-17,West Brom,Sunderland,0,1.0,1.0,17.0,7.0,7.0,2.0,5.0,13.0,3.0,0.0,1,1650.6
63,2016-10-01,2016-17,Swansea,Liverpool,1,1.0,2.0,8.0,18.0,3.0,6.0,3.0,11.0,2.0,0.0,0,1668.54
63,2016-10-01,2016-17,Liverpool,Swansea,0,2.0,1.0,18.0,8.0,6.0,3.0,10.0,9.0,2.0,0.0,3,1824.17
64,2016-10-01,2016-17,Watford,Bournemouth,1,2.0,2.0,17.0,11.0,7.0,2.0,4.0,17.0,3.0,0.0,1,1640.88
64,2016-10-01,2016-17,Bournemouth,Watford,0,2.0,2.0,11.0,17.0,2.0,7.0,5.0,12.0,4.0,0.0,1,1625.17
65,2016-10-01,2016-17,West Ham,Middlesbrough,1,1.0,1.0,19.0,9.0,2.0,3.0,4.0,13.0,2.0,0.0,1,1659.88
65,2016-10-01,2016-17,Middlesbrough,West Ham,0,1.0,1.0,9.0,19.0,3.0,2.0,5.0,12.0,3.0,0.0,1,1591.87
66,2016-10-02,2016-17,Leicester,Southampton,1,0.0,0.0,9.0,11.0,1.0,5.0,3.0,9.0,1.0,0.0,1,1800.85
66,2016-10-02,2016-17,Southampton,Leicester,0,0.0,0.0,11.0,9.0,5.0,1.0,6.0,9.0,0.0,0.0,1,1776.41
67,2016-10-02,2016-17,Burnley,Arsenal,1,0.0,1.0,10.0,18.0,1.0,3.0,2.0,2.0,0.0,0.0,0,1642.25
67,2016-10-02,2016-17,Arsenal,Burnley,0,1.0,0.0,18.0,10.0,3.0,1.0,6.0,3.0,0.0,0.0,3,1866.32
68,2016-10-02,2016-17,Tottenham,Man City,1,2.0,0.0,13.0,12.0,7.0,6.0,4.0,20.0,2.0,0.0,3,1822.07
68,2016-10-02,2016-17,Man City,Tottenham,0,0.0,2.0,12.0,13.0,6.0,7.0,3.0,10.0,2.0,0.0,0,1889.08
69,2016-10-02,2016-17,Man United,Stoke,1,1.0,1.0,24.0,7.0,9.0,6.0,13.0,14.0,3.0,0.0,1,1791.42
69,2016-10-02,2016-17,Stoke,Man United,0,1.0,1.0,7.0,24.0,6.0,9.0,2.0,9.0,0.0,0.0,1,1641.67
70,2016-10-15,2016-17,Chelsea,Leicester,1,3.0,0.0,16.0,5.0,6.0,0.0,8.0,6.0,1.0,0.0,3,1797.27
70,2016-10-15,2016-17,Leicester,Chelsea,0,0.0,3.0,5.0,16.0,0.0,6.0,5.0,12.0,1.0,0.0,0,1798.6
71,2016-10-15,2016-17,Crystal Palace,West Ham,1,0.0,1.0,12.0,12.0,3.0,4.0,7.0,12.0,1.0,0.0,0,1656.22
71,2016-10-15,2016-17,West Ham,Crystal Palace,0,1.0,0.0,12.0,12.0,4.0,3.0,6.0,13.0,3.0,1.0,3,1656.44
72,2016-10-15,2016-17,Man City,Everton,1,1.0,1.0,19.0,3.0,8.0,2.0,13.0,7.0,0.0,0.0,1,1877.44
72,2016-10-15,2016-17,Everton,Man City,0,1.0,1.0,3.0,19.0,2.0,8.0,1.0,9.0,2.0,0.0,1,1718.51
73,2016-10-15,2016-17,Stoke,Sunderland,1,2.0,0.0,18.0,11.0,6.0,1.0,6.0,10.0,1.0,0.0,3,1646.96
73,2016-10-15,2016-17,Sunderland,Stoke,0,0.0,2.0,11.0,18.0,1.0,6.0,4.0,13.0,1.0,0.0,0,1621.64
74,2016-10-15,2016-17,West Brom,Tottenham,1,1.0,1.0,8.0,20.0,4.0,8.0,5.0,14.0,2.0,0.0,1,1651.42
74,2016-10-15,2016-17,Tottenham,West Brom,0,1.0,1.0,20.0,8.0,8.0,4.0,8.0,10.0,2.0,0.0,1,1833.7
75,2016-10-15,2016-17,Arsenal,Swansea,1,3.0,2.0,16.0,13.0,6.0,6.0,5.0,7.0,0.0,1.0,3,1870.39
75,2016-10-15,2016-17,Swansea,Arsenal,0,2.0,3.0,13.0,16.0,6.0,6.0,6.0,10.0,1.0,0.0,0,1663.09
76,2016-10-15,2016-17,Bournemouth,Hull,1,6.0,1.0,22.0,11.0,10.0,4.0,5.0,8.0,0.0,0.0,3,1627.22
76,2016-10-15,2016-17,Hull,Bournemouth,0,1.0,6.0,11.0,22.0,4.0,10.0,4.0,14.0,3.0,0.0,0,1598.66
77,2016-10-16,2016-17,Middlesbrough,Watford,1,0.0,1.0,10.0,4.0,3.0,2.0,4.0,15.0,4.0,0.0,0,1595.31
77,2016-10-16,2016-17,Watford,Middlesbrough,0,1.0,0.0,4.0,10.0,2.0,3.0,6.0,10.0,1.0,0.0,3,1638.83
78,2016-10-16,2016-17,Southampton,Burnley,1,3.0,1.0,34.0,6.0,14.0,1.0,8.0,11.0,1.0,0.0,3,1778.66
78,2016-10-16,2016-17,Burnley,Southampton,0,1.0,3.0,6.0,34.0,1.0,14.0,4.0,10.0,2.0,0.0,0,1638.18
79,2016-10-17,2016-17,Liverpool,Man United,1,0.0,0.0,9.0,7.0,3.0,1.0,3.0,14.0,0.0,0.0,1,1829.62
79,2016-10-17,2016-17,Man United,Liverpool,0,0.0,0.0,7.0,9.0,1.0,3.0,1.0,20.0,4.0,0.0,1,1786.13
80,2016-10-22,2016-17,Hull,Stoke,1,0.0,2.0,9.0,12.0,2.0,6.0,5.0,16.0,2.0,0.0,0,1598.66
80,2016-10-22,2016-17,Stoke,Hull,0,2.0,0.0,12.0,9.0,6.0,2.0,7.0,8.0,3.0,0.0,3,1646.96
81,2016-10-22,2016-17,Burnley,Everton,1,2.0,1.0,9.0,20.0,3.0,8.0,2.0,16.0,2.0,0.0,3,1638.18
81,2016-10-22,2016-17,Everton,Burnley,0,1.0,2.0,20.0,9.0,8.0,3.0,8.0,15.0,3.0,0.0,0,1718.51
82,2016-10-22,2016-17,Arsenal,Middlesbrough,1,0.0,0.0,9.0,11.0,5.0,4.0,8.0,6.0,1.0,0.0,1,1870.39
82,2016-10-22,2016-17,Middlesbrough,Arsenal,0,0.0,0.0,11.0,9.0,4.0,5.0,3.0,13.0,0.0,0.0,1,1595.31
83,2016-10-22,2016-17,Bournemouth,Tottenham,1,0.0,0.0,8.0,16.0,1.0,4.0,7.0,10.0,2.0,0.0,1,1627.22
83,2016-10-22,2016-17,Tottenham,Bournemouth,0,0.0,0.0,16.0,8.0,4.0,1.0,4.0,15.0,4.0,0.0,1,1833.7
84,2016-10-22,2016-17,Liverpool,West Brom,1,2.0,1.0,21.0,6.0,7.0,1.0,3.0,9.0,1.0,0.0,3,1829.62
84,2016-10-22,2016-17,West Brom,Liverpool,0,1.0,2.0,6.0,21.0,1.0,7.0,2.0,13.0,3.0,0.0,0,1651.42
85,2016-10-22,2016-17,West Ham,Sunderland,1,1.0,0.0,20.0,10.0,3.0,2.0,6.0,10.0,2.0,0.0,3,1656.44
85,2016-10-22,2016-17,Sunderland,West Ham,0,0.0,1.0,10.0,20.0,2.0,3.0,2.0,13.0,5.0,0.0,0,1621.64
86,2016-10-22,2016-17,Leicester,Crystal Palace,1,3.0,1.0,17.0,23.0,4.0,7.0,8.0,10.0,0.0,0.0,3,1798.6
86,2016-10-22,2016-17,Crystal Palace,Leicester,0,1.0,3.0,23.0,17.0,7.0,4.0,8.0,8.0,0.0,0.0,0,1656.22
87,2016-10-22,2016-17,Swansea,Watford,1,0.0,0.0,11.0,10.0,5.0,2.0,7.0,15.0,2.0,0.0,1,1663.09
87,2016-10-22,2016-17,Watford,Swansea,0,0.0,0.0,10.0,11.0,2.0,5.0,2.0,16.0,1.0,0.0,1,1638.83
88,2016-10-23,2016-17,Chelsea,Man United,1,4.0,0.0,14.0,16.0,6.0,5.0,5.0,7.0,3.0,0.0,3,1797.27
88,2016-10-23,2016-17,Man United,Chelsea,0,0.0,4.0,16.0,14.0,5.0,6.0,7.0,17.0,2.0,0.0,0,1786.13
89,2016-10-23,2016-17,Man City,Southampton,1,1.0,1.0,14.0,6.0,3.0,2.0,10.0,11.0,3.0,0.0,1,1877.44
89,2016-10-23,2016-17,Southampton,Man City,0,1.0,1.0,6.0,14.0,2.0,3.0,3.0,10.0,3.0,0.0,1,1778.66
90,2016-10-29,2016-17,Crystal Palace,Liverpool,1,2.0,4.0,7.0,17.0,6.0,10.0,3.0,15.0,1.0,0.0,0,1656.22
90,2016-10-29,2016-17,Liverpool,Crystal Palace,0,4.0,2.0,17.0,7.0,10.0,6.0,3.0,5.0,2.0,0.0,3,1829.62
91,2016-10-29,2016-17,Man United,Burnley,1,0.0,0.0,37.0,7.0,11.0,1.0,19.0,12.0,1.0,1.0,1,1786.13
91,2016-10-29,2016-17,Burnley,Man United,0,0.0,0.0,7.0,37.0,1.0,11.0,1.0,9.0,3.0,0.0,1,1638.18
92,2016-10-29,2016-17,Middlesbrough,Bournemouth,1,2.0,0.0,10.0,15.0,3.0,3.0,4.0,3.0,1.0,0.0,3,1595.31
92,2016-10-29,2016-17,Bournemouth,Middlesbrough,0,0.0,2.0,15.0,10.0,3.0,3.0,7.0,5.0,1.0,0.0,0,1627.22
93,2016-10-29,2016-17,Sunderland,Arsenal,1,1.0,4.0,3.0,21.0,1.0,7.0,0.0,9.0,4.0,0.0,0,1621.64
93,2016-10-29,2016-17,Arsenal,Sunderland,0,4.0,1.0,21.0,3.0,7.0,1.0,8.0,13.0,3.0,0.0,3,1870.39
94,2016-10-29,2016-17,Tottenham,Leicester,1,1.0,1.0,22.0,6.0,5.0,1.0,8.0,11.0,3.0,0.0,1,1833.7
94,2016-10-29,2016-17,Leicester,Tottenham,0,1.0,1.0,6.0,22.0,1.0,5.0,1.0,20.0,4.0,0.0,1,1798.6
95,2016-10-29,2016-17,Watford,Hull,1,1.0,0.0,22.0,8.0,0.0,2.0,7.0,13.0,1.0,0.0,3,1638.83
95,2016-10-29,2016-17,Hull,Watford,0,0.0,1.0,8.0,22.0,2.0,0.0,2.0,8.0,2.0,0.0,0,1598.66
96,2016-10-29,2016-17,West Brom,Man City,1,0.0,4.0,9.0,21.0,1.0,8.0,1.0,17.0,4.0,0.0,0,1651.42
96,2016-10-29,2016-17,Man City,West Brom,0,4.0,0.0,21.0,9.0,8.0,1.0,7.0,10.0,3.0,0.0,3,1877.44
97,2016-10-30,2016-17,Everton,West Ham,1,2.0,0.0,17.0,13.0,6.0,3.0,8.0,15.0,2.0,0.0,3,1718.51
97,2016-10-30,2016-17,West Ham,Everton,0,0.0,2.0,13.0,17.0,3.0,6.0,8.0,12.0,3.0,0.0,0,1656.44
98,2016-10-30,2016-17,Southampton,Chelsea,1,0.0,2.0,9.0,13.0,1.0,7.0,7.0,13.0,0.0,0.0,0,1778.66
98,2016-10-30,2016-17,Chelsea,Southampton,0,2.0,0.0,13.0,9.0,7.0,1.0,3.0,16.0,0.0,0.0,3,1797.27
99,2016-10-31,2016-17,Stoke,Swansea,1,3.0,1.0,17.0,14.0,4.0,6.0,6.0,7.0,2.0,0.0,3,1646.96
99,2016-10-31,2016-17,Swansea,Stoke,0,1.0,3.0,14.0,17.0,6.0,4.0,4.0,14.0,0.0,0.0,0,1663.09
100,2016-11-05,2016-17,Bournemouth,Sunderland,1,1.0,2.0,22.0,9.0,7.0,4.0,12.0,14.0,3.0,0.0,0,1632.07
100,2016-11-05,2016-17,Sunderland,Bournemouth,0,2.0,1.0,9.0,22.0,4.0,7.0,2.0,17.0,2.0,1.0,3,1601.26
101,2016-11-05,2016-17,Burnley,Crystal Palace,1,3.0,2.0,14.0,16.0,7.0,5.0,4.0,11.0,1.0,0.0,3,1646.32
101,2016-11-05,2016-17,Crystal Palace,Burnley,0,2.0,3.0,16.0,14.0,5.0,7.0,7.0,12.0,2.0,0.0,0,1634.31
102,2016-11-05,2016-17,Chelsea,Everton,1,5.0,0.0,21.0,1.0,9.0,0.0,4.0,5.0,0.0,0.0,3,1832.19
102,2016-11-05,2016-17,Everton,Chelsea,0,0.0,5.0,1.0,21.0,0.0,9.0,2.0,16.0,3.0,0.0,0,1721.85
103,2016-11-05,2016-17,Man City,Middlesbrough,1,1.0,1.0,25.0,5.0,7.0,3.0,8.0,7.0,1.0,0.0,1,1870.89
103,2016-11-05,2016-17,Middlesbrough,Man City,0,1.0,1.0,5.0,25.0,3.0,7.0,2.0,15.0,3.0,0.0,1,1604.9
104,2016-11-05,2016-17,West Ham,Stoke,1,1.0,1.0,9.0,12.0,2.0,4.0,6.0,11.0,4.0,0.0,1,1662.6
104,2016-11-05,2016-17,Stoke,West Ham,0,1.0,1.0,12.0,9.0,4.0,2.0,4.0,10.0,1.0,0.0,1,1674.64
105,2016-11-06,2016-17,Arsenal,Tottenham,1,1.0,1.0,15.0,10.0,2.0,3.0,7.0,11.0,1.0,0.0,1,1872.56
105,2016-11-06,2016-17,Tottenham,Arsenal,0,1.0,1.0,10.0,15.0,3.0,2.0,2.0,17.0,2.0,0.0,1,1824.8
106,2016-11-06,2016-17,Hull,Southampton,1,2.0,1.0,6.0,19.0,2.0,7.0,1.0,13.0,0.0,0.0,3,1568.72
106,2016-11-06,2016-17,Southampton,Hull,0,1.0,2.0,19.0,6.0,7.0,2.0,10.0,15.0,5.0,0.0,0,1765.85
107,2016-11-06,2016-17,Leicester,West Brom,1,1.0,2.0,5.0,11.0,2.0,5.0,5.0,8.0,0.0,0.0,0,1796.7
107,2016-11-06,2016-17,West Brom,Leicester,0,2.0,1.0,11.0,5.0,5.0,2.0,6.0,8.0,2.0,0.0,3,1642.41
108,2016-11-06,2016-17,Liverpool,Watford,1,6.0,1.0,28.0,11.0,17.0,8.0,6.0,14.0,1.0,0.0,3,1835.77
108,2016-11-06,2016-17,Watford,Liverpool,0,1.0,6.0,11.0,28.0,8.0,17.0,3.0,10.0,2.0,0.0,0,1653.44
109,2016-11-06,2016-17,Swansea,Man United,1,1.0,3.0,6.0,9.0,1.0,3.0,2.0,9.0,0.0,0.0,0,1648.66
109,2016-11-06,2016-17,Man United,Swansea,0,3.0,1.0,9.0,6.0,3.0,1.0,0.0,16.0,2.0,0.0,3,1775.89
110,2016-11-19,2016-17,Crystal Palace,Man City,1,1.0,2.0,9.0,10.0,2.0,4.0,2.0,12.0,1.0,0.0,0,1627.09
110,2016-11-19,2016-17,Man City,Crystal Palace,0,2.0,1.0,10.0,9.0,4.0,2.0,7.0,15.0,2.0,0.0,3,1876.87
111,2016-11-19,2016-17,Everton,Swansea,1,1.0,1.0,14.0,5.0,6.0,3.0,10.0,13.0,4.0,0.0,1,1711.93
111,2016-11-19,2016-17,Swansea,Everton,0,1.0,1.0,5.0,14.0,3.0,6.0,3.0,12.0,2.0,0.0,1,1638.68
112,2016-11-19,2016-17,Man United,Arsenal,1,1.0,1.0,12.0,5.0,5.0,1.0,10.0,14.0,3.0,0.0,1,1775.05
112,2016-11-19,2016-17,Arsenal,Man United,0,1.0,1.0,5.0,12.0,1.0,5.0,4.0,11.0,3.0,0.0,1,1870.92
113,2016-11-19,2016-17,Southampton,Liverpool,1,0.0,0.0,3.0,15.0,0.0,2.0,1.0,8.0,1.0,0.0,1,1756.56
113,2016-11-19,2016-17,Liverpool,Southampton,0,0.0,0.0,15.0,3.0,2.0,0.0,8.0,11.0,1.0,0.0,1,1841.3
114,2016-11-19,2016-17,Stoke,Bournemouth,1,0.0,1.0,14.0,9.0,6.0,2.0,3.0,17.0,3.0,0.0,0,1675.13
114,2016-11-19,2016-17,Bournemouth,Stoke,0,1.0,0.0,9.0,14.0,2.0,6.0,4.0,10.0,2.0,0.0,3,1620.94
115,2016-11-19,2016-17,Sunderland,Hull,1,3.0,0.0,11.0,17.0,4.0,7.0,2.0,9.0,1.0,1.0,3,1610.74
115,2016-11-19,2016-17,Hull,Sunderland,0,0.0,3.0,17.0,11.0,7.0,4.0,8.0,8.0,0.0,0.0,0,1579.82
116,2016-11-19,2016-17,Tottenham,West Ham,1,3.0,2.0,14.0,11.0,6.0,3.0,4.0,13.0,3.0,0.0,3,1815.76
116,2016-11-19,2016-17,West Ham,Tottenham,0,2.0,3.0,11.0,14.0,3.0,6.0,5.0,16.0,2.0,1.0,0,1660.47
117,2016-11-19,2016-17,Watford,Leicester,1,2.0,1.0,10.0,10.0,3.0,2.0,4.0,12.0,2.0,0.0,3,1646.26
117,2016-11-19,2016-17,Leicester,Watford,0,1.0,2.0,10.0,10.0,2.0,3.0,6.0,18.0,3.0,0.0,0,1780.51
118,2016-11-20,2016-17,Middlesbrough,Chelsea,1,0.0,1.0,12.0,13.0,1.0,3.0,2.0,13.0,2.0,0.0,0,1611.58
118,2016-11-20,2016-17,Chelsea,Middlesbrough,0,1.0,0.0,13.0,12.0,3.0,1.0,3.0,10.0,3.0,0.0,3,1840.46
119,2016-11-21,2016-17,West Brom,Burnley,1,4.0,0.0,16.0,5.0,6.0,2.0,4.0,12.0,0.0,0.0,3,1654.74
119,2016-11-21,2016-17,Burnley,West Brom,0,0.0,4.0,5.0,16.0,2.0,6.0,3.0,12.0,0.0,0.0,0,1651.89
120,2016-11-26,2016-17,Burnley,Man City,1,1.0,2.0,10.0,21.0,5.0,5.0,5.0,5.0,2.0,0.0,0,1651.89
120,2016-11-26,2016-17,Man City,Burnley,0,2.0,1.0,21.0,10.0,5.0,5.0,8.0,15.0,3.0,0.0,3,1876.87
121,2016-11-26,2016-17,Chelsea,Tottenham,1,2.0,1.0,9.0,12.0,5.0,6.0,3.0,13.0,2.0,0.0,3,1840.46
121,2016-11-26,2016-17,Tottenham,Chelsea,0,1.0,2.0,12.0,9.0,6.0,5.0,8.0,16.0,1.0,0.0,0,1815.76
122,2016-11-26,2016-17,Hull,West Brom,1,1.0,1.0,10.0,11.0,4.0,2.0,2.0,7.0,3.0,0.0,1,1579.82
122,2016-11-26,2016-17,West Brom,Hull,0,1.0,1.0,11.0,10.0,2.0,4.0,6.0,10.0,2.0,0.0,1,1654.74
123,2016-11-26,2016-17,Leicester,Middlesbrough,1,2.0,2.0,11.0,6.0,3.0,2.0,2.0,15.0,4.0,0.0,1,1780.51
123,2016-11-26,2016-17,Middlesbrough,Leicester,0,2.0,2.0,6.0,11.0,2.0,3.0,3.0,12.0,4.0,0.0,1,1611.58
124,2016-11-26,2016-17,Liverpool,Sunderland,1,2.0,0.0,27.0,6.0,7.0,1.0,9.0,5.0,1.0,0.0,3,1841.3
124,2016-11-26,2016-17,Sunderland,Liverpool,0,0.0,2.0,6.0,27.0,1.0,7.0,4.0,9.0,3.0,0.0,0,1610.74
125,2016-11-26,2016-17,Swansea,Crystal Palace,1,5.0,4.0,18.0,12.0,9.0,4.0,10.0,12.0,4.0,0.0,3,1638.68
125,2016-11-26,2016-17,Crystal Palace,Swansea,0,4.0,5.0,12.0,18.0,4.0,9.0,6.0,24.0,5.0,0.0,0,1627.09
126,2016-11-27,2016-17,Arsenal,Bournemouth,1,3.0,1.0,16.0,9.0,3.0,3.0,3.0,12.0,3.0,0.0,3,1870.92
126,2016-11-27,2016-17,Bournemouth,Arsenal,0,1.0,3.0,9.0,16.0,3.0,3.0,10.0,13.0,5.0,0.0,0,1620.94
127,2016-11-27,2016-17,Man United,West Ham,1,1.0,1.0,17.0,6.0,8.0,2.0,8.0,16.0,3.0,0.0,1,1775.05
127,2016-11-27,2016-17,West Ham,Man United,0,1.0,1.0,6.0,17.0,2.0,8.0,4.0,16.0,1.0,0.0,1,1660.47
128,2016-11-27,2016-17,Southampton,Everton,1,1.0,0.0,17.0,13.0,7.0,1.0,5.0,11.0,0.0,0.0,3,1756.56
128,2016-11-27,2016-17,Everton,Southampton,0,0.0,1.0,13.0,17.0,1.0,7.0,2.0,15.0,2.0,0.0,0,1711.93
129,2016-11-27,2016-17,Watford,Stoke,1,0.0,1.0,11.0,14.0,2.0,1.0,3.0,24.0,3.0,1.0,0,1646.26
129,2016-11-27,2016-17,Stoke,Watford,0,1.0,0.0,14.0,11.0,1.0,2.0,3.0,14.0,0.0,0.0,3,1675.13
130,2016-12-03,2016-17,Crystal Palace,Southampton,1,3.0,0.0,9.0,17.0,4.0,3.0,4.0,11.0,3.0,0.0,3,1613.89
130,2016-12-03,2016-17,Southampton,Crystal Palace,0,0.0,3.0,17.0,9.0,3.0,4.0,9.0,13.0,1.0,0.0,0,1750.58
131,2016-12-03,2016-17,Man City,Chelsea,1,1.0,3.0,14.0,10.0,5.0,4.0,9.0,14.0,2.0,2.0,0,1878.78
131,2016-12-03,2016-17,Chelsea,Man City,0,3.0,1.0,10.0,14.0,4.0,5.0,2.0,9.0,3.0,0.0,3,1846.79
132,2016-12-03,2016-17,Stoke,Burnley,1,2.0,0.0,10.0,14.0,4.0,4.0,4.0,7.0,3.0,0.0,3,1669.84
132,2016-12-03,2016-17,Burnley,Stoke,0,0.0,2.0,14.0,10.0,4.0,4.0,9.0,13.0,2.0,0.0,0,1631.16
133,2016-12-03,2016-17,Sunderland,Leicester,1,2.0,1.0,22.0,17.0,6.0,5.0,3.0,8.0,3.0,0.0,3,1614.31
133,2016-12-03,2016-17,Leicester,Sunderland,0,1.0,2.0,17.0,22.0,5.0,6.0,4.0,12.0,1.0,0.0,0,1764.17
134,2016-12-03,2016-17,Tottenham,Swansea,1,5.0,0.0,28.0,1.0,15.0,0.0,5.0,11.0,0.0,0.0,3,1803.03
134,2016-12-03,2016-17,Swansea,Tottenham,0,0.0,5.0,1.0,28.0,0.0,15.0,0.0,17.0,4.0,0.0,0,1644.86
135,2016-12-03,2016-17,West Brom,Watford,1,3.0,1.0,11.0,17.0,3.0,5.0,3.0,12.0,2.0,0.0,3,1663.44
135,2016-12-03,2016-17,Watford,West Brom,0,1.0,3.0,17.0,11.0,5.0,3.0,4.0,8.0,1.0,1.0,0,1643.8
136,2016-12-03,2016-17,West Ham,Arsenal,1,1.0,5.0,10.0,19.0,3.0,10.0,3.0,10.0,3.0,0.0,0,1658.29
136,2016-12-03,2016-17,Arsenal,West Ham,0,5.0,1.0,19.0,10.0,10.0,3.0,2.0,11.0,3.0,0.0,3,1867.52
137,2016-12-04,2016-17,Bournemouth,Liverpool,1,4.0,3.0,12.0,10.0,8.0,3.0,4.0,9.0,2.0,0.0,3,1625.33
137,2016-12-04,2016-17,Liverpool,Bournemouth,0,3.0,4.0,10.0,12.0,3.0,8.0,9.0,17.0,2.0,0.0,0,1840.19
138,2016-12-04,2016-17,Everton,Man United,1,1.0,1.0,13.0,10.0,6.0,2.0,6.0,13.0,2.0,0.0,1,1699.2
138,2016-12-04,2016-17,Man United,Everton,0,1.0,1.0,10.0,13.0,2.0,6.0,3.0,11.0,3.0,0.0,1,1773.39
139,2016-12-05,2016-17,Middlesbrough,Hull,1,1.0,0.0,16.0,6.0,4.0,2.0,13.0,6.0,1.0,0.0,3,1609.68
139,2016-12-05,2016-17,Hull,Middlesbrough,0,0.0,1.0,6.0,16.0,2.0,4.0,7.0,11.0,1.0,0.0,0,1567.2
140,2016-12-10,2016-17,Arsenal,Stoke,1,3.0,1.0,21.0,12.0,6.0,5.0,7.0,9.0,0.0,0.0,3,1867.52
140,2016-12-10,2016-17,Stoke,Arsenal,0,1.0,3.0,12.0,21.0,5.0,6.0,7.0,6.0,0.0,0.0,0,1669.84
141,2016-12-10,2016-17,Watford,Everton,1,3.0,2.0,11.0,11.0,6.0,4.0,2.0,11.0,2.0,0.0,3,1643.8
141,2016-12-10,2016-17,Everton,Watford,0,2.0,3.0,11.0,11.0,4.0,6.0,4.0,16.0,2.0,0.0,0,1699.2
142,2016-12-10,2016-17,Burnley,Bournemouth,1,3.0,2.0,16.0,17.0,7.0,4.0,4.0,14.0,2.0,0.0,3,1631.16
142,2016-12-10,2016-17,Bournemouth,Burnley,0,2.0,3.0,17.0,16.0,4.0,7.0,11.0,18.0,2.0,0.0,0,1625.33
143,2016-12-10,2016-17,Leicester,Man City,1,4.0,2.0,10.0,19.0,6.0,4.0,3.0,10.0,2.0,0.0,3,1764.17
143,2016-12-10,2016-17,Man City,Leicester,0,2.0,4.0,19.0,10.0,4.0,6.0,11.0,7.0,1.0,0.0,0,1878.78
144,2016-12-10,2016-17,Swansea,Sunderland,1,3.0,0.0,14.0,11.0,5.0,2.0,7.0,10.0,1.0,0.0,3,1644.86
144,2016-12-10,2016-17,Sunderland,Swansea,0,0.0,3.0,11.0,14.0,2.0,5.0,4.0,8.0,2.0,0.0,0,1614.31
145,2016-12-10,2016-17,Hull,Crystal Palace,1,3.0,3.0,15.0,14.0,6.0,6.0,4.0,16.0,2.0,0.0,1,1567.2
145,2016-12-10,2016-17,Crystal Palace,Hull,0,3.0,3.0,14.0,15.0,6.0,6.0,7.0,14.0,4.0,0.0,1,1613.89
146,2016-12-11,2016-17,Chelsea,West Brom,1,1.0,0.0,12.0,6.0,2.0,1.0,3.0,6.0,2.0,0.0,3,1846.79
146,2016-12-11,2016-17,West Brom,Chelsea,0,0.0,1.0,6.0,12.0,1.0,2.0,1.0,10.0,4.0,0.0,0,1663.44
147,2016-12-11,2016-17,Liverpool,West Ham,1,2.0,2.0,18.0,7.0,3.0,3.0,11.0,7.0,2.0,0.0,1,1840.19
147,2016-12-11,2016-17,West Ham,Liverpool,0,2.0,2.0,7.0,18.0,3.0,3.0,4.0,8.0,0.0,0.0,1,1658.29
148,2016-12-11,2016-17,Man United,Tottenham,1,1.0,0.0,15.0,12.0,5.0,4.0,3.0,19.0,3.0,0.0,3,1773.39
148,2016-12-11,2016-17,Tottenham,Man United,0,0.0,1.0,12.0,15.0,4.0,5.0,8.0,17.0,3.0,0.0,0,1803.03
149,2016-12-11,2016-17,Southampton,Middlesbrough,1,1.0,0.0,14.0,6.0,3.0,2.0,4.0,14.0,4.0,0.0,3,1750.58
149,2016-12-11,2016-17,Middlesbrough,Southampton,0,0.0,1.0,6.0,14.0,2.0,3.0,2.0,12.0,3.0,0.0,0,1609.68
150,2016-12-13,2016-17,Bournemouth,Leicester,1,1.0,0.0,9.0,12.0,3.0,4.0,4.0,5.0,0.0,0.0,3,1625.33
150,2016-12-13,2016-17,Leicester,Bournemouth,0,0.0,1.0,12.0,9.0,4.0,3.0,11.0,15.0,3.0,0.0,0,1764.17
151,2016-12-13,2016-17,Everton,Arsenal,1,2.0,1.0,14.0,9.0,4.0,3.0,8.0,10.0,1.0,1.0,3,1699.2
151,2016-12-13,2016-17,Arsenal,Everton,0,1.0,2.0,9.0,14.0,3.0,4.0,3.0,10.0,1.0,0.0,0,1867.52
152,2016-12-14,2016-17,Stoke,Southampton,1,0.0,0.0,5.0,15.0,3.0,4.0,3.0,9.0,1.0,1.0,1,1669.84
152,2016-12-14,2016-17,Southampton,Stoke,0,0.0,0.0,15.0,5.0,4.0,3.0,11.0,10.0,2.0,0.0,1,1750.58
153,2016-12-14,2016-17,Man City,Watford,1,2.0,0.0,13.0,5.0,7.0,2.0,5.0,16.0,1.0,0.0,3,1878.78
153,2016-12-14,2016-17,Watford,Man City,0,0.0,2.0,5.0,13.0,2.0,7.0,2.0,20.0,2.0,0.0,0,1643.8
154,2016-12-14,2016-17,Middlesbrough,Liverpool,1,0.0,3.0,8.0,15.0,3.0,4.0,5.0,11.0,1.0,0.0,0,1609.68
154,2016-12-14,2016-17,Liverpool,Middlesbrough,0,3.0,0.0,15.0,8.0,4.0,3.0,2.0,14.0,0.0,0.0,3,1840.19
155,2016-12-14,2016-17,Crystal Palace,Man United,1,1.0,2.0,6.0,16.0,3.0,6.0,1.0,16.0,2.0,0.0,0,1613.89
155,2016-12-14,2016-17,Man United,Crystal Palace,0,2.0,1.0,16.0,6.0,6.0,3.0,8.0,10.0,2.0,0.0,3,1773.39
156,2016-12-14,2016-17,Sunderland,Chelsea,1,0.0,1.0,8.0,19.0,3.0,6.0,5.0,15.0,3.0,0.0,0,1614.31
156,2016-12-14,2016-17,Chelsea,Sunderland,0,1.0,0.0,19.0,8.0,6.0,3.0,5.0,10.0,2.0,0.0,3,1846.79
157,2016-12-14,2016-17,Tottenham,Hull,1,3.0,0.0,27.0,10.0,9.0,5.0,5.0,6.0,0.0,0.0,3,1803.03
157,2016-12-14,2016-17,Hull,Tottenham,0,0.0,3.0,10.0,27.0,5.0,9.0,5.0,14.0,2.0,0.0,0,1567.2
158,2016-12-14,2016-17,West Ham,Burnley,1,1.0,0.0,20.0,8.0,7.0,2.0,6.0,12.0,0.0,0.0,3,1658.29
158,2016-12-14,2016-17,Burnley,West Ham,0,0.0,1.0,8.0,20.0,2.0,7.0,1.0,15.0,2.0,0.0,0,1631.16
159,2016-12-14,2016-17,West Brom,Swansea,1,3.0,1.0,13.0,8.0,4.0,4.0,0.0,8.0,0.0,0.0,3,1663.44
159,2016-12-14,2016-17,Swansea,West Brom,0,1.0,3.0,8.0,13.0,4.0,4.0,11.0,8.0,0.0,0.0,0,1644.86
160,2016-12-17,2016-17,Stoke,Leicester,1,2.0,2.0,16.0,14.0,7.0,8.0,9.0,9.0,2.0,0.0,1,1672.3
160,2016-12-17,2016-17,Leicester,Stoke,0,2.0,2.0,14.0,16.0,8.0,7.0,9.0,12.0,6.0,1.0,1,1741.98
161,2016-12-17,2016-17,Middlesbrough,Swansea,1,3.0,0.0,10.0,14.0,4.0,2.0,3.0,10.0,1.0,0.0,3,1601.29
161,2016-12-17,2016-17,Swansea,Middlesbrough,0,0.0,3.0,14.0,10.0,2.0,4.0,8.0,11.0,0.0,0.0,0,1637.93
162,2016-12-17,2016-17,Crystal Palace,Chelsea,1,0.0,1.0,6.0,13.0,2.0,6.0,5.0,12.0,2.0,0.0,0,1623.7
162,2016-12-17,2016-17,Chelsea,Crystal Palace,0,1.0,0.0,13.0,6.0,6.0,2.0,3.0,15.0,3.0,0.0,3,1865.65
163,2016-12-17,2016-17,Sunderland,Watford,1,1.0,0.0,12.0,9.0,4.0,4.0,4.0,10.0,1.0,0.0,3,1608.32
163,2016-12-17,2016-17,Watford,Sunderland,0,0.0,1.0,9.0,12.0,4.0,4.0,11.0,9.0,2.0,0.0,0,1637.73
164,2016-12-17,2016-17,West Ham,Hull,1,1.0,0.0,18.0,16.0,6.0,5.0,10.0,13.0,2.0,0.0,3,1659.71
164,2016-12-17,2016-17,Hull,West Ham,0,0.0,1.0,16.0,18.0,5.0,6.0,6.0,9.0,4.0,0.0,0,1556.53
165,2016-12-17,2016-17,West Brom,Man United,1,0.0,2.0,10.0,10.0,1.0,5.0,2.0,9.0,3.0,0.0,0,1675.92
165,2016-12-17,2016-17,Man United,West Brom,0,2.0,0.0,10.0,10.0,5.0,1.0,3.0,13.0,3.0,0.0,3,1790.85
166,2016-12-18,2016-17,Bournemouth,Southampton,1,1.0,3.0,10.0,14.0,5.0,8.0,7.0,6.0,0.0,0.0,0,1637.68
166,2016-12-18,2016-17,Southampton,Bournemouth,0,3.0,1.0,14.0,10.0,8.0,5.0,4.0,12.0,2.0,0.0,3,1729.3
167,2016-12-18,2016-17,Man City,Arsenal,1,2.0,1.0,14.0,6.0,5.0,1.0,8.0,9.0,4.0,0.0,3,1844.47
167,2016-12-18,2016-17,Arsenal,Man City,0,1.0,2.0,6.0,14.0,1.0,5.0,1.0,13.0,2.0,0.0,0,1875.61
168,2016-12-18,2016-17,Tottenham,Burnley,1,2.0,1.0,30.0,5.0,9.0,2.0,11.0,10.0,1.0,0.0,3,1810.0
168,2016-12-18,2016-17,Burnley,Tottenham,0,1.0,2.0,5.0,30.0,2.0,9.0,2.0,11.0,2.0,0.0,0,1622.07
169,2016-12-19,2016-17,Everton,Liverpool,1,0.0,1.0,6.0,11.0,1.0,4.0,1.0,13.0,3.0,0.0,0,1700.88
169,2016-12-19,2016-17,Liverpool,Everton,0,1.0,0.0,11.0,6.0,4.0,1.0,6.0,9.0,1.0,0.0,3,1828.48
170,2016-12-26,2016-17,Arsenal,West Brom,1,1.0,0.0,26.0,3.0,11.0,1.0,6.0,11.0,2.0,0.0,3,1875.61
170,2016-12-26,2016-17,West Brom,Arsenal,0,0.0,1.0,3.0,26.0,1.0,11.0,5.0,7.0,1.0,0.0,0,1675.92
171,2016-12-26,2016-17,Chelsea,Bournemouth,1,3.0,0.0,14.0,7.0,4.0,3.0,5.0,13.0,1.0,0.0,3,1865.65
171,2016-12-26,2016-17,Bournemouth,Chelsea,0,0.0,3.0,7.0,14.0,3.0,4.0,5.0,14.0,1.0,0.0,0,1637.68
172,2016-12-26,2016-17,Burnley,Middlesbrough,1,1.0,0.0,6.0,8.0,4.0,2.0,7.0,17.0,6.0,0.0,3,1622.07
172,2016-12-26,2016-17,Middlesbrough,Burnley,0,0.0,1.0,8.0,6.0,2.0,4.0,3.0,18.0,5.0,0.0,0,1601.29
173,2016-12-26,2016-17,Hull,Man City,1,0.0,3.0,10.0,16.0,3.0,6.0,4.0,11.0,1.0,0.0,0,1556.53
173,2016-12-26,2016-17,Man City,Hull,0,3.0,0.0,16.0,10.0,6.0,3.0,7.0,14.0,0.0,0.0,3,1844.47
174,2016-12-26,2016-17,Leicester,Everton,1,0.0,2.0,7.0,8.0,2.0,3.0,3.0,14.0,3.0,0.0,0,1741.98
174,2016-12-26,2016-17,Everton,Leicester,0,2.0,0.0,8.0,7.0,3.0,2.0,4.0,7.0,0.0,0.0,3,1700.88
175,2016-12-26,2016-17,Swansea,West Ham,1,1.0,4.0,14.0,14.0,7.0,7.0,8.0,10.0,0.0,0.0,0,1637.93
175,2016-12-26,2016-17,West Ham,Swansea,0,4.0,1.0,14.0,14.0,7.0,7.0,4.0,12.0,0.0,0.0,3,1659.71
176,2016-12-26,2016-17,Man United,Sunderland,1,3.0,1.0,26.0,7.0,9.0,4.0,5.0,6.0,1.0,0.0,3,1790.85
176,2016-12-26,2016-17,Sunderland,Man United,0,1.0,3.0,7.0,26.0,4.0,9.0,5.0,9.0,1.0,0.0,0,1608.32
177,2016-12-26,2016-17,Watford,Crystal Palace,1,1.0,1.0,9.0,10.0,3.0,4.0,7.0,18.0,2.0,0.0,1,1637.73
177,2016-12-26,2016-17,Crystal Palace,Watford,0,1.0,1.0,10.0,9.0,4.0,3.0,3.0,17.0,4.0,0.0,1,1623.7
178,2016-12-27,2016-17,Liverpool,Stoke,1,4.0,1.0,20.0,6.0,6.0,2.0,8.0,9.0,0.0,0.0,3,1828.48
178,2016-12-27,2016-17,Stoke,Liverpool,0,1.0,4.0,6.0,20.0,2.0,6.0,2.0,6.0,1.0,0.0,0,1672.3
179,2016-12-28,2016-17,Southampton,Tottenham,1,1.0,4.0,9.0,17.0,2.0,5.0,2.0,7.0,1.0,1.0,0,1729.3
179,2016-12-28,2016-17,Tottenham,Southampton,0,4.0,1.0,17.0,9.0,5.0,2.0,10.0,16.0,4.0,0.0,3,1810.0
180,2016-12-30,2016-17,Hull,Everton,1,2.0,2.0,13.0,20.0,4.0,7.0,5.0,10.0,2.0,0.0,1,1556.53
180,2016-12-30,2016-17,Everton,Hull,0,2.0,2.0,20.0,13.0,7.0,4.0,5.0,13.0,2.0,0.0,1,1700.88
181,2016-12-31,2016-17,Burnley,Sunderland,1,4.0,1.0,16.0,11.0,6.0,3.0,6.0,10.0,1.0,0.0,3,1622.07
181,2016-12-31,2016-17,Sunderland,Burnley,0,1.0,4.0,11.0,16.0,3.0,6.0,2.0,8.0,1.0,0.0,0,1608.32
182,2016-12-31,2016-17,Chelsea,Stoke,1,4.0,2.0,18.0,5.0,7.0,2.0,8.0,12.0,3.0,0.0,3,1865.65
182,2016-12-31,2016-17,Stoke,Chelsea,0,2.0,4.0,5.0,18.0,2.0,7.0,3.0,10.0,2.0,0.0,0,1672.3
183,2016-12-31,2016-17,Leicester,West Ham,1,1.0,0.0,12.0,25.0,4.0,5.0,7.0,11.0,5.0,0.0,3,1741.98
183,2016-12-31,2016-17,West Ham,Leicester,0,0.0,1.0,25.0,12.0,5.0,4.0,7.0,8.0,3.0,0.0,0,1659.71
184,2016-12-31,2016-17,Liverpool,Man City,1,1.0,0.0,5.0,9.0,1.0,2.0,4.0,12.0,2.0,0.0,3,1828.48
184,2016-12-31,2016-17,Man City,Liverpool,0,0.0,1.0,9.0,5.0,2.0,1.0,6.0,12.0,1.0,0.0,0,1844.47
185,2016-12-31,2016-17,Man United,Middlesbrough,1,2.0,1.0,32.0,9.0,12.0,2.0,12.0,9.0,1.0,0.0,3,1790.85
185,2016-12-31,2016-17,Middlesbrough,Man United,0,1.0,2.0,9.0,32.0,2.0,12.0,2.0,14.0,1.0,0.0,0,1601.29
186,2016-12-31,2016-17,Southampton,West Brom,1,1.0,2.0,10.0,7.0,1.0,3.0,8.0,13.0,1.0,1.0,0,1729.3
186,2016-12-31,2016-17,West Brom,Southampton,0,2.0,1.0,7.0,10.0,3.0,1.0,3.0,17.0,3.0,0.0,3,1675.92
187,2016-12-31,2016-17,Swansea,Bournemouth,1,0.0,3.0,14.0,11.0,5.0,6.0,4.0,14.0,2.0,0.0,0,1637.93
187,2016-12-31,2016-17,Bournemouth,Swansea,0,3.0,0.0,11.0,14.0,6.0,5.0,3.0,9.0,0.0,0.0,3,1637.68
188,2017-01-01,2016-17,Arsenal,Crystal Palace,1,2.0,0.0,22.0,7.0,7.0,4.0,8.0,9.0,1.0,0.0,3,1871.21
188,2017-01-01,2016-17,Crystal Palace,Arsenal,0,0.0,2.0,7.0,22.0,4.0,7.0,4.0,7.0,1.0,0.0,0,1621.97
189,2017-01-01,2016-17,Watford,Tottenham,1,1.0,4.0,6.0,19.0,2.0,6.0,0.0,11.0,3.0,0.0,0,1628.69
189,2017-01-01,2016-17,Tottenham,Watford,0,4.0,1.0,19.0,6.0,6.0,2.0,3.0,6.0,0.0,0.0,3,1826.26
190,2017-01-02,2016-17,Middlesbrough,Leicester,1,0.0,0.0,9.0,10.0,1.0,4.0,2.0,10.0,3.0,0.0,1,1604.71
190,2017-01-02,2016-17,Leicester,Middlesbrough,0,0.0,0.0,10.0,9.0,4.0,1.0,2.0,9.0,0.0,0.0,1,1731.6
191,2017-01-02,2016-17,Man City,Burnley,1,2.0,1.0,14.0,11.0,3.0,3.0,8.0,11.0,4.0,1.0,3,1849.76
191,2017-01-02,2016-17,Burnley,Man City,0,1.0,2.0,11.0,14.0,3.0,3.0,8.0,11.0,3.0,0.0,0,1636.49
192,2017-01-02,2016-17,Everton,Southampton,1,3.0,0.0,17.0,12.0,6.0,3.0,10.0,5.0,0.0,0.0,3,1707.4
192,2017-01-02,2016-17,Southampton,Everton,0,0.0,3.0,12.0,17.0,3.0,6.0,8.0,14.0,1.0,0.0,0,1714.78
193,2017-01-02,2016-17,West Ham,Man United,1,0.0,2.0,8.0,13.0,2.0,6.0,2.0,9.0,1.0,1.0,0,1673.26
193,2017-01-02,2016-17,Man United,West Ham,0,2.0,0.0,13.0,8.0,6.0,2.0,1.0,13.0,2.0,0.0,3,1807.3
194,2017-01-02,2016-17,West Brom,Hull,1,3.0,1.0,8.0,17.0,5.0,6.0,7.0,5.0,0.0,0.0,3,1675.0
194,2017-01-02,2016-17,Hull,West Brom,0,1.0,3.0,17.0,8.0,6.0,5.0,9.0,4.0,0.0,0.0,0,1550.28
195,2017-01-02,2016-17,Sunderland,Liverpool,1,2.0,2.0,10.0,21.0,5.0,15.0,2.0,10.0,2.0,0.0,1,1600.66
195,2017-01-02,2016-17,Liverpool,Sunderland,0,2.0,2.0,21.0,10.0,15.0,5.0,5.0,10.0,3.0,0.0,1,1846.62
196,2017-01-03,2016-17,Bournemouth,Arsenal,1,3.0,3.0,12.0,14.0,6.0,4.0,4.0,10.0,3.0,1.0,1,1639.61
196,2017-01-03,2016-17,Arsenal,Bournemouth,0,3.0,3.0,14.0,12.0,4.0,6.0,7.0,12.0,3.0,0.0,1,1871.21
197,2017-01-03,2016-17,Crystal Palace,Swansea,1,1.0,2.0,7.0,11.0,3.0,4.0,4.0,13.0,2.0,0.0,0,1621.97
197,2017-01-03,2016-17,Swansea,Crystal Palace,0,2.0,1.0,11.0,7.0,4.0,3.0,5.0,14.0,1.0,0.0,3,1594.86
198,2017-01-03,2016-17,Stoke,Watford,1,2.0,0.0,17.0,9.0,5.0,2.0,7.0,10.0,1.0,0.0,3,1663.59
198,2017-01-03,2016-17,Watford,Stoke,0,0.0,2.0,9.0,17.0,2.0,5.0,6.0,15.0,2.0,0.0,0,1628.69
199,2017-01-04,2016-17,Tottenham,Chelsea,1,2.0,0.0,9.0,11.0,2.0,2.0,1.0,9.0,3.0,0.0,3,1826.26
199,2017-01-04,2016-17,Chelsea,Tottenham,0,0.0,2.0,11.0,9.0,2.0,2.0,6.0,8.0,2.0,0.0,0,1876.37
200,2017-01-14,2016-17,Sunderland,Stoke,1,1.0,3.0,14.0,14.0,3.0,6.0,5.0,16.0,3.0,0.0,0,1600.66
200,2017-01-14,2016-17,Stoke,Sunderland,0,3.0,1.0,14.0,14.0,6.0,3.0,2.0,11.0,1.0,0.0,3,1663.59
201,2017-01-14,2016-17,Burnley,Southampton,1,1.0,0.0,9.0,20.0,3.0,5.0,2.0,14.0,1.0,0.0,3,1636.49
201,2017-01-14,2016-17,Southampton,Burnley,0,0.0,1.0,20.0,9.0,5.0,3.0,7.0,14.0,2.0,0.0,0,1714.78
202,2017-01-14,2016-17,Hull,Bournemouth,1,3.0,1.0,14.0,8.0,3.0,6.0,4.0,13.0,0.0,0.0,3,1550.28
202,2017-01-14,2016-17,Bournemouth,Hull,0,1.0,3.0,8.0,14.0,6.0,3.0,5.0,11.0,1.0,0.0,0,1639.61
203,2017-01-14,2016-17,Leicester,Chelsea,1,0.0,3.0,7.0,8.0,2.0,3.0,3.0,8.0,1.0,0.0,0,1731.6
203,2017-01-14,2016-17,Chelsea,Leicester,0,3.0,0.0,8.0,7.0,3.0,2.0,5.0,9.0,0.0,0.0,3,1876.37
204,2017-01-14,2016-17,West Ham,Crystal Palace,1,3.0,0.0,14.0,10.0,3.0,1.0,2.0,10.0,4.0,0.0,3,1673.26
204,2017-01-14,2016-17,Crystal Palace,West Ham,0,0.0,3.0,10.0,14.0,1.0,3.0,2.0,14.0,2.0,0.0,0,1621.97
205,2017-01-14,2016-17,Watford,Middlesbrough,1,0.0,0.0,12.0,5.0,5.0,1.0,3.0,15.0,3.0,0.0,1,1628.69
205,2017-01-14,2016-17,Middlesbrough,Watford,0,0.0,0.0,5.0,12.0,1.0,5.0,1.0,15.0,1.0,0.0,1,1604.71
206,2017-01-14,2016-17,Swansea,Arsenal,1,0.0,4.0,12.0,14.0,3.0,6.0,3.0,12.0,2.0,0.0,0,1594.86
206,2017-01-14,2016-17,Arsenal,Swansea,0,4.0,0.0,14.0,12.0,6.0,3.0,2.0,8.0,0.0,0.0,3,1871.21
207,2017-01-14,2016-17,Tottenham,West Brom,1,4.0,0.0,21.0,3.0,11.0,0.0,8.0,11.0,0.0,0.0,3,1826.26
207,2017-01-14,2016-17,West Brom,Tottenham,0,0.0,4.0,3.0,21.0,0.0,11.0,0.0,12.0,2.0,0.0,0,1675.0
208,2017-01-15,2016-17,Everton,Man City,1,4.0,0.0,6.0,13.0,4.0,5.0,3.0,17.0,2.0,0.0,3,1719.02
208,2017-01-15,2016-17,Man City,Everton,0,0.0,4.0,13.0,6.0,5.0,4.0,6.0,7.0,2.0,0.0,0,1852.16
209,2017-01-15,2016-17,Man United,Liverpool,1,1.0,1.0,9.0,13.0,3.0,4.0,5.0,17.0,1.0,0.0,1,1815.99
209,2017-01-15,2016-17,Liverpool,Man United,0,1.0,1.0,13.0,9.0,4.0,3.0,7.0,13.0,3.0,0.0,1,1841.74
210,2017-01-21,2016-17,Bournemouth,Watford,1,2.0,2.0,15.0,10.0,5.0,3.0,9.0,6.0,1.0,0.0,1,1631.47
210,2017-01-21,2016-17,Watford,Bournemouth,0,2.0,2.0,10.0,15.0,3.0,5.0,4.0,16.0,1.0,0.0,1,1610.99
211,2017-01-21,2016-17,Crystal Palace,Everton,1,0.0,1.0,8.0,16.0,2.0,8.0,8.0,10.0,0.0,0.0,0,1600.11
211,2017-01-21,2016-17,Everton,Crystal Palace,0,1.0,0.0,16.0,8.0,8.0,2.0,7.0,15.0,1.0,0.0,3,1719.02
212,2017-01-21,2016-17,Liverpool,Swansea,1,2.0,3.0,16.0,6.0,5.0,3.0,6.0,7.0,1.0,0.0,0,1841.74
212,2017-01-21,2016-17,Swansea,Liverpool,0,3.0,2.0,6.0,16.0,3.0,5.0,3.0,7.0,1.0,0.0,3,1598.42
213,2017-01-21,2016-17,Man City,Tottenham,1,2.0,2.0,17.0,6.0,7.0,2.0,5.0,10.0,2.0,0.0,1,1852.16
213,2017-01-21,2016-17,Tottenham,Man City,0,2.0,2.0,6.0,17.0,2.0,7.0,4.0,7.0,4.0,0.0,1,1851.05
214,2017-01-21,2016-17,Middlesbrough,West Ham,1,1.0,3.0,11.0,13.0,2.0,5.0,7.0,7.0,2.0,0.0,0,1608.53
214,2017-01-21,2016-17,West Ham,Middlesbrough,0,3.0,1.0,13.0,11.0,5.0,2.0,5.0,14.0,1.0,0.0,3,1673.5
215,2017-01-21,2016-17,Stoke,Man United,1,1.0,1.0,6.0,25.0,1.0,8.0,1.0,12.0,4.0,0.0,1,1682.38
215,2017-01-21,2016-17,Man United,Stoke,0,1.0,1.0,25.0,6.0,8.0,1.0,7.0,13.0,0.0,0.0,1,1815.99
216,2017-01-21,2016-17,West Brom,Sunderland,1,2.0,0.0,14.0,9.0,5.0,3.0,1.0,15.0,1.0,0.0,3,1674.35
216,2017-01-21,2016-17,Sunderland,West Brom,0,0.0,2.0,9.0,14.0,3.0,5.0,4.0,12.0,1.0,0.0,0,1594.44
217,2017-01-22,2016-17,Arsenal,Burnley,1,2.0,1.0,24.0,13.0,8.0,7.0,10.0,12.0,1.0,1.0,3,1875.97
217,2017-01-22,2016-17,Burnley,Arsenal,0,1.0,2.0,13.0,24.0,7.0,8.0,4.0,11.0,3.0,0.0,0,1642.42
218,2017-01-22,2016-17,Chelsea,Hull,1,2.0,0.0,9.0,9.0,5.0,4.0,9.0,12.0,1.0,0.0,3,1876.33
218,2017-01-22,2016-17,Hull,Chelsea,0,0.0,2.0,9.0,9.0,4.0,5.0,7.0,10.0,3.0,0.0,0,1557.51
219,2017-01-22,2016-17,Southampton,Leicester,1,3.0,0.0,20.0,11.0,7.0,2.0,7.0,8.0,0.0,0.0,3,1694.83
219,2017-01-22,2016-17,Leicester,Southampton,0,0.0,3.0,11.0,20.0,2.0,7.0,2.0,10.0,1.0,0.0,0,1719.21
220,2017-01-31,2016-17,Arsenal,Watford,1,1.0,2.0,20.0,10.0,5.0,6.0,9.0,12.0,3.0,0.0,0,1875.97
220,2017-01-31,2016-17,Watford,Arsenal,0,2.0,1.0,10.0,20.0,6.0,5.0,5.0,15.0,3.0,0.0,3,1610.99
221,2017-01-31,2016-17,Bournemouth,Crystal Palace,1,0.0,2.0,10.0,11.0,2.0,4.0,2.0,14.0,0.0,0.0,0,1631.47
221,2017-01-31,2016-17,Crystal Palace,Bournemouth,0,2.0,0.0,11.0,10.0,4.0,2.0,3.0,23.0,4.0,0.0,3,1600.11
222,2017-01-31,2016-17,Burnley,Leicester,1,1.0,0.0,24.0,13.0,3.0,5.0,10.0,4.0,1.0,0.0,3,1642.42
222,2017-01-31,2016-17,Leicester,Burnley,0,0.0,1.0,13.0,24.0,5.0,3.0,2.0,8.0,0.0,0.0,0,1719.21
223,2017-01-31,2016-17,Liverpool,Chelsea,1,1.0,1.0,7.0,8.0,3.0,2.0,3.0,13.0,2.0,0.0,1,1841.74
223,2017-01-31,2016-17,Chelsea,Liverpool,0,1.0,1.0,8.0,7.0,2.0,3.0,3.0,8.0,1.0,0.0,1,1876.33
224,2017-01-31,2016-17,Middlesbrough,West Brom,1,1.0,1.0,11.0,16.0,3.0,5.0,4.0,12.0,2.0,0.0,1,1608.53
224,2017-01-31,2016-17,West Brom,Middlesbrough,0,1.0,1.0,16.0,11.0,5.0,3.0,2.0,13.0,1.0,0.0,1,1674.35
225,2017-01-31,2016-17,Sunderland,Tottenham,1,0.0,0.0,3.0,14.0,1.0,3.0,2.0,9.0,2.0,0.0,1,1594.44
225,2017-01-31,2016-17,Tottenham,Sunderland,0,0.0,0.0,14.0,3.0,3.0,1.0,12.0,13.0,1.0,0.0,1,1851.05
226,2017-01-31,2016-17,Swansea,Southampton,1,2.0,1.0,11.0,10.0,5.0,2.0,5.0,10.0,2.0,0.0,3,1598.42
226,2017-01-31,2016-17,Southampton,Swansea,0,1.0,2.0,10.0,11.0,2.0,5.0,4.0,19.0,0.0,0.0,0,1694.83
227,2017-02-01,2016-17,Man United,Hull,1,0.0,0.0,15.0,6.0,6.0,2.0,7.0,20.0,1.0,0.0,1,1813.0
227,2017-02-01,2016-17,Hull,Man United,0,0.0,0.0,6.0,15.0,2.0,6.0,1.0,16.0,4.0,0.0,1,1555.68
228,2017-02-01,2016-17,Stoke,Everton,1,1.0,1.0,14.0,14.0,7.0,5.0,5.0,21.0,1.0,0.0,1,1684.28
228,2017-02-01,2016-17,Everton,Stoke,0,1.0,1.0,14.0,14.0,5.0,7.0,5.0,12.0,0.0,0.0,1,1744.8
229,2017-02-01,2016-17,West Ham,Man City,1,0.0,4.0,6.0,11.0,1.0,4.0,2.0,11.0,3.0,0.0,0,1685.08
229,2017-02-01,2016-17,Man City,West Ham,0,4.0,0.0,11.0,6.0,4.0,1.0,4.0,14.0,3.0,0.0,3,1831.11
230,2017-02-04,2016-17,Crystal Palace,Sunderland,1,0.0,4.0,21.0,10.0,9.0,7.0,6.0,8.0,3.0,0.0,0,1609.36
230,2017-02-04,2016-17,Sunderland,Crystal Palace,0,4.0,0.0,10.0,21.0,7.0,9.0,1.0,8.0,3.0,0.0,3,1593.02
231,2017-02-04,2016-17,Chelsea,Arsenal,1,3.0,1.0,13.0,9.0,6.0,5.0,10.0,14.0,1.0,0.0,3,1878.69
231,2017-02-04,2016-17,Arsenal,Chelsea,0,1.0,3.0,9.0,13.0,5.0,6.0,13.0,8.0,1.0,0.0,0,1862.85
232,2017-02-04,2016-17,Everton,Bournemouth,1,6.0,3.0,15.0,18.0,10.0,8.0,4.0,14.0,3.0,0.0,3,1744.8
232,2017-02-04,2016-17,Bournemouth,Everton,0,3.0,6.0,18.0,15.0,8.0,10.0,8.0,4.0,1.0,0.0,0,1613.71
233,2017-02-04,2016-17,Hull,Liverpool,1,2.0,0.0,7.0,22.0,4.0,5.0,1.0,9.0,2.0,0.0,3,1555.68
233,2017-02-04,2016-17,Liverpool,Hull,0,0.0,2.0,22.0,7.0,5.0,4.0,15.0,12.0,1.0,0.0,0,1827.38
234,2017-02-04,2016-17,Southampton,West Ham,1,1.0,3.0,21.0,6.0,7.0,4.0,3.0,12.0,0.0,0.0,0,1698.14
234,2017-02-04,2016-17,West Ham,Southampton,0,3.0,1.0,6.0,21.0,4.0,7.0,2.0,15.0,2.0,0.0,3,1685.08
235,2017-02-04,2016-17,West Brom,Stoke,1,1.0,0.0,16.0,12.0,4.0,2.0,5.0,6.0,2.0,0.0,3,1680.44
235,2017-02-04,2016-17,Stoke,West Brom,0,0.0,1.0,12.0,16.0,2.0,4.0,6.0,13.0,2.0,0.0,0,1684.28
236,2017-02-04,2016-17,Watford,Burnley,1,2.0,1.0,16.0,11.0,7.0,7.0,3.0,12.0,5.0,0.0,3,1628.61
236,2017-02-04,2016-17,Burnley,Watford,0,1.0,2.0,11.0,16.0,7.0,7.0,6.0,10.0,0.0,1.0,0,1648.4
237,2017-02-04,2016-17,Tottenham,Middlesbrough,1,1.0,0.0,17.0,8.0,5.0,0.0,11.0,8.0,0.0,0.0,3,1847.3
237,2017-02-04,2016-17,Middlesbrough,Tottenham,0,0.0,1.0,8.0,17.0,0.0,5.0,2.0,11.0,1.0,0.0,0,1597.38
238,2017-02-05,2016-17,Leicester,Man United,1,0.0,3.0,11.0,15.0,1.0,9.0,10.0,12.0,2.0,0.0,0,1699.12
238,2017-02-05,2016-17,Man United,Leicester,0,3.0,0.0,15.0,11.0,9.0,1.0,3.0,13.0,4.0,0.0,3,1813.0
239,2017-02-05,2016-17,Man City,Swansea,1,2.0,1.0,17.0,4.0,5.0,2.0,10.0,9.0,2.0,0.0,3,1831.11
239,2017-02-05,2016-17,Swansea,Man City,0,1.0,2.0,4.0,17.0,2.0,5.0,3.0,13.0,3.0,0.0,0,1622.07
240,2017-02-11,2016-17,Arsenal,Hull,1,2.0,0.0,17.0,9.0,7.0,4.0,3.0,12.0,3.0,0.0,3,1862.85
240,2017-02-11,2016-17,Hull,Arsenal,0,0.0,2.0,9.0,17.0,4.0,7.0,8.0,9.0,1.0,1.0,0,1555.68
241,2017-02-11,2016-17,Liverpool,Tottenham,1,2.0,0.0,17.0,7.0,9.0,2.0,10.0,14.0,3.0,0.0,3,1827.38
241,2017-02-11,2016-17,Tottenham,Liverpool,0,0.0,2.0,7.0,17.0,2.0,9.0,3.0,14.0,4.0,0.0,0,1847.3
242,2017-02-11,2016-17,Man United,Watford,1,2.0,0.0,22.0,9.0,11.0,3.0,5.0,10.0,1.0,0.0,3,1813.0
242,2017-02-11,2016-17,Watford,Man United,0,0.0,2.0,9.0,22.0,3.0,11.0,1.0,12.0,0.0,0.0,0,1628.61
243,2017-02-11,2016-17,Middlesbrough,Everton,1,0.0,0.0,9.0,7.0,3.0,3.0,5.0,14.0,2.0,0.0,1,1597.38
243,2017-02-11,2016-17,Everton,Middlesbrough,0,0.0,0.0,7.0,9.0,3.0,3.0,2.0,9.0,0.0,0.0,1,1744.8
244,2017-02-11,2016-17,Stoke,Crystal Palace,1,1.0,0.0,7.0,6.0,4.0,1.0,5.0,10.0,1.0,0.0,3,1684.28
244,2017-02-11,2016-17,Crystal Palace,Stoke,0,0.0,1.0,6.0,7.0,1.0,4.0,5.0,14.0,3.0,0.0,0,1609.36
245,2017-02-11,2016-17,Sunderland,Southampton,1,0.0,4.0,6.0,15.0,1.0,8.0,6.0,12.0,1.0,0.0,0,1593.02
245,2017-02-11,2016-17,Southampton,Sunderland,0,4.0,0.0,15.0,6.0,8.0,1.0,2.0,14.0,0.0,0.0,3,1698.14
246,2017-02-11,2016-17,West Ham,West Brom,1,2.0,2.0,16.0,8.0,4.0,3.0,7.0,7.0,3.0,0.0,1,1685.08
246,2017-02-11,2016-17,West Brom,West Ham,0,2.0,2.0,8.0,16.0,3.0,4.0,5.0,14.0,2.0,0.0,1,1680.44
247,2017-02-12,2016-17,Burnley,Chelsea,1,1.0,1.0,6.0,13.0,4.0,2.0,1.0,12.0,3.0,0.0,1,1648.4
247,2017-02-12,2016-17,Chelsea,Burnley,0,1.0,1.0,13.0,6.0,2.0,4.0,1.0,11.0,2.0,0.0,1,1878.69
248,2017-02-12,2016-17,Swansea,Leicester,1,2.0,0.0,10.0,9.0,4.0,1.0,7.0,7.0,2.0,0.0,3,1622.07
248,2017-02-12,2016-17,Leicester,Swansea,0,0.0,2.0,9.0,10.0,1.0,4.0,3.0,14.0,2.0,0.0,0,1699.12
249,2017-02-13,2016-17,Bournemouth,Man City,1,0.0,2.0,5.0,17.0,1.0,5.0,3.0,8.0,2.0,0.0,0,1613.71
249,2017-02-13,2016-17,Man City,Bournemouth,0,2.0,0.0,17.0,5.0,5.0,1.0,7.0,11.0,3.0,0.0,3,1831.11
250,2017-02-25,2016-17,Chelsea,Swansea,1,3.0,1.0,16.0,3.0,5.0,2.0,8.0,11.0,1.0,0.0,3,1882.35
250,2017-02-25,2016-17,Swansea,Chelsea,0,1.0,3.0,3.0,16.0,2.0,5.0,1.0,14.0,3.0,0.0,0,1631.15
251,2017-02-25,2016-17,Crystal Palace,Middlesbrough,1,1.0,0.0,15.0,11.0,3.0,4.0,4.0,13.0,3.0,0.0,3,1584.73
251,2017-02-25,2016-17,Middlesbrough,Crystal Palace,0,0.0,1.0,11.0,15.0,4.0,3.0,2.0,15.0,1.0,0.0,0,1597.84
252,2017-02-25,2016-17,Everton,Sunderland,1,2.0,0.0,20.0,10.0,8.0,1.0,10.0,10.0,0.0,0.0,3,1748.66
252,2017-02-25,2016-17,Sunderland,Everton,0,0.0,2.0,10.0,20.0,1.0,8.0,6.0,16.0,2.0,0.0,0,1597.27
253,2017-02-25,2016-17,Hull,Burnley,1,1.0,1.0,15.0,10.0,1.0,3.0,6.0,8.0,1.0,0.0,1,1578.93
253,2017-02-25,2016-17,Burnley,Hull,0,1.0,1.0,10.0,15.0,3.0,1.0,3.0,13.0,1.0,1.0,1,1646.21
254,2017-02-25,2016-17,Watford,West Ham,1,1.0,1.0,9.0,13.0,1.0,2.0,4.0,18.0,4.0,0.0,1,1631.68
254,2017-02-25,2016-17,West Ham,Watford,0,1.0,1.0,13.0,9.0,2.0,1.0,6.0,14.0,1.0,1.0,1,1686.14
255,2017-02-25,2016-17,West Brom,Bournemouth,1,2.0,1.0,13.0,12.0,4.0,4.0,8.0,12.0,2.0,0.0,3,1688.98
255,2017-02-25,2016-17,Bournemouth,West Brom,0,1.0,2.0,12.0,13.0,4.0,4.0,6.0,5.0,0.0,0.0,0,1602.18
256,2017-02-26,2016-17,Tottenham,Stoke,1,4.0,0.0,21.0,5.0,9.0,3.0,8.0,11.0,2.0,0.0,3,1839.24
256,2017-02-26,2016-17,Stoke,Tottenham,0,0.0,4.0,5.0,21.0,3.0,9.0,5.0,14.0,3.0,0.0,0,1681.82
257,2017-02-27,2016-17,Leicester,Liverpool,1,3.0,1.0,13.0,17.0,7.0,7.0,5.0,8.0,0.0,0.0,3,1675.5
257,2017-02-27,2016-17,Liverpool,Leicester,0,1.0,3.0,17.0,13.0,7.0,7.0,12.0,5.0,0.0,0.0,0,1819.18
258,2017-03-04,2016-17,Leicester,Hull,1,3.0,1.0,17.0,10.0,5.0,4.0,10.0,12.0,1.0,0.0,3,1685.54
258,2017-03-04,2016-17,Hull,Leicester,0,1.0,3.0,10.0,17.0,4.0,5.0,4.0,13.0,1.0,0.0,0,1575.28
259,2017-03-04,2016-17,Liverpool,Arsenal,1,3.0,1.0,18.0,7.0,7.0,3.0,9.0,8.0,1.0,0.0,3,1801.24
259,2017-03-04,2016-17,Arsenal,Liverpool,0,1.0,3.0,7.0,18.0,3.0,7.0,3.0,15.0,2.0,0.0,0,1844.3
260,2017-03-04,2016-17,West Brom,Crystal Palace,1,0.0,2.0,11.0,10.0,1.0,4.0,5.0,8.0,0.0,0.0,0,1689.65
260,2017-03-04,2016-17,Crystal Palace,West Brom,0,2.0,0.0,10.0,11.0,4.0,1.0,5.0,12.0,1.0,0.0,3,1587.89
261,2017-03-04,2016-17,Man United,Bournemouth,1,1.0,1.0,20.0,3.0,7.0,1.0,15.0,9.0,3.0,0.0,1,1830.49
261,2017-03-04,2016-17,Bournemouth,Man United,0,1.0,1.0,3.0,20.0,1.0,7.0,2.0,11.0,2.0,1.0,1,1594.02
262,2017-03-04,2016-17,Swansea,Burnley,1,3.0,2.0,23.0,6.0,10.0,4.0,9.0,7.0,2.0,0.0,3,1624.75
262,2017-03-04,2016-17,Burnley,Swansea,0,2.0,3.0,6.0,23.0,4.0,10.0,2.0,13.0,2.0,0.0,0,1642.37
263,2017-03-04,2016-17,Watford,Southampton,1,3.0,4.0,16.0,20.0,4.0,11.0,6.0,16.0,3.0,0.0,0,1627.66
263,2017-03-04,2016-17,Southampton,Watford,0,4.0,3.0,20.0,16.0,11.0,4.0,5.0,9.0,2.0,0.0,3,1695.66
264,2017-03-04,2016-17,Stoke,Middlesbrough,1,2.0,0.0,13.0,8.0,8.0,2.0,6.0,16.0,1.0,0.0,3,1671.08
264,2017-03-04,2016-17,Middlesbrough,Stoke,0,0.0,2.0,8.0,13.0,2.0,8.0,1.0,20.0,2.0,0.0,0,1587.2
265,2017-03-05,2016-17,Sunderland,Man City,1,0.0,2.0,11.0,14.0,3.0,7.0,6.0,11.0,1.0,0.0,0,1588.99
265,2017-03-05,2016-17,Man City,Sunderland,0,2.0,0.0,14.0,11.0,7.0,3.0,4.0,4.0,0.0,0.0,3,1853.88
266,2017-03-05,2016-17,Tottenham,Everton,1,3.0,2.0,20.0,8.0,7.0,4.0,7.0,9.0,1.0,0.0,3,1820.44
266,2017-03-05,2016-17,Everton,Tottenham,0,2.0,3.0,8.0,20.0,4.0,7.0,2.0,14.0,2.0,0.0,0,1749.45
267,2017-03-06,2016-17,West Ham,Chelsea,1,1.0,2.0,11.0,9.0,2.0,4.0,6.0,8.0,0.0,0.0,0,1682.67
267,2017-03-06,2016-17,Chelsea,West Ham,0,2.0,1.0,9.0,11.0,4.0,2.0,4.0,8.0,1.0,0.0,3,1881.26
268,2017-03-08,2016-17,Man City,Stoke,1,0.0,0.0,12.0,5.0,1.0,2.0,8.0,8.0,1.0,0.0,1,1853.88
268,2017-03-08,2016-17,Stoke,Man City,0,0.0,0.0,5.0,12.0,2.0,1.0,1.0,11.0,3.0,0.0,1,1671.08
269,2017-03-11,2016-17,Bournemouth,West Ham,1,3.0,2.0,21.0,15.0,9.0,7.0,5.0,20.0,4.0,0.0,3,1594.02
269,2017-03-11,2016-17,West Ham,Bournemouth,0,2.0,3.0,15.0,21.0,7.0,9.0,6.0,15.0,2.0,0.0,0,1682.67
270,2017-03-11,2016-17,Everton,West Brom,1,3.0,0.0,16.0,5.0,5.0,2.0,4.0,8.0,1.0,0.0,3,1749.45
270,2017-03-11,2016-17,West Brom,Everton,0,0.0,3.0,5.0,16.0,2.0,5.0,6.0,12.0,2.0,0.0,0,1689.65
271,2017-03-11,2016-17,Hull,Swansea,1,2.0,1.0,15.0,11.0,7.0,3.0,2.0,14.0,3.0,0.0,3,1575.28
271,2017-03-11,2016-17,Swansea,Hull,0,1.0,2.0,11.0,15.0,3.0,7.0,7.0,5.0,1.0,0.0,0,1624.75
272,2017-03-12,2016-17,Liverpool,Burnley,1,2.0,1.0,10.0,11.0,3.0,1.0,11.0,12.0,2.0,0.0,3,1801.24
272,2017-03-12,2016-17,Burnley,Liverpool,0,1.0,2.0,11.0,10.0,1.0,3.0,1.0,16.0,2.0,0.0,0,1642.37
273,2017-03-18,2016-17,Everton,Hull,1,4.0,0.0,14.0,6.0,8.0,0.0,5.0,9.0,2.0,0.0,3,1758.61
273,2017-03-18,2016-17,Hull,Everton,0,0.0,4.0,6.0,14.0,0.0,8.0,8.0,7.0,0.0,1.0,0,1583.18
274,2017-03-18,2016-17,Crystal Palace,Watford,1,1.0,0.0,7.0,6.0,0.0,2.0,3.0,8.0,0.0,0.0,3,1611.19
274,2017-03-18,2016-17,Watford,Crystal Palace,0,0.0,1.0,6.0,7.0,2.0,0.0,2.0,15.0,2.0,0.0,0,1625.29
275,2017-03-18,2016-17,West Brom,Arsenal,1,3.0,1.0,12.0,11.0,8.0,2.0,4.0,5.0,1.0,0.0,3,1669.58
275,2017-03-18,2016-17,Arsenal,West Brom,0,1.0,3.0,11.0,12.0,2.0,8.0,5.0,6.0,0.0,0.0,0,1836.79
276,2017-03-18,2016-17,Bournemouth,Swansea,1,2.0,0.0,12.0,10.0,6.0,1.0,2.0,10.0,0.0,0.0,3,1614.75
276,2017-03-18,2016-17,Swansea,Bournemouth,0,0.0,2.0,10.0,12.0,1.0,6.0,4.0,9.0,2.0,0.0,0,1629.34
277,2017-03-18,2016-17,Sunderland,Burnley,1,0.0,0.0,14.0,17.0,5.0,3.0,3.0,14.0,2.0,0.0,1,1589.72
277,2017-03-18,2016-17,Burnley,Sunderland,0,0.0,0.0,17.0,14.0,3.0,5.0,5.0,7.0,1.0,0.0,1,1638.51
278,2017-03-18,2016-17,West Ham,Leicester,1,2.0,3.0,20.0,11.0,7.0,5.0,6.0,10.0,0.0,0.0,0,1675.54
278,2017-03-18,2016-17,Leicester,West Ham,0,3.0,2.0,11.0,20.0,5.0,7.0,5.0,14.0,1.0,0.0,3,1716.0
279,2017-03-18,2016-17,Stoke,Chelsea,1,1.0,2.0,5.0,20.0,1.0,7.0,5.0,16.0,4.0,1.0,0,1689.41
279,2017-03-18,2016-17,Chelsea,Stoke,0,2.0,1.0,20.0,5.0,7.0,1.0,11.0,11.0,2.0,0.0,3,1891.72
280,2017-03-19,2016-17,Man City,Liverpool,1,1.0,1.0,13.0,13.0,3.0,4.0,9.0,14.0,3.0,0.0,1,1858.33
280,2017-03-19,2016-17,Liverpool,Man City,0,1.0,1.0,13.0,13.0,4.0,3.0,8.0,7.0,3.0,0.0,1,1819.77
281,2017-03-19,2016-17,Middlesbrough,Man United,1,1.0,3.0,10.0,14.0,3.0,6.0,8.0,9.0,1.0,0.0,0,1586.38
281,2017-03-19,2016-17,Man United,Middlesbrough,0,3.0,1.0,14.0,10.0,6.0,3.0,3.0,8.0,1.0,0.0,3,1830.71
282,2017-03-19,2016-17,Tottenham,Southampton,1,2.0,1.0,12.0,8.0,6.0,3.0,5.0,12.0,3.0,0.0,3,1830.75
282,2017-03-19,2016-17,Southampton,Tottenham,0,1.0,2.0,8.0,12.0,3.0,6.0,1.0,13.0,3.0,0.0,0,1709.37
283,2017-04-01,2016-17,Leicester,Stoke,1,2.0,0.0,23.0,10.0,10.0,2.0,10.0,7.0,1.0,0.0,3,1720.99
283,2017-04-01,2016-17,Stoke,Leicester,0,0.0,2.0,10.0,23.0,2.0,10.0,4.0,11.0,4.0,0.0,0,1681.05
284,2017-04-01,2016-17,Burnley,Tottenham,1,0.0,2.0,13.0,19.0,2.0,7.0,3.0,9.0,2.0,0.0,0,1635.49
284,2017-04-01,2016-17,Tottenham,Burnley,0,2.0,0.0,19.0,13.0,7.0,2.0,7.0,6.0,0.0,0.0,3,1830.86
285,2017-04-01,2016-17,Chelsea,Crystal Palace,1,1.0,2.0,24.0,8.0,11.0,3.0,9.0,12.0,3.0,0.0,0,1892.9
285,2017-04-01,2016-17,Crystal Palace,Chelsea,0,2.0,1.0,8.0,24.0,3.0,11.0,3.0,14.0,2.0,0.0,3,1614.2
286,2017-04-01,2016-17,Hull,West Ham,1,2.0,1.0,7.0,12.0,3.0,4.0,5.0,16.0,2.0,0.0,3,1573.99
286,2017-04-01,2016-17,West Ham,Hull,0,1.0,2.0,12.0,7.0,4.0,3.0,5.0,9.0,2.0,0.0,0,1663.36
287,2017-04-01,2016-17,Man United,West Brom,1,0.0,0.0,18.0,3.0,3.0,1.0,6.0,15.0,3.0,0.0,1,1837.49
287,2017-04-01,2016-17,West Brom,Man United,0,0.0,0.0,3.0,18.0,1.0,3.0,1.0,13.0,3.0,0.0,1,1680.72
288,2017-04-01,2016-17,Southampton,Bournemouth,1,0.0,0.0,14.0,12.0,4.0,3.0,6.0,14.0,1.0,0.0,1,1702.08
288,2017-04-01,2016-17,Bournemouth,Southampton,0,0.0,0.0,12.0,14.0,3.0,4.0,3.0,8.0,0.0,0.0,1,1620.27
289,2017-04-01,2016-17,Watford,Sunderland,1,1.0,0.0,23.0,11.0,10.0,3.0,13.0,12.0,1.0,0.0,3,1615.09
289,2017-04-01,2016-17,Sunderland,Watford,0,0.0,1.0,11.0,23.0,3.0,10.0,9.0,8.0,3.0,0.0,0,1585.54
290,2017-04-01,2016-17,Liverpool,Everton,1,3.0,1.0,10.0,9.0,6.0,4.0,2.0,17.0,1.0,0.0,3,1818.8
290,2017-04-01,2016-17,Everton,Liverpool,0,1.0,3.0,9.0,10.0,4.0,6.0,3.0,10.0,3.0,0.0,0,1760.61
291,2017-04-02,2016-17,Arsenal,Man City,1,2.0,2.0,8.0,14.0,3.0,5.0,3.0,8.0,3.0,0.0,1,1818.45
291,2017-04-02,2016-17,Man City,Arsenal,0,2.0,2.0,14.0,8.0,5.0,3.0,8.0,15.0,2.0,0.0,1,1836.25
292,2017-04-02,2016-17,Swansea,Middlesbrough,1,0.0,0.0,15.0,8.0,3.0,1.0,11.0,9.0,2.0,0.0,1,1616.64
292,2017-04-02,2016-17,Middlesbrough,Swansea,0,0.0,0.0,8.0,15.0,1.0,3.0,3.0,16.0,3.0,0.0,1,1577.07
293,2017-04-04,2016-17,Leicester,Sunderland,1,2.0,0.0,19.0,15.0,8.0,3.0,5.0,12.0,0.0,0.0,3,1720.99
293,2017-04-04,2016-17,Sunderland,Leicester,0,0.0,2.0,15.0,19.0,3.0,8.0,6.0,13.0,1.0,0.0,0,1585.54
294,2017-04-04,2016-17,Burnley,Stoke,1,1.0,0.0,7.0,15.0,3.0,2.0,3.0,9.0,3.0,0.0,3,1635.49
294,2017-04-04,2016-17,Stoke,Burnley,0,0.0,1.0,15.0,7.0,2.0,3.0,5.0,16.0,2.0,0.0,0,1681.05
295,2017-04-04,2016-17,Watford,West Brom,1,2.0,0.0,9.0,18.0,2.0,2.0,5.0,11.0,1.0,1.0,3,1615.09
295,2017-04-04,2016-17,West Brom,Watford,0,0.0,2.0,18.0,9.0,2.0,2.0,6.0,14.0,4.0,0.0,0,1680.72
296,2017-04-04,2016-17,Man United,Everton,1,1.0,1.0,18.0,11.0,3.0,4.0,6.0,10.0,1.0,0.0,1,1837.49
296,2017-04-04,2016-17,Everton,Man United,0,1.0,1.0,11.0,18.0,4.0,3.0,5.0,18.0,4.0,1.0,1,1760.61
297,2017-04-05,2016-17,Arsenal,West Ham,1,3.0,0.0,21.0,7.0,8.0,2.0,5.0,11.0,2.0,0.0,3,1818.45
297,2017-04-05,2016-17,West Ham,Arsenal,0,0.0,3.0,7.0,21.0,2.0,8.0,0.0,5.0,2.0,0.0,0,1663.36
298,2017-04-05,2016-17,Chelsea,Man City,1,2.0,1.0,10.0,17.0,4.0,7.0,2.0,10.0,1.0,0.0,3,1892.9
298,2017-04-05,2016-17,Man City,Chelsea,0,1.0,2.0,17.0,10.0,7.0,4.0,9.0,14.0,3.0,0.0,0,1836.25
299,2017-04-05,2016-17,Hull,Middlesbrough,1,4.0,2.0,17.0,12.0,5.0,4.0,8.0,13.0,2.0,0.0,3,1573.99
299,2017-04-05,2016-17,Middlesbrough,Hull,0,2.0,4.0,12.0,17.0,4.0,5.0,4.0,12.0,1.0,0.0,0,1577.07
300,2017-04-05,2016-17,Liverpool,Bournemouth,1,2.0,2.0,20.0,7.0,8.0,2.0,7.0,11.0,1.0,0.0,1,1818.8
300,2017-04-05,2016-17,Bournemouth,Liverpool,0,2.0,2.0,7.0,20.0,2.0,8.0,2.0,8.0,1.0,0.0,1,1620.27
301,2017-04-05,2016-17,Southampton,Crystal Palace,1,3.0,1.0,25.0,17.0,9.0,3.0,11.0,16.0,2.0,0.0,3,1702.08
301,2017-04-05,2016-17,Crystal Palace,Southampton,0,1.0,3.0,17.0,25.0,3.0,9.0,11.0,11.0,1.0,0.0,0,1614.2
302,2017-04-05,2016-17,Swansea,Tottenham,1,1.0,3.0,4.0,18.0,1.0,8.0,5.0,7.0,1.0,0.0,0,1616.64
302,2017-04-05,2016-17,Tottenham,Swansea,0,3.0,1.0,18.0,4.0,8.0,1.0,7.0,8.0,1.0,0.0,3,1830.86
303,2017-04-08,2016-17,Bournemouth,Chelsea,1,1.0,3.0,12.0,15.0,1.0,5.0,4.0,7.0,2.0,0.0,0,1620.27
303,2017-04-08,2016-17,Chelsea,Bournemouth,0,3.0,1.0,15.0,12.0,5.0,1.0,4.0,11.0,3.0,0.0,3,1892.9
304,2017-04-08,2016-17,Man City,Hull,1,3.0,1.0,23.0,6.0,7.0,1.0,7.0,6.0,0.0,0.0,3,1836.25
304,2017-04-08,2016-17,Hull,Man City,0,1.0,3.0,6.0,23.0,1.0,7.0,3.0,8.0,2.0,0.0,0,1573.99
305,2017-04-08,2016-17,Middlesbrough,Burnley,1,0.0,0.0,12.0,7.0,5.0,2.0,4.0,9.0,0.0,0.0,1,1577.07
305,2017-04-08,2016-17,Burnley,Middlesbrough,0,0.0,0.0,7.0,12.0,2.0,5.0,3.0,12.0,3.0,0.0,1,1635.49
306,2017-04-08,2016-17,Stoke,Liverpool,1,1.0,2.0,9.0,14.0,4.0,4.0,5.0,7.0,0.0,0.0,0,1681.05
306,2017-04-08,2016-17,Liverpool,Stoke,0,2.0,1.0,14.0,9.0,4.0,4.0,8.0,11.0,2.0,0.0,3,1818.8
307,2017-04-08,2016-17,Tottenham,Watford,1,4.0,0.0,19.0,8.0,6.0,2.0,7.0,12.0,0.0,0.0,3,1830.86
307,2017-04-08,2016-17,Watford,Tottenham,0,0.0,4.0,8.0,19.0,2.0,6.0,5.0,12.0,1.0,0.0,0,1615.09
308,2017-04-08,2016-17,West Brom,Southampton,1,0.0,1.0,17.0,10.0,6.0,3.0,7.0,12.0,2.0,0.0,0,1680.72
308,2017-04-08,2016-17,Southampton,West Brom,0,1.0,0.0,10.0,17.0,3.0,6.0,3.0,12.0,2.0,0.0,3,1702.08
309,2017-04-08,2016-17,West Ham,Swansea,1,1.0,0.0,14.0,4.0,6.0,1.0,4.0,12.0,5.0,0.0,3,1663.36
309,2017-04-08,2016-17,Swansea,West Ham,0,0.0,1.0,4.0,14.0,1.0,6.0,3.0,12.0,1.0,0.0,0,1616.64
310,2017-04-09,2016-17,Everton,Leicester,1,4.0,2.0,12.0,6.0,7.0,4.0,4.0,8.0,2.0,0.0,3,1760.61
310,2017-04-09,2016-17,Leicester,Everton,0,2.0,4.0,6.0,12.0,4.0,7.0,6.0,15.0,2.0,0.0,0,1720.99
311,2017-04-09,2016-17,Sunderland,Man United,1,0.0,3.0,9.0,18.0,4.0,9.0,4.0,14.0,1.0,1.0,0,1585.54
311,2017-04-09,2016-17,Man United,Sunderland,0,3.0,0.0,18.0,9.0,9.0,4.0,5.0,20.0,5.0,0.0,3,1837.49
312,2017-04-10,2016-17,Crystal Palace,Arsenal,1,3.0,0.0,17.0,11.0,6.0,3.0,5.0,11.0,0.0,0.0,3,1614.2
312,2017-04-10,2016-17,Arsenal,Crystal Palace,0,0.0,3.0,11.0,17.0,3.0,6.0,8.0,10.0,1.0,0.0,0,1818.45
313,2017-04-15,2016-17,Crystal Palace,Leicester,1,2.0,2.0,15.0,6.0,4.0,2.0,8.0,10.0,0.0,0.0,1,1642.02
313,2017-04-15,2016-17,Leicester,Crystal Palace,0,2.0,2.0,6.0,15.0,2.0,4.0,5.0,16.0,2.0,0.0,1,1724.19
314,2017-04-15,2016-17,Everton,Burnley,1,3.0,1.0,29.0,13.0,7.0,6.0,6.0,15.0,2.0,0.0,3,1765.41
314,2017-04-15,2016-17,Burnley,Everton,0,1.0,3.0,13.0,29.0,6.0,7.0,7.0,14.0,0.0,0.0,0,1636.29
315,2017-04-15,2016-17,Southampton,Man City,1,0.0,3.0,8.0,18.0,1.0,5.0,3.0,9.0,3.0,0.0,0,1713.96
315,2017-04-15,2016-17,Man City,Southampton,0,3.0,0.0,18.0,8.0,5.0,1.0,8.0,8.0,0.0,0.0,3,1835.28
316,2017-04-15,2016-17,Stoke,Hull,1,3.0,1.0,14.0,14.0,4.0,3.0,3.0,12.0,0.0,0.0,3,1660.13
316,2017-04-15,2016-17,Hull,Stoke,0,1.0,3.0,14.0,14.0,3.0,4.0,7.0,5.0,2.0,0.0,0,1588.82
317,2017-04-15,2016-17,Sunderland,West Ham,1,2.0,2.0,14.0,7.0,4.0,3.0,8.0,14.0,1.0,0.0,1,1568.5
317,2017-04-15,2016-17,West Ham,Sunderland,0,2.0,2.0,7.0,14.0,3.0,4.0,1.0,10.0,0.0,1.0,1,1655.14
318,2017-04-15,2016-17,Tottenham,Bournemouth,1,4.0,0.0,24.0,5.0,14.0,1.0,13.0,8.0,0.0,0.0,3,1848.49
318,2017-04-15,2016-17,Bournemouth,Tottenham,0,0.0,4.0,5.0,24.0,1.0,14.0,1.0,10.0,1.0,0.0,0,1625.66
319,2017-04-15,2016-17,Watford,Swansea,1,1.0,0.0,15.0,13.0,7.0,4.0,6.0,8.0,0.0,0.0,3,1627.6
319,2017-04-15,2016-17,Swansea,Watford,0,0.0,1.0,13.0,15.0,4.0,7.0,2.0,13.0,0.0,0.0,0,1602.37
320,2017-04-16,2016-17,Man United,Chelsea,1,2.0,0.0,9.0,5.0,3.0,0.0,1.0,16.0,3.0,0.0,3,1836.24
320,2017-04-16,2016-17,Chelsea,Man United,0,0.0,2.0,5.0,9.0,0.0,3.0,3.0,20.0,3.0,0.0,0,1888.05
321,2017-04-16,2016-17,West Brom,Liverpool,1,0.0,1.0,7.0,15.0,2.0,2.0,4.0,15.0,3.0,0.0,0,1665.84
321,2017-04-16,2016-17,Liverpool,West Brom,0,1.0,0.0,15.0,7.0,2.0,2.0,4.0,9.0,1.0,0.0,3,1825.09
322,2017-04-17,2016-17,Middlesbrough,Arsenal,1,1.0,2.0,13.0,12.0,5.0,4.0,2.0,11.0,2.0,0.0,0,1570.97
322,2017-04-17,2016-17,Arsenal,Middlesbrough,0,2.0,1.0,12.0,13.0,4.0,5.0,4.0,16.0,2.0,0.0,3,1802.87
323,2017-04-22,2016-17,Swansea,Stoke,1,2.0,0.0,10.0,9.0,6.0,3.0,11.0,5.0,2.0,0.0,3,1602.37
323,2017-04-22,2016-17,Stoke,Swansea,0,0.0,2.0,9.0,10.0,3.0,6.0,4.0,14.0,2.0,0.0,0,1660.13
324,2017-04-22,2016-17,Hull,Watford,1,2.0,0.0,8.0,13.0,3.0,2.0,4.0,10.0,3.0,1.0,3,1588.82
324,2017-04-22,2016-17,Watford,Hull,0,0.0,2.0,13.0,8.0,2.0,3.0,7.0,11.0,1.0,0.0,0,1627.6
325,2017-04-22,2016-17,West Ham,Everton,1,0.0,0.0,15.0,4.0,3.0,0.0,8.0,9.0,2.0,0.0,1,1655.14
325,2017-04-22,2016-17,Everton,West Ham,0,0.0,0.0,4.0,15.0,0.0,3.0,4.0,15.0,3.0,0.0,1,1765.41
326,2017-04-22,2016-17,Bournemouth,Middlesbrough,1,4.0,0.0,20.0,5.0,10.0,2.0,4.0,4.0,0.0,0.0,3,1625.66
326,2017-04-22,2016-17,Middlesbrough,Bournemouth,0,0.0,4.0,5.0,20.0,2.0,10.0,3.0,14.0,2.0,1.0,0,1570.97
327,2017-04-23,2016-17,Burnley,Man United,1,0.0,2.0,8.0,12.0,0.0,6.0,3.0,17.0,2.0,0.0,0,1636.29
327,2017-04-23,2016-17,Man United,Burnley,0,2.0,0.0,12.0,8.0,6.0,0.0,3.0,16.0,1.0,0.0,3,1836.24
328,2017-04-23,2016-17,Liverpool,Crystal Palace,1,1.0,2.0,14.0,7.0,1.0,3.0,4.0,8.0,1.0,0.0,0,1825.09
328,2017-04-23,2016-17,Crystal Palace,Liverpool,0,2.0,1.0,7.0,14.0,3.0,1.0,3.0,10.0,2.0,0.0,3,1642.02
329,2017-04-25,2016-17,Chelsea,Southampton,1,4.0,2.0,17.0,12.0,7.0,4.0,6.0,13.0,2.0,0.0,3,1888.05
329,2017-04-25,2016-17,Southampton,Chelsea,0,2.0,4.0,12.0,17.0,4.0,7.0,7.0,9.0,2.0,0.0,0,1713.96
330,2017-04-26,2016-17,Arsenal,Leicester,1,1.0,0.0,12.0,7.0,5.0,3.0,12.0,9.0,2.0,0.0,3,1802.87
330,2017-04-26,2016-17,Leicester,Arsenal,0,0.0,1.0,7.0,12.0,3.0,5.0,1.0,13.0,4.0,0.0,0,1724.19
331,2017-04-26,2016-17,Crystal Palace,Tottenham,1,0.0,1.0,6.0,18.0,1.0,4.0,2.0,13.0,3.0,0.0,0,1642.02
331,2017-04-26,2016-17,Tottenham,Crystal Palace,0,1.0,0.0,18.0,6.0,4.0,1.0,11.0,15.0,3.0,0.0,3,1848.49
332,2017-04-26,2016-17,Middlesbrough,Sunderland,1,1.0,0.0,6.0,10.0,2.0,4.0,3.0,15.0,3.0,0.0,3,1570.97
332,2017-04-26,2016-17,Sunderland,Middlesbrough,0,0.0,1.0,10.0,6.0,4.0,2.0,5.0,11.0,3.0,0.0,0,1568.5
333,2017-04-27,2016-17,Man City,Man United,1,0.0,0.0,19.0,3.0,6.0,1.0,7.0,10.0,1.0,0.0,1,1835.28
333,2017-04-27,2016-17,Man United,Man City,0,0.0,0.0,3.0,19.0,1.0,6.0,4.0,8.0,0.0,1.0,1,1836.24
334,2017-04-29,2016-17,Crystal Palace,Burnley,1,0.0,2.0,15.0,9.0,5.0,3.0,14.0,11.0,2.0,0.0,0,1642.02
334,2017-04-29,2016-17,Burnley,Crystal Palace,0,2.0,0.0,9.0,15.0,3.0,5.0,4.0,12.0,0.0,0.0,3,1636.29
335,2017-04-29,2016-17,Southampton,Hull,1,0.0,0.0,11.0,9.0,2.0,1.0,6.0,9.0,0.0,0.0,1,1713.96
335,2017-04-29,2016-17,Hull,Southampton,0,0.0,0.0,9.0,11.0,1.0,2.0,6.0,13.0,3.0,0.0,1,1588.82
336,2017-04-29,2016-17,Stoke,West Ham,1,0.0,0.0,19.0,12.0,4.0,4.0,5.0,12.0,1.0,0.0,1,1660.13
336,2017-04-29,2016-17,West Ham,Stoke,0,0.0,0.0,12.0,19.0,4.0,4.0,3.0,3.0,0.0,0.0,1,1655.14
337,2017-04-29,2016-17,Sunderland,Bournemouth,1,0.0,1.0,17.0,15.0,5.0,7.0,6.0,13.0,3.0,0.0,0,1568.5
337,2017-04-29,2016-17,Bournemouth,Sunderland,0,1.0,0.0,15.0,17.0,7.0,5.0,5.0,9.0,2.0,0.0,3,1625.66
338,2017-04-29,2016-17,West Brom,Leicester,1,0.0,1.0,16.0,6.0,4.0,1.0,5.0,14.0,2.0,0.0,0,1665.84
338,2017-04-29,2016-17,Leicester,West Brom,0,1.0,0.0,6.0,16.0,1.0,4.0,6.0,9.0,2.0,0.0,3,1724.19
339,2017-04-30,2016-17,Everton,Chelsea,1,0.0,3.0,12.0,11.0,4.0,5.0,2.0,13.0,3.0,0.0,0,1765.41
339,2017-04-30,2016-17,Chelsea,Everton,0,3.0,0.0,11.0,12.0,5.0,4.0,4.0,11.0,4.0,0.0,3,1888.05
340,2017-04-30,2016-17,Man United,Swansea,1,1.0,1.0,12.0,12.0,6.0,4.0,5.0,11.0,2.0,0.0,1,1836.24
340,2017-04-30,2016-17,Swansea,Man United,0,1.0,1.0,12.0,12.0,4.0,6.0,2.0,13.0,2.0,0.0,1,1602.37
341,2017-04-30,2016-17,Middlesbrough,Man City,1,2.0,2.0,14.0,22.0,6.0,4.0,4.0,9.0,4.0,0.0,1,1570.97
341,2017-04-30,2016-17,Man City,Middlesbrough,0,2.0,2.0,22.0,14.0,4.0,6.0,11.0,9.0,4.0,0.0,1,1835.28
342,2017-04-30,2016-17,Tottenham,Arsenal,1,2.0,0.0,20.0,12.0,11.0,4.0,14.0,7.0,1.0,0.0,3,1848.49
342,2017-04-30,2016-17,Arsenal,Tottenham,0,0.0,2.0,12.0,20.0,4.0,11.0,5.0,15.0,3.0,0.0,0,1802.87
343,2017-05-01,2016-17,Watford,Liverpool,1,0.0,1.0,9.0,12.0,2.0,8.0,3.0,11.0,3.0,0.0,0,1623.73
343,2017-05-01,2016-17,Liverpool,Watford,0,1.0,0.0,12.0,9.0,8.0,2.0,5.0,9.0,1.0,0.0,3,1817.71
344,2017-05-05,2016-17,West Ham,Tottenham,1,1.0,0.0,13.0,11.0,5.0,5.0,3.0,8.0,4.0,0.0,3,1659.27
344,2017-05-05,2016-17,Tottenham,West Ham,0,0.0,1.0,11.0,13.0,5.0,5.0,7.0,9.0,2.0,0.0,0,1865.51
345,2017-05-06,2016-17,Bournemouth,Stoke,1,2.0,2.0,12.0,14.0,2.0,3.0,0.0,10.0,2.0,0.0,1,1640.7
345,2017-05-06,2016-17,Stoke,Bournemouth,0,2.0,2.0,14.0,12.0,3.0,2.0,7.0,15.0,0.0,0.0,1,1654.06
346,2017-05-06,2016-17,Man City,Crystal Palace,1,5.0,0.0,26.0,5.0,12.0,2.0,9.0,12.0,1.0,0.0,3,1841.05
346,2017-05-06,2016-17,Crystal Palace,Man City,0,0.0,5.0,5.0,26.0,2.0,12.0,3.0,8.0,3.0,0.0,0,1636.2
347,2017-05-06,2016-17,Burnley,West Brom,1,2.0,2.0,14.0,11.0,4.0,3.0,5.0,9.0,1.0,0.0,1,1641.38
347,2017-05-06,2016-17,West Brom,Burnley,0,2.0,2.0,11.0,14.0,3.0,4.0,8.0,14.0,3.0,0.0,1,1652.12
348,2017-05-06,2016-17,Leicester,Watford,1,3.0,0.0,11.0,14.0,5.0,7.0,10.0,8.0,0.0,0.0,3,1728.14
348,2017-05-06,2016-17,Watford,Leicester,0,0.0,3.0,14.0,11.0,7.0,5.0,1.0,10.0,0.0,0.0,0,1623.73
349,2017-05-06,2016-17,Hull,Sunderland,1,0.0,2.0,16.0,12.0,6.0,5.0,7.0,10.0,3.0,0.0,0,1598.54
349,2017-05-06,2016-17,Sunderland,Hull,0,2.0,0.0,12.0,16.0,5.0,6.0,4.0,8.0,1.0,0.0,3,1554.9
350,2017-05-06,2016-17,Swansea,Everton,1,1.0,0.0,9.0,8.0,4.0,2.0,9.0,5.0,0.0,0.0,3,1616.38
350,2017-05-06,2016-17,Everton,Swansea,0,0.0,1.0,8.0,9.0,2.0,4.0,5.0,13.0,0.0,0.0,0,1757.71
351,2017-05-07,2016-17,Arsenal,Man United,1,2.0,0.0,9.0,10.0,4.0,4.0,5.0,14.0,1.0,0.0,3,1805.3
351,2017-05-07,2016-17,Man United,Arsenal,0,0.0,2.0,10.0,9.0,4.0,4.0,9.0,10.0,0.0,0.0,0,1853.59
352,2017-05-07,2016-17,Liverpool,Southampton,1,0.0,0.0,17.0,4.0,8.0,0.0,3.0,9.0,1.0,0.0,1,1817.71
352,2017-05-07,2016-17,Southampton,Liverpool,0,0.0,0.0,4.0,17.0,0.0,8.0,6.0,4.0,3.0,0.0,1,1694.13
353,2017-05-08,2016-17,Chelsea,Middlesbrough,1,3.0,0.0,21.0,2.0,7.0,1.0,8.0,8.0,0.0,0.0,3,1894.75
353,2017-05-08,2016-17,Middlesbrough,Chelsea,0,0.0,3.0,2.0,21.0,1.0,7.0,1.0,21.0,2.0,0.0,0,1569.34
354,2017-05-10,2016-17,Southampton,Arsenal,1,0.0,2.0,14.0,11.0,3.0,4.0,8.0,5.0,1.0,0.0,0,1694.13
354,2017-05-10,2016-17,Arsenal,Southampton,0,2.0,0.0,11.0,14.0,4.0,3.0,5.0,5.0,2.0,0.0,3,1805.3
355,2017-05-12,2016-17,Everton,Watford,1,1.0,0.0,15.0,14.0,6.0,2.0,9.0,7.0,0.0,0.0,3,1757.71
355,2017-05-12,2016-17,Watford,Everton,0,0.0,1.0,14.0,15.0,2.0,6.0,8.0,11.0,3.0,0.0,0,1623.73
356,2017-05-12,2016-17,West Brom,Chelsea,1,0.0,1.0,7.0,24.0,2.0,5.0,5.0,13.0,3.0,0.0,0,1652.12
356,2017-05-12,2016-17,Chelsea,West Brom,0,1.0,0.0,24.0,7.0,5.0,2.0,8.0,8.0,0.0,0.0,3,1894.75
357,2017-05-13,2016-17,Bournemouth,Burnley,1,2.0,1.0,18.0,14.0,6.0,3.0,7.0,6.0,0.0,0.0,3,1640.7
357,2017-05-13,2016-17,Burnley,Bournemouth,0,1.0,2.0,14.0,18.0,3.0,6.0,1.0,11.0,1.0,0.0,0,1641.38
358,2017-05-13,2016-17,Man City,Leicester,1,2.0,1.0,17.0,9.0,5.0,4.0,9.0,12.0,3.0,0.0,3,1841.05
358,2017-05-13,2016-17,Leicester,Man City,0,1.0,2.0,9.0,17.0,4.0,5.0,3.0,16.0,3.0,0.0,0,1728.14
359,2017-05-13,2016-17,Middlesbrough,Southampton,1,1.0,2.0,14.0,14.0,3.0,4.0,6.0,19.0,3.0,0.0,0,1569.34
359,2017-05-13,2016-17,Southampton,Middlesbrough,0,2.0,1.0,14.0,14.0,4.0,3.0,3.0,11.0,0.0,0.0,3,1694.13
360,2017-05-13,2016-17,Stoke,Arsenal,1,1.0,4.0,10.0,10.0,4.0,6.0,7.0,13.0,1.0,0.0,0,1654.06
360,2017-05-13,2016-17,Arsenal,Stoke,0,4.0,1.0,10.0,10.0,6.0,4.0,6.0,7.0,2.0,0.0,3,1805.3
361,2017-05-13,2016-17,Sunderland,Swansea,1,0.0,2.0,13.0,3.0,4.0,3.0,8.0,13.0,4.0,0.0,0,1554.9
361,2017-05-13,2016-17,Swansea,Sunderland,0,2.0,0.0,3.0,13.0,3.0,4.0,4.0,6.0,0.0,0.0,3,1616.38
362,2017-05-14,2016-17,Crystal Palace,Hull,1,4.0,0.0,12.0,9.0,4.0,0.0,3.0,13.0,3.0,0.0,3,1636.2
362,2017-05-14,2016-17,Hull,Crystal Palace,0,0.0,4.0,9.0,12.0,0.0,4.0,7.0,14.0,5.0,0.0,0,1598.54
363,2017-05-14,2016-17,Tottenham,Man United,1,2.0,1.0,14.0,8.0,7.0,2.0,8.0,14.0,1.0,0.0,3,1865.51
363,2017-05-14,2016-17,Man United,Tottenham,0,1.0,2.0,8.0,14.0,2.0,7.0,3.0,15.0,2.0,0.0,0,1853.59
364,2017-05-14,2016-17,West Ham,Liverpool,1,0.0,4.0,10.0,26.0,3.0,11.0,4.0,5.0,2.0,0.0,0,1659.27
364,2017-05-14,2016-17,Liverpool,West Ham,0,4.0,0.0,26.0,10.0,11.0,3.0,6.0,10.0,0.0,0.0,3,1817.71
365,2017-05-15,2016-17,Chelsea,Watford,1,4.0,3.0,24.0,9.0,9.0,3.0,8.0,7.0,2.0,0.0,3,1902.82
365,2017-05-15,2016-17,Watford,Chelsea,0,3.0,4.0,9.0,24.0,3.0,9.0,3.0,12.0,4.0,1.0,0,1610.79
366,2017-05-16,2016-17,Arsenal,Sunderland,1,2.0,0.0,36.0,6.0,13.0,2.0,17.0,15.0,4.0,0.0,3,1837.19
366,2017-05-16,2016-17,Sunderland,Arsenal,0,0.0,2.0,6.0,36.0,2.0,13.0,3.0,10.0,2.0,0.0,0,1560.65
367,2017-05-16,2016-17,Man City,West Brom,1,3.0,1.0,21.0,5.0,10.0,2.0,7.0,8.0,1.0,0.0,3,1851.57
367,2017-05-16,2016-17,West Brom,Man City,0,1.0,3.0,5.0,21.0,2.0,10.0,1.0,11.0,2.0,0.0,0,1651.82
368,2017-05-17,2016-17,Southampton,Man United,1,0.0,0.0,17.0,11.0,6.0,1.0,7.0,7.0,2.0,0.0,1,1698.48
368,2017-05-17,2016-17,Man United,Southampton,0,0.0,0.0,11.0,17.0,1.0,6.0,3.0,10.0,1.0,0.0,1,1844.77
369,2017-05-18,2016-17,Leicester,Tottenham,1,1.0,6.0,12.0,26.0,5.0,12.0,4.0,11.0,3.0,0.0,0,1732.78
369,2017-05-18,2016-17,Tottenham,Leicester,0,6.0,1.0,26.0,12.0,12.0,5.0,4.0,8.0,1.0,0.0,3,1862.23
370,2017-05-21,2016-17,Arsenal,Everton,1,3.0,1.0,17.0,22.0,9.0,7.0,4.0,10.0,2.0,1.0,3,1837.19
370,2017-05-21,2016-17,Everton,Arsenal,0,1.0,3.0,22.0,17.0,7.0,9.0,6.0,15.0,4.0,0.0,0,1753.27
371,2017-05-21,2016-17,Burnley,West Ham,1,1.0,2.0,9.0,14.0,1.0,4.0,2.0,11.0,2.0,0.0,0,1635.23
371,2017-05-21,2016-17,West Ham,Burnley,0,2.0,1.0,14.0,9.0,4.0,1.0,5.0,14.0,2.0,0.0,3,1660.15
372,2017-05-21,2016-17,Chelsea,Sunderland,1,5.0,1.0,28.0,7.0,8.0,3.0,11.0,8.0,1.0,0.0,3,1902.82
372,2017-05-21,2016-17,Sunderland,Chelsea,0,1.0,5.0,7.0,28.0,3.0,8.0,1.0,15.0,1.0,0.0,0,1560.65
373,2017-05-21,2016-17,Hull,Tottenham,1,1.0,7.0,10.0,19.0,4.0,14.0,2.0,14.0,0.0,0.0,0,1574.22
373,2017-05-21,2016-17,Tottenham,Hull,0,7.0,1.0,19.0,10.0,14.0,4.0,3.0,5.0,0.0,0.0,3,1862.23
374,2017-05-21,2016-17,Leicester,Bournemouth,1,1.0,1.0,21.0,10.0,5.0,4.0,9.0,11.0,4.0,0.0,1,1732.78
374,2017-05-21,2016-17,Bournemouth,Leicester,0,1.0,1.0,10.0,21.0,4.0,5.0,1.0,10.0,1.0,0.0,1,1646.69
375,2017-05-21,2016-17,Liverpool,Middlesbrough,1,3.0,0.0,25.0,9.0,10.0,3.0,3.0,13.0,0.0,0.0,3,1831.47
375,2017-05-21,2016-17,Middlesbrough,Liverpool,0,0.0,3.0,9.0,25.0,3.0,10.0,3.0,8.0,1.0,0.0,0,1562.03
376,2017-05-21,2016-17,Man United,Crystal Palace,1,2.0,0.0,9.0,6.0,2.0,1.0,3.0,16.0,2.0,0.0,3,1844.77
376,2017-05-21,2016-17,Crystal Palace,Man United,0,0.0,2.0,6.0,9.0,1.0,2.0,6.0,10.0,0.0,0.0,0,1643.24
377,2017-05-21,2016-17,Southampton,Stoke,1,0.0,1.0,14.0,14.0,6.0,3.0,4.0,12.0,2.0,0.0,0,1698.48
377,2017-05-21,2016-17,Stoke,Southampton,0,1.0,0.0,14.0,14.0,3.0,6.0,10.0,10.0,4.0,0.0,3,1648.08
378,2017-05-21,2016-17,Swansea,West Brom,1,2.0,1.0,12.0,16.0,2.0,5.0,7.0,8.0,1.0,0.0,3,1639.89
378,2017-05-21,2016-17,West Brom,Swansea,0,1.0,2.0,16.0,12.0,5.0,2.0,4.0,10.0,1.0,0.0,0,1651.82
379,2017-05-21,2016-17,Watford,Man City,1,0.0,5.0,6.0,15.0,3.0,9.0,4.0,12.0,1.0,0.0,0,1610.79
379,2017-05-21,2016-17,Man City,Watford,0,5.0,0.0,15.0,6.0,9.0,3.0,5.0,10.0,0.0,0.0,3,1851.57
380,2017-08-11,2017-18,Arsenal,Leicester,1,4.0,3.0,27.0,6.0,10.0,3.0,9.0,9.0,0.0,0.0,3,1847.96
380,2017-08-11,2017-18,Leicester,Arsenal,0,3.0,4.0,6.0,27.0,3.0,10.0,4.0,12.0,1.0,0.0,0,1716.67
381,2017-08-12,2017-18,Everton,Stoke,1,1.0,0.0,9.0,9.0,4.0,1.0,6.0,13.0,1.0,0.0,3,1750.22
381,2017-08-12,2017-18,Stoke,Everton,0,0.0,1.0,9.0,9.0,1.0,4.0,7.0,10.0,1.0,0.0,0,1662.29
382,2017-08-12,2017-18,Brighton,Man City,1,0.0,2.0,6.0,14.0,2.0,4.0,3.0,6.0,0.0,0.0,0,1583.48
382,2017-08-12,2017-18,Man City,Brighton,0,2.0,0.0,14.0,6.0,4.0,2.0,10.0,9.0,2.0,0.0,3,1866.48
383,2017-08-12,2017-18,Chelsea,Burnley,1,2.0,3.0,19.0,10.0,6.0,5.0,8.0,16.0,3.0,2.0,0,1909.08
383,2017-08-12,2017-18,Burnley,Chelsea,0,3.0,2.0,10.0,19.0,5.0,6.0,5.0,11.0,3.0,0.0,3,1628.67
384,2017-08-12,2017-18,Southampton,Swansea,1,0.0,0.0,29.0,4.0,2.0,0.0,13.0,10.0,2.0,0.0,1,1691.74
384,2017-08-12,2017-18,Swansea,Southampton,0,0.0,0.0,4.0,29.0,0.0,2.0,0.0,13.0,1.0,0.0,1,1649.05
385,2017-08-12,2017-18,Watford,Liverpool,1,3.0,3.0,9.0,14.0,4.0,5.0,3.0,14.0,0.0,0.0,1,1603.35
385,2017-08-12,2017-18,Liverpool,Watford,0,3.0,3.0,14.0,9.0,5.0,4.0,3.0,8.0,3.0,0.0,1,1837.09
386,2017-08-12,2017-18,West Brom,Bournemouth,1,1.0,0.0,16.0,9.0,6.0,2.0,8.0,15.0,3.0,0.0,3,1644.81
386,2017-08-12,2017-18,Bournemouth,West Brom,0,0.0,1.0,9.0,16.0,2.0,6.0,2.0,3.0,1.0,0.0,0,1653.44
387,2017-08-12,2017-18,Crystal Palace,Huddersfield,1,0.0,3.0,14.0,8.0,4.0,6.0,12.0,7.0,1.0,0.0,0,1642.54
387,2017-08-12,2017-18,Huddersfield,Crystal Palace,0,3.0,0.0,8.0,14.0,6.0,4.0,9.0,19.0,3.0,0.0,3,1475.48
388,2017-08-13,2017-18,Man United,West Ham,1,4.0,0.0,22.0,9.0,6.0,1.0,11.0,19.0,2.0,0.0,3,1857.48
388,2017-08-13,2017-18,West Ham,Man United,0,0.0,4.0,9.0,22.0,1.0,6.0,1.0,7.0,2.0,0.0,0,1672.23
389,2017-08-13,2017-18,Newcastle,Tottenham,1,0.0,2.0,6.0,18.0,3.0,6.0,5.0,6.0,1.0,1.0,0,1622.86
389,2017-08-13,2017-18,Tottenham,Newcastle,0,2.0,0.0,18.0,6.0,6.0,3.0,7.0,10.0,2.0,0.0,3,1887.19
390,2017-08-19,2017-18,Bournemouth,Watford,1,0.0,2.0,6.0,19.0,2.0,7.0,8.0,6.0,1.0,0.0,0,1647.5
390,2017-08-19,2017-18,Watford,Bournemouth,0,2.0,0.0,19.0,6.0,7.0,2.0,5.0,14.0,3.0,0.0,3,1607.9
391,2017-08-19,2017-18,Burnley,West Brom,1,0.0,1.0,20.0,8.0,0.0,1.0,5.0,11.0,1.0,0.0,0,1644.61
391,2017-08-19,2017-18,West Brom,Burnley,0,1.0,0.0,8.0,20.0,1.0,0.0,5.0,11.0,0.0,1.0,3,1651.39
392,2017-08-19,2017-18,Leicester,Brighton,1,2.0,0.0,14.0,5.0,4.0,2.0,6.0,8.0,1.0,0.0,3,1713.68
392,2017-08-19,2017-18,Brighton,Leicester,0,0.0,2.0,5.0,14.0,2.0,4.0,2.0,10.0,0.0,0.0,0,1579.08
393,2017-08-19,2017-18,Liverpool,Crystal Palace,1,1.0,0.0,23.0,4.0,13.0,1.0,4.0,12.0,1.0,0.0,3,1833.19
393,2017-08-19,2017-18,Crystal Palace,Liverpool,0,0.0,1.0,4.0,23.0,1.0,13.0,2.0,13.0,3.0,0.0,0,1618.87
394,2017-08-19,2017-18,Southampton,West Ham,1,3.0,2.0,14.0,16.0,5.0,8.0,7.0,18.0,1.0,0.0,3,1688.75
394,2017-08-19,2017-18,West Ham,Southampton,0,2.0,3.0,16.0,14.0,8.0,5.0,2.0,10.0,1.0,1.0,0,1667.23
395,2017-08-19,2017-18,Stoke,Arsenal,1,1.0,0.0,11.0,18.0,4.0,6.0,2.0,6.0,0.0,0.0,3,1658.45
395,2017-08-19,2017-18,Arsenal,Stoke,0,0.0,1.0,18.0,11.0,6.0,4.0,9.0,11.0,0.0,0.0,0,1851.6
396,2017-08-19,2017-18,Swansea,Man United,1,0.0,4.0,6.0,17.0,1.0,8.0,3.0,12.0,1.0,0.0,0,1652.69
396,2017-08-19,2017-18,Man United,Swansea,0,4.0,0.0,17.0,6.0,8.0,1.0,5.0,11.0,1.0,0.0,3,1863.12
397,2017-08-20,2017-18,Huddersfield,Newcastle,1,1.0,0.0,7.0,13.0,3.0,5.0,7.0,13.0,3.0,0.0,3,1499.79
397,2017-08-20,2017-18,Newcastle,Huddersfield,0,0.0,1.0,13.0,7.0,5.0,3.0,3.0,10.0,4.0,0.0,0,1618.11
398,2017-08-20,2017-18,Tottenham,Chelsea,1,1.0,2.0,18.0,9.0,6.0,2.0,14.0,14.0,3.0,0.0,0,1892.58
398,2017-08-20,2017-18,Chelsea,Tottenham,0,2.0,1.0,9.0,18.0,2.0,6.0,3.0,21.0,3.0,0.0,3,1893.78
399,2017-08-21,2017-18,Man City,Everton,1,1.0,1.0,19.0,7.0,6.0,2.0,7.0,7.0,1.0,1.0,1,1871.53
399,2017-08-21,2017-18,Everton,Man City,0,1.0,1.0,7.0,19.0,2.0,6.0,1.0,9.0,2.0,1.0,1,1755.67
400,2017-08-26,2017-18,Bournemouth,Man City,1,1.0,2.0,9.0,19.0,3.0,8.0,2.0,13.0,5.0,0.0,0,1647.5
400,2017-08-26,2017-18,Man City,Bournemouth,0,2.0,1.0,19.0,9.0,8.0,3.0,5.0,14.0,4.0,1.0,3,1871.53
401,2017-08-26,2017-18,Crystal Palace,Swansea,1,0.0,2.0,16.0,7.0,3.0,3.0,1.0,9.0,4.0,0.0,0,1618.87
401,2017-08-26,2017-18,Swansea,Crystal Palace,0,2.0,0.0,7.0,16.0,3.0,3.0,1.0,6.0,1.0,0.0,3,1652.69
402,2017-08-26,2017-18,Huddersfield,Southampton,1,0.0,0.0,16.0,6.0,6.0,3.0,5.0,10.0,0.0,0.0,1,1499.79
402,2017-08-26,2017-18,Southampton,Huddersfield,0,0.0,0.0,6.0,16.0,3.0,6.0,4.0,10.0,1.0,0.0,1,1688.75
403,2017-08-26,2017-18,Man United,Leicester,1,2.0,0.0,22.0,11.0,7.0,4.0,9.0,8.0,1.0,0.0,3,1863.12
403,2017-08-26,2017-18,Leicester,Man United,0,0.0,2.0,11.0,22.0,4.0,7.0,3.0,7.0,2.0,0.0,0,1713.68
404,2017-08-26,2017-18,Newcastle,West Ham,1,3.0,0.0,16.0,8.0,8.0,3.0,7.0,17.0,1.0,0.0,3,1618.11
404,2017-08-26,2017-18,West Ham,Newcastle,0,0.0,3.0,8.0,16.0,3.0,8.0,5.0,11.0,3.0,0.0,0,1667.23
405,2017-08-26,2017-18,Watford,Brighton,1,0.0,0.0,8.0,16.0,0.0,2.0,3.0,7.0,0.0,1.0,1,1607.9
405,2017-08-26,2017-18,Brighton,Watford,0,0.0,0.0,16.0,8.0,2.0,0.0,11.0,18.0,1.0,0.0,1,1579.08
406,2017-08-27,2017-18,Chelsea,Everton,1,2.0,0.0,18.0,7.0,7.0,0.0,6.0,12.0,2.0,0.0,3,1893.78
406,2017-08-27,2017-18,Everton,Chelsea,0,0.0,2.0,7.0,18.0,0.0,7.0,3.0,7.0,2.0,0.0,0,1755.67
407,2017-08-27,2017-18,Liverpool,Arsenal,1,4.0,0.0,18.0,8.0,10.0,0.0,4.0,6.0,2.0,0.0,3,1833.19
407,2017-08-27,2017-18,Arsenal,Liverpool,0,0.0,4.0,8.0,18.0,0.0,10.0,3.0,9.0,4.0,0.0,0,1851.6
408,2017-08-27,2017-18,Tottenham,Burnley,1,1.0,1.0,28.0,13.0,5.0,3.0,10.0,9.0,0.0,0.0,1,1892.58
408,2017-08-27,2017-18,Burnley,Tottenham,0,1.0,1.0,13.0,28.0,3.0,5.0,7.0,9.0,0.0,0.0,1,1644.61
409,2017-08-27,2017-18,West Brom,Stoke,1,1.0,1.0,10.0,16.0,2.0,2.0,10.0,10.0,2.0,0.0,1,1651.39
409,2017-08-27,2017-18,Stoke,West Brom,0,1.0,1.0,16.0,10.0,2.0,2.0,4.0,9.0,2.0,0.0,1,1658.45
410,2017-09-09,2017-18,Brighton,West Brom,1,3.0,1.0,12.0,12.0,6.0,3.0,2.0,9.0,2.0,0.0,3,1583.24
410,2017-09-09,2017-18,West Brom,Brighton,0,1.0,3.0,12.0,12.0,3.0,6.0,6.0,4.0,0.0,0.0,0,1664.93
411,2017-09-09,2017-18,Arsenal,Bournemouth,1,3.0,0.0,17.0,7.0,9.0,2.0,10.0,14.0,0.0,0.0,3,1834.61
411,2017-09-09,2017-18,Bournemouth,Arsenal,0,0.0,3.0,7.0,17.0,2.0,9.0,3.0,10.0,1.0,0.0,0,1633.6
412,2017-09-09,2017-18,Everton,Tottenham,1,0.0,3.0,12.0,15.0,1.0,6.0,7.0,14.0,3.0,0.0,0,1765.9
412,2017-09-09,2017-18,Tottenham,Everton,0,3.0,0.0,15.0,12.0,6.0,1.0,3.0,14.0,1.0,0.0,3,1881.32
413,2017-09-09,2017-18,Leicester,Chelsea,1,1.0,2.0,8.0,16.0,2.0,6.0,2.0,11.0,1.0,0.0,0,1719.74
413,2017-09-09,2017-18,Chelsea,Leicester,0,2.0,1.0,16.0,8.0,6.0,2.0,9.0,8.0,0.0,0.0,3,1913.67
414,2017-09-09,2017-18,Man City,Liverpool,1,5.0,0.0,13.0,10.0,7.0,3.0,8.0,10.0,2.0,0.0,3,1876.28
414,2017-09-09,2017-18,Liverpool,Man City,0,0.0,5.0,10.0,13.0,3.0,7.0,3.0,9.0,2.0,1.0,0,1864.92
415,2017-09-09,2017-18,Stoke,Man United,1,2.0,2.0,10.0,18.0,5.0,8.0,5.0,10.0,0.0,0.0,1,1677.01
415,2017-09-09,2017-18,Man United,Stoke,0,2.0,2.0,18.0,10.0,8.0,5.0,11.0,10.0,0.0,0.0,1,1882.75
416,2017-09-09,2017-18,Southampton,Watford,1,0.0,2.0,9.0,12.0,1.0,3.0,7.0,8.0,0.0,0.0,0,1696.97
416,2017-09-09,2017-18,Watford,Southampton,0,2.0,0.0,12.0,9.0,3.0,1.0,4.0,11.0,0.0,0.0,3,1625.73
417,2017-09-10,2017-18,Burnley,Crystal Palace,1,1.0,0.0,4.0,23.0,2.0,5.0,3.0,7.0,1.0,0.0,3,1647.77
417,2017-09-10,2017-18,Crystal Palace,Burnley,0,0.0,1.0,23.0,4.0,5.0,2.0,13.0,14.0,1.0,0.0,0,1609.45
418,2017-09-10,2017-18,Swansea,Newcastle,1,0.0,1.0,10.0,16.0,4.0,8.0,7.0,11.0,2.0,0.0,0,1661.72
418,2017-09-10,2017-18,Newcastle,Swansea,0,1.0,0.0,16.0,10.0,8.0,4.0,5.0,15.0,3.0,0.0,3,1627.33
419,2017-09-11,2017-18,West Ham,Huddersfield,1,2.0,0.0,19.0,10.0,3.0,2.0,10.0,11.0,1.0,0.0,3,1654.33
419,2017-09-11,2017-18,Huddersfield,West Ham,0,0.0,2.0,10.0,19.0,2.0,3.0,3.0,14.0,2.0,0.0,0,1517.81
420,2017-09-15,2017-18,Bournemouth,Brighton,1,2.0,1.0,15.0,9.0,3.0,2.0,6.0,5.0,0.0,0.0,3,1631.95
420,2017-09-15,2017-18,Brighton,Bournemouth,0,1.0,2.0,9.0,15.0,2.0,3.0,4.0,12.0,0.0,0.0,0,1597.35
421,2017-09-16,2017-18,Crystal Palace,Southampton,1,0.0,1.0,14.0,13.0,3.0,4.0,5.0,14.0,5.0,0.0,0,1606.33
421,2017-09-16,2017-18,Southampton,Crystal Palace,0,1.0,0.0,13.0,14.0,4.0,3.0,5.0,13.0,1.0,0.0,3,1682.36
422,2017-09-16,2017-18,Huddersfield,Leicester,1,1.0,1.0,15.0,10.0,3.0,1.0,8.0,6.0,1.0,0.0,1,1515.37
422,2017-09-16,2017-18,Leicester,Huddersfield,0,1.0,1.0,10.0,15.0,1.0,3.0,4.0,6.0,1.0,0.0,1,1717.02
423,2017-09-16,2017-18,Liverpool,Burnley,1,1.0,1.0,35.0,5.0,9.0,4.0,12.0,7.0,1.0,0.0,1,1850.94
423,2017-09-16,2017-18,Burnley,Liverpool,0,1.0,1.0,5.0,35.0,4.0,9.0,2.0,9.0,2.0,0.0,1,1655.42
424,2017-09-16,2017-18,Newcastle,Stoke,1,2.0,1.0,14.0,13.0,3.0,4.0,7.0,13.0,3.0,0.0,3,1640.66
424,2017-09-16,2017-18,Stoke,Newcastle,0,1.0,2.0,13.0,14.0,4.0,3.0,5.0,11.0,1.0,0.0,0,1682.85
425,2017-09-16,2017-18,Tottenham,Swansea,1,0.0,0.0,26.0,4.0,8.0,0.0,11.0,11.0,1.0,0.0,1,1902.21
425,2017-09-16,2017-18,Swansea,Tottenham,0,0.0,0.0,4.0,26.0,0.0,8.0,1.0,9.0,3.0,0.0,1,1652.92
426,2017-09-16,2017-18,Watford,Man City,1,0.0,6.0,7.0,28.0,1.0,10.0,3.0,8.0,2.0,0.0,0,1644.88
426,2017-09-16,2017-18,Man City,Watford,0,6.0,0.0,28.0,7.0,10.0,1.0,11.0,6.0,0.0,0.0,3,1899.49
427,2017-09-16,2017-18,West Brom,West Ham,1,0.0,0.0,6.0,9.0,1.0,1.0,2.0,15.0,2.0,0.0,1,1655.36
427,2017-09-16,2017-18,West Ham,West Brom,0,0.0,0.0,9.0,6.0,1.0,1.0,3.0,7.0,2.0,0.0,1,1661.3
428,2017-09-17,2017-18,Chelsea,Arsenal,1,0.0,0.0,13.0,11.0,4.0,2.0,5.0,11.0,1.0,1.0,1,1922.44
428,2017-09-17,2017-18,Arsenal,Chelsea,0,0.0,0.0,11.0,13.0,2.0,4.0,1.0,15.0,3.0,0.0,1,1843.91
429,2017-09-17,2017-18,Man United,Everton,1,4.0,0.0,16.0,7.0,7.0,3.0,4.0,15.0,1.0,0.0,3,1884.01
429,2017-09-17,2017-18,Everton,Man United,0,0.0,4.0,7.0,16.0,3.0,7.0,1.0,14.0,1.0,0.0,0,1744.38
430,2017-09-23,2017-18,Burnley,Huddersfield,1,0.0,0.0,5.0,9.0,3.0,2.0,3.0,9.0,3.0,0.0,1,1655.42
430,2017-09-23,2017-18,Huddersfield,Burnley,0,0.0,0.0,9.0,5.0,2.0,3.0,4.0,13.0,2.0,0.0,1,1515.37
431,2017-09-23,2017-18,Everton,Bournemouth,1,2.0,1.0,12.0,8.0,4.0,4.0,4.0,12.0,3.0,0.0,3,1744.38
431,2017-09-23,2017-18,Bournemouth,Everton,0,1.0,2.0,8.0,12.0,4.0,4.0,6.0,11.0,1.0,0.0,0,1631.95
432,2017-09-23,2017-18,Leicester,Liverpool,1,2.0,3.0,12.0,23.0,7.0,6.0,3.0,13.0,3.0,0.0,0,1717.02
432,2017-09-23,2017-18,Liverpool,Leicester,0,3.0,2.0,23.0,12.0,6.0,7.0,6.0,14.0,3.0,0.0,3,1850.94
433,2017-09-23,2017-18,Man City,Crystal Palace,1,5.0,0.0,25.0,5.0,9.0,0.0,8.0,6.0,3.0,0.0,3,1899.49
433,2017-09-23,2017-18,Crystal Palace,Man City,0,0.0,5.0,5.0,25.0,0.0,9.0,2.0,7.0,1.0,0.0,0,1606.33
434,2017-09-23,2017-18,Southampton,Man United,1,0.0,1.0,14.0,9.0,4.0,4.0,8.0,12.0,1.0,0.0,0,1682.36
434,2017-09-23,2017-18,Man United,Southampton,0,1.0,0.0,9.0,14.0,4.0,4.0,4.0,9.0,4.0,0.0,3,1884.01
435,2017-09-23,2017-18,Stoke,Chelsea,1,0.0,4.0,13.0,7.0,2.0,4.0,5.0,5.0,2.0,0.0,0,1682.85
435,2017-09-23,2017-18,Chelsea,Stoke,0,4.0,0.0,7.0,13.0,4.0,2.0,0.0,14.0,2.0,0.0,3,1922.44
436,2017-09-23,2017-18,Swansea,Watford,1,1.0,2.0,10.0,8.0,3.0,4.0,5.0,9.0,1.0,0.0,0,1652.92
436,2017-09-23,2017-18,Watford,Swansea,0,2.0,1.0,8.0,10.0,4.0,3.0,4.0,16.0,3.0,0.0,3,1644.88
437,2017-09-23,2017-18,West Ham,Tottenham,1,2.0,3.0,10.0,15.0,4.0,5.0,4.0,10.0,4.0,0.0,0,1661.3
437,2017-09-23,2017-18,Tottenham,West Ham,0,3.0,2.0,15.0,10.0,5.0,4.0,3.0,20.0,2.0,1.0,3,1902.21
438,2017-09-24,2017-18,Brighton,Newcastle,1,1.0,0.0,7.0,17.0,3.0,5.0,2.0,6.0,2.0,0.0,3,1597.35
438,2017-09-24,2017-18,Newcastle,Brighton,0,0.0,1.0,17.0,7.0,5.0,3.0,8.0,8.0,1.0,0.0,0,1640.66
439,2017-09-25,2017-18,Arsenal,West Brom,1,2.0,0.0,16.0,7.0,6.0,3.0,7.0,8.0,1.0,0.0,3,1843.91
439,2017-09-25,2017-18,West Brom,Arsenal,0,0.0,2.0,7.0,16.0,3.0,6.0,4.0,17.0,4.0,0.0,0,1655.36
440,2017-09-30,2017-18,Bournemouth,Leicester,1,0.0,0.0,19.0,8.0,4.0,1.0,7.0,6.0,1.0,0.0,1,1631.95
440,2017-09-30,2017-18,Leicester,Bournemouth,0,0.0,0.0,8.0,19.0,1.0,4.0,5.0,10.0,0.0,0.0,1,1717.02
441,2017-09-30,2017-18,Chelsea,Man City,1,0.0,1.0,4.0,17.0,2.0,6.0,4.0,8.0,0.0,0.0,0,1922.44
441,2017-09-30,2017-18,Man City,Chelsea,0,1.0,0.0,17.0,4.0,6.0,2.0,8.0,13.0,2.0,0.0,3,1899.49
442,2017-09-30,2017-18,Huddersfield,Tottenham,1,0.0,4.0,6.0,14.0,1.0,7.0,4.0,7.0,1.0,0.0,0,1515.37
442,2017-09-30,2017-18,Tottenham,Huddersfield,0,4.0,0.0,14.0,6.0,7.0,1.0,7.0,4.0,1.0,0.0,3,1902.21
443,2017-09-30,2017-18,Man United,Crystal Palace,1,4.0,0.0,18.0,6.0,7.0,1.0,6.0,6.0,0.0,0.0,3,1884.01
443,2017-09-30,2017-18,Crystal Palace,Man United,0,0.0,4.0,6.0,18.0,1.0,7.0,5.0,9.0,0.0,0.0,0,1606.33
444,2017-09-30,2017-18,Stoke,Southampton,1,2.0,1.0,17.0,21.0,6.0,3.0,5.0,11.0,1.0,0.0,3,1682.85
444,2017-09-30,2017-18,Southampton,Stoke,0,1.0,2.0,21.0,17.0,3.0,6.0,6.0,10.0,2.0,0.0,0,1682.36
445,2017-09-30,2017-18,West Brom,Watford,1,2.0,2.0,9.0,15.0,4.0,3.0,7.0,12.0,3.0,0.0,1,1655.36
445,2017-09-30,2017-18,Watford,West Brom,0,2.0,2.0,15.0,9.0,3.0,4.0,6.0,11.0,0.0,0.0,1,1644.88
446,2017-09-30,2017-18,West Ham,Swansea,1,1.0,0.0,9.0,6.0,4.0,1.0,2.0,15.0,3.0,0.0,3,1661.3
446,2017-09-30,2017-18,Swansea,West Ham,0,0.0,1.0,6.0,9.0,1.0,4.0,1.0,13.0,2.0,0.0,0,1652.92
447,2017-10-01,2017-18,Arsenal,Brighton,1,2.0,0.0,25.0,9.0,12.0,1.0,6.0,7.0,0.0,0.0,3,1863.26
447,2017-10-01,2017-18,Brighton,Arsenal,0,0.0,2.0,9.0,25.0,1.0,12.0,5.0,8.0,2.0,0.0,0,1608.49
448,2017-10-01,2017-18,Everton,Burnley,1,0.0,1.0,23.0,5.0,4.0,2.0,9.0,14.0,2.0,0.0,0,1742.5
448,2017-10-01,2017-18,Burnley,Everton,0,1.0,0.0,5.0,23.0,2.0,4.0,3.0,7.0,2.0,0.0,3,1665.17
449,2017-10-01,2017-18,Newcastle,Liverpool,1,1.0,1.0,8.0,17.0,5.0,2.0,1.0,11.0,1.0,0.0,1,1648.84
449,2017-10-01,2017-18,Liverpool,Newcastle,0,1.0,1.0,17.0,8.0,2.0,5.0,5.0,6.0,1.0,0.0,1,1856.85
450,2017-10-14,2017-18,Burnley,West Ham,1,1.0,1.0,20.0,8.0,5.0,6.0,7.0,11.0,2.0,0.0,1,1665.17
450,2017-10-14,2017-18,West Ham,Burnley,0,1.0,1.0,8.0,20.0,6.0,5.0,4.0,14.0,2.0,1.0,1,1673.87
451,2017-10-14,2017-18,Crystal Palace,Chelsea,1,2.0,1.0,14.0,15.0,5.0,5.0,5.0,7.0,2.0,0.0,3,1601.38
451,2017-10-14,2017-18,Chelsea,Crystal Palace,0,1.0,2.0,15.0,14.0,5.0,5.0,8.0,6.0,1.0,0.0,0,1936.75
452,2017-10-14,2017-18,Liverpool,Man United,1,0.0,0.0,19.0,6.0,5.0,1.0,7.0,7.0,0.0,0.0,1,1856.85
452,2017-10-14,2017-18,Man United,Liverpool,0,0.0,0.0,6.0,19.0,1.0,5.0,3.0,13.0,2.0,0.0,1,1919.19
453,2017-10-14,2017-18,Man City,Stoke,1,7.0,2.0,20.0,5.0,11.0,1.0,5.0,5.0,0.0,0.0,3,1934.3
453,2017-10-14,2017-18,Stoke,Man City,0,2.0,7.0,5.0,20.0,1.0,11.0,0.0,8.0,1.0,0.0,0,1683.29
454,2017-10-14,2017-18,Swansea,Huddersfield,1,2.0,0.0,7.0,7.0,3.0,2.0,5.0,12.0,1.0,0.0,3,1652.41
454,2017-10-14,2017-18,Huddersfield,Swansea,0,0.0,2.0,7.0,7.0,2.0,3.0,3.0,16.0,5.0,0.0,0,1529.39
455,2017-10-14,2017-18,Tottenham,Bournemouth,1,1.0,0.0,18.0,5.0,6.0,1.0,9.0,9.0,1.0,0.0,3,1918.13
455,2017-10-14,2017-18,Bournemouth,Tottenham,0,0.0,1.0,5.0,18.0,1.0,6.0,5.0,7.0,3.0,0.0,0,1642.29
456,2017-10-14,2017-18,Watford,Arsenal,1,2.0,1.0,11.0,9.0,2.0,6.0,2.0,8.0,1.0,0.0,3,1657.04
456,2017-10-14,2017-18,Arsenal,Watford,0,1.0,2.0,9.0,11.0,6.0,2.0,5.0,10.0,0.0,0.0,0,1863.26
457,2017-10-15,2017-18,Brighton,Everton,1,1.0,1.0,12.0,13.0,3.0,6.0,7.0,12.0,4.0,0.0,1,1605.87
457,2017-10-15,2017-18,Everton,Brighton,0,1.0,1.0,13.0,12.0,6.0,3.0,1.0,10.0,1.0,0.0,1,1730.71
458,2017-10-15,2017-18,Southampton,Newcastle,1,2.0,2.0,12.0,19.0,2.0,5.0,3.0,11.0,1.0,0.0,1,1687.33
458,2017-10-15,2017-18,Newcastle,Southampton,0,2.0,2.0,19.0,12.0,5.0,2.0,8.0,12.0,2.0,0.0,1,1652.76
459,2017-10-16,2017-18,Leicester,West Brom,1,1.0,1.0,11.0,5.0,3.0,1.0,4.0,13.0,2.0,0.0,1,1715.67
459,2017-10-16,2017-18,West Brom,Leicester,0,1.0,1.0,5.0,11.0,1.0,3.0,1.0,6.0,2.0,0.0,1,1656.52
460,2017-10-20,2017-18,West Ham,Brighton,1,0.0,3.0,16.0,7.0,2.0,5.0,10.0,5.0,1.0,0.0,0,1675.81
460,2017-10-20,2017-18,Brighton,West Ham,0,3.0,0.0,7.0,16.0,5.0,2.0,3.0,13.0,0.0,0.0,3,1605.87
461,2017-10-21,2017-18,Chelsea,Watford,1,4.0,2.0,14.0,16.0,8.0,5.0,6.0,13.0,2.0,0.0,3,1922.47
461,2017-10-21,2017-18,Watford,Chelsea,0,2.0,4.0,16.0,14.0,5.0,8.0,6.0,16.0,3.0,0.0,0,1668.63
462,2017-10-21,2017-18,Huddersfield,Man United,1,2.0,1.0,5.0,9.0,3.0,3.0,4.0,10.0,4.0,0.0,3,1524.06
462,2017-10-21,2017-18,Man United,Huddersfield,0,1.0,2.0,9.0,5.0,3.0,3.0,7.0,12.0,2.0,0.0,0,1919.16
463,2017-10-21,2017-18,Man City,Burnley,1,3.0,0.0,15.0,6.0,10.0,0.0,4.0,10.0,2.0,0.0,3,1938.48
463,2017-10-21,2017-18,Burnley,Man City,0,0.0,3.0,6.0,15.0,0.0,10.0,5.0,6.0,3.0,0.0,0,1675.01
464,2017-10-21,2017-18,Newcastle,Crystal Palace,1,1.0,0.0,7.0,10.0,3.0,0.0,3.0,12.0,4.0,0.0,3,1652.76
464,2017-10-21,2017-18,Crystal Palace,Newcastle,0,0.0,1.0,10.0,7.0,0.0,3.0,5.0,14.0,2.0,0.0,0,1615.66
465,2017-10-21,2017-18,Southampton,West Brom,1,1.0,0.0,20.0,7.0,6.0,2.0,8.0,10.0,0.0,0.0,3,1687.33
465,2017-10-21,2017-18,West Brom,Southampton,0,0.0,1.0,7.0,20.0,2.0,6.0,3.0,8.0,1.0,0.0,0,1656.52
466,2017-10-21,2017-18,Stoke,Bournemouth,1,1.0,2.0,10.0,7.0,2.0,3.0,8.0,17.0,0.0,0.0,0,1679.11
466,2017-10-21,2017-18,Bournemouth,Stoke,0,2.0,1.0,7.0,10.0,3.0,2.0,3.0,10.0,1.0,0.0,3,1640.69
467,2017-10-21,2017-18,Swansea,Leicester,1,1.0,2.0,19.0,11.0,4.0,6.0,7.0,6.0,0.0,0.0,0,1657.74
467,2017-10-21,2017-18,Leicester,Swansea,0,2.0,1.0,11.0,19.0,6.0,4.0,6.0,9.0,1.0,0.0,3,1715.67
468,2017-10-22,2017-18,Everton,Arsenal,1,2.0,5.0,8.0,30.0,3.0,14.0,0.0,14.0,1.0,1.0,0,1730.71
468,2017-10-22,2017-18,Arsenal,Everton,0,5.0,2.0,30.0,8.0,14.0,3.0,7.0,14.0,1.0,0.0,3,1854.29
469,2017-10-22,2017-18,Tottenham,Liverpool,1,4.0,1.0,14.0,12.0,6.0,7.0,3.0,2.0,0.0,0.0,3,1919.73
469,2017-10-22,2017-18,Liverpool,Tottenham,0,1.0,4.0,12.0,14.0,7.0,6.0,5.0,8.0,1.0,0.0,0,1852.96
470,2017-10-28,2017-18,Bournemouth,Chelsea,1,0.0,1.0,7.0,18.0,1.0,5.0,5.0,5.0,2.0,0.0,0,1640.69
470,2017-10-28,2017-18,Chelsea,Bournemouth,0,1.0,0.0,18.0,7.0,5.0,1.0,5.0,5.0,0.0,0.0,3,1922.47
471,2017-10-28,2017-18,Arsenal,Swansea,1,2.0,1.0,17.0,4.0,5.0,2.0,5.0,9.0,0.0,0.0,3,1854.29
471,2017-10-28,2017-18,Swansea,Arsenal,0,1.0,2.0,4.0,17.0,2.0,5.0,2.0,9.0,0.0,0.0,0,1657.74
472,2017-10-28,2017-18,Watford,Stoke,1,0.0,1.0,13.0,6.0,0.0,2.0,8.0,10.0,4.0,0.0,0,1668.63
472,2017-10-28,2017-18,Stoke,Watford,0,1.0,0.0,6.0,13.0,2.0,0.0,1.0,9.0,4.0,0.0,3,1679.11
473,2017-10-28,2017-18,Crystal Palace,West Ham,1,2.0,2.0,19.0,6.0,9.0,2.0,11.0,18.0,1.0,0.0,1,1615.66
473,2017-10-28,2017-18,West Ham,Crystal Palace,0,2.0,2.0,6.0,19.0,2.0,9.0,2.0,15.0,2.0,0.0,1,1675.81
474,2017-10-28,2017-18,West Brom,Man City,1,2.0,3.0,6.0,15.0,4.0,5.0,1.0,10.0,2.0,0.0,0,1656.52
474,2017-10-28,2017-18,Man City,West Brom,0,3.0,2.0,15.0,6.0,5.0,4.0,2.0,7.0,3.0,0.0,3,1938.48
475,2017-10-28,2017-18,Liverpool,Huddersfield,1,3.0,0.0,16.0,1.0,8.0,0.0,9.0,10.0,0.0,0.0,3,1852.96
475,2017-10-28,2017-18,Huddersfield,Liverpool,0,0.0,3.0,1.0,16.0,0.0,8.0,2.0,8.0,1.0,0.0,0,1524.06
476,2017-10-28,2017-18,Man United,Tottenham,1,1.0,0.0,11.0,13.0,3.0,4.0,6.0,12.0,1.0,0.0,3,1919.16
476,2017-10-28,2017-18,Tottenham,Man United,0,0.0,1.0,13.0,11.0,4.0,3.0,3.0,14.0,0.0,0.0,0,1919.73
477,2017-10-29,2017-18,Brighton,Southampton,1,1.0,1.0,7.0,6.0,2.0,1.0,2.0,9.0,3.0,0.0,1,1605.87
477,2017-10-29,2017-18,Southampton,Brighton,0,1.0,1.0,6.0,7.0,1.0,2.0,7.0,10.0,1.0,0.0,1,1687.33
478,2017-10-29,2017-18,Leicester,Everton,1,2.0,0.0,9.0,16.0,3.0,2.0,3.0,6.0,0.0,0.0,3,1715.67
478,2017-10-29,2017-18,Everton,Leicester,0,0.0,2.0,16.0,9.0,2.0,3.0,10.0,10.0,2.0,0.0,0,1730.71
479,2017-10-30,2017-18,Burnley,Newcastle,1,1.0,0.0,12.0,12.0,5.0,5.0,5.0,9.0,3.0,0.0,3,1675.01
479,2017-10-30,2017-18,Newcastle,Burnley,0,0.0,1.0,12.0,12.0,5.0,5.0,3.0,10.0,0.0,0.0,0,1652.76
480,2017-11-04,2017-18,Huddersfield,West Brom,1,1.0,0.0,7.0,9.0,3.0,3.0,3.0,8.0,1.0,1.0,3,1538.02
480,2017-11-04,2017-18,West Brom,Huddersfield,0,0.0,1.0,9.0,7.0,3.0,3.0,5.0,15.0,4.0,0.0,0,1651.63
481,2017-11-04,2017-18,Newcastle,Bournemouth,1,0.0,1.0,16.0,16.0,4.0,6.0,11.0,11.0,2.0,0.0,0,1655.36
481,2017-11-04,2017-18,Bournemouth,Newcastle,0,1.0,0.0,16.0,16.0,6.0,4.0,9.0,12.0,2.0,0.0,3,1648.79
482,2017-11-04,2017-18,Southampton,Burnley,1,0.0,1.0,13.0,5.0,3.0,1.0,9.0,4.0,0.0,0.0,0,1690.87
482,2017-11-04,2017-18,Burnley,Southampton,0,1.0,0.0,5.0,13.0,1.0,3.0,1.0,4.0,0.0,0.0,3,1678.86
483,2017-11-04,2017-18,Stoke,Leicester,1,2.0,2.0,11.0,14.0,7.0,4.0,4.0,12.0,0.0,0.0,1,1678.19
483,2017-11-04,2017-18,Leicester,Stoke,0,2.0,2.0,14.0,11.0,4.0,7.0,10.0,8.0,0.0,0.0,1,1729.58
484,2017-11-04,2017-18,Swansea,Brighton,1,0.0,1.0,12.0,5.0,2.0,2.0,8.0,13.0,2.0,0.0,0,1647.73
484,2017-11-04,2017-18,Brighton,Swansea,0,1.0,0.0,5.0,12.0,2.0,2.0,7.0,12.0,1.0,0.0,3,1628.14
485,2017-11-04,2017-18,West Ham,Liverpool,1,1.0,4.0,6.0,15.0,1.0,7.0,2.0,9.0,3.0,0.0,0,1656.85
485,2017-11-04,2017-18,Liverpool,West Ham,0,4.0,1.0,15.0,6.0,7.0,1.0,3.0,13.0,0.0,0.0,3,1852.82
486,2017-11-05,2017-18,Everton,Watford,1,3.0,2.0,10.0,11.0,5.0,3.0,2.0,14.0,0.0,0.0,3,1699.35
486,2017-11-05,2017-18,Watford,Everton,0,2.0,3.0,11.0,10.0,3.0,5.0,5.0,12.0,2.0,0.0,0,1657.09
487,2017-11-05,2017-18,Chelsea,Man United,1,1.0,0.0,18.0,10.0,8.0,2.0,4.0,16.0,1.0,0.0,3,1912.55
487,2017-11-05,2017-18,Man United,Chelsea,0,0.0,1.0,10.0,18.0,2.0,8.0,7.0,20.0,3.0,0.0,0,1920.01
488,2017-11-05,2017-18,Tottenham,Crystal Palace,1,1.0,0.0,12.0,11.0,2.0,3.0,10.0,6.0,0.0,0.0,3,1927.62
488,2017-11-05,2017-18,Crystal Palace,Tottenham,0,0.0,1.0,11.0,12.0,3.0,2.0,9.0,7.0,2.0,0.0,0,1610.08
489,2017-11-05,2017-18,Man City,Arsenal,1,3.0,1.0,9.0,6.0,5.0,3.0,5.0,15.0,1.0,0.0,3,1949.94
489,2017-11-05,2017-18,Arsenal,Man City,0,1.0,3.0,6.0,9.0,3.0,5.0,5.0,15.0,6.0,0.0,0,1871.23
490,2017-11-18,2017-18,Arsenal,Tottenham,1,2.0,0.0,14.0,14.0,5.0,4.0,7.0,11.0,4.0,0.0,3,1860.02
490,2017-11-18,2017-18,Tottenham,Arsenal,0,0.0,2.0,14.0,14.0,4.0,5.0,4.0,16.0,1.0,0.0,0,1943.15
491,2017-11-18,2017-18,Bournemouth,Huddersfield,1,4.0,0.0,11.0,20.0,5.0,3.0,8.0,13.0,3.0,1.0,3,1661.12
491,2017-11-18,2017-18,Huddersfield,Bournemouth,0,0.0,4.0,20.0,11.0,3.0,5.0,11.0,10.0,2.0,0.0,0,1550.45
492,2017-11-18,2017-18,Burnley,Swansea,1,2.0,0.0,16.0,13.0,7.0,1.0,8.0,12.0,1.0,0.0,3,1691.64
492,2017-11-18,2017-18,Swansea,Burnley,0,0.0,2.0,13.0,16.0,1.0,7.0,6.0,12.0,1.0,0.0,0,1640.56
493,2017-11-18,2017-18,Crystal Palace,Everton,1,2.0,2.0,16.0,8.0,7.0,5.0,9.0,9.0,2.0,0.0,1,1611.69
493,2017-11-18,2017-18,Everton,Crystal Palace,0,2.0,2.0,8.0,16.0,5.0,7.0,4.0,26.0,3.0,0.0,1,1699.58
494,2017-11-18,2017-18,Leicester,Man City,1,0.0,2.0,2.0,12.0,0.0,4.0,1.0,8.0,1.0,0.0,0,1732.67
494,2017-11-18,2017-18,Man City,Leicester,0,2.0,0.0,12.0,2.0,4.0,0.0,7.0,10.0,1.0,0.0,3,1971.46
495,2017-11-18,2017-18,Liverpool,Southampton,1,3.0,0.0,21.0,5.0,8.0,0.0,10.0,15.0,1.0,0.0,3,1864.64
495,2017-11-18,2017-18,Southampton,Liverpool,0,0.0,3.0,5.0,21.0,0.0,8.0,2.0,9.0,1.0,0.0,0,1683.8
496,2017-11-18,2017-18,Man United,Newcastle,1,4.0,1.0,16.0,12.0,7.0,5.0,11.0,10.0,1.0,0.0,3,1916.18
496,2017-11-18,2017-18,Newcastle,Man United,0,1.0,4.0,12.0,16.0,5.0,7.0,4.0,9.0,1.0,0.0,0,1648.75
497,2017-11-18,2017-18,West Brom,Chelsea,1,0.0,4.0,7.0,11.0,2.0,7.0,3.0,13.0,2.0,0.0,0,1644.92
497,2017-11-18,2017-18,Chelsea,West Brom,0,4.0,0.0,11.0,7.0,7.0,2.0,4.0,12.0,3.0,0.0,3,1922.1
498,2017-11-19,2017-18,Watford,West Ham,1,2.0,0.0,17.0,10.0,7.0,6.0,3.0,13.0,1.0,0.0,3,1654.26
498,2017-11-19,2017-18,West Ham,Watford,0,0.0,2.0,10.0,17.0,6.0,7.0,1.0,10.0,4.0,0.0,0,1651.84
499,2017-11-20,2017-18,Brighton,Stoke,1,2.0,2.0,9.0,13.0,3.0,6.0,6.0,13.0,1.0,0.0,1,1641.02
499,2017-11-20,2017-18,Stoke,Brighton,0,2.0,2.0,13.0,9.0,6.0,3.0,7.0,5.0,0.0,0.0,1,1680.82
500,2017-11-24,2017-18,West Ham,Leicester,1,1.0,1.0,8.0,7.0,4.0,2.0,5.0,9.0,1.0,0.0,1,1651.84
500,2017-11-24,2017-18,Leicester,West Ham,0,1.0,1.0,7.0,8.0,2.0,4.0,5.0,12.0,1.0,0.0,1,1732.67
501,2017-11-25,2017-18,Liverpool,Chelsea,1,1.0,1.0,16.0,11.0,4.0,3.0,7.0,10.0,0.0,0.0,1,1864.64
501,2017-11-25,2017-18,Chelsea,Liverpool,0,1.0,1.0,11.0,16.0,3.0,4.0,8.0,7.0,0.0,0.0,1,1922.1
502,2017-11-25,2017-18,Crystal Palace,Stoke,1,2.0,1.0,10.0,9.0,5.0,3.0,5.0,9.0,1.0,0.0,3,1611.69
502,2017-11-25,2017-18,Stoke,Crystal Palace,0,1.0,2.0,9.0,10.0,3.0,5.0,2.0,5.0,1.0,0.0,0,1680.82
503,2017-11-25,2017-18,Man United,Brighton,1,1.0,0.0,15.0,8.0,4.0,2.0,5.0,9.0,0.0,0.0,3,1916.18
503,2017-11-25,2017-18,Brighton,Man United,0,0.0,1.0,8.0,15.0,2.0,4.0,0.0,9.0,2.0,0.0,0,1641.02
504,2017-11-25,2017-18,Newcastle,Watford,1,0.0,3.0,12.0,12.0,2.0,4.0,6.0,8.0,1.0,0.0,0,1648.75
504,2017-11-25,2017-18,Watford,Newcastle,0,3.0,0.0,12.0,12.0,4.0,2.0,3.0,13.0,2.0,0.0,3,1654.26
505,2017-11-25,2017-18,Tottenham,West Brom,1,1.0,1.0,24.0,5.0,5.0,2.0,8.0,10.0,1.0,0.0,1,1943.15
505,2017-11-25,2017-18,West Brom,Tottenham,0,1.0,1.0,5.0,24.0,2.0,5.0,0.0,13.0,4.0,0.0,1,1644.92
506,2017-11-25,2017-18,Swansea,Bournemouth,1,0.0,0.0,10.0,9.0,1.0,5.0,4.0,18.0,4.0,0.0,1,1640.56
506,2017-11-25,2017-18,Bournemouth,Swansea,0,0.0,0.0,9.0,10.0,5.0,1.0,5.0,6.0,2.0,0.0,1,1661.12
507,2017-11-26,2017-18,Burnley,Arsenal,1,0.0,1.0,8.0,17.0,2.0,2.0,5.0,8.0,2.0,0.0,0,1691.64
507,2017-11-26,2017-18,Arsenal,Burnley,0,1.0,0.0,17.0,8.0,2.0,2.0,5.0,14.0,0.0,0.0,3,1860.02
508,2017-11-26,2017-18,Huddersfield,Man City,1,1.0,2.0,4.0,14.0,0.0,5.0,3.0,10.0,2.0,1.0,0,1550.45
508,2017-11-26,2017-18,Man City,Huddersfield,0,2.0,1.0,14.0,4.0,5.0,0.0,7.0,10.0,3.0,0.0,3,1971.46
509,2017-11-26,2017-18,Southampton,Everton,1,4.0,1.0,17.0,5.0,5.0,2.0,7.0,6.0,0.0,0.0,3,1683.8
509,2017-11-26,2017-18,Everton,Southampton,0,1.0,4.0,5.0,17.0,2.0,5.0,2.0,13.0,0.0,0.0,0,1699.58
510,2017-11-28,2017-18,Brighton,Crystal Palace,1,0.0,0.0,10.0,10.0,4.0,4.0,10.0,13.0,2.0,0.0,1,1641.02
510,2017-11-28,2017-18,Crystal Palace,Brighton,0,0.0,0.0,10.0,10.0,4.0,4.0,5.0,8.0,0.0,0.0,1,1611.69
511,2017-11-28,2017-18,Leicester,Tottenham,1,2.0,1.0,7.0,18.0,4.0,6.0,4.0,7.0,1.0,0.0,3,1732.67
511,2017-11-28,2017-18,Tottenham,Leicester,0,1.0,2.0,18.0,7.0,6.0,4.0,9.0,10.0,2.0,0.0,0,1943.15
512,2017-11-28,2017-18,Watford,Man United,1,2.0,4.0,12.0,15.0,3.0,7.0,5.0,12.0,2.0,0.0,0,1654.26
512,2017-11-28,2017-18,Man United,Watford,0,4.0,2.0,15.0,12.0,7.0,3.0,5.0,10.0,1.0,0.0,3,1916.18
513,2017-11-28,2017-18,West Brom,Newcastle,1,2.0,2.0,8.0,14.0,4.0,4.0,1.0,13.0,0.0,0.0,1,1644.92
513,2017-11-28,2017-18,Newcastle,West Brom,0,2.0,2.0,14.0,8.0,4.0,4.0,6.0,12.0,0.0,0.0,1,1648.75
514,2017-11-29,2017-18,Chelsea,Swansea,1,1.0,0.0,21.0,2.0,10.0,0.0,15.0,10.0,1.0,0.0,3,1922.1
514,2017-11-29,2017-18,Swansea,Chelsea,0,0.0,1.0,2.0,21.0,0.0,10.0,1.0,7.0,0.0,0.0,0,1640.56
515,2017-11-29,2017-18,Bournemouth,Burnley,1,1.0,2.0,10.0,10.0,2.0,4.0,4.0,9.0,0.0,0.0,0,1661.12
515,2017-11-29,2017-18,Burnley,Bournemouth,0,2.0,1.0,10.0,10.0,4.0,2.0,6.0,11.0,1.0,0.0,3,1691.64
516,2017-11-29,2017-18,Arsenal,Huddersfield,1,5.0,0.0,21.0,7.0,7.0,2.0,7.0,10.0,0.0,0.0,3,1860.02
516,2017-11-29,2017-18,Huddersfield,Arsenal,0,0.0,5.0,7.0,21.0,2.0,7.0,2.0,12.0,1.0,0.0,0,1550.45
517,2017-11-29,2017-18,Everton,West Ham,1,4.0,0.0,8.0,7.0,5.0,3.0,2.0,16.0,2.0,0.0,3,1699.58
517,2017-11-29,2017-18,West Ham,Everton,0,0.0,4.0,7.0,8.0,3.0,5.0,6.0,6.0,1.0,0.0,0,1651.84
518,2017-11-29,2017-18,Stoke,Liverpool,1,0.0,3.0,10.0,14.0,1.0,7.0,5.0,8.0,1.0,0.0,0,1680.82
518,2017-11-29,2017-18,Liverpool,Stoke,0,3.0,0.0,14.0,10.0,7.0,1.0,9.0,10.0,5.0,0.0,3,1864.64
519,2017-11-29,2017-18,Man City,Southampton,1,2.0,1.0,26.0,7.0,12.0,2.0,6.0,12.0,1.0,0.0,3,1971.46
519,2017-11-29,2017-18,Southampton,Man City,0,1.0,2.0,7.0,26.0,2.0,12.0,5.0,11.0,1.0,0.0,0,1683.8
520,2017-12-02,2017-18,Arsenal,Man United,1,1.0,3.0,33.0,8.0,15.0,4.0,12.0,11.0,3.0,0.0,0,1856.59
520,2017-12-02,2017-18,Man United,Arsenal,0,3.0,1.0,8.0,33.0,4.0,15.0,1.0,10.0,2.0,1.0,3,1903.22
521,2017-12-02,2017-18,Brighton,Liverpool,1,1.0,5.0,6.0,12.0,2.0,6.0,2.0,8.0,1.0,0.0,0,1625.32
521,2017-12-02,2017-18,Liverpool,Brighton,0,5.0,1.0,12.0,6.0,6.0,2.0,2.0,7.0,0.0,0.0,3,1866.78
522,2017-12-02,2017-18,Chelsea,Newcastle,1,3.0,1.0,23.0,8.0,9.0,2.0,11.0,8.0,0.0,0.0,3,1922.91
522,2017-12-02,2017-18,Newcastle,Chelsea,0,1.0,3.0,8.0,23.0,2.0,9.0,4.0,13.0,1.0,0.0,0,1620.8
523,2017-12-02,2017-18,Everton,Huddersfield,1,2.0,0.0,6.0,5.0,4.0,3.0,2.0,12.0,2.0,0.0,3,1668.01
523,2017-12-02,2017-18,Huddersfield,Everton,0,0.0,2.0,5.0,6.0,3.0,4.0,5.0,9.0,1.0,0.0,0,1527.09
524,2017-12-02,2017-18,Leicester,Burnley,1,1.0,0.0,16.0,14.0,3.0,4.0,10.0,3.0,0.0,0.0,3,1727.5
524,2017-12-02,2017-18,Burnley,Leicester,0,0.0,1.0,14.0,16.0,4.0,3.0,7.0,11.0,2.0,0.0,0,1691.81
525,2017-12-02,2017-18,Stoke,Swansea,1,2.0,1.0,10.0,10.0,3.0,3.0,2.0,12.0,2.0,0.0,3,1654.28
525,2017-12-02,2017-18,Swansea,Stoke,0,1.0,2.0,10.0,10.0,3.0,3.0,6.0,10.0,0.0,0.0,0,1619.52
526,2017-12-02,2017-18,Watford,Tottenham,1,1.0,1.0,6.0,8.0,2.0,2.0,7.0,16.0,4.0,0.0,1,1662.33
526,2017-12-02,2017-18,Tottenham,Watford,0,1.0,1.0,8.0,6.0,2.0,2.0,2.0,8.0,1.0,1.0,1,1906.75
527,2017-12-02,2017-18,West Brom,Crystal Palace,1,0.0,0.0,20.0,10.0,6.0,2.0,3.0,11.0,3.0,0.0,1,1633.11
527,2017-12-02,2017-18,Crystal Palace,West Brom,0,0.0,0.0,10.0,20.0,2.0,6.0,7.0,10.0,1.0,0.0,1,1611.83
528,2017-12-03,2017-18,Bournemouth,Southampton,1,1.0,1.0,16.0,15.0,5.0,4.0,5.0,6.0,2.0,0.0,1,1649.94
528,2017-12-03,2017-18,Southampton,Bournemouth,0,1.0,1.0,15.0,16.0,4.0,5.0,4.0,12.0,1.0,0.0,1,1677.63
529,2017-12-03,2017-18,Man City,West Ham,1,2.0,1.0,24.0,7.0,8.0,4.0,10.0,5.0,2.0,0.0,3,1969.09
529,2017-12-03,2017-18,West Ham,Man City,0,1.0,2.0,7.0,24.0,4.0,8.0,4.0,7.0,2.0,0.0,0,1620.78
530,2017-12-09,2017-18,Crystal Palace,Bournemouth,1,2.0,2.0,24.0,11.0,8.0,5.0,6.0,14.0,5.0,0.0,1,1611.83
530,2017-12-09,2017-18,Bournemouth,Crystal Palace,0,2.0,2.0,11.0,24.0,5.0,8.0,3.0,14.0,2.0,0.0,1,1649.94
531,2017-12-09,2017-18,Burnley,Watford,1,1.0,0.0,8.0,11.0,5.0,2.0,3.0,10.0,1.0,0.0,3,1691.81
531,2017-12-09,2017-18,Watford,Burnley,0,0.0,1.0,11.0,8.0,2.0,5.0,5.0,12.0,0.0,1.0,0,1662.33
532,2017-12-09,2017-18,Newcastle,Leicester,1,2.0,3.0,10.0,13.0,4.0,5.0,6.0,10.0,2.0,0.0,0,1620.8
532,2017-12-09,2017-18,Leicester,Newcastle,0,3.0,2.0,13.0,10.0,5.0,4.0,5.0,9.0,1.0,0.0,3,1727.5
533,2017-12-09,2017-18,Swansea,West Brom,1,1.0,0.0,18.0,7.0,3.0,1.0,6.0,8.0,2.0,0.0,3,1619.52
533,2017-12-09,2017-18,West Brom,Swansea,0,0.0,1.0,7.0,18.0,1.0,3.0,3.0,18.0,5.0,0.0,0,1633.11
534,2017-12-09,2017-18,Huddersfield,Brighton,1,2.0,0.0,19.0,7.0,6.0,2.0,8.0,6.0,0.0,0.0,3,1527.09
534,2017-12-09,2017-18,Brighton,Huddersfield,0,0.0,2.0,7.0,19.0,2.0,6.0,1.0,10.0,0.0,0.0,0,1625.32
535,2017-12-09,2017-18,West Ham,Chelsea,1,1.0,0.0,5.0,19.0,2.0,2.0,4.0,10.0,6.0,0.0,3,1620.78
535,2017-12-09,2017-18,Chelsea,West Ham,0,0.0,1.0,19.0,5.0,2.0,2.0,3.0,10.0,1.0,0.0,0,1922.91
536,2017-12-09,2017-18,Tottenham,Stoke,1,5.0,1.0,20.0,4.0,11.0,3.0,12.0,12.0,1.0,0.0,3,1906.75
536,2017-12-09,2017-18,Stoke,Tottenham,0,1.0,5.0,4.0,20.0,3.0,11.0,6.0,9.0,0.0,0.0,0,1654.28
537,2017-12-10,2017-18,Liverpool,Everton,1,1.0,1.0,23.0,3.0,3.0,2.0,12.0,8.0,1.0,0.0,1,1866.78
537,2017-12-10,2017-18,Everton,Liverpool,0,1.0,1.0,3.0,23.0,2.0,3.0,1.0,11.0,3.0,0.0,1,1668.01
538,2017-12-10,2017-18,Man United,Man City,1,1.0,2.0,8.0,14.0,5.0,7.0,2.0,16.0,4.0,0.0,0,1903.22
538,2017-12-10,2017-18,Man City,Man United,0,2.0,1.0,14.0,8.0,7.0,5.0,8.0,10.0,2.0,0.0,3,1969.09
539,2017-12-10,2017-18,Southampton,Arsenal,1,1.0,1.0,6.0,11.0,3.0,6.0,4.0,12.0,2.0,0.0,1,1677.63
539,2017-12-10,2017-18,Arsenal,Southampton,0,1.0,1.0,11.0,6.0,6.0,3.0,5.0,10.0,2.0,0.0,1,1856.59
540,2017-12-12,2017-18,Burnley,Stoke,1,1.0,0.0,10.0,14.0,2.0,7.0,6.0,6.0,0.0,0.0,3,1691.81
540,2017-12-12,2017-18,Stoke,Burnley,0,0.0,1.0,14.0,10.0,7.0,2.0,4.0,14.0,0.0,0.0,0,1654.28
541,2017-12-12,2017-18,Crystal Palace,Watford,1,2.0,1.0,14.0,7.0,4.0,2.0,4.0,14.0,2.0,0.0,3,1611.83
541,2017-12-12,2017-18,Watford,Crystal Palace,0,1.0,2.0,7.0,14.0,2.0,4.0,6.0,18.0,1.0,1.0,0,1662.33
542,2017-12-12,2017-18,Huddersfield,Chelsea,1,1.0,3.0,7.0,12.0,2.0,5.0,1.0,11.0,0.0,0.0,0,1527.09
542,2017-12-12,2017-18,Chelsea,Huddersfield,0,3.0,1.0,12.0,7.0,5.0,2.0,3.0,4.0,0.0,0.0,3,1922.91
543,2017-12-13,2017-18,Newcastle,Everton,1,0.0,1.0,16.0,7.0,4.0,4.0,4.0,10.0,1.0,1.0,0,1620.8
543,2017-12-13,2017-18,Everton,Newcastle,0,1.0,0.0,7.0,16.0,4.0,4.0,1.0,11.0,2.0,0.0,3,1668.01
544,2017-12-13,2017-18,Man United,Bournemouth,1,1.0,0.0,9.0,14.0,2.0,7.0,4.0,14.0,1.0,0.0,3,1903.22
544,2017-12-13,2017-18,Bournemouth,Man United,0,0.0,1.0,14.0,9.0,7.0,2.0,9.0,12.0,2.0,0.0,0,1649.94
545,2017-12-13,2017-18,Swansea,Man City,1,0.0,4.0,7.0,23.0,3.0,10.0,2.0,12.0,0.0,0.0,0,1619.52
545,2017-12-13,2017-18,Man City,Swansea,0,4.0,0.0,23.0,7.0,10.0,3.0,5.0,6.0,0.0,0.0,3,1969.09
546,2017-12-13,2017-18,Southampton,Leicester,1,1.0,4.0,12.0,16.0,4.0,11.0,9.0,13.0,1.0,0.0,0,1677.63
546,2017-12-13,2017-18,Leicester,Southampton,0,4.0,1.0,16.0,12.0,11.0,4.0,9.0,9.0,0.0,0.0,3,1727.5
547,2017-12-13,2017-18,Tottenham,Brighton,1,2.0,0.0,25.0,7.0,8.0,4.0,10.0,5.0,1.0,0.0,3,1906.75
547,2017-12-13,2017-18,Brighton,Tottenham,0,0.0,2.0,7.0,25.0,4.0,8.0,2.0,10.0,1.0,0.0,0,1625.32
548,2017-12-13,2017-18,West Ham,Arsenal,1,0.0,0.0,6.0,22.0,0.0,3.0,1.0,9.0,1.0,0.0,1,1620.78
548,2017-12-13,2017-18,Arsenal,West Ham,0,0.0,0.0,22.0,6.0,3.0,0.0,7.0,9.0,0.0,0.0,1,1856.59
549,2017-12-13,2017-18,Liverpool,West Brom,1,0.0,0.0,14.0,6.0,5.0,1.0,5.0,16.0,1.0,0.0,1,1866.78
549,2017-12-13,2017-18,West Brom,Liverpool,0,0.0,0.0,6.0,14.0,1.0,5.0,7.0,6.0,0.0,0.0,1,1633.11
550,2017-12-16,2017-18,Arsenal,Newcastle,1,1.0,0.0,23.0,10.0,5.0,2.0,7.0,13.0,2.0,0.0,3,1842.88
550,2017-12-16,2017-18,Newcastle,Arsenal,0,0.0,1.0,10.0,23.0,2.0,5.0,5.0,9.0,1.0,0.0,0,1607.64
551,2017-12-16,2017-18,Brighton,Burnley,1,0.0,0.0,12.0,11.0,2.0,6.0,8.0,13.0,4.0,0.0,1,1606.02
551,2017-12-16,2017-18,Burnley,Brighton,0,0.0,0.0,11.0,12.0,6.0,2.0,2.0,13.0,2.0,0.0,1,1700.95
552,2017-12-16,2017-18,Chelsea,Southampton,1,1.0,0.0,24.0,6.0,8.0,2.0,8.0,8.0,1.0,0.0,3,1914.79
552,2017-12-16,2017-18,Southampton,Chelsea,0,0.0,1.0,6.0,24.0,2.0,8.0,4.0,16.0,3.0,0.0,0,1670.41
553,2017-12-16,2017-18,Leicester,Crystal Palace,1,0.0,3.0,11.0,13.0,2.0,6.0,6.0,12.0,2.0,1.0,0,1757.48
553,2017-12-16,2017-18,Crystal Palace,Leicester,0,3.0,0.0,13.0,11.0,6.0,2.0,4.0,13.0,2.0,0.0,3,1624.05
554,2017-12-16,2017-18,Man City,Tottenham,1,4.0,1.0,20.0,7.0,11.0,2.0,5.0,13.0,2.0,0.0,3,1975.23
554,2017-12-16,2017-18,Tottenham,Man City,0,1.0,4.0,7.0,20.0,2.0,11.0,1.0,20.0,4.0,0.0,0,1913.42
555,2017-12-16,2017-18,Stoke,West Ham,1,0.0,3.0,17.0,14.0,0.0,7.0,7.0,12.0,2.0,0.0,0,1653.51
555,2017-12-16,2017-18,West Ham,Stoke,0,3.0,0.0,14.0,17.0,7.0,0.0,9.0,13.0,1.0,0.0,3,1640.59
556,2017-12-16,2017-18,Watford,Huddersfield,1,1.0,4.0,13.0,15.0,3.0,9.0,8.0,12.0,2.0,1.0,0,1656.77
556,2017-12-16,2017-18,Huddersfield,Watford,0,4.0,1.0,15.0,13.0,9.0,3.0,7.0,17.0,1.0,1.0,3,1535.49
557,2017-12-17,2017-18,Bournemouth,Liverpool,1,0.0,4.0,6.0,21.0,2.0,7.0,2.0,5.0,1.0,0.0,0,1651.03
557,2017-12-17,2017-18,Liverpool,Bournemouth,0,4.0,0.0,21.0,6.0,7.0,2.0,3.0,10.0,1.0,0.0,3,1870.26
558,2017-12-17,2017-18,West Brom,Man United,1,1.0,2.0,12.0,8.0,5.0,3.0,6.0,14.0,1.0,0.0,0,1634.24
558,2017-12-17,2017-18,Man United,West Brom,0,2.0,1.0,8.0,12.0,3.0,5.0,3.0,7.0,3.0,0.0,3,1914.03
559,2017-12-18,2017-18,Everton,Swansea,1,3.0,1.0,12.0,8.0,7.0,3.0,6.0,12.0,2.0,0.0,3,1700.45
559,2017-12-18,2017-18,Swansea,Everton,0,1.0,3.0,8.0,12.0,3.0,7.0,3.0,12.0,3.0,0.0,0,1619.42
560,2017-12-22,2017-18,Arsenal,Liverpool,1,3.0,3.0,11.0,14.0,4.0,9.0,7.0,9.0,1.0,0.0,1,1842.88
560,2017-12-22,2017-18,Liverpool,Arsenal,0,3.0,3.0,14.0,11.0,9.0,4.0,8.0,11.0,0.0,0.0,1,1870.26
561,2017-12-23,2017-18,Everton,Chelsea,1,0.0,0.0,5.0,25.0,0.0,8.0,2.0,8.0,3.0,0.0,1,1700.45
561,2017-12-23,2017-18,Chelsea,Everton,0,0.0,0.0,25.0,5.0,8.0,0.0,7.0,4.0,0.0,0.0,1,1914.79
562,2017-12-23,2017-18,Burnley,Tottenham,1,0.0,3.0,5.0,18.0,2.0,8.0,4.0,10.0,1.0,0.0,0,1700.95
562,2017-12-23,2017-18,Tottenham,Burnley,0,3.0,0.0,18.0,5.0,8.0,2.0,4.0,10.0,2.0,0.0,3,1913.42
563,2017-12-23,2017-18,Leicester,Man United,1,2.0,2.0,11.0,19.0,3.0,6.0,4.0,19.0,2.0,1.0,1,1757.48
563,2017-12-23,2017-18,Man United,Leicester,0,2.0,2.0,19.0,11.0,6.0,3.0,6.0,8.0,2.0,0.0,1,1914.03
564,2017-12-23,2017-18,Man City,Bournemouth,1,4.0,0.0,14.0,5.0,5.0,1.0,4.0,8.0,0.0,0.0,3,1975.23
564,2017-12-23,2017-18,Bournemouth,Man City,0,0.0,4.0,5.0,14.0,1.0,5.0,6.0,7.0,1.0,0.0,0,1651.03
565,2017-12-23,2017-18,Brighton,Watford,1,1.0,0.0,14.0,13.0,3.0,1.0,6.0,8.0,0.0,0.0,3,1606.02
565,2017-12-23,2017-18,Watford,Brighton,0,0.0,1.0,13.0,14.0,1.0,3.0,4.0,11.0,0.0,0.0,0,1656.77
566,2017-12-23,2017-18,Swansea,Crystal Palace,1,1.0,1.0,7.0,13.0,2.0,5.0,6.0,13.0,2.0,0.0,1,1619.42
566,2017-12-23,2017-18,Crystal Palace,Swansea,0,1.0,1.0,13.0,7.0,5.0,2.0,3.0,11.0,3.0,0.0,1,1624.05
567,2017-12-23,2017-18,West Ham,Newcastle,1,2.0,3.0,19.0,11.0,6.0,4.0,6.0,9.0,1.0,0.0,0,1640.59
567,2017-12-23,2017-18,Newcastle,West Ham,0,3.0,2.0,11.0,19.0,4.0,6.0,3.0,12.0,1.0,0.0,3,1607.64
568,2017-12-23,2017-18,Stoke,West Brom,1,3.0,1.0,9.0,17.0,5.0,7.0,1.0,9.0,1.0,0.0,3,1653.51
568,2017-12-23,2017-18,West Brom,Stoke,0,1.0,3.0,17.0,9.0,7.0,5.0,11.0,11.0,0.0,0.0,0,1634.24
569,2017-12-23,2017-18,Southampton,Huddersfield,1,1.0,1.0,12.0,10.0,6.0,3.0,9.0,16.0,2.0,0.0,1,1670.41
569,2017-12-23,2017-18,Huddersfield,Southampton,0,1.0,1.0,10.0,12.0,3.0,6.0,1.0,9.0,1.0,0.0,1,1535.49
570,2017-12-26,2017-18,Bournemouth,West Ham,1,3.0,3.0,26.0,10.0,10.0,5.0,7.0,12.0,3.0,0.0,1,1651.03
570,2017-12-26,2017-18,West Ham,Bournemouth,0,3.0,3.0,10.0,26.0,5.0,10.0,4.0,14.0,4.0,0.0,1,1640.59
571,2017-12-26,2017-18,Chelsea,Brighton,1,2.0,0.0,25.0,8.0,8.0,1.0,13.0,8.0,0.0,0.0,3,1914.79
571,2017-12-26,2017-18,Brighton,Chelsea,0,0.0,2.0,8.0,25.0,1.0,8.0,1.0,8.0,1.0,0.0,0,1606.02
572,2017-12-26,2017-18,Huddersfield,Stoke,1,1.0,1.0,18.0,15.0,8.0,7.0,8.0,9.0,2.0,0.0,1,1535.49
572,2017-12-26,2017-18,Stoke,Huddersfield,0,1.0,1.0,15.0,18.0,7.0,8.0,5.0,12.0,4.0,0.0,1,1653.51
573,2017-12-26,2017-18,Liverpool,Swansea,1,5.0,0.0,22.0,7.0,9.0,4.0,4.0,5.0,0.0,0.0,3,1870.26
573,2017-12-26,2017-18,Swansea,Liverpool,0,0.0,5.0,7.0,22.0,4.0,9.0,2.0,8.0,1.0,0.0,0,1619.42
574,2017-12-26,2017-18,Man United,Burnley,1,2.0,2.0,23.0,3.0,6.0,2.0,12.0,10.0,3.0,0.0,1,1914.03
574,2017-12-26,2017-18,Burnley,Man United,0,2.0,2.0,3.0,23.0,2.0,6.0,2.0,14.0,7.0,0.0,1,1700.95
575,2017-12-26,2017-18,Tottenham,Southampton,1,5.0,2.0,16.0,16.0,7.0,6.0,3.0,8.0,0.0,0.0,3,1913.42
575,2017-12-26,2017-18,Southampton,Tottenham,0,2.0,5.0,16.0,16.0,6.0,7.0,8.0,15.0,2.0,0.0,0,1670.41
576,2017-12-26,2017-18,Watford,Leicester,1,2.0,1.0,11.0,11.0,1.0,5.0,8.0,7.0,3.0,0.0,3,1656.77
576,2017-12-26,2017-18,Leicester,Watford,0,1.0,2.0,11.0,11.0,5.0,1.0,8.0,13.0,3.0,0.0,0,1757.48
577,2017-12-26,2017-18,West Brom,Everton,1,0.0,0.0,17.0,7.0,3.0,3.0,10.0,14.0,2.0,0.0,1,1634.24
577,2017-12-26,2017-18,Everton,West Brom,0,0.0,0.0,7.0,17.0,3.0,3.0,2.0,13.0,0.0,0.0,1,1700.45
578,2017-12-27,2017-18,Newcastle,Man City,1,0.0,1.0,6.0,22.0,2.0,6.0,3.0,11.0,1.0,0.0,0,1607.64
578,2017-12-27,2017-18,Man City,Newcastle,0,1.0,0.0,22.0,6.0,6.0,2.0,8.0,6.0,0.0,0.0,3,1975.23
579,2017-12-28,2017-18,Crystal Palace,Arsenal,1,2.0,3.0,16.0,16.0,2.0,9.0,5.0,12.0,0.0,0.0,0,1624.05
579,2017-12-28,2017-18,Arsenal,Crystal Palace,0,3.0,2.0,16.0,16.0,9.0,2.0,4.0,7.0,1.0,0.0,3,1842.88
580,2017-12-30,2017-18,Bournemouth,Everton,1,2.0,1.0,19.0,6.0,7.0,1.0,4.0,8.0,0.0,0.0,3,1651.03
580,2017-12-30,2017-18,Everton,Bournemouth,0,1.0,2.0,6.0,19.0,1.0,7.0,4.0,13.0,0.0,0.0,0,1700.45
581,2017-12-30,2017-18,Chelsea,Stoke,1,5.0,0.0,21.0,1.0,12.0,1.0,7.0,5.0,1.0,0.0,3,1914.79
581,2017-12-30,2017-18,Stoke,Chelsea,0,0.0,5.0,1.0,21.0,1.0,12.0,0.0,10.0,1.0,0.0,0,1653.51
582,2017-12-30,2017-18,Huddersfield,Burnley,1,0.0,0.0,3.0,11.0,1.0,4.0,5.0,14.0,2.0,0.0,1,1535.49
582,2017-12-30,2017-18,Burnley,Huddersfield,0,0.0,0.0,11.0,3.0,4.0,1.0,4.0,14.0,1.0,0.0,1,1700.95
583,2017-12-30,2017-18,Liverpool,Leicester,1,2.0,1.0,17.0,7.0,6.0,1.0,7.0,7.0,3.0,0.0,3,1870.26
583,2017-12-30,2017-18,Leicester,Liverpool,0,1.0,2.0,7.0,17.0,1.0,6.0,1.0,3.0,2.0,0.0,0,1757.48
584,2017-12-30,2017-18,Man United,Southampton,1,0.0,0.0,15.0,8.0,3.0,3.0,10.0,12.0,2.0,0.0,1,1914.03
584,2017-12-30,2017-18,Southampton,Man United,0,0.0,0.0,8.0,15.0,3.0,3.0,7.0,13.0,4.0,0.0,1,1670.41
585,2017-12-30,2017-18,Newcastle,Brighton,1,0.0,0.0,11.0,10.0,2.0,3.0,3.0,11.0,2.0,0.0,1,1607.64
585,2017-12-30,2017-18,Brighton,Newcastle,0,0.0,0.0,10.0,11.0,3.0,2.0,6.0,10.0,2.0,0.0,1,1606.02
586,2017-12-30,2017-18,Watford,Swansea,1,1.0,2.0,9.0,9.0,4.0,4.0,1.0,14.0,4.0,0.0,0,1656.77
586,2017-12-30,2017-18,Swansea,Watford,0,2.0,1.0,9.0,9.0,4.0,4.0,8.0,13.0,2.0,0.0,3,1619.42
587,2017-12-31,2017-18,Crystal Palace,Man City,1,0.0,0.0,10.0,15.0,1.0,4.0,7.0,14.0,5.0,0.0,1,1624.05
587,2017-12-31,2017-18,Man City,Crystal Palace,0,0.0,0.0,15.0,10.0,4.0,1.0,8.0,11.0,4.0,0.0,1,1975.23
588,2017-12-31,2017-18,West Brom,Arsenal,1,1.0,1.0,14.0,14.0,3.0,4.0,5.0,14.0,3.0,0.0,1,1634.24
588,2017-12-31,2017-18,Arsenal,West Brom,0,1.0,1.0,14.0,14.0,4.0,3.0,6.0,9.0,3.0,0.0,1,1842.88
589,2018-01-01,2017-18,Burnley,Liverpool,1,1.0,2.0,13.0,19.0,4.0,5.0,3.0,4.0,0.0,0.0,0,1696.47
589,2018-01-01,2017-18,Liverpool,Burnley,0,2.0,1.0,19.0,13.0,5.0,4.0,9.0,12.0,0.0,0.0,3,1886.25
590,2018-01-01,2017-18,Leicester,Huddersfield,1,3.0,0.0,11.0,6.0,5.0,1.0,4.0,7.0,1.0,0.0,3,1726.59
590,2018-01-01,2017-18,Huddersfield,Leicester,0,0.0,3.0,6.0,11.0,1.0,5.0,1.0,9.0,1.0,0.0,0,1564.53
591,2018-01-01,2017-18,Brighton,Bournemouth,1,2.0,2.0,15.0,26.0,6.0,8.0,5.0,13.0,2.0,0.0,1,1613.72
591,2018-01-01,2017-18,Bournemouth,Brighton,0,2.0,2.0,26.0,15.0,8.0,6.0,12.0,9.0,1.0,0.0,1,1647.4
592,2018-01-01,2017-18,Stoke,Newcastle,1,0.0,1.0,11.0,14.0,4.0,6.0,10.0,10.0,3.0,0.0,0,1641.16
592,2018-01-01,2017-18,Newcastle,Stoke,0,1.0,0.0,14.0,11.0,6.0,4.0,5.0,11.0,1.0,0.0,3,1613.03
593,2018-01-01,2017-18,Everton,Man United,1,0.0,2.0,12.0,21.0,0.0,6.0,6.0,11.0,2.0,0.0,0,1702.06
593,2018-01-01,2017-18,Man United,Everton,0,2.0,0.0,21.0,12.0,6.0,0.0,6.0,10.0,0.0,0.0,3,1900.16
594,2018-01-02,2017-18,Man City,Watford,1,3.0,1.0,17.0,7.0,7.0,4.0,9.0,8.0,1.0,0.0,3,1981.2
594,2018-01-02,2017-18,Watford,Man City,0,1.0,3.0,7.0,17.0,4.0,7.0,1.0,12.0,1.0,0.0,0,1626.99
595,2018-01-02,2017-18,Southampton,Crystal Palace,1,1.0,2.0,10.0,11.0,3.0,4.0,4.0,8.0,0.0,0.0,0,1667.45
595,2018-01-02,2017-18,Crystal Palace,Southampton,0,2.0,1.0,11.0,10.0,4.0,3.0,7.0,11.0,1.0,0.0,3,1648.83
596,2018-01-02,2017-18,Swansea,Tottenham,1,0.0,2.0,8.0,12.0,1.0,5.0,6.0,12.0,2.0,0.0,0,1618.33
596,2018-01-02,2017-18,Tottenham,Swansea,0,2.0,0.0,12.0,8.0,5.0,1.0,5.0,9.0,2.0,0.0,3,1916.21
597,2018-01-02,2017-18,West Ham,West Brom,1,2.0,1.0,13.0,10.0,5.0,3.0,3.0,12.0,3.0,0.0,3,1647.93
597,2018-01-02,2017-18,West Brom,West Ham,0,1.0,2.0,10.0,13.0,3.0,5.0,4.0,12.0,2.0,0.0,0,1627.17
598,2018-01-03,2017-18,Arsenal,Chelsea,1,2.0,2.0,14.0,19.0,6.0,6.0,10.0,11.0,3.0,0.0,1,1844.33
598,2018-01-03,2017-18,Chelsea,Arsenal,0,2.0,2.0,19.0,14.0,6.0,6.0,8.0,11.0,2.0,0.0,1,1918.83
599,2018-01-04,2017-18,Tottenham,West Ham,1,1.0,1.0,31.0,3.0,8.0,1.0,7.0,10.0,0.0,0.0,1,1916.21
599,2018-01-04,2017-18,West Ham,Tottenham,0,1.0,1.0,3.0,31.0,1.0,8.0,1.0,6.0,2.0,0.0,1,1647.93
600,2018-01-13,2017-18,Huddersfield,West Ham,1,1.0,4.0,8.0,8.0,2.0,6.0,7.0,7.0,1.0,0.0,0,1564.53
600,2018-01-13,2017-18,West Ham,Huddersfield,0,4.0,1.0,8.0,8.0,6.0,2.0,3.0,9.0,1.0,0.0,3,1647.93
601,2018-01-13,2017-18,Crystal Palace,Burnley,1,1.0,0.0,17.0,8.0,2.0,2.0,3.0,16.0,0.0,0.0,3,1648.83
601,2018-01-13,2017-18,Burnley,Crystal Palace,0,0.0,1.0,8.0,17.0,2.0,2.0,2.0,10.0,3.0,0.0,0,1696.47
602,2018-01-13,2017-18,Watford,Southampton,1,2.0,2.0,16.0,10.0,4.0,4.0,5.0,11.0,0.0,0.0,1,1626.99
602,2018-01-13,2017-18,Southampton,Watford,0,2.0,2.0,10.0,16.0,4.0,4.0,4.0,13.0,5.0,0.0,1,1667.45
603,2018-01-13,2017-18,Chelsea,Leicester,1,0.0,0.0,17.0,14.0,7.0,1.0,6.0,14.0,2.0,0.0,1,1918.83
603,2018-01-13,2017-18,Leicester,Chelsea,0,0.0,0.0,14.0,17.0,1.0,7.0,3.0,13.0,2.0,1.0,1,1726.59
604,2018-01-13,2017-18,Tottenham,Everton,1,4.0,0.0,20.0,7.0,10.0,0.0,3.0,11.0,0.0,0.0,3,1916.21
604,2018-01-13,2017-18,Everton,Tottenham,0,0.0,4.0,7.0,20.0,0.0,10.0,3.0,15.0,2.0,0.0,0,1702.06
605,2018-01-13,2017-18,West Brom,Brighton,1,2.0,0.0,15.0,13.0,4.0,1.0,9.0,8.0,0.0,0.0,3,1627.17
605,2018-01-13,2017-18,Brighton,West Brom,0,0.0,2.0,13.0,15.0,1.0,4.0,6.0,15.0,0.0,0.0,0,1613.72
606,2018-01-13,2017-18,Newcastle,Swansea,1,1.0,1.0,12.0,8.0,4.0,5.0,4.0,11.0,0.0,0.0,1,1613.03
606,2018-01-13,2017-18,Swansea,Newcastle,0,1.0,1.0,8.0,12.0,5.0,4.0,5.0,10.0,3.0,0.0,1,1618.33
607,2018-01-14,2017-18,Bournemouth,Arsenal,1,2.0,1.0,13.0,12.0,5.0,3.0,4.0,8.0,2.0,0.0,3,1647.4
607,2018-01-14,2017-18,Arsenal,Bournemouth,0,1.0,2.0,12.0,13.0,3.0,5.0,5.0,10.0,2.0,0.0,0,1844.33
608,2018-01-14,2017-18,Liverpool,Man City,1,4.0,3.0,16.0,11.0,7.0,4.0,5.0,10.0,2.0,0.0,3,1886.25
608,2018-01-14,2017-18,Man City,Liverpool,0,3.0,4.0,11.0,16.0,4.0,7.0,6.0,7.0,3.0,0.0,0,1981.2
609,2018-01-15,2017-18,Man United,Stoke,1,3.0,0.0,20.0,11.0,9.0,5.0,6.0,14.0,2.0,0.0,3,1906.77
609,2018-01-15,2017-18,Stoke,Man United,0,0.0,3.0,11.0,20.0,5.0,9.0,1.0,10.0,1.0,0.0,0,1630.94
610,2018-01-20,2017-18,Stoke,Huddersfield,1,2.0,0.0,11.0,6.0,6.0,3.0,3.0,18.0,1.0,0.0,3,1630.94
610,2018-01-20,2017-18,Huddersfield,Stoke,0,0.0,2.0,6.0,11.0,3.0,6.0,2.0,13.0,1.0,0.0,0,1547.2
611,2018-01-20,2017-18,West Ham,Bournemouth,1,1.0,1.0,12.0,8.0,4.0,3.0,6.0,8.0,3.0,0.0,1,1673.15
611,2018-01-20,2017-18,Bournemouth,West Ham,0,1.0,1.0,8.0,12.0,3.0,4.0,3.0,7.0,1.0,0.0,1,1659.69
612,2018-01-20,2017-18,Arsenal,Crystal Palace,1,4.0,1.0,16.0,9.0,10.0,5.0,5.0,6.0,0.0,0.0,3,1833.3
612,2018-01-20,2017-18,Crystal Palace,Arsenal,0,1.0,4.0,9.0,16.0,5.0,10.0,10.0,8.0,0.0,0.0,0,1666.34
613,2018-01-20,2017-18,Brighton,Chelsea,1,0.0,4.0,10.0,14.0,3.0,10.0,5.0,12.0,3.0,0.0,0,1603.62
613,2018-01-20,2017-18,Chelsea,Brighton,0,4.0,0.0,14.0,10.0,10.0,3.0,3.0,5.0,0.0,0.0,3,1912.28
614,2018-01-20,2017-18,Burnley,Man United,1,0.0,1.0,13.0,12.0,2.0,2.0,5.0,7.0,3.0,0.0,0,1684.05
614,2018-01-20,2017-18,Man United,Burnley,0,1.0,0.0,12.0,13.0,2.0,2.0,4.0,12.0,3.0,0.0,3,1906.77
615,2018-01-20,2017-18,Everton,West Brom,1,1.0,1.0,9.0,15.0,4.0,5.0,0.0,15.0,2.0,0.0,1,1690.68
615,2018-01-20,2017-18,West Brom,Everton,0,1.0,1.0,15.0,9.0,5.0,4.0,3.0,10.0,1.0,0.0,1,1630.46
616,2018-01-20,2017-18,Leicester,Watford,1,2.0,0.0,9.0,11.0,5.0,3.0,4.0,11.0,0.0,0.0,3,1738.09
616,2018-01-20,2017-18,Watford,Leicester,0,0.0,2.0,11.0,9.0,3.0,5.0,5.0,10.0,0.0,0.0,0,1624.83
617,2018-01-20,2017-18,Man City,Newcastle,1,3.0,1.0,21.0,6.0,9.0,4.0,18.0,5.0,0.0,0.0,3,1973.84
617,2018-01-20,2017-18,Newcastle,Man City,0,1.0,3.0,6.0,21.0,4.0,9.0,0.0,10.0,1.0,0.0,0,1621.44
618,2018-01-21,2017-18,Southampton,Tottenham,1,1.0,1.0,10.0,17.0,4.0,2.0,2.0,8.0,2.0,0.0,1,1658.18
618,2018-01-21,2017-18,Tottenham,Southampton,0,1.0,1.0,17.0,10.0,2.0,4.0,9.0,15.0,3.0,0.0,1,1917.62
619,2018-01-22,2017-18,Swansea,Liverpool,1,1.0,0.0,3.0,21.0,2.0,4.0,3.0,5.0,0.0,0.0,3,1616.22
619,2018-01-22,2017-18,Liverpool,Swansea,0,0.0,1.0,21.0,3.0,4.0,2.0,9.0,9.0,2.0,0.0,0,1899.96
620,2018-01-30,2017-18,West Ham,Crystal Palace,1,1.0,1.0,8.0,9.0,3.0,3.0,5.0,11.0,1.0,0.0,1,1673.15
620,2018-01-30,2017-18,Crystal Palace,West Ham,0,1.0,1.0,9.0,8.0,3.0,3.0,3.0,15.0,3.0,0.0,1,1666.34
621,2018-01-30,2017-18,Huddersfield,Liverpool,1,0.0,3.0,5.0,14.0,1.0,7.0,1.0,8.0,0.0,0.0,0,1547.2
621,2018-01-30,2017-18,Liverpool,Huddersfield,0,3.0,0.0,14.0,5.0,7.0,1.0,4.0,8.0,0.0,0.0,3,1899.96
622,2018-01-30,2017-18,Swansea,Arsenal,1,3.0,1.0,12.0,9.0,4.0,4.0,4.0,4.0,0.0,0.0,3,1616.22
622,2018-01-30,2017-18,Arsenal,Swansea,0,1.0,3.0,9.0,12.0,4.0,4.0,3.0,8.0,3.0,0.0,0,1833.3
623,2018-01-31,2017-18,Chelsea,Bournemouth,1,0.0,3.0,21.0,11.0,5.0,5.0,8.0,5.0,1.0,0.0,0,1912.28
623,2018-01-31,2017-18,Bournemouth,Chelsea,0,3.0,0.0,11.0,21.0,5.0,5.0,5.0,12.0,0.0,0.0,3,1659.69
624,2018-01-31,2017-18,Everton,Leicester,1,2.0,1.0,9.0,8.0,4.0,1.0,5.0,9.0,0.0,0.0,3,1690.68
624,2018-01-31,2017-18,Leicester,Everton,0,1.0,2.0,8.0,9.0,1.0,4.0,5.0,10.0,2.0,0.0,0,1738.09
625,2018-01-31,2017-18,Man City,West Brom,1,3.0,0.0,19.0,3.0,10.0,1.0,9.0,10.0,1.0,0.0,3,1973.84
625,2018-01-31,2017-18,West Brom,Man City,0,0.0,3.0,3.0,19.0,1.0,10.0,1.0,10.0,3.0,0.0,0,1630.46
626,2018-01-31,2017-18,Newcastle,Burnley,1,1.0,1.0,14.0,11.0,4.0,2.0,7.0,15.0,1.0,0.0,1,1621.44
626,2018-01-31,2017-18,Burnley,Newcastle,0,1.0,1.0,11.0,14.0,2.0,4.0,4.0,15.0,2.0,0.0,1,1684.05
627,2018-01-31,2017-18,Southampton,Brighton,1,1.0,1.0,18.0,9.0,3.0,2.0,7.0,8.0,3.0,0.0,1,1658.18
627,2018-01-31,2017-18,Brighton,Southampton,0,1.0,1.0,9.0,18.0,2.0,3.0,2.0,10.0,1.0,0.0,1,1603.62
628,2018-01-31,2017-18,Stoke,Watford,1,0.0,0.0,11.0,12.0,4.0,2.0,2.0,12.0,4.0,0.0,1,1630.94
628,2018-01-31,2017-18,Watford,Stoke,0,0.0,0.0,12.0,11.0,2.0,4.0,6.0,12.0,3.0,0.0,1,1624.83
629,2018-01-31,2017-18,Tottenham,Man United,1,2.0,0.0,22.0,6.0,6.0,3.0,6.0,10.0,2.0,0.0,3,1917.62
629,2018-01-31,2017-18,Man United,Tottenham,0,0.0,2.0,6.0,22.0,3.0,6.0,3.0,13.0,2.0,0.0,0,1906.77
630,2018-02-03,2017-18,Brighton,West Ham,1,3.0,1.0,21.0,4.0,5.0,1.0,4.0,11.0,3.0,0.0,3,1601.47
630,2018-02-03,2017-18,West Ham,Brighton,0,1.0,3.0,4.0,21.0,1.0,5.0,1.0,7.0,1.0,0.0,0,1669.44
631,2018-02-03,2017-18,Burnley,Man City,1,1.0,1.0,8.0,20.0,3.0,7.0,3.0,9.0,4.0,0.0,1,1679.62
631,2018-02-03,2017-18,Man City,Burnley,0,1.0,1.0,20.0,8.0,7.0,3.0,13.0,6.0,1.0,0.0,1,1977.56
632,2018-02-03,2017-18,Arsenal,Everton,1,5.0,1.0,15.0,11.0,7.0,2.0,4.0,8.0,2.0,0.0,3,1821.6
632,2018-02-03,2017-18,Everton,Arsenal,0,1.0,5.0,11.0,15.0,2.0,7.0,6.0,8.0,0.0,0.0,0,1695.6
633,2018-02-03,2017-18,West Brom,Southampton,1,2.0,3.0,9.0,13.0,3.0,5.0,5.0,12.0,2.0,0.0,0,1631.51
633,2018-02-03,2017-18,Southampton,West Brom,0,3.0,2.0,13.0,9.0,5.0,3.0,7.0,10.0,1.0,0.0,3,1660.3
634,2018-02-03,2017-18,Man United,Huddersfield,1,2.0,0.0,16.0,4.0,7.0,0.0,5.0,5.0,2.0,0.0,3,1904.47
634,2018-02-03,2017-18,Huddersfield,Man United,0,0.0,2.0,4.0,16.0,0.0,7.0,2.0,19.0,4.0,0.0,0,1536.83
635,2018-02-03,2017-18,Leicester,Swansea,1,1.0,1.0,13.0,3.0,5.0,1.0,3.0,9.0,1.0,0.0,1,1735.67
635,2018-02-03,2017-18,Swansea,Leicester,0,1.0,1.0,3.0,13.0,1.0,5.0,3.0,8.0,0.0,0.0,1,1646.9
636,2018-02-03,2017-18,Bournemouth,Stoke,1,2.0,1.0,15.0,13.0,8.0,4.0,8.0,14.0,2.0,0.0,3,1687.61
636,2018-02-03,2017-18,Stoke,Bournemouth,0,1.0,2.0,13.0,15.0,4.0,8.0,1.0,19.0,3.0,0.0,0,1632.81
637,2018-02-04,2017-18,Crystal Palace,Newcastle,1,1.0,1.0,21.0,11.0,6.0,8.0,5.0,11.0,1.0,0.0,1,1662.71
637,2018-02-04,2017-18,Newcastle,Crystal Palace,0,1.0,1.0,11.0,21.0,8.0,6.0,6.0,8.0,1.0,0.0,1,1620.11
638,2018-02-04,2017-18,Liverpool,Tottenham,1,2.0,2.0,9.0,13.0,3.0,6.0,3.0,15.0,3.0,0.0,1,1889.91
638,2018-02-04,2017-18,Tottenham,Liverpool,0,2.0,2.0,13.0,9.0,6.0,3.0,7.0,9.0,1.0,0.0,1,1921.82
639,2018-02-05,2017-18,Watford,Chelsea,1,4.0,1.0,21.0,7.0,8.0,3.0,6.0,11.0,2.0,0.0,3,1621.03
639,2018-02-05,2017-18,Chelsea,Watford,0,1.0,4.0,7.0,21.0,3.0,8.0,2.0,8.0,2.0,1.0,0,1891.67
640,2018-02-10,2017-18,Everton,Crystal Palace,1,3.0,1.0,11.0,16.0,5.0,4.0,8.0,14.0,1.0,0.0,3,1695.6
640,2018-02-10,2017-18,Crystal Palace,Everton,0,1.0,3.0,16.0,11.0,4.0,5.0,7.0,15.0,1.0,0.0,0,1662.71
641,2018-02-10,2017-18,Man City,Leicester,1,5.0,1.0,19.0,2.0,11.0,2.0,8.0,10.0,2.0,0.0,3,1977.56
641,2018-02-10,2017-18,Leicester,Man City,0,1.0,5.0,2.0,19.0,2.0,11.0,2.0,12.0,3.0,0.0,0,1735.67
642,2018-02-10,2017-18,Stoke,Brighton,1,1.0,1.0,15.0,14.0,3.0,6.0,7.0,6.0,0.0,0.0,1,1632.81
642,2018-02-10,2017-18,Brighton,Stoke,0,1.0,1.0,14.0,15.0,6.0,3.0,4.0,10.0,0.0,0.0,1,1601.47
643,2018-02-10,2017-18,Swansea,Burnley,1,1.0,0.0,12.0,13.0,4.0,1.0,5.0,10.0,2.0,0.0,3,1646.9
643,2018-02-10,2017-18,Burnley,Swansea,0,0.0,1.0,13.0,12.0,1.0,4.0,2.0,9.0,1.0,0.0,0,1679.62
644,2018-02-10,2017-18,Tottenham,Arsenal,1,1.0,0.0,18.0,6.0,6.0,1.0,10.0,13.0,2.0,0.0,3,1921.82
644,2018-02-10,2017-18,Arsenal,Tottenham,0,0.0,1.0,6.0,18.0,1.0,6.0,2.0,9.0,1.0,0.0,0,1821.6
645,2018-02-10,2017-18,West Ham,Watford,1,2.0,0.0,8.0,11.0,4.0,4.0,8.0,11.0,1.0,0.0,3,1669.44
645,2018-02-10,2017-18,Watford,West Ham,0,0.0,2.0,11.0,8.0,4.0,4.0,7.0,7.0,1.0,0.0,0,1621.03
646,2018-02-11,2017-18,Southampton,Liverpool,1,0.0,2.0,6.0,16.0,4.0,4.0,3.0,5.0,1.0,0.0,0,1660.3
646,2018-02-11,2017-18,Liverpool,Southampton,0,2.0,0.0,16.0,6.0,4.0,4.0,1.0,8.0,2.0,0.0,3,1889.91
647,2018-02-11,2017-18,Huddersfield,Bournemouth,1,4.0,1.0,15.0,7.0,4.0,2.0,2.0,12.0,0.0,0.0,3,1536.83
647,2018-02-11,2017-18,Bournemouth,Huddersfield,0,1.0,4.0,7.0,15.0,2.0,4.0,6.0,12.0,3.0,0.0,0,1687.61
648,2018-02-11,2017-18,Newcastle,Man United,1,1.0,0.0,10.0,13.0,3.0,6.0,0.0,12.0,0.0,0.0,3,1620.11
648,2018-02-11,2017-18,Man United,Newcastle,0,0.0,1.0,13.0,10.0,6.0,3.0,10.0,15.0,2.0,0.0,0,1904.47
649,2018-02-12,2017-18,Chelsea,West Brom,1,3.0,0.0,20.0,8.0,8.0,1.0,8.0,11.0,0.0,0.0,3,1891.67
649,2018-02-12,2017-18,West Brom,Chelsea,0,0.0,3.0,8.0,20.0,1.0,8.0,7.0,11.0,2.0,0.0,0,1631.51
650,2018-02-24,2017-18,Leicester,Stoke,1,1.0,1.0,19.0,6.0,9.0,2.0,13.0,10.0,1.0,0.0,1,1734.6
650,2018-02-24,2017-18,Stoke,Leicester,0,1.0,1.0,6.0,19.0,2.0,9.0,1.0,16.0,3.0,0.0,1,1632.44
651,2018-02-24,2017-18,Bournemouth,Newcastle,1,2.0,2.0,18.0,15.0,5.0,4.0,8.0,12.0,1.0,0.0,1,1681.62
651,2018-02-24,2017-18,Newcastle,Bournemouth,0,2.0,2.0,15.0,18.0,4.0,5.0,1.0,10.0,4.0,0.0,1,1643.49
652,2018-02-24,2017-18,Burnley,Southampton,1,1.0,1.0,9.0,13.0,3.0,6.0,7.0,8.0,1.0,0.0,1,1684.91
652,2018-02-24,2017-18,Southampton,Burnley,0,1.0,1.0,13.0,9.0,6.0,3.0,5.0,14.0,0.0,0.0,1,1670.29
653,2018-02-24,2017-18,Watford,Everton,1,1.0,0.0,13.0,7.0,5.0,2.0,6.0,10.0,3.0,0.0,3,1642.21
653,2018-02-24,2017-18,Everton,Watford,0,0.0,1.0,7.0,13.0,2.0,5.0,5.0,9.0,1.0,0.0,0,1703.32
654,2018-02-24,2017-18,Liverpool,West Ham,1,4.0,1.0,21.0,7.0,12.0,4.0,8.0,7.0,0.0,0.0,3,1914.43
654,2018-02-24,2017-18,West Ham,Liverpool,0,1.0,4.0,7.0,21.0,4.0,12.0,2.0,7.0,2.0,0.0,0,1673.04
655,2018-02-24,2017-18,West Brom,Huddersfield,1,1.0,2.0,10.0,16.0,3.0,7.0,6.0,11.0,1.0,0.0,0,1626.13
655,2018-02-24,2017-18,Huddersfield,West Brom,0,2.0,1.0,16.0,10.0,7.0,3.0,3.0,9.0,1.0,0.0,3,1560.52
656,2018-02-24,2017-18,Brighton,Swansea,1,4.0,1.0,16.0,11.0,5.0,1.0,3.0,17.0,1.0,0.0,3,1622.45
656,2018-02-24,2017-18,Swansea,Brighton,0,1.0,4.0,11.0,16.0,1.0,5.0,5.0,6.0,0.0,0.0,0,1665.4
657,2018-02-25,2017-18,Crystal Palace,Tottenham,1,0.0,1.0,5.0,14.0,3.0,4.0,2.0,12.0,0.0,0.0,0,1658.52
657,2018-02-25,2017-18,Tottenham,Crystal Palace,0,1.0,0.0,14.0,5.0,4.0,3.0,13.0,5.0,1.0,0.0,3,1939.09
658,2018-02-25,2017-18,Man United,Chelsea,1,2.0,1.0,10.0,14.0,5.0,7.0,3.0,13.0,2.0,0.0,3,1899.15
658,2018-02-25,2017-18,Chelsea,Man United,0,1.0,2.0,14.0,10.0,7.0,5.0,4.0,12.0,2.0,0.0,0,1879.12
659,2018-03-01,2017-18,Arsenal,Man City,1,0.0,3.0,10.0,9.0,5.0,5.0,6.0,11.0,1.0,0.0,0,1833.16
659,2018-03-01,2017-18,Man City,Arsenal,0,3.0,0.0,9.0,10.0,5.0,5.0,1.0,11.0,1.0,0.0,3,1986.26
660,2018-03-03,2017-18,Burnley,Everton,1,2.0,1.0,21.0,10.0,8.0,4.0,10.0,9.0,1.0,0.0,3,1682.91
660,2018-03-03,2017-18,Everton,Burnley,0,1.0,2.0,10.0,21.0,4.0,8.0,4.0,12.0,1.0,1.0,0,1695.45
661,2018-03-03,2017-18,Leicester,Bournemouth,1,1.0,1.0,23.0,8.0,4.0,3.0,13.0,11.0,2.0,0.0,1,1730.36
661,2018-03-03,2017-18,Bournemouth,Leicester,0,1.0,1.0,8.0,23.0,3.0,4.0,1.0,7.0,1.0,0.0,1,1678.98
662,2018-03-03,2017-18,Watford,West Brom,1,1.0,0.0,15.0,9.0,4.0,2.0,4.0,11.0,2.0,0.0,3,1650.32
662,2018-03-03,2017-18,West Brom,Watford,0,0.0,1.0,9.0,15.0,2.0,4.0,6.0,12.0,0.0,0.0,0,1614.77
663,2018-03-03,2017-18,Liverpool,Newcastle,1,2.0,0.0,14.0,7.0,3.0,2.0,8.0,7.0,0.0,0.0,3,1917.92
663,2018-03-03,2017-18,Newcastle,Liverpool,0,0.0,2.0,7.0,14.0,2.0,3.0,3.0,9.0,0.0,0.0,0,1646.37
664,2018-03-03,2017-18,Swansea,West Ham,1,4.0,1.0,9.0,7.0,8.0,2.0,4.0,9.0,0.0,0.0,3,1652.17
664,2018-03-03,2017-18,West Ham,Swansea,0,1.0,4.0,7.0,9.0,2.0,8.0,5.0,14.0,3.0,0.0,0,1669.8
665,2018-03-03,2017-18,Tottenham,Huddersfield,1,2.0,0.0,15.0,3.0,7.0,3.0,8.0,6.0,1.0,0.0,3,1942.27
665,2018-03-03,2017-18,Huddersfield,Tottenham,0,0.0,2.0,3.0,15.0,3.0,7.0,1.0,8.0,1.0,0.0,0,1572.12
666,2018-03-03,2017-18,Southampton,Stoke,1,0.0,0.0,18.0,12.0,6.0,3.0,15.0,8.0,0.0,0.0,1,1672.53
666,2018-03-03,2017-18,Stoke,Southampton,0,0.0,0.0,12.0,18.0,3.0,6.0,4.0,13.0,1.0,0.0,1,1636.92
667,2018-03-04,2017-18,Brighton,Arsenal,1,2.0,1.0,13.0,15.0,6.0,7.0,6.0,13.0,3.0,0.0,3,1635.92
667,2018-03-04,2017-18,Arsenal,Brighton,0,1.0,2.0,15.0,13.0,7.0,6.0,11.0,12.0,3.0,0.0,0,1833.16
668,2018-03-04,2017-18,Man City,Chelsea,1,1.0,0.0,13.0,3.0,3.0,0.0,5.0,8.0,2.0,0.0,3,1986.26
668,2018-03-04,2017-18,Chelsea,Man City,0,0.0,1.0,3.0,13.0,0.0,3.0,2.0,9.0,1.0,0.0,0,1872.44
669,2018-03-05,2017-18,Crystal Palace,Man United,1,2.0,3.0,10.0,17.0,4.0,8.0,3.0,10.0,1.0,0.0,0,1655.58
669,2018-03-05,2017-18,Man United,Crystal Palace,0,3.0,2.0,17.0,10.0,8.0,4.0,7.0,8.0,3.0,0.0,3,1905.14
670,2018-03-10,2017-18,Chelsea,Crystal Palace,1,2.0,1.0,27.0,9.0,11.0,2.0,12.0,8.0,1.0,0.0,3,1872.44
670,2018-03-10,2017-18,Crystal Palace,Chelsea,0,1.0,2.0,9.0,27.0,2.0,11.0,3.0,9.0,2.0,0.0,0,1655.58
671,2018-03-10,2017-18,Everton,Brighton,1,2.0,0.0,13.0,10.0,3.0,4.0,10.0,10.0,0.0,0.0,3,1695.45
671,2018-03-10,2017-18,Brighton,Everton,0,0.0,2.0,10.0,13.0,4.0,3.0,3.0,14.0,1.0,1.0,0,1635.92
672,2018-03-10,2017-18,Huddersfield,Swansea,1,0.0,0.0,30.0,0.0,4.0,0.0,12.0,9.0,2.0,0.0,1,1572.12
672,2018-03-10,2017-18,Swansea,Huddersfield,0,0.0,0.0,0.0,30.0,0.0,4.0,0.0,9.0,3.0,1.0,1,1652.17
673,2018-03-10,2017-18,Man United,Liverpool,1,2.0,1.0,5.0,14.0,2.0,2.0,1.0,10.0,2.0,0.0,3,1905.14
673,2018-03-10,2017-18,Liverpool,Man United,0,1.0,2.0,14.0,5.0,2.0,2.0,13.0,16.0,1.0,0.0,0,1917.92
674,2018-03-10,2017-18,Newcastle,Southampton,1,3.0,0.0,7.0,6.0,5.0,2.0,2.0,10.0,0.0,0.0,3,1646.37
674,2018-03-10,2017-18,Southampton,Newcastle,0,0.0,3.0,6.0,7.0,2.0,5.0,6.0,10.0,2.0,0.0,0,1672.53
675,2018-03-10,2017-18,West Brom,Leicester,1,1.0,4.0,6.0,14.0,2.0,6.0,7.0,6.0,1.0,0.0,0,1614.77
675,2018-03-10,2017-18,Leicester,West Brom,0,4.0,1.0,14.0,6.0,6.0,2.0,6.0,7.0,3.0,0.0,3,1730.36
676,2018-03-10,2017-18,West Ham,Burnley,1,0.0,3.0,13.0,7.0,4.0,4.0,5.0,13.0,2.0,0.0,0,1669.8
676,2018-03-10,2017-18,Burnley,West Ham,0,3.0,0.0,7.0,13.0,4.0,4.0,1.0,7.0,2.0,0.0,3,1682.91
677,2018-03-11,2017-18,Arsenal,Watford,1,3.0,0.0,11.0,11.0,7.0,4.0,4.0,12.0,2.0,0.0,3,1833.16
677,2018-03-11,2017-18,Watford,Arsenal,0,0.0,3.0,11.0,11.0,4.0,7.0,9.0,9.0,1.0,0.0,0,1650.32
678,2018-03-11,2017-18,Bournemouth,Tottenham,1,1.0,4.0,14.0,12.0,3.0,8.0,4.0,10.0,1.0,0.0,0,1678.98
678,2018-03-11,2017-18,Tottenham,Bournemouth,0,4.0,1.0,12.0,14.0,8.0,3.0,5.0,7.0,1.0,0.0,3,1942.27
679,2018-03-12,2017-18,Stoke,Man City,1,0.0,2.0,3.0,17.0,0.0,6.0,3.0,6.0,1.0,0.0,0,1636.92
679,2018-03-12,2017-18,Man City,Stoke,0,2.0,0.0,17.0,3.0,6.0,0.0,10.0,8.0,0.0,0.0,3,1986.26
680,2018-03-17,2017-18,Bournemouth,West Brom,1,2.0,1.0,17.0,11.0,5.0,6.0,3.0,6.0,1.0,0.0,3,1665.7
680,2018-03-17,2017-18,West Brom,Bournemouth,0,1.0,2.0,11.0,17.0,6.0,5.0,2.0,9.0,2.0,0.0,0,1587.5
681,2018-03-17,2017-18,Huddersfield,Crystal Palace,1,0.0,2.0,6.0,17.0,2.0,6.0,4.0,11.0,3.0,0.0,0,1561.7
681,2018-03-17,2017-18,Crystal Palace,Huddersfield,0,2.0,0.0,17.0,6.0,6.0,2.0,7.0,12.0,2.0,0.0,3,1639.34
682,2018-03-17,2017-18,Liverpool,Watford,1,5.0,0.0,13.0,4.0,10.0,1.0,6.0,5.0,1.0,0.0,3,1902.26
682,2018-03-17,2017-18,Watford,Liverpool,0,0.0,5.0,4.0,13.0,1.0,10.0,1.0,4.0,0.0,0.0,0,1640.89
683,2018-03-17,2017-18,Stoke,Everton,1,1.0,2.0,9.0,17.0,4.0,9.0,1.0,13.0,1.0,1.0,0,1626.66
683,2018-03-17,2017-18,Everton,Stoke,0,2.0,1.0,17.0,9.0,9.0,4.0,9.0,12.0,1.0,0.0,3,1686.49
684,2018-03-31,2017-18,Brighton,Leicester,1,0.0,2.0,15.0,6.0,3.0,4.0,6.0,11.0,2.0,0.0,0,1629.19
684,2018-03-31,2017-18,Leicester,Brighton,0,2.0,0.0,6.0,15.0,4.0,3.0,1.0,13.0,4.0,1.0,3,1728.59
685,2018-03-31,2017-18,Crystal Palace,Liverpool,1,1.0,2.0,6.0,16.0,3.0,6.0,4.0,6.0,2.0,0.0,0,1639.34
685,2018-03-31,2017-18,Liverpool,Crystal Palace,0,2.0,1.0,16.0,6.0,6.0,3.0,6.0,8.0,2.0,0.0,3,1902.26
686,2018-03-31,2017-18,Everton,Man City,1,1.0,3.0,6.0,18.0,2.0,4.0,2.0,10.0,0.0,0.0,0,1686.49
686,2018-03-31,2017-18,Man City,Everton,0,3.0,1.0,18.0,6.0,4.0,2.0,11.0,8.0,0.0,0.0,3,1990.83
687,2018-03-31,2017-18,Man United,Swansea,1,2.0,0.0,11.0,3.0,5.0,2.0,3.0,5.0,0.0,0.0,3,1887.72
687,2018-03-31,2017-18,Swansea,Man United,0,0.0,2.0,3.0,11.0,2.0,5.0,3.0,13.0,0.0,0.0,0,1652.98
688,2018-03-31,2017-18,Newcastle,Huddersfield,1,1.0,0.0,18.0,4.0,3.0,0.0,3.0,9.0,1.0,0.0,3,1646.49
688,2018-03-31,2017-18,Huddersfield,Newcastle,0,0.0,1.0,4.0,18.0,0.0,3.0,3.0,10.0,4.0,0.0,0,1561.7
689,2018-03-31,2017-18,Watford,Bournemouth,1,2.0,2.0,16.0,13.0,5.0,6.0,7.0,16.0,4.0,0.0,1,1640.89
689,2018-03-31,2017-18,Bournemouth,Watford,0,2.0,2.0,13.0,16.0,6.0,5.0,4.0,6.0,0.0,0.0,1,1665.7
690,2018-03-31,2017-18,West Brom,Burnley,1,1.0,2.0,8.0,11.0,3.0,4.0,1.0,12.0,1.0,0.0,0,1587.5
690,2018-03-31,2017-18,Burnley,West Brom,0,2.0,1.0,11.0,8.0,4.0,3.0,6.0,9.0,3.0,0.0,3,1694.97
691,2018-03-31,2017-18,West Ham,Southampton,1,3.0,0.0,13.0,9.0,5.0,0.0,5.0,9.0,0.0,0.0,3,1632.58
691,2018-03-31,2017-18,Southampton,West Ham,0,0.0,3.0,9.0,13.0,0.0,5.0,9.0,16.0,3.0,0.0,0,1647.22
692,2018-04-01,2017-18,Arsenal,Stoke,1,3.0,0.0,24.0,8.0,11.0,2.0,6.0,9.0,1.0,0.0,3,1822.28
692,2018-04-01,2017-18,Stoke,Arsenal,0,0.0,3.0,8.0,24.0,2.0,11.0,5.0,13.0,2.0,0.0,0,1619.94
693,2018-04-01,2017-18,Chelsea,Tottenham,1,1.0,3.0,14.0,12.0,4.0,7.0,5.0,4.0,0.0,0.0,0,1855.87
693,2018-04-01,2017-18,Tottenham,Chelsea,0,3.0,1.0,12.0,14.0,7.0,4.0,5.0,11.0,1.0,0.0,3,1925.91
694,2018-04-07,2017-18,Bournemouth,Crystal Palace,1,2.0,2.0,20.0,13.0,5.0,6.0,11.0,8.0,2.0,0.0,1,1672.29
694,2018-04-07,2017-18,Crystal Palace,Bournemouth,0,2.0,2.0,13.0,20.0,6.0,5.0,3.0,9.0,2.0,0.0,1,1647.71
695,2018-04-07,2017-18,Brighton,Huddersfield,1,1.0,1.0,13.0,14.0,4.0,5.0,5.0,13.0,1.0,1.0,1,1620.49
695,2018-04-07,2017-18,Huddersfield,Brighton,0,1.0,1.0,14.0,13.0,5.0,4.0,3.0,7.0,0.0,0.0,1,1547.62
696,2018-04-07,2017-18,Everton,Liverpool,1,0.0,0.0,6.0,10.0,1.0,3.0,3.0,12.0,0.0,0.0,1,1691.59
696,2018-04-07,2017-18,Liverpool,Everton,0,0.0,0.0,10.0,6.0,3.0,1.0,2.0,7.0,0.0,0.0,1,1910.77
697,2018-04-07,2017-18,Leicester,Newcastle,1,1.0,2.0,8.0,8.0,1.0,4.0,7.0,7.0,1.0,0.0,0,1739.49
697,2018-04-07,2017-18,Newcastle,Leicester,0,2.0,1.0,8.0,8.0,4.0,1.0,5.0,14.0,3.0,0.0,3,1652.15
698,2018-04-07,2017-18,Man City,Man United,1,2.0,3.0,20.0,5.0,6.0,4.0,8.0,17.0,6.0,0.0,0,1995.76
698,2018-04-07,2017-18,Man United,Man City,0,3.0,2.0,5.0,20.0,4.0,6.0,4.0,9.0,3.0,0.0,3,1892.02
699,2018-04-07,2017-18,Stoke,Tottenham,1,1.0,2.0,10.0,15.0,4.0,4.0,6.0,19.0,4.0,0.0,0,1619.94
699,2018-04-07,2017-18,Tottenham,Stoke,0,2.0,1.0,15.0,10.0,4.0,4.0,3.0,8.0,3.0,0.0,3,1925.91
700,2018-04-07,2017-18,Watford,Burnley,1,1.0,2.0,14.0,7.0,5.0,4.0,11.0,18.0,2.0,0.0,0,1637.33
700,2018-04-07,2017-18,Burnley,Watford,0,2.0,1.0,7.0,14.0,4.0,5.0,1.0,12.0,2.0,0.0,3,1702.91
701,2018-04-07,2017-18,West Brom,Swansea,1,1.0,1.0,15.0,7.0,3.0,1.0,5.0,15.0,3.0,0.0,1,1576.88
701,2018-04-07,2017-18,Swansea,West Brom,0,1.0,1.0,7.0,15.0,1.0,3.0,1.0,5.0,2.0,0.0,1,1650.89
702,2018-04-08,2017-18,Arsenal,Southampton,1,3.0,2.0,13.0,15.0,7.0,8.0,8.0,11.0,2.0,1.0,3,1822.28
702,2018-04-08,2017-18,Southampton,Arsenal,0,2.0,3.0,15.0,13.0,8.0,7.0,6.0,7.0,1.0,1.0,0,1636.38
703,2018-04-08,2017-18,Chelsea,West Ham,1,1.0,1.0,23.0,5.0,6.0,2.0,10.0,7.0,0.0,0.0,1,1855.87
703,2018-04-08,2017-18,West Ham,Chelsea,0,1.0,1.0,5.0,23.0,2.0,6.0,6.0,11.0,1.0,0.0,1,1645.63
704,2018-04-14,2017-18,Burnley,Leicester,1,2.0,1.0,8.0,15.0,3.0,6.0,4.0,9.0,2.0,0.0,3,1702.91
704,2018-04-14,2017-18,Leicester,Burnley,0,1.0,2.0,15.0,8.0,6.0,3.0,8.0,10.0,1.0,0.0,0,1739.49
705,2018-04-14,2017-18,Crystal Palace,Brighton,1,3.0,2.0,15.0,12.0,8.0,3.0,5.0,12.0,3.0,0.0,3,1647.71
705,2018-04-14,2017-18,Brighton,Crystal Palace,0,2.0,3.0,12.0,15.0,3.0,8.0,6.0,16.0,2.0,0.0,0,1620.49
706,2018-04-14,2017-18,Huddersfield,Watford,1,1.0,0.0,9.0,4.0,1.0,2.0,9.0,9.0,2.0,0.0,3,1547.62
706,2018-04-14,2017-18,Watford,Huddersfield,0,0.0,1.0,4.0,9.0,2.0,1.0,6.0,8.0,2.0,0.0,0,1637.33
707,2018-04-14,2017-18,Liverpool,Bournemouth,1,3.0,0.0,20.0,6.0,7.0,1.0,7.0,9.0,1.0,0.0,3,1910.77
707,2018-04-14,2017-18,Bournemouth,Liverpool,0,0.0,3.0,6.0,20.0,1.0,7.0,5.0,9.0,1.0,0.0,0,1672.29
708,2018-04-14,2017-18,Southampton,Chelsea,1,2.0,3.0,10.0,17.0,7.0,5.0,4.0,13.0,5.0,0.0,0,1636.38
708,2018-04-14,2017-18,Chelsea,Southampton,0,3.0,2.0,17.0,10.0,5.0,7.0,7.0,14.0,3.0,0.0,3,1855.87
709,2018-04-14,2017-18,Swansea,Everton,1,1.0,1.0,17.0,12.0,7.0,3.0,6.0,10.0,1.0,0.0,1,1650.89
709,2018-04-14,2017-18,Everton,Swansea,0,1.0,1.0,12.0,17.0,3.0,7.0,3.0,11.0,1.0,0.0,1,1691.59
710,2018-04-14,2017-18,Tottenham,Man City,1,1.0,3.0,8.0,17.0,3.0,6.0,5.0,11.0,3.0,0.0,0,1925.91
710,2018-04-14,2017-18,Man City,Tottenham,0,3.0,1.0,17.0,8.0,6.0,3.0,7.0,12.0,4.0,0.0,3,1995.76
711,2018-04-15,2017-18,Man United,West Brom,1,0.0,1.0,14.0,10.0,4.0,4.0,4.0,8.0,1.0,0.0,0,1907.44
711,2018-04-15,2017-18,West Brom,Man United,0,1.0,0.0,10.0,14.0,4.0,4.0,4.0,13.0,1.0,0.0,3,1581.37
712,2018-04-15,2017-18,Newcastle,Arsenal,1,2.0,1.0,8.0,15.0,4.0,3.0,2.0,11.0,1.0,0.0,3,1667.6
712,2018-04-15,2017-18,Arsenal,Newcastle,0,1.0,2.0,15.0,8.0,3.0,4.0,5.0,9.0,0.0,0.0,0,1845.36
713,2018-04-16,2017-18,West Ham,Stoke,1,1.0,1.0,18.0,11.0,6.0,7.0,10.0,15.0,2.0,0.0,1,1655.76
713,2018-04-16,2017-18,Stoke,West Ham,0,1.0,1.0,11.0,18.0,7.0,6.0,1.0,21.0,3.0,0.0,1,1616.95
714,2018-04-17,2017-18,Brighton,Tottenham,1,1.0,1.0,8.0,16.0,5.0,6.0,3.0,6.0,1.0,0.0,1,1614.95
714,2018-04-17,2017-18,Tottenham,Brighton,0,1.0,1.0,16.0,8.0,6.0,5.0,4.0,5.0,0.0,0.0,1,1930.3
715,2018-04-18,2017-18,Bournemouth,Man United,1,0.0,2.0,13.0,13.0,2.0,4.0,8.0,9.0,3.0,0.0,0,1670.93
715,2018-04-18,2017-18,Man United,Bournemouth,0,2.0,0.0,13.0,13.0,4.0,2.0,5.0,8.0,1.0,0.0,3,1907.44
716,2018-04-19,2017-18,Burnley,Chelsea,1,1.0,2.0,5.0,16.0,2.0,5.0,3.0,9.0,1.0,0.0,0,1721.62
716,2018-04-19,2017-18,Chelsea,Burnley,0,2.0,1.0,16.0,5.0,5.0,2.0,2.0,11.0,0.0,0.0,3,1847.36
717,2018-04-19,2017-18,Leicester,Southampton,1,0.0,0.0,11.0,6.0,3.0,2.0,11.0,10.0,0.0,0.0,1,1724.79
717,2018-04-19,2017-18,Southampton,Leicester,0,0.0,0.0,6.0,11.0,2.0,3.0,3.0,10.0,0.0,0.0,1,1633.19
718,2018-04-21,2017-18,Watford,Crystal Palace,1,0.0,0.0,14.0,6.0,4.0,1.0,4.0,17.0,3.0,0.0,1,1624.71
718,2018-04-21,2017-18,Crystal Palace,Watford,0,0.0,0.0,6.0,14.0,1.0,4.0,3.0,13.0,5.0,0.0,1,1659.75
719,2018-04-21,2017-18,West Brom,Liverpool,1,2.0,2.0,13.0,9.0,6.0,3.0,7.0,12.0,0.0,0.0,1,1581.37
719,2018-04-21,2017-18,Liverpool,West Brom,0,2.0,2.0,9.0,13.0,3.0,6.0,4.0,5.0,1.0,0.0,1,1939.76
720,2018-04-22,2017-18,Arsenal,West Ham,1,4.0,1.0,20.0,11.0,8.0,4.0,8.0,11.0,3.0,0.0,3,1845.36
720,2018-04-22,2017-18,West Ham,Arsenal,0,1.0,4.0,11.0,20.0,4.0,8.0,6.0,9.0,2.0,0.0,0,1655.76
721,2018-04-22,2017-18,Man City,Swansea,1,5.0,0.0,19.0,4.0,12.0,1.0,5.0,6.0,0.0,0.0,3,1973.77
721,2018-04-22,2017-18,Swansea,Man City,0,0.0,5.0,4.0,19.0,1.0,12.0,1.0,8.0,1.0,0.0,0,1653.86
722,2018-04-22,2017-18,Stoke,Burnley,1,1.0,1.0,8.0,16.0,3.0,7.0,3.0,15.0,2.0,0.0,1,1616.95
722,2018-04-22,2017-18,Burnley,Stoke,0,1.0,1.0,16.0,8.0,7.0,3.0,8.0,5.0,1.0,0.0,1,1721.62
723,2018-04-23,2017-18,Everton,Newcastle,1,1.0,0.0,9.0,9.0,1.0,2.0,4.0,10.0,2.0,0.0,3,1700.63
723,2018-04-23,2017-18,Newcastle,Everton,0,0.0,1.0,9.0,9.0,2.0,1.0,6.0,11.0,1.0,0.0,0,1667.6
724,2018-04-28,2017-18,Liverpool,Stoke,1,0.0,0.0,20.0,5.0,2.0,1.0,9.0,7.0,1.0,0.0,1,1939.76
724,2018-04-28,2017-18,Stoke,Liverpool,0,0.0,0.0,5.0,20.0,1.0,2.0,2.0,14.0,2.0,0.0,1,1616.95
725,2018-04-28,2017-18,Burnley,Brighton,1,0.0,0.0,10.0,9.0,4.0,1.0,3.0,5.0,0.0,0.0,1,1721.62
725,2018-04-28,2017-18,Brighton,Burnley,0,0.0,0.0,9.0,10.0,1.0,4.0,4.0,17.0,2.0,0.0,1,1614.95
726,2018-04-28,2017-18,Crystal Palace,Leicester,1,5.0,0.0,15.0,6.0,9.0,1.0,8.0,11.0,1.0,0.0,3,1659.75
726,2018-04-28,2017-18,Leicester,Crystal Palace,0,0.0,5.0,6.0,15.0,1.0,9.0,2.0,9.0,1.0,1.0,0,1724.79
727,2018-04-28,2017-18,Newcastle,West Brom,1,0.0,1.0,17.0,9.0,2.0,2.0,5.0,8.0,1.0,0.0,0,1667.6
727,2018-04-28,2017-18,West Brom,Newcastle,0,1.0,0.0,9.0,17.0,2.0,2.0,1.0,13.0,3.0,0.0,3,1581.37
728,2018-04-28,2017-18,Southampton,Bournemouth,1,2.0,1.0,14.0,14.0,6.0,7.0,5.0,12.0,5.0,0.0,3,1633.19
728,2018-04-28,2017-18,Bournemouth,Southampton,0,1.0,2.0,14.0,14.0,7.0,6.0,8.0,11.0,1.0,0.0,0,1670.93
729,2018-04-28,2017-18,Swansea,Chelsea,1,0.0,1.0,10.0,11.0,3.0,3.0,1.0,13.0,1.0,0.0,0,1653.86
729,2018-04-28,2017-18,Chelsea,Swansea,0,1.0,0.0,11.0,10.0,3.0,3.0,2.0,9.0,1.0,0.0,3,1847.36
730,2018-04-28,2017-18,Huddersfield,Everton,1,0.0,2.0,9.0,7.0,2.0,5.0,4.0,9.0,1.0,0.0,0,1563.7
730,2018-04-28,2017-18,Everton,Huddersfield,0,2.0,0.0,7.0,9.0,5.0,2.0,3.0,8.0,0.0,0.0,3,1700.63
731,2018-04-29,2017-18,Man United,Arsenal,1,2.0,1.0,17.0,8.0,3.0,3.0,9.0,12.0,0.0,0.0,3,1907.44
731,2018-04-29,2017-18,Arsenal,Man United,0,1.0,2.0,8.0,17.0,3.0,3.0,0.0,7.0,1.0,0.0,0,1845.36
732,2018-04-29,2017-18,West Ham,Man City,1,1.0,4.0,4.0,19.0,1.0,7.0,0.0,5.0,0.0,0.0,0,1655.76
732,2018-04-29,2017-18,Man City,West Ham,0,4.0,1.0,19.0,4.0,7.0,1.0,7.0,11.0,1.0,0.0,3,1973.77
733,2018-04-30,2017-18,Tottenham,Watford,1,2.0,0.0,13.0,13.0,3.0,5.0,4.0,11.0,1.0,0.0,3,1930.3
733,2018-04-30,2017-18,Watford,Tottenham,0,0.0,2.0,13.0,13.0,5.0,3.0,0.0,10.0,0.0,0.0,0,1624.71
734,2018-05-04,2017-18,Brighton,Man United,1,1.0,0.0,11.0,16.0,4.0,3.0,5.0,5.0,2.0,0.0,3,1627.71
734,2018-05-04,2017-18,Man United,Brighton,0,0.0,1.0,16.0,11.0,3.0,4.0,6.0,3.0,0.0,0.0,0,1904.71
735,2018-05-05,2017-18,Watford,Newcastle,1,2.0,1.0,11.0,9.0,8.0,1.0,2.0,9.0,2.0,0.0,3,1624.37
735,2018-05-05,2017-18,Newcastle,Watford,0,1.0,2.0,9.0,11.0,1.0,8.0,5.0,11.0,1.0,0.0,0,1663.49
736,2018-05-05,2017-18,West Brom,Tottenham,1,1.0,0.0,9.0,18.0,1.0,5.0,5.0,13.0,4.0,0.0,3,1618.2
736,2018-05-05,2017-18,Tottenham,West Brom,0,0.0,1.0,18.0,9.0,5.0,1.0,9.0,12.0,1.0,0.0,0,1928.47
737,2018-05-05,2017-18,Bournemouth,Swansea,1,1.0,0.0,13.0,12.0,5.0,3.0,11.0,10.0,1.0,0.0,3,1660.31
737,2018-05-05,2017-18,Swansea,Bournemouth,0,0.0,1.0,12.0,13.0,3.0,5.0,6.0,10.0,4.0,0.0,0,1648.68
738,2018-05-05,2017-18,Everton,Southampton,1,1.0,1.0,9.0,11.0,3.0,5.0,3.0,14.0,2.0,0.0,1,1717.38
738,2018-05-05,2017-18,Southampton,Everton,0,1.0,1.0,11.0,9.0,5.0,3.0,4.0,12.0,4.0,1.0,1,1646.72
739,2018-05-05,2017-18,Leicester,West Ham,1,0.0,2.0,13.0,13.0,2.0,3.0,8.0,8.0,1.0,0.0,0,1704.95
739,2018-05-05,2017-18,West Ham,Leicester,0,2.0,0.0,13.0,13.0,3.0,2.0,3.0,9.0,2.0,0.0,3,1646.66
740,2018-05-05,2017-18,Stoke,Crystal Palace,1,1.0,2.0,7.0,13.0,2.0,2.0,1.0,18.0,5.0,0.0,0,1631.15
740,2018-05-05,2017-18,Crystal Palace,Stoke,0,2.0,1.0,13.0,7.0,2.0,2.0,7.0,12.0,2.0,0.0,3,1680.86
741,2018-05-06,2017-18,Arsenal,Burnley,1,5.0,0.0,16.0,6.0,8.0,2.0,4.0,6.0,0.0,0.0,3,1834.04
741,2018-05-06,2017-18,Burnley,Arsenal,0,0.0,5.0,6.0,16.0,2.0,8.0,5.0,7.0,1.0,0.0,0,1712.33
742,2018-05-06,2017-18,Chelsea,Liverpool,1,1.0,0.0,12.0,10.0,4.0,5.0,3.0,12.0,3.0,0.0,3,1860.62
742,2018-05-06,2017-18,Liverpool,Chelsea,0,0.0,1.0,10.0,12.0,5.0,4.0,1.0,9.0,2.0,0.0,0,1936.86
743,2018-05-06,2017-18,Man City,Huddersfield,1,0.0,0.0,15.0,5.0,2.0,3.0,10.0,9.0,0.0,0.0,1,1983.09
743,2018-05-06,2017-18,Huddersfield,Man City,0,0.0,0.0,5.0,15.0,3.0,2.0,1.0,4.0,3.0,0.0,1,1557.77
744,2018-05-08,2017-18,Swansea,Southampton,1,0.0,1.0,11.0,13.0,3.0,8.0,7.0,7.0,2.0,0.0,0,1648.68
744,2018-05-08,2017-18,Southampton,Swansea,0,1.0,0.0,13.0,11.0,8.0,3.0,6.0,15.0,1.0,0.0,3,1646.72
745,2018-05-09,2017-18,Chelsea,Huddersfield,1,1.0,1.0,22.0,3.0,5.0,2.0,9.0,7.0,0.0,0.0,1,1860.62
745,2018-05-09,2017-18,Huddersfield,Chelsea,0,1.0,1.0,3.0,22.0,2.0,5.0,0.0,10.0,1.0,0.0,1,1557.77
746,2018-05-09,2017-18,Leicester,Arsenal,1,3.0,1.0,19.0,14.0,10.0,7.0,6.0,7.0,2.0,0.0,3,1704.95
746,2018-05-09,2017-18,Arsenal,Leicester,0,1.0,3.0,14.0,19.0,7.0,10.0,6.0,12.0,2.0,1.0,0,1834.04
747,2018-05-09,2017-18,Man City,Brighton,1,3.0,1.0,19.0,6.0,7.0,3.0,4.0,5.0,0.0,0.0,3,1983.09
747,2018-05-09,2017-18,Brighton,Man City,0,1.0,3.0,6.0,19.0,3.0,7.0,3.0,7.0,1.0,0.0,0,1627.71
748,2018-05-09,2017-18,Tottenham,Newcastle,1,1.0,0.0,11.0,14.0,7.0,3.0,6.0,10.0,2.0,0.0,3,1928.47
748,2018-05-09,2017-18,Newcastle,Tottenham,0,0.0,1.0,14.0,11.0,3.0,7.0,4.0,8.0,3.0,0.0,0,1663.49
749,2018-05-10,2017-18,West Ham,Man United,1,0.0,0.0,9.0,16.0,2.0,6.0,1.0,12.0,1.0,0.0,1,1646.66
749,2018-05-10,2017-18,Man United,West Ham,0,0.0,0.0,16.0,9.0,6.0,2.0,6.0,12.0,1.0,0.0,1,1904.71
750,2018-05-13,2017-18,Man United,Watford,1,1.0,0.0,7.0,7.0,1.0,3.0,6.0,6.0,4.0,0.0,3,1904.71
750,2018-05-13,2017-18,Watford,Man United,0,0.0,1.0,7.0,7.0,3.0,1.0,5.0,11.0,0.0,0.0,0,1624.37
751,2018-05-13,2017-18,Burnley,Bournemouth,1,1.0,2.0,12.0,16.0,4.0,5.0,7.0,14.0,0.0,0.0,0,1712.33
751,2018-05-13,2017-18,Bournemouth,Burnley,0,2.0,1.0,16.0,12.0,5.0,4.0,8.0,9.0,0.0,0.0,3,1660.31
752,2018-05-13,2017-18,Huddersfield,Arsenal,1,0.0,1.0,18.0,9.0,3.0,4.0,7.0,11.0,1.0,0.0,0,1557.77
752,2018-05-13,2017-18,Arsenal,Huddersfield,0,1.0,0.0,9.0,18.0,4.0,3.0,4.0,7.0,0.0,0.0,3,1834.04
753,2018-05-13,2017-18,Liverpool,Brighton,1,4.0,0.0,22.0,2.0,11.0,1.0,7.0,3.0,0.0,0.0,3,1936.86
753,2018-05-13,2017-18,Brighton,Liverpool,0,0.0,4.0,2.0,22.0,1.0,11.0,3.0,6.0,0.0,0.0,0,1627.71
754,2018-05-13,2017-18,Crystal Palace,West Brom,1,2.0,0.0,11.0,7.0,5.0,1.0,4.0,10.0,2.0,0.0,3,1680.86
754,2018-05-13,2017-18,West Brom,Crystal Palace,0,0.0,2.0,7.0,11.0,1.0,5.0,2.0,11.0,3.0,0.0,0,1618.2
755,2018-05-13,2017-18,Newcastle,Chelsea,1,3.0,0.0,16.0,6.0,6.0,2.0,4.0,11.0,0.0,0.0,3,1663.49
755,2018-05-13,2017-18,Chelsea,Newcastle,0,0.0,3.0,6.0,16.0,2.0,6.0,2.0,10.0,1.0,0.0,0,1860.62
756,2018-05-13,2017-18,Southampton,Man City,1,0.0,1.0,8.0,13.0,3.0,2.0,1.0,8.0,3.0,0.0,0,1646.72
756,2018-05-13,2017-18,Man City,Southampton,0,1.0,0.0,13.0,8.0,2.0,3.0,12.0,10.0,1.0,0.0,3,1983.09
757,2018-05-13,2017-18,Tottenham,Leicester,1,5.0,4.0,14.0,16.0,6.0,9.0,4.0,9.0,1.0,0.0,3,1928.47
757,2018-05-13,2017-18,Leicester,Tottenham,0,4.0,5.0,16.0,14.0,9.0,6.0,4.0,13.0,2.0,0.0,0,1704.95
758,2018-05-13,2017-18,West Ham,Everton,1,3.0,1.0,15.0,14.0,4.0,7.0,6.0,10.0,0.0,0.0,3,1646.66
758,2018-05-13,2017-18,Everton,West Ham,0,1.0,3.0,14.0,15.0,7.0,4.0,6.0,13.0,1.0,0.0,0,1717.38
759,2018-05-13,2017-18,Swansea,Stoke,1,1.0,2.0,26.0,8.0,11.0,5.0,6.0,12.0,1.0,0.0,0,1648.68
759,2018-05-13,2017-18,Stoke,Swansea,0,2.0,1.0,8.0,26.0,5.0,11.0,0.0,9.0,2.0,0.0,3,1631.15
760,2018-08-10,2018-19,Man United,Leicester,1,2.0,1.0,8.0,13.0,6.0,4.0,2.0,11.0,2.0,0.0,3,1883.61
760,2018-08-10,2018-19,Leicester,Man United,0,1.0,2.0,13.0,8.0,4.0,6.0,5.0,8.0,1.0,0.0,0,1696.17
761,2018-08-11,2018-19,Fulham,Crystal Palace,1,0.0,2.0,15.0,10.0,6.0,9.0,5.0,9.0,1.0,0.0,0,1632.47
761,2018-08-11,2018-19,Crystal Palace,Fulham,0,2.0,0.0,10.0,15.0,9.0,6.0,5.0,11.0,2.0,0.0,3,1691.62
762,2018-08-11,2018-19,Bournemouth,Cardiff,1,2.0,0.0,12.0,10.0,4.0,1.0,7.0,11.0,1.0,0.0,3,1672.45
762,2018-08-11,2018-19,Cardiff,Bournemouth,0,0.0,2.0,10.0,12.0,1.0,4.0,4.0,9.0,1.0,0.0,0,1575.16
763,2018-08-11,2018-19,Huddersfield,Chelsea,1,0.0,3.0,6.0,13.0,1.0,4.0,2.0,9.0,2.0,0.0,0,1565.77
763,2018-08-11,2018-19,Chelsea,Huddersfield,0,3.0,0.0,13.0,6.0,4.0,1.0,5.0,8.0,1.0,0.0,3,1835.68
764,2018-08-11,2018-19,Newcastle,Tottenham,1,1.0,2.0,15.0,15.0,2.0,5.0,3.0,11.0,2.0,0.0,0,1669.54
764,2018-08-11,2018-19,Tottenham,Newcastle,0,2.0,1.0,15.0,15.0,5.0,2.0,5.0,12.0,2.0,0.0,3,1913.52
765,2018-08-11,2018-19,Wolves,Everton,1,2.0,2.0,11.0,6.0,4.0,5.0,3.0,8.0,0.0,0.0,1,1591.75
765,2018-08-11,2018-19,Everton,Wolves,0,2.0,2.0,6.0,11.0,5.0,4.0,6.0,7.0,1.0,1.0,1,1698.23
766,2018-08-11,2018-19,Watford,Brighton,1,2.0,0.0,19.0,6.0,5.0,0.0,8.0,10.0,2.0,0.0,3,1625.11
766,2018-08-11,2018-19,Brighton,Watford,0,0.0,2.0,6.0,19.0,0.0,5.0,2.0,16.0,2.0,0.0,0,1631.54
767,2018-08-12,2018-19,Arsenal,Man City,1,0.0,2.0,9.0,17.0,3.0,8.0,2.0,11.0,2.0,0.0,0,1822.67
767,2018-08-12,2018-19,Man City,Arsenal,0,2.0,0.0,17.0,9.0,8.0,3.0,9.0,14.0,2.0,0.0,3,1973.63
768,2018-08-12,2018-19,Liverpool,West Ham,1,4.0,0.0,18.0,5.0,8.0,2.0,5.0,14.0,1.0,0.0,3,1916.0
768,2018-08-12,2018-19,West Ham,Liverpool,0,0.0,4.0,5.0,18.0,2.0,8.0,4.0,9.0,2.0,0.0,0,1672.4
769,2018-08-12,2018-19,Southampton,Burnley,1,0.0,0.0,18.0,16.0,3.0,6.0,8.0,10.0,0.0,0.0,1,1652.17
769,2018-08-12,2018-19,Burnley,Southampton,0,0.0,0.0,16.0,18.0,6.0,3.0,5.0,9.0,1.0,0.0,1,1687.59
770,2018-08-18,2018-19,Chelsea,Arsenal,1,3.0,2.0,24.0,15.0,11.0,6.0,5.0,12.0,0.0,0.0,3,1843.05
770,2018-08-18,2018-19,Arsenal,Chelsea,0,2.0,3.0,15.0,24.0,6.0,11.0,1.0,9.0,2.0,0.0,0,1816.1
771,2018-08-18,2018-19,Leicester,Wolves,1,2.0,0.0,6.0,11.0,2.0,3.0,1.0,10.0,2.0,1.0,3,1694.81
771,2018-08-18,2018-19,Wolves,Leicester,0,0.0,2.0,11.0,6.0,3.0,2.0,9.0,8.0,1.0,0.0,0,1594.2
772,2018-08-18,2018-19,Everton,Southampton,1,2.0,1.0,13.0,15.0,7.0,4.0,2.0,8.0,0.0,0.0,3,1698.44
772,2018-08-18,2018-19,Southampton,Everton,0,1.0,2.0,15.0,13.0,4.0,7.0,5.0,20.0,5.0,0.0,0,1652.75
773,2018-08-18,2018-19,Tottenham,Fulham,1,3.0,1.0,25.0,10.0,11.0,3.0,5.0,9.0,0.0,0.0,3,1918.75
773,2018-08-18,2018-19,Fulham,Tottenham,0,1.0,3.0,10.0,25.0,3.0,11.0,2.0,5.0,0.0,0.0,0,1622.17
774,2018-08-18,2018-19,West Ham,Bournemouth,1,1.0,2.0,11.0,12.0,5.0,5.0,6.0,14.0,6.0,0.0,0,1669.98
774,2018-08-18,2018-19,Bournemouth,West Ham,0,2.0,1.0,12.0,11.0,5.0,5.0,4.0,10.0,2.0,0.0,3,1679.63
775,2018-08-18,2018-19,Cardiff,Newcastle,1,0.0,0.0,12.0,12.0,1.0,6.0,5.0,14.0,2.0,0.0,1,1570.64
775,2018-08-18,2018-19,Newcastle,Cardiff,0,0.0,0.0,12.0,12.0,6.0,1.0,5.0,16.0,2.0,1.0,1,1666.97
776,2018-08-19,2018-19,Brighton,Man United,1,3.0,2.0,6.0,9.0,3.0,3.0,3.0,16.0,1.0,0.0,3,1623.59
776,2018-08-19,2018-19,Man United,Brighton,0,2.0,3.0,9.0,6.0,3.0,3.0,5.0,13.0,1.0,0.0,0,1887.63
777,2018-08-19,2018-19,Burnley,Watford,1,1.0,3.0,8.0,9.0,3.0,6.0,5.0,8.0,1.0,0.0,0,1693.69
777,2018-08-19,2018-19,Watford,Burnley,0,3.0,1.0,9.0,8.0,6.0,3.0,2.0,19.0,2.0,0.0,3,1635.71
778,2018-08-19,2018-19,Man City,Huddersfield,1,6.0,1.0,32.0,5.0,14.0,1.0,10.0,9.0,0.0,0.0,3,1982.87
778,2018-08-19,2018-19,Huddersfield,Man City,0,1.0,6.0,5.0,32.0,1.0,14.0,3.0,4.0,2.0,0.0,0,1561.06
779,2018-08-20,2018-19,Crystal Palace,Liverpool,1,0.0,2.0,8.0,16.0,2.0,6.0,6.0,6.0,1.0,1.0,0,1704.58
779,2018-08-20,2018-19,Liverpool,Crystal Palace,0,2.0,0.0,16.0,8.0,6.0,2.0,7.0,13.0,1.0,0.0,3,1921.08
780,2018-08-25,2018-19,Arsenal,West Ham,1,3.0,1.0,17.0,13.0,10.0,5.0,10.0,16.0,1.0,0.0,3,1816.1
780,2018-08-25,2018-19,West Ham,Arsenal,0,1.0,3.0,13.0,17.0,5.0,10.0,2.0,13.0,3.0,0.0,0,1669.98
781,2018-08-25,2018-19,Bournemouth,Everton,1,2.0,2.0,17.0,11.0,5.0,3.0,6.0,12.0,0.0,1.0,1,1679.63
781,2018-08-25,2018-19,Everton,Bournemouth,0,2.0,2.0,11.0,17.0,3.0,5.0,2.0,10.0,3.0,1.0,1,1698.44
782,2018-08-25,2018-19,Huddersfield,Cardiff,1,0.0,0.0,5.0,14.0,1.0,4.0,7.0,8.0,0.0,1.0,1,1561.06
782,2018-08-25,2018-19,Cardiff,Huddersfield,0,0.0,0.0,14.0,5.0,4.0,1.0,7.0,10.0,1.0,0.0,1,1570.64
783,2018-08-25,2018-19,Liverpool,Brighton,1,1.0,0.0,22.0,6.0,8.0,2.0,8.0,8.0,1.0,0.0,3,1921.08
783,2018-08-25,2018-19,Brighton,Liverpool,0,0.0,1.0,6.0,22.0,2.0,8.0,5.0,14.0,1.0,0.0,0,1623.59
784,2018-08-25,2018-19,Southampton,Leicester,1,1.0,2.0,11.0,8.0,5.0,5.0,10.0,13.0,1.0,1.0,0,1652.75
784,2018-08-25,2018-19,Leicester,Southampton,0,2.0,1.0,8.0,11.0,5.0,5.0,3.0,11.0,1.0,0.0,3,1694.81
785,2018-08-25,2018-19,Wolves,Man City,1,1.0,1.0,11.0,18.0,2.0,6.0,5.0,13.0,1.0,0.0,1,1594.2
785,2018-08-25,2018-19,Man City,Wolves,0,1.0,1.0,18.0,11.0,6.0,2.0,9.0,8.0,2.0,0.0,1,1982.87
786,2018-08-26,2018-19,Watford,Crystal Palace,1,2.0,1.0,13.0,9.0,5.0,3.0,6.0,14.0,4.0,0.0,3,1635.71
786,2018-08-26,2018-19,Crystal Palace,Watford,0,1.0,2.0,9.0,13.0,3.0,5.0,3.0,11.0,2.0,0.0,0,1704.58
787,2018-08-26,2018-19,Fulham,Burnley,1,4.0,2.0,25.0,12.0,12.0,2.0,6.0,11.0,2.0,0.0,3,1622.17
787,2018-08-26,2018-19,Burnley,Fulham,0,2.0,4.0,12.0,25.0,2.0,12.0,4.0,8.0,1.0,0.0,0,1693.69
788,2018-08-26,2018-19,Newcastle,Chelsea,1,1.0,2.0,6.0,15.0,2.0,3.0,4.0,16.0,3.0,0.0,0,1666.97
788,2018-08-26,2018-19,Chelsea,Newcastle,0,2.0,1.0,15.0,6.0,3.0,2.0,5.0,8.0,1.0,0.0,3,1843.05
789,2018-08-27,2018-19,Man United,Tottenham,1,0.0,3.0,23.0,9.0,5.0,5.0,5.0,11.0,2.0,0.0,0,1887.63
789,2018-08-27,2018-19,Tottenham,Man United,0,3.0,0.0,9.0,23.0,5.0,5.0,2.0,16.0,4.0,0.0,3,1918.75
790,2018-09-01,2018-19,Brighton,Fulham,1,2.0,2.0,15.0,10.0,5.0,5.0,7.0,12.0,3.0,0.0,1,1631.78
790,2018-09-01,2018-19,Fulham,Brighton,0,2.0,2.0,10.0,15.0,5.0,5.0,1.0,14.0,3.0,0.0,1,1627.83
791,2018-09-01,2018-19,Chelsea,Bournemouth,1,2.0,0.0,24.0,8.0,6.0,1.0,7.0,10.0,2.0,0.0,3,1850.36
791,2018-09-01,2018-19,Bournemouth,Chelsea,0,0.0,2.0,8.0,24.0,1.0,6.0,6.0,7.0,2.0,0.0,0,1683.92
792,2018-09-01,2018-19,Crystal Palace,Southampton,1,0.0,2.0,20.0,19.0,6.0,6.0,7.0,11.0,1.0,0.0,0,1687.42
792,2018-09-01,2018-19,Southampton,Crystal Palace,0,2.0,0.0,19.0,20.0,6.0,6.0,4.0,12.0,1.0,0.0,3,1635.49
793,2018-09-01,2018-19,Everton,Huddersfield,1,1.0,1.0,11.0,9.0,1.0,6.0,4.0,13.0,3.0,0.0,1,1701.75
793,2018-09-01,2018-19,Huddersfield,Everton,0,1.0,1.0,9.0,11.0,6.0,1.0,3.0,14.0,3.0,0.0,1,1554.48
794,2018-09-01,2018-19,Leicester,Liverpool,1,1.0,2.0,12.0,10.0,5.0,4.0,4.0,9.0,3.0,0.0,0,1705.46
794,2018-09-01,2018-19,Liverpool,Leicester,0,2.0,1.0,10.0,12.0,4.0,5.0,4.0,12.0,2.0,0.0,3,1925.17
795,2018-09-01,2018-19,Man City,Newcastle,1,2.0,1.0,24.0,3.0,8.0,2.0,4.0,5.0,0.0,0.0,3,1973.53
795,2018-09-01,2018-19,Newcastle,Man City,0,1.0,2.0,3.0,24.0,2.0,8.0,0.0,13.0,0.0,0.0,0,1657.48
796,2018-09-01,2018-19,West Ham,Wolves,1,0.0,1.0,13.0,15.0,3.0,6.0,4.0,10.0,2.0,0.0,0,1652.86
796,2018-09-01,2018-19,Wolves,West Ham,0,1.0,0.0,15.0,13.0,6.0,3.0,4.0,11.0,1.0,0.0,3,1592.34
797,2018-09-02,2018-19,Burnley,Man United,1,0.0,2.0,9.0,21.0,2.0,9.0,2.0,7.0,2.0,0.0,0,1651.97
797,2018-09-02,2018-19,Man United,Burnley,0,2.0,0.0,21.0,9.0,9.0,2.0,5.0,13.0,3.0,1.0,3,1856.08
798,2018-09-02,2018-19,Cardiff,Arsenal,1,2.0,3.0,14.0,17.0,3.0,11.0,3.0,12.0,3.0,0.0,0,1569.53
798,2018-09-02,2018-19,Arsenal,Cardiff,0,3.0,2.0,17.0,14.0,11.0,3.0,9.0,14.0,4.0,0.0,3,1811.32
799,2018-09-02,2018-19,Watford,Tottenham,1,2.0,1.0,7.0,11.0,3.0,2.0,3.0,9.0,2.0,0.0,3,1656.29
799,2018-09-02,2018-19,Tottenham,Watford,0,1.0,2.0,11.0,7.0,2.0,3.0,10.0,8.0,1.0,0.0,0,1932.13
800,2018-09-15,2018-19,Man City,Fulham,1,3.0,0.0,28.0,9.0,9.0,3.0,10.0,7.0,0.0,0.0,3,1974.86
800,2018-09-15,2018-19,Fulham,Man City,0,0.0,3.0,9.0,28.0,3.0,9.0,4.0,7.0,0.0,0.0,0,1629.78
801,2018-09-15,2018-19,Bournemouth,Leicester,1,4.0,2.0,10.0,14.0,5.0,8.0,4.0,13.0,3.0,0.0,3,1679.81
801,2018-09-15,2018-19,Leicester,Bournemouth,0,2.0,4.0,14.0,10.0,8.0,5.0,6.0,15.0,2.0,1.0,0,1701.35
802,2018-09-15,2018-19,Huddersfield,Crystal Palace,1,0.0,1.0,15.0,7.0,2.0,2.0,5.0,11.0,1.0,0.0,0,1559.92
802,2018-09-15,2018-19,Crystal Palace,Huddersfield,0,1.0,0.0,7.0,15.0,2.0,2.0,3.0,17.0,2.0,0.0,3,1671.54
803,2018-09-15,2018-19,Tottenham,Liverpool,1,1.0,2.0,11.0,17.0,3.0,10.0,5.0,17.0,0.0,0.0,0,1918.99
803,2018-09-15,2018-19,Liverpool,Tottenham,0,2.0,1.0,17.0,11.0,10.0,3.0,4.0,16.0,0.0,0.0,3,1929.28
804,2018-09-15,2018-19,Newcastle,Arsenal,1,1.0,2.0,4.0,12.0,2.0,2.0,10.0,13.0,0.0,0.0,0,1656.15
804,2018-09-15,2018-19,Arsenal,Newcastle,0,2.0,1.0,12.0,4.0,2.0,2.0,4.0,11.0,0.0,0.0,3,1815.11
805,2018-09-15,2018-19,Watford,Man United,1,1.0,2.0,14.0,9.0,5.0,6.0,6.0,9.0,2.0,0.0,0,1669.43
805,2018-09-15,2018-19,Man United,Watford,0,2.0,1.0,9.0,14.0,6.0,5.0,8.0,11.0,1.0,1.0,3,1862.83
806,2018-09-15,2018-19,Chelsea,Cardiff,1,4.0,1.0,18.0,6.0,7.0,2.0,5.0,8.0,0.0,0.0,3,1854.48
806,2018-09-15,2018-19,Cardiff,Chelsea,0,1.0,4.0,6.0,18.0,2.0,7.0,4.0,10.0,0.0,0.0,0,1565.73
807,2018-09-16,2018-19,Everton,West Ham,1,1.0,3.0,16.0,9.0,4.0,4.0,4.0,15.0,2.0,0.0,0,1696.32
807,2018-09-16,2018-19,West Ham,Everton,0,3.0,1.0,9.0,16.0,4.0,4.0,2.0,12.0,5.0,0.0,3,1641.62
808,2018-09-16,2018-19,Wolves,Burnley,1,1.0,0.0,30.0,7.0,7.0,2.0,8.0,10.0,2.0,0.0,3,1603.58
808,2018-09-16,2018-19,Burnley,Wolves,0,0.0,1.0,7.0,30.0,2.0,7.0,2.0,9.0,4.0,0.0,0,1645.22
809,2018-09-17,2018-19,Southampton,Brighton,1,2.0,2.0,14.0,12.0,5.0,4.0,1.0,10.0,2.0,0.0,1,1651.37
809,2018-09-17,2018-19,Brighton,Southampton,0,2.0,2.0,12.0,14.0,4.0,5.0,4.0,13.0,3.0,0.0,1,1629.83
810,2018-09-22,2018-19,Crystal Palace,Newcastle,1,0.0,0.0,16.0,6.0,4.0,3.0,9.0,8.0,1.0,0.0,1,1671.54
810,2018-09-22,2018-19,Newcastle,Crystal Palace,0,0.0,0.0,6.0,16.0,3.0,4.0,5.0,11.0,1.0,0.0,1,1656.15
811,2018-09-22,2018-19,Burnley,Bournemouth,1,4.0,0.0,12.0,19.0,5.0,5.0,3.0,17.0,2.0,0.0,3,1645.22
811,2018-09-22,2018-19,Bournemouth,Burnley,0,0.0,4.0,19.0,12.0,5.0,5.0,8.0,6.0,0.0,0.0,0,1679.81
812,2018-09-22,2018-19,Cardiff,Man City,1,0.0,5.0,2.0,21.0,2.0,10.0,1.0,6.0,1.0,0.0,0,1565.73
812,2018-09-22,2018-19,Man City,Cardiff,0,5.0,0.0,21.0,2.0,10.0,2.0,9.0,4.0,1.0,0.0,3,1974.86
813,2018-09-22,2018-19,Brighton,Tottenham,1,1.0,2.0,8.0,16.0,4.0,7.0,5.0,15.0,2.0,0.0,0,1629.83
813,2018-09-22,2018-19,Tottenham,Brighton,0,2.0,1.0,16.0,8.0,7.0,4.0,7.0,9.0,1.0,0.0,3,1918.99
814,2018-09-22,2018-19,Fulham,Watford,1,1.0,1.0,15.0,11.0,3.0,6.0,8.0,11.0,2.0,0.0,1,1629.78
814,2018-09-22,2018-19,Watford,Fulham,0,1.0,1.0,11.0,15.0,6.0,3.0,8.0,9.0,1.0,0.0,1,1669.43
815,2018-09-22,2018-19,Leicester,Huddersfield,1,3.0,1.0,18.0,9.0,8.0,2.0,3.0,10.0,2.0,0.0,3,1701.35
815,2018-09-22,2018-19,Huddersfield,Leicester,0,1.0,3.0,9.0,18.0,2.0,8.0,1.0,16.0,1.0,0.0,0,1559.92
816,2018-09-22,2018-19,Man United,Wolves,1,1.0,1.0,15.0,11.0,6.0,8.0,5.0,5.0,1.0,0.0,1,1862.83
816,2018-09-22,2018-19,Wolves,Man United,0,1.0,1.0,11.0,15.0,8.0,6.0,4.0,17.0,1.0,0.0,1,1603.58
817,2018-09-22,2018-19,Liverpool,Southampton,1,3.0,0.0,12.0,7.0,4.0,1.0,5.0,7.0,0.0,0.0,3,1929.28
817,2018-09-22,2018-19,Southampton,Liverpool,0,0.0,3.0,7.0,12.0,1.0,4.0,4.0,10.0,2.0,0.0,0,1651.37
818,2018-09-23,2018-19,Arsenal,Everton,1,2.0,0.0,9.0,9.0,5.0,6.0,5.0,17.0,2.0,0.0,3,1815.11
818,2018-09-23,2018-19,Everton,Arsenal,0,0.0,2.0,9.0,9.0,6.0,5.0,9.0,12.0,1.0,0.0,0,1696.32
819,2018-09-23,2018-19,West Ham,Chelsea,1,0.0,0.0,6.0,17.0,1.0,6.0,1.0,11.0,2.0,0.0,1,1641.62
819,2018-09-23,2018-19,Chelsea,West Ham,0,0.0,0.0,17.0,6.0,6.0,1.0,8.0,9.0,1.0,0.0,1,1854.48
820,2018-09-29,2018-19,Arsenal,Watford,1,2.0,0.0,9.0,13.0,2.0,4.0,6.0,11.0,2.0,0.0,3,1815.11
820,2018-09-29,2018-19,Watford,Arsenal,0,0.0,2.0,13.0,9.0,4.0,2.0,6.0,17.0,2.0,0.0,0,1669.43
821,2018-09-29,2018-19,Chelsea,Liverpool,1,1.0,1.0,10.0,13.0,4.0,6.0,4.0,7.0,0.0,0.0,1,1854.48
821,2018-09-29,2018-19,Liverpool,Chelsea,0,1.0,1.0,13.0,10.0,6.0,4.0,4.0,9.0,2.0,0.0,1,1929.28
822,2018-09-29,2018-19,Everton,Fulham,1,3.0,0.0,19.0,6.0,6.0,0.0,12.0,13.0,0.0,0.0,3,1696.32
822,2018-09-29,2018-19,Fulham,Everton,0,0.0,3.0,6.0,19.0,0.0,6.0,1.0,13.0,3.0,0.0,0,1629.78
823,2018-09-29,2018-19,Huddersfield,Tottenham,1,0.0,2.0,9.0,10.0,5.0,6.0,3.0,17.0,2.0,0.0,0,1559.92
823,2018-09-29,2018-19,Tottenham,Huddersfield,0,2.0,0.0,10.0,9.0,6.0,5.0,0.0,16.0,2.0,0.0,3,1918.99
824,2018-09-29,2018-19,Man City,Brighton,1,2.0,0.0,28.0,4.0,8.0,1.0,10.0,4.0,0.0,0.0,3,1974.86
824,2018-09-29,2018-19,Brighton,Man City,0,0.0,2.0,4.0,28.0,1.0,8.0,3.0,10.0,3.0,0.0,0,1629.83
825,2018-09-29,2018-19,Newcastle,Leicester,1,0.0,2.0,6.0,12.0,1.0,5.0,5.0,11.0,0.0,0.0,0,1656.15
825,2018-09-29,2018-19,Leicester,Newcastle,0,2.0,0.0,12.0,6.0,5.0,1.0,9.0,5.0,0.0,0.0,3,1701.35
826,2018-09-29,2018-19,West Ham,Man United,1,3.0,1.0,8.0,9.0,3.0,4.0,4.0,12.0,0.0,0.0,3,1641.62
826,2018-09-29,2018-19,Man United,West Ham,0,1.0,3.0,9.0,8.0,4.0,3.0,9.0,12.0,1.0,0.0,0,1862.83
827,2018-09-29,2018-19,Wolves,Southampton,1,2.0,0.0,14.0,17.0,6.0,6.0,8.0,11.0,3.0,0.0,3,1603.58
827,2018-09-29,2018-19,Southampton,Wolves,0,0.0,2.0,17.0,14.0,6.0,6.0,6.0,7.0,1.0,0.0,0,1651.37
828,2018-09-30,2018-19,Cardiff,Burnley,1,1.0,2.0,19.0,3.0,5.0,2.0,10.0,11.0,1.0,0.0,0,1565.73
828,2018-09-30,2018-19,Burnley,Cardiff,0,2.0,1.0,3.0,19.0,2.0,5.0,2.0,15.0,3.0,0.0,3,1645.22
829,2018-10-01,2018-19,Bournemouth,Crystal Palace,1,2.0,1.0,11.0,10.0,5.0,2.0,3.0,9.0,3.0,0.0,3,1672.42
829,2018-10-01,2018-19,Crystal Palace,Bournemouth,0,1.0,2.0,10.0,11.0,2.0,5.0,3.0,12.0,4.0,0.0,0,1674.39
830,2018-10-05,2018-19,Brighton,West Ham,1,1.0,0.0,9.0,17.0,4.0,4.0,2.0,12.0,3.0,0.0,3,1625.68
830,2018-10-05,2018-19,West Ham,Brighton,0,0.0,1.0,17.0,9.0,4.0,4.0,9.0,8.0,2.0,0.0,0,1676.32
831,2018-10-06,2018-19,Crystal Palace,Wolves,1,0.0,1.0,11.0,7.0,4.0,2.0,6.0,11.0,3.0,0.0,0,1674.39
831,2018-10-06,2018-19,Wolves,Crystal Palace,0,1.0,0.0,7.0,11.0,2.0,4.0,3.0,13.0,4.0,0.0,3,1627.26
832,2018-10-06,2018-19,Leicester,Everton,1,1.0,2.0,8.0,17.0,2.0,8.0,2.0,10.0,2.0,1.0,0,1707.37
832,2018-10-06,2018-19,Everton,Leicester,0,2.0,1.0,17.0,8.0,8.0,2.0,10.0,11.0,1.0,0.0,3,1683.57
833,2018-10-06,2018-19,Burnley,Huddersfield,1,1.0,1.0,6.0,19.0,3.0,2.0,1.0,8.0,2.0,0.0,1,1659.14
833,2018-10-06,2018-19,Huddersfield,Burnley,0,1.0,1.0,19.0,6.0,2.0,3.0,10.0,11.0,2.0,0.0,1,1543.56
834,2018-10-06,2018-19,Tottenham,Cardiff,1,1.0,0.0,19.0,8.0,7.0,6.0,6.0,7.0,2.0,0.0,3,1904.81
834,2018-10-06,2018-19,Cardiff,Tottenham,0,0.0,1.0,8.0,19.0,6.0,7.0,2.0,11.0,1.0,1.0,0,1550.23
835,2018-10-06,2018-19,Watford,Bournemouth,1,0.0,4.0,14.0,10.0,2.0,7.0,10.0,11.0,3.0,1.0,0,1659.81
835,2018-10-06,2018-19,Bournemouth,Watford,0,4.0,0.0,10.0,14.0,7.0,2.0,7.0,9.0,1.0,0.0,3,1672.42
836,2018-10-06,2018-19,Man United,Newcastle,1,3.0,2.0,18.0,13.0,10.0,8.0,10.0,16.0,2.0,0.0,3,1851.55
836,2018-10-06,2018-19,Newcastle,Man United,0,2.0,3.0,13.0,18.0,8.0,10.0,6.0,8.0,2.0,0.0,0,1639.72
837,2018-10-07,2018-19,Fulham,Arsenal,1,1.0,5.0,21.0,9.0,4.0,7.0,4.0,11.0,2.0,0.0,0,1616.7
837,2018-10-07,2018-19,Arsenal,Fulham,0,5.0,1.0,9.0,21.0,7.0,4.0,2.0,12.0,0.0,0.0,3,1829.4
838,2018-10-07,2018-19,Liverpool,Man City,1,0.0,0.0,7.0,6.0,2.0,2.0,2.0,10.0,1.0,0.0,1,1943.64
838,2018-10-07,2018-19,Man City,Liverpool,0,0.0,0.0,6.0,7.0,2.0,2.0,6.0,10.0,3.0,0.0,1,1965.5
839,2018-10-07,2018-19,Southampton,Chelsea,1,0.0,3.0,15.0,21.0,6.0,6.0,4.0,13.0,6.0,0.0,0,1634.99
839,2018-10-07,2018-19,Chelsea,Southampton,0,3.0,0.0,21.0,15.0,6.0,6.0,12.0,11.0,0.0,0.0,3,1858.14
840,2018-10-20,2018-19,Bournemouth,Southampton,1,0.0,0.0,10.0,8.0,2.0,4.0,6.0,10.0,1.0,0.0,1,1692.61
840,2018-10-20,2018-19,Southampton,Bournemouth,0,0.0,0.0,8.0,10.0,4.0,2.0,4.0,14.0,2.0,0.0,1,1623.3
841,2018-10-20,2018-19,Cardiff,Fulham,1,4.0,2.0,22.0,9.0,5.0,4.0,4.0,15.0,3.0,0.0,3,1544.74
841,2018-10-20,2018-19,Fulham,Cardiff,0,2.0,4.0,9.0,22.0,4.0,5.0,4.0,16.0,3.0,0.0,0,1604.19
842,2018-10-20,2018-19,Chelsea,Man United,1,2.0,2.0,21.0,7.0,6.0,4.0,5.0,9.0,2.0,0.0,1,1861.61
842,2018-10-20,2018-19,Man United,Chelsea,0,2.0,2.0,7.0,21.0,4.0,6.0,3.0,17.0,5.0,0.0,1,1845.23
843,2018-10-20,2018-19,Huddersfield,Liverpool,1,0.0,1.0,13.0,11.0,1.0,2.0,2.0,9.0,0.0,0.0,0,1543.99
843,2018-10-20,2018-19,Liverpool,Huddersfield,0,1.0,0.0,11.0,13.0,2.0,1.0,4.0,6.0,2.0,0.0,3,1930.77
844,2018-10-20,2018-19,Man City,Burnley,1,5.0,0.0,24.0,5.0,10.0,0.0,10.0,11.0,2.0,0.0,3,1966.16
844,2018-10-20,2018-19,Burnley,Man City,0,0.0,5.0,5.0,24.0,0.0,10.0,1.0,5.0,2.0,0.0,0,1649.96
845,2018-10-20,2018-19,Newcastle,Brighton,1,0.0,1.0,27.0,8.0,6.0,2.0,10.0,13.0,0.0,0.0,0,1632.84
845,2018-10-20,2018-19,Brighton,Newcastle,0,1.0,0.0,8.0,27.0,2.0,6.0,2.0,17.0,2.0,0.0,3,1628.99
846,2018-10-20,2018-19,West Ham,Tottenham,1,0.0,1.0,13.0,10.0,4.0,2.0,10.0,8.0,3.0,0.0,0,1664.26
846,2018-10-20,2018-19,Tottenham,West Ham,0,1.0,0.0,10.0,13.0,2.0,4.0,6.0,10.0,0.0,0.0,3,1890.49
847,2018-10-20,2018-19,Wolves,Watford,1,0.0,2.0,10.0,9.0,1.0,3.0,8.0,23.0,3.0,0.0,0,1633.92
847,2018-10-20,2018-19,Watford,Wolves,0,2.0,0.0,9.0,10.0,3.0,1.0,2.0,13.0,1.0,0.0,3,1637.17
848,2018-10-21,2018-19,Everton,Crystal Palace,1,2.0,0.0,20.0,7.0,4.0,3.0,10.0,13.0,2.0,0.0,3,1689.47
848,2018-10-21,2018-19,Crystal Palace,Everton,0,0.0,2.0,7.0,20.0,3.0,4.0,5.0,17.0,1.0,0.0,0,1652.66
849,2018-10-22,2018-19,Arsenal,Leicester,1,3.0,1.0,19.0,8.0,6.0,2.0,6.0,10.0,2.0,0.0,3,1838.27
849,2018-10-22,2018-19,Leicester,Arsenal,0,1.0,3.0,8.0,19.0,2.0,6.0,4.0,10.0,2.0,0.0,0,1692.71
850,2018-10-27,2018-19,Brighton,Wolves,1,1.0,0.0,2.0,25.0,1.0,7.0,1.0,11.0,3.0,0.0,3,1628.99
850,2018-10-27,2018-19,Wolves,Brighton,0,0.0,1.0,25.0,2.0,7.0,1.0,10.0,8.0,0.0,0.0,0,1633.92
851,2018-10-27,2018-19,Fulham,Bournemouth,1,0.0,3.0,11.0,12.0,1.0,5.0,5.0,16.0,2.0,1.0,0,1604.19
851,2018-10-27,2018-19,Bournemouth,Fulham,0,3.0,0.0,12.0,11.0,5.0,1.0,5.0,3.0,1.0,0.0,3,1692.61
852,2018-10-27,2018-19,Leicester,West Ham,1,1.0,1.0,21.0,11.0,7.0,3.0,8.0,17.0,1.0,0.0,1,1692.71
852,2018-10-27,2018-19,West Ham,Leicester,0,1.0,1.0,11.0,21.0,3.0,7.0,0.0,5.0,1.0,1.0,1,1664.26
853,2018-10-27,2018-19,Liverpool,Cardiff,1,4.0,1.0,19.0,2.0,7.0,1.0,8.0,6.0,0.0,0.0,3,1930.77
853,2018-10-27,2018-19,Cardiff,Liverpool,0,1.0,4.0,2.0,19.0,1.0,7.0,0.0,4.0,0.0,0.0,0,1544.74
854,2018-10-27,2018-19,Southampton,Newcastle,1,0.0,0.0,22.0,6.0,4.0,0.0,7.0,9.0,0.0,0.0,1,1623.3
854,2018-10-27,2018-19,Newcastle,Southampton,0,0.0,0.0,6.0,22.0,0.0,4.0,2.0,12.0,1.0,0.0,1,1632.84
855,2018-10-27,2018-19,Watford,Huddersfield,1,3.0,0.0,12.0,13.0,6.0,7.0,3.0,9.0,1.0,0.0,3,1637.17
855,2018-10-27,2018-19,Huddersfield,Watford,0,0.0,3.0,13.0,12.0,7.0,6.0,3.0,13.0,2.0,0.0,0,1543.99
856,2018-10-28,2018-19,Burnley,Chelsea,1,0.0,4.0,7.0,24.0,1.0,8.0,4.0,14.0,4.0,0.0,0,1649.96
856,2018-10-28,2018-19,Chelsea,Burnley,0,4.0,0.0,24.0,7.0,8.0,1.0,4.0,10.0,2.0,0.0,3,1861.61
857,2018-10-28,2018-19,Crystal Palace,Arsenal,1,2.0,2.0,16.0,7.0,3.0,2.0,6.0,10.0,1.0,0.0,1,1652.66
857,2018-10-28,2018-19,Arsenal,Crystal Palace,0,2.0,2.0,7.0,16.0,2.0,3.0,4.0,16.0,2.0,0.0,1,1838.27
858,2018-10-28,2018-19,Man United,Everton,1,2.0,1.0,14.0,14.0,10.0,6.0,8.0,15.0,2.0,0.0,3,1845.23
858,2018-10-28,2018-19,Everton,Man United,0,1.0,2.0,14.0,14.0,6.0,10.0,4.0,12.0,1.0,0.0,0,1689.47
859,2018-10-29,2018-19,Tottenham,Man City,1,0.0,1.0,4.0,13.0,1.0,6.0,3.0,13.0,2.0,0.0,0,1890.49
859,2018-10-29,2018-19,Man City,Tottenham,0,1.0,0.0,13.0,4.0,6.0,1.0,6.0,13.0,2.0,0.0,3,1966.16
860,2018-11-03,2018-19,Arsenal,Liverpool,1,1.0,1.0,12.0,13.0,4.0,4.0,5.0,7.0,1.0,0.0,1,1849.14
860,2018-11-03,2018-19,Liverpool,Arsenal,0,1.0,1.0,13.0,12.0,4.0,4.0,8.0,7.0,1.0,0.0,1,1940.2
861,2018-11-03,2018-19,Cardiff,Leicester,1,0.0,1.0,11.0,13.0,2.0,5.0,6.0,13.0,2.0,0.0,0,1557.79
861,2018-11-03,2018-19,Leicester,Cardiff,0,1.0,0.0,13.0,11.0,5.0,2.0,12.0,12.0,2.0,0.0,3,1688.85
862,2018-11-03,2018-19,Newcastle,Watford,1,1.0,0.0,10.0,16.0,2.0,1.0,8.0,12.0,1.0,0.0,3,1628.27
862,2018-11-03,2018-19,Watford,Newcastle,0,0.0,1.0,16.0,10.0,1.0,2.0,9.0,11.0,5.0,0.0,0,1661.01
863,2018-11-03,2018-19,Bournemouth,Man United,1,1.0,2.0,18.0,18.0,7.0,8.0,9.0,12.0,4.0,0.0,0,1704.27
863,2018-11-03,2018-19,Man United,Bournemouth,0,2.0,1.0,18.0,18.0,8.0,7.0,5.0,12.0,3.0,0.0,3,1846.91
864,2018-11-03,2018-19,Wolves,Tottenham,1,2.0,3.0,16.0,10.0,7.0,8.0,5.0,11.0,1.0,0.0,0,1617.62
864,2018-11-03,2018-19,Tottenham,Wolves,0,3.0,2.0,10.0,16.0,8.0,7.0,1.0,8.0,2.0,0.0,3,1887.91
865,2018-11-03,2018-19,West Ham,Burnley,1,4.0,2.0,22.0,6.0,10.0,3.0,10.0,7.0,1.0,0.0,3,1666.05
865,2018-11-03,2018-19,Burnley,West Ham,0,2.0,4.0,6.0,22.0,3.0,10.0,4.0,9.0,4.0,0.0,0,1641.27
866,2018-11-03,2018-19,Everton,Brighton,1,3.0,1.0,14.0,5.0,3.0,3.0,6.0,9.0,0.0,0.0,3,1697.35
866,2018-11-03,2018-19,Brighton,Everton,0,1.0,3.0,5.0,14.0,3.0,3.0,4.0,17.0,1.0,0.0,0,1648.11
867,2018-11-04,2018-19,Chelsea,Crystal Palace,1,3.0,1.0,15.0,7.0,6.0,2.0,4.0,6.0,0.0,0.0,3,1872.73
867,2018-11-04,2018-19,Crystal Palace,Chelsea,0,1.0,3.0,7.0,15.0,2.0,6.0,2.0,13.0,1.0,0.0,0,1651.75
868,2018-11-04,2018-19,Man City,Southampton,1,6.0,1.0,18.0,12.0,8.0,6.0,4.0,14.0,1.0,0.0,3,1988.71
868,2018-11-04,2018-19,Southampton,Man City,0,1.0,6.0,12.0,18.0,6.0,8.0,4.0,9.0,1.0,0.0,0,1628.28
869,2018-11-05,2018-19,Huddersfield,Fulham,1,1.0,0.0,10.0,7.0,2.0,1.0,5.0,11.0,1.0,0.0,3,1538.3
869,2018-11-05,2018-19,Fulham,Huddersfield,0,0.0,1.0,7.0,10.0,1.0,2.0,4.0,8.0,2.0,0.0,0,1584.13
870,2018-11-10,2018-19,Cardiff,Brighton,1,2.0,1.0,20.0,7.0,6.0,3.0,4.0,7.0,2.0,0.0,3,1557.79
870,2018-11-10,2018-19,Brighton,Cardiff,0,1.0,2.0,7.0,20.0,3.0,6.0,1.0,21.0,1.0,1.0,0,1648.11
871,2018-11-10,2018-19,Crystal Palace,Tottenham,1,0.0,1.0,11.0,11.0,4.0,2.0,10.0,12.0,1.0,0.0,0,1651.75
871,2018-11-10,2018-19,Tottenham,Crystal Palace,0,1.0,0.0,11.0,11.0,2.0,4.0,6.0,9.0,1.0,0.0,3,1887.91
872,2018-11-10,2018-19,Huddersfield,West Ham,1,1.0,1.0,15.0,12.0,7.0,5.0,5.0,9.0,1.0,0.0,1,1538.3
872,2018-11-10,2018-19,West Ham,Huddersfield,0,1.0,1.0,12.0,15.0,5.0,7.0,6.0,8.0,1.0,0.0,1,1666.05
873,2018-11-10,2018-19,Leicester,Burnley,1,0.0,0.0,22.0,6.0,5.0,1.0,12.0,13.0,2.0,0.0,1,1688.85
873,2018-11-10,2018-19,Burnley,Leicester,0,0.0,0.0,6.0,22.0,1.0,5.0,1.0,10.0,0.0,0.0,1,1641.27
874,2018-11-10,2018-19,Newcastle,Bournemouth,1,2.0,1.0,18.0,14.0,6.0,4.0,7.0,9.0,2.0,0.0,3,1628.27
874,2018-11-10,2018-19,Bournemouth,Newcastle,0,1.0,2.0,14.0,18.0,4.0,6.0,10.0,11.0,1.0,0.0,0,1704.27
875,2018-11-10,2018-19,Southampton,Watford,1,1.0,1.0,14.0,12.0,4.0,6.0,7.0,13.0,3.0,0.0,1,1628.28
875,2018-11-10,2018-19,Watford,Southampton,0,1.0,1.0,12.0,14.0,6.0,4.0,6.0,13.0,2.0,0.0,1,1661.01
876,2018-11-11,2018-19,Chelsea,Everton,1,0.0,0.0,15.0,6.0,4.0,1.0,5.0,7.0,4.0,0.0,1,1872.73
876,2018-11-11,2018-19,Everton,Chelsea,0,0.0,0.0,6.0,15.0,1.0,4.0,5.0,11.0,3.0,0.0,1,1697.35
877,2018-11-11,2018-19,Arsenal,Wolves,1,1.0,1.0,10.0,12.0,3.0,5.0,11.0,9.0,2.0,0.0,1,1849.14
877,2018-11-11,2018-19,Wolves,Arsenal,0,1.0,1.0,12.0,10.0,5.0,3.0,2.0,16.0,2.0,0.0,1,1617.62
878,2018-11-11,2018-19,Man City,Man United,1,3.0,1.0,17.0,6.0,5.0,1.0,5.0,12.0,1.0,0.0,3,1988.71
878,2018-11-11,2018-19,Man United,Man City,0,1.0,3.0,6.0,17.0,1.0,5.0,1.0,12.0,1.0,0.0,0,1846.91
879,2018-11-11,2018-19,Liverpool,Fulham,1,2.0,0.0,20.0,8.0,7.0,3.0,6.0,11.0,1.0,0.0,3,1940.2
879,2018-11-11,2018-19,Fulham,Liverpool,0,0.0,2.0,8.0,20.0,3.0,7.0,3.0,9.0,1.0,0.0,0,1584.13
880,2018-11-24,2018-19,Brighton,Leicester,1,1.0,1.0,14.0,8.0,3.0,3.0,6.0,10.0,3.0,0.0,1,1631.4
880,2018-11-24,2018-19,Leicester,Brighton,0,1.0,1.0,8.0,14.0,3.0,3.0,1.0,7.0,1.0,1.0,1,1691.35
881,2018-11-24,2018-19,Everton,Cardiff,1,1.0,0.0,16.0,7.0,8.0,1.0,7.0,12.0,0.0,0.0,3,1710.79
881,2018-11-24,2018-19,Cardiff,Everton,0,0.0,1.0,7.0,16.0,1.0,8.0,3.0,13.0,3.0,0.0,0,1560.37
882,2018-11-24,2018-19,Fulham,Southampton,1,3.0,2.0,10.0,19.0,5.0,8.0,2.0,10.0,2.0,0.0,3,1574.84
882,2018-11-24,2018-19,Southampton,Fulham,0,2.0,3.0,19.0,10.0,8.0,5.0,5.0,6.0,3.0,0.0,0,1624.76
883,2018-11-24,2018-19,Man United,Crystal Palace,1,0.0,0.0,12.0,13.0,5.0,2.0,10.0,13.0,1.0,0.0,1,1861.59
883,2018-11-24,2018-19,Crystal Palace,Man United,0,0.0,0.0,13.0,12.0,2.0,5.0,3.0,12.0,2.0,0.0,1,1644.6
884,2018-11-24,2018-19,Tottenham,Chelsea,1,3.0,1.0,18.0,13.0,9.0,2.0,4.0,19.0,0.0,0.0,3,1897.19
884,2018-11-24,2018-19,Chelsea,Tottenham,0,1.0,3.0,13.0,18.0,2.0,9.0,4.0,12.0,3.0,0.0,0,1872.18
885,2018-11-24,2018-19,Watford,Liverpool,1,0.0,3.0,5.0,10.0,1.0,7.0,5.0,12.0,0.0,0.0,0,1654.54
885,2018-11-24,2018-19,Liverpool,Watford,0,3.0,0.0,10.0,5.0,7.0,1.0,5.0,13.0,0.0,1.0,3,1923.12
886,2018-11-24,2018-19,West Ham,Man City,1,0.0,4.0,9.0,9.0,1.0,6.0,8.0,6.0,0.0,0.0,0,1672.54
886,2018-11-24,2018-19,Man City,West Ham,0,4.0,0.0,9.0,9.0,6.0,1.0,1.0,3.0,0.0,0.0,3,2000.37
887,2018-11-25,2018-19,Bournemouth,Arsenal,1,1.0,2.0,11.0,20.0,5.0,4.0,5.0,6.0,2.0,0.0,0,1690.21
887,2018-11-25,2018-19,Arsenal,Bournemouth,0,2.0,1.0,20.0,11.0,4.0,5.0,8.0,9.0,1.0,0.0,3,1836.89
888,2018-11-25,2018-19,Wolves,Huddersfield,1,0.0,2.0,12.0,14.0,3.0,6.0,3.0,9.0,1.0,0.0,0,1621.02
888,2018-11-25,2018-19,Huddersfield,Wolves,0,2.0,0.0,14.0,12.0,6.0,3.0,5.0,8.0,2.0,0.0,3,1547.58
889,2018-11-26,2018-19,Burnley,Newcastle,1,1.0,2.0,14.0,17.0,4.0,3.0,5.0,6.0,0.0,0.0,0,1636.14
889,2018-11-26,2018-19,Newcastle,Burnley,0,2.0,1.0,17.0,14.0,3.0,4.0,5.0,11.0,1.0,0.0,3,1643.52
890,2018-11-30,2018-19,Cardiff,Wolves,1,2.0,1.0,17.0,15.0,3.0,4.0,7.0,3.0,1.0,0.0,3,1560.37
890,2018-11-30,2018-19,Wolves,Cardiff,0,1.0,2.0,15.0,17.0,4.0,3.0,6.0,12.0,2.0,0.0,0,1621.02
891,2018-12-01,2018-19,Leicester,Watford,1,2.0,0.0,7.0,8.0,3.0,0.0,4.0,7.0,2.0,0.0,3,1692.38
891,2018-12-01,2018-19,Watford,Leicester,0,0.0,2.0,8.0,7.0,0.0,3.0,8.0,6.0,1.0,1.0,0,1649.65
892,2018-12-01,2018-19,Crystal Palace,Burnley,1,2.0,0.0,29.0,4.0,9.0,0.0,10.0,9.0,1.0,0.0,3,1652.21
892,2018-12-01,2018-19,Burnley,Crystal Palace,0,0.0,2.0,4.0,29.0,0.0,9.0,2.0,10.0,1.0,0.0,0,1627.47
893,2018-12-01,2018-19,Huddersfield,Brighton,1,1.0,2.0,7.0,14.0,2.0,6.0,2.0,10.0,0.0,1.0,0,1565.01
893,2018-12-01,2018-19,Brighton,Huddersfield,0,2.0,1.0,14.0,7.0,6.0,2.0,6.0,12.0,2.0,0.0,3,1632.2
894,2018-12-01,2018-19,Newcastle,West Ham,1,0.0,3.0,16.0,7.0,4.0,4.0,7.0,10.0,3.0,0.0,0,1654.03
894,2018-12-01,2018-19,West Ham,Newcastle,0,3.0,0.0,7.0,16.0,4.0,4.0,3.0,10.0,3.0,0.0,3,1668.66
895,2018-12-01,2018-19,Southampton,Man United,1,2.0,2.0,16.0,11.0,6.0,5.0,3.0,12.0,4.0,0.0,1,1617.96
895,2018-12-01,2018-19,Man United,Southampton,0,2.0,2.0,11.0,16.0,5.0,6.0,5.0,13.0,4.0,0.0,1,1858.06
896,2018-12-01,2018-19,Man City,Bournemouth,1,3.0,1.0,16.0,4.0,6.0,1.0,8.0,9.0,0.0,0.0,3,2001.5
896,2018-12-01,2018-19,Bournemouth,Man City,0,1.0,3.0,4.0,16.0,1.0,6.0,4.0,3.0,0.0,0.0,0,1685.55
897,2018-12-02,2018-19,Arsenal,Tottenham,1,4.0,2.0,22.0,11.0,7.0,6.0,8.0,15.0,3.0,0.0,3,1847.62
897,2018-12-02,2018-19,Tottenham,Arsenal,0,2.0,4.0,11.0,22.0,6.0,7.0,5.0,17.0,3.0,1.0,0,1909.84
898,2018-12-02,2018-19,Chelsea,Fulham,1,2.0,0.0,16.0,9.0,9.0,4.0,4.0,8.0,2.0,0.0,3,1868.64
898,2018-12-02,2018-19,Fulham,Chelsea,0,0.0,2.0,9.0,16.0,4.0,9.0,6.0,17.0,1.0,0.0,0,1583.48
899,2018-12-02,2018-19,Liverpool,Everton,1,1.0,0.0,16.0,9.0,3.0,3.0,8.0,12.0,3.0,0.0,3,1923.57
899,2018-12-02,2018-19,Everton,Liverpool,0,0.0,1.0,9.0,16.0,3.0,3.0,1.0,7.0,2.0,0.0,0,1714.99
900,2018-12-04,2018-19,Bournemouth,Huddersfield,1,2.0,1.0,6.0,23.0,2.0,6.0,4.0,14.0,4.0,0.0,3,1685.55
900,2018-12-04,2018-19,Huddersfield,Bournemouth,0,1.0,2.0,23.0,6.0,6.0,2.0,8.0,11.0,2.0,0.0,0,1565.01
901,2018-12-04,2018-19,Brighton,Crystal Palace,1,3.0,1.0,9.0,18.0,3.0,5.0,4.0,14.0,2.0,1.0,3,1632.2
901,2018-12-04,2018-19,Crystal Palace,Brighton,0,1.0,3.0,18.0,9.0,5.0,3.0,5.0,12.0,3.0,0.0,0,1652.21
902,2018-12-04,2018-19,Watford,Man City,1,1.0,2.0,11.0,15.0,7.0,7.0,3.0,4.0,0.0,0.0,0,1649.65
902,2018-12-04,2018-19,Man City,Watford,0,2.0,1.0,15.0,11.0,7.0,7.0,11.0,8.0,1.0,0.0,3,2001.5
903,2018-12-04,2018-19,West Ham,Cardiff,1,3.0,1.0,17.0,9.0,11.0,5.0,10.0,10.0,1.0,0.0,3,1668.66
903,2018-12-04,2018-19,Cardiff,West Ham,0,1.0,3.0,9.0,17.0,5.0,11.0,4.0,10.0,2.0,0.0,0,1565.93
904,2018-12-05,2018-19,Burnley,Liverpool,1,1.0,3.0,10.0,18.0,6.0,12.0,5.0,10.0,1.0,0.0,0,1627.47
904,2018-12-05,2018-19,Liverpool,Burnley,0,3.0,1.0,18.0,10.0,12.0,6.0,9.0,3.0,0.0,0.0,3,1923.57
905,2018-12-05,2018-19,Wolves,Chelsea,1,2.0,1.0,6.0,17.0,2.0,3.0,1.0,18.0,4.0,0.0,3,1597.49
905,2018-12-05,2018-19,Chelsea,Wolves,0,1.0,2.0,17.0,6.0,3.0,2.0,5.0,10.0,4.0,0.0,0,1868.64
906,2018-12-05,2018-19,Tottenham,Southampton,1,3.0,1.0,13.0,18.0,8.0,5.0,8.0,7.0,0.0,0.0,3,1909.84
906,2018-12-05,2018-19,Southampton,Tottenham,0,1.0,3.0,18.0,13.0,5.0,8.0,6.0,5.0,0.0,0.0,0,1617.96
907,2018-12-05,2018-19,Man United,Arsenal,1,2.0,2.0,10.0,9.0,7.0,4.0,4.0,13.0,3.0,0.0,1,1858.06
907,2018-12-05,2018-19,Arsenal,Man United,0,2.0,2.0,9.0,10.0,4.0,7.0,4.0,10.0,3.0,0.0,1,1847.62
908,2018-12-05,2018-19,Fulham,Leicester,1,1.0,1.0,25.0,13.0,7.0,5.0,10.0,12.0,0.0,0.0,1,1583.48
908,2018-12-05,2018-19,Leicester,Fulham,0,1.0,1.0,13.0,25.0,5.0,7.0,8.0,7.0,0.0,0.0,1,1692.38
909,2018-12-05,2018-19,Everton,Newcastle,1,1.0,1.0,19.0,8.0,3.0,5.0,14.0,7.0,0.0,0.0,1,1714.99
909,2018-12-05,2018-19,Newcastle,Everton,0,1.0,1.0,8.0,19.0,5.0,3.0,2.0,18.0,5.0,0.0,1,1654.03
910,2018-12-08,2018-19,Arsenal,Huddersfield,1,1.0,0.0,14.0,6.0,2.0,0.0,7.0,13.0,5.0,0.0,3,1847.62
910,2018-12-08,2018-19,Huddersfield,Arsenal,0,0.0,1.0,6.0,14.0,0.0,2.0,1.0,20.0,4.0,0.0,0,1565.01
911,2018-12-08,2018-19,Bournemouth,Liverpool,1,0.0,4.0,8.0,10.0,2.0,4.0,6.0,9.0,2.0,0.0,0,1685.55
911,2018-12-08,2018-19,Liverpool,Bournemouth,0,4.0,0.0,10.0,8.0,4.0,2.0,6.0,11.0,1.0,0.0,3,1923.57
912,2018-12-08,2018-19,Burnley,Brighton,1,1.0,0.0,14.0,14.0,4.0,1.0,2.0,11.0,2.0,0.0,3,1627.47
912,2018-12-08,2018-19,Brighton,Burnley,0,0.0,1.0,14.0,14.0,1.0,4.0,7.0,11.0,0.0,0.0,0,1632.2
913,2018-12-08,2018-19,Cardiff,Southampton,1,1.0,0.0,13.0,12.0,4.0,1.0,7.0,9.0,2.0,0.0,3,1565.93
913,2018-12-08,2018-19,Southampton,Cardiff,0,0.0,1.0,12.0,13.0,1.0,4.0,7.0,10.0,2.0,0.0,0,1617.96
914,2018-12-08,2018-19,Chelsea,Man City,1,2.0,0.0,8.0,14.0,5.0,4.0,1.0,12.0,2.0,0.0,3,1868.64
914,2018-12-08,2018-19,Man City,Chelsea,0,0.0,2.0,14.0,8.0,4.0,5.0,13.0,11.0,0.0,0.0,0,2001.5
915,2018-12-08,2018-19,Leicester,Tottenham,1,0.0,2.0,11.0,7.0,3.0,2.0,6.0,12.0,3.0,0.0,0,1692.38
915,2018-12-08,2018-19,Tottenham,Leicester,0,2.0,0.0,7.0,11.0,2.0,3.0,5.0,7.0,1.0,0.0,3,1909.84
916,2018-12-08,2018-19,Man United,Fulham,1,4.0,1.0,20.0,10.0,11.0,4.0,10.0,11.0,1.0,0.0,3,1858.06
916,2018-12-08,2018-19,Fulham,Man United,0,1.0,4.0,10.0,20.0,4.0,11.0,3.0,15.0,1.0,1.0,0,1583.48
917,2018-12-08,2018-19,West Ham,Crystal Palace,1,3.0,2.0,13.0,8.0,6.0,4.0,5.0,10.0,1.0,0.0,3,1668.66
917,2018-12-08,2018-19,Crystal Palace,West Ham,0,2.0,3.0,8.0,13.0,4.0,6.0,3.0,8.0,2.0,0.0,0,1652.21
918,2018-12-09,2018-19,Newcastle,Wolves,1,1.0,2.0,12.0,13.0,4.0,6.0,4.0,10.0,2.0,1.0,0,1654.03
918,2018-12-09,2018-19,Wolves,Newcastle,0,2.0,1.0,13.0,12.0,6.0,4.0,6.0,17.0,5.0,0.0,3,1597.49
919,2018-12-10,2018-19,Everton,Watford,1,2.0,2.0,12.0,15.0,5.0,3.0,6.0,13.0,1.0,0.0,1,1714.99
919,2018-12-10,2018-19,Watford,Everton,0,2.0,2.0,15.0,12.0,3.0,5.0,6.0,13.0,1.0,0.0,1,1649.65
920,2018-12-15,2018-19,Fulham,West Ham,1,0.0,2.0,16.0,6.0,4.0,3.0,6.0,14.0,2.0,0.0,0,1578.77
920,2018-12-15,2018-19,West Ham,Fulham,0,2.0,0.0,6.0,16.0,3.0,4.0,4.0,10.0,1.0,0.0,3,1694.57
921,2018-12-15,2018-19,Man City,Everton,1,3.0,1.0,13.0,9.0,5.0,2.0,6.0,7.0,1.0,0.0,3,1991.25
921,2018-12-15,2018-19,Everton,Man City,0,1.0,3.0,9.0,13.0,2.0,5.0,2.0,9.0,2.0,0.0,0,1704.23
922,2018-12-15,2018-19,Crystal Palace,Leicester,1,1.0,0.0,8.0,12.0,1.0,2.0,4.0,10.0,2.0,0.0,3,1644.14
922,2018-12-15,2018-19,Leicester,Crystal Palace,0,0.0,1.0,12.0,8.0,2.0,1.0,4.0,8.0,1.0,0.0,0,1691.03
923,2018-12-15,2018-19,Watford,Cardiff,1,3.0,2.0,17.0,10.0,8.0,3.0,5.0,7.0,0.0,0.0,3,1642.37
923,2018-12-15,2018-19,Cardiff,Watford,0,2.0,3.0,10.0,17.0,3.0,8.0,0.0,5.0,0.0,0.0,0,1567.5
924,2018-12-15,2018-19,Wolves,Bournemouth,1,2.0,0.0,9.0,13.0,3.0,3.0,5.0,15.0,1.0,0.0,3,1620.34
924,2018-12-15,2018-19,Bournemouth,Wolves,0,0.0,2.0,13.0,9.0,3.0,3.0,3.0,7.0,2.0,0.0,0,1679.03
925,2018-12-15,2018-19,Tottenham,Burnley,1,1.0,0.0,15.0,4.0,3.0,0.0,8.0,7.0,0.0,0.0,3,1911.63
925,2018-12-15,2018-19,Burnley,Tottenham,0,0.0,1.0,4.0,15.0,0.0,3.0,3.0,8.0,2.0,0.0,0,1621.37
926,2018-12-15,2018-19,Huddersfield,Newcastle,1,0.0,1.0,15.0,8.0,5.0,5.0,10.0,5.0,1.0,0.0,0,1550.76
926,2018-12-15,2018-19,Newcastle,Huddersfield,0,1.0,0.0,8.0,15.0,5.0,5.0,1.0,13.0,1.0,0.0,3,1630.05
927,2018-12-16,2018-19,Brighton,Chelsea,1,1.0,2.0,6.0,10.0,2.0,3.0,4.0,14.0,2.0,0.0,0,1641.64
927,2018-12-16,2018-19,Chelsea,Brighton,0,2.0,1.0,10.0,6.0,3.0,2.0,1.0,6.0,2.0,0.0,3,1863.27
928,2018-12-16,2018-19,Liverpool,Man United,1,3.0,1.0,36.0,6.0,11.0,2.0,13.0,6.0,0.0,0.0,3,1940.57
928,2018-12-16,2018-19,Man United,Liverpool,0,1.0,3.0,6.0,36.0,2.0,11.0,2.0,14.0,2.0,0.0,0,1845.86
929,2018-12-16,2018-19,Southampton,Arsenal,1,3.0,2.0,12.0,13.0,7.0,4.0,4.0,12.0,3.0,0.0,3,1611.13
929,2018-12-16,2018-19,Arsenal,Southampton,0,2.0,3.0,13.0,12.0,4.0,7.0,5.0,10.0,1.0,0.0,0,1861.6
930,2018-12-21,2018-19,Wolves,Liverpool,1,0.0,2.0,11.0,15.0,5.0,6.0,1.0,7.0,0.0,0.0,0,1620.34
930,2018-12-21,2018-19,Liverpool,Wolves,0,2.0,0.0,15.0,11.0,6.0,5.0,10.0,3.0,0.0,0.0,3,1940.57
931,2018-12-22,2018-19,Chelsea,Leicester,1,0.0,1.0,17.0,8.0,5.0,3.0,9.0,10.0,0.0,0.0,0,1863.27
931,2018-12-22,2018-19,Leicester,Chelsea,0,1.0,0.0,8.0,17.0,3.0,5.0,5.0,9.0,2.0,0.0,3,1691.03
932,2018-12-22,2018-19,Arsenal,Burnley,1,3.0,1.0,10.0,7.0,6.0,2.0,1.0,10.0,2.0,0.0,3,1861.6
932,2018-12-22,2018-19,Burnley,Arsenal,0,1.0,3.0,7.0,10.0,2.0,6.0,3.0,14.0,5.0,0.0,0,1621.37
933,2018-12-22,2018-19,Cardiff,Man United,1,1.0,5.0,9.0,17.0,3.0,9.0,4.0,13.0,2.0,0.0,0,1567.5
933,2018-12-22,2018-19,Man United,Cardiff,0,5.0,1.0,17.0,9.0,9.0,3.0,7.0,13.0,1.0,0.0,3,1845.86
934,2018-12-22,2018-19,Bournemouth,Brighton,1,2.0,0.0,14.0,10.0,3.0,5.0,6.0,8.0,2.0,0.0,3,1679.03
934,2018-12-22,2018-19,Brighton,Bournemouth,0,0.0,2.0,10.0,14.0,5.0,3.0,5.0,18.0,0.0,1.0,0,1641.64
935,2018-12-22,2018-19,Huddersfield,Southampton,1,1.0,3.0,16.0,13.0,5.0,6.0,8.0,12.0,2.0,0.0,0,1550.76
935,2018-12-22,2018-19,Southampton,Huddersfield,0,3.0,1.0,13.0,16.0,6.0,5.0,2.0,9.0,3.0,0.0,3,1611.13
936,2018-12-22,2018-19,Newcastle,Fulham,1,0.0,0.0,9.0,4.0,0.0,2.0,6.0,9.0,1.0,0.0,1,1630.05
936,2018-12-22,2018-19,Fulham,Newcastle,0,0.0,0.0,4.0,9.0,2.0,0.0,0.0,12.0,2.0,0.0,1,1578.77
937,2018-12-22,2018-19,West Ham,Watford,1,0.0,2.0,18.0,11.0,7.0,5.0,10.0,9.0,3.0,0.0,0,1694.57
937,2018-12-22,2018-19,Watford,West Ham,0,2.0,0.0,11.0,18.0,5.0,7.0,4.0,11.0,2.0,0.0,3,1642.37
938,2018-12-22,2018-19,Man City,Crystal Palace,1,2.0,3.0,19.0,5.0,5.0,3.0,13.0,7.0,0.0,0.0,0,1991.25
938,2018-12-22,2018-19,Crystal Palace,Man City,0,3.0,2.0,5.0,19.0,3.0,5.0,0.0,6.0,4.0,0.0,3,1644.14
939,2018-12-23,2018-19,Everton,Tottenham,1,2.0,6.0,10.0,17.0,3.0,8.0,2.0,13.0,0.0,0.0,0,1704.23
939,2018-12-23,2018-19,Tottenham,Everton,0,6.0,2.0,17.0,10.0,8.0,3.0,1.0,9.0,2.0,0.0,3,1911.63
940,2018-12-26,2018-19,Tottenham,Bournemouth,1,5.0,0.0,10.0,14.0,7.0,4.0,3.0,4.0,2.0,0.0,3,1911.63
940,2018-12-26,2018-19,Bournemouth,Tottenham,0,0.0,5.0,14.0,10.0,4.0,7.0,4.0,8.0,1.0,0.0,0,1679.03
941,2018-12-26,2018-19,Watford,Chelsea,1,1.0,2.0,10.0,10.0,2.0,4.0,3.0,15.0,1.0,0.0,0,1642.37
941,2018-12-26,2018-19,Chelsea,Watford,0,2.0,1.0,10.0,10.0,4.0,2.0,4.0,5.0,0.0,0.0,3,1863.27
942,2018-12-26,2018-19,Brighton,Arsenal,1,1.0,1.0,12.0,7.0,3.0,4.0,4.0,10.0,2.0,0.0,1,1641.64
942,2018-12-26,2018-19,Arsenal,Brighton,0,1.0,1.0,7.0,12.0,4.0,3.0,9.0,4.0,1.0,0.0,1,1861.6
943,2018-12-26,2018-19,Burnley,Everton,1,1.0,5.0,11.0,13.0,4.0,6.0,5.0,11.0,2.0,0.0,0,1621.37
943,2018-12-26,2018-19,Everton,Burnley,0,5.0,1.0,13.0,11.0,6.0,4.0,7.0,19.0,4.0,0.0,3,1704.23
944,2018-12-26,2018-19,Crystal Palace,Cardiff,1,0.0,0.0,31.0,9.0,5.0,4.0,12.0,9.0,0.0,0.0,1,1644.14
944,2018-12-26,2018-19,Cardiff,Crystal Palace,0,0.0,0.0,9.0,31.0,4.0,5.0,1.0,11.0,3.0,0.0,1,1567.5
945,2018-12-26,2018-19,Fulham,Wolves,1,1.0,1.0,11.0,14.0,9.0,5.0,2.0,9.0,2.0,0.0,1,1578.77
945,2018-12-26,2018-19,Wolves,Fulham,0,1.0,1.0,14.0,11.0,5.0,9.0,0.0,6.0,1.0,0.0,1,1620.34
946,2018-12-26,2018-19,Leicester,Man City,1,2.0,1.0,10.0,11.0,5.0,4.0,3.0,5.0,2.0,0.0,3,1691.03
946,2018-12-26,2018-19,Man City,Leicester,0,1.0,2.0,11.0,10.0,4.0,5.0,7.0,8.0,2.0,1.0,0,1991.25
947,2018-12-26,2018-19,Liverpool,Newcastle,1,4.0,0.0,16.0,6.0,8.0,2.0,10.0,7.0,0.0,0.0,3,1940.57
947,2018-12-26,2018-19,Newcastle,Liverpool,0,0.0,4.0,6.0,16.0,2.0,8.0,2.0,9.0,0.0,0.0,0,1630.05
948,2018-12-26,2018-19,Man United,Huddersfield,1,3.0,1.0,16.0,10.0,10.0,2.0,5.0,9.0,1.0,0.0,3,1845.86
948,2018-12-26,2018-19,Huddersfield,Man United,0,1.0,3.0,10.0,16.0,2.0,10.0,3.0,13.0,1.0,0.0,0,1550.76
949,2018-12-27,2018-19,Southampton,West Ham,1,1.0,2.0,11.0,16.0,5.0,5.0,4.0,10.0,2.0,0.0,0,1611.13
949,2018-12-27,2018-19,West Ham,Southampton,0,2.0,1.0,16.0,11.0,5.0,5.0,5.0,3.0,0.0,0.0,3,1694.57
950,2018-12-29,2018-19,Brighton,Everton,1,1.0,0.0,11.0,13.0,3.0,4.0,6.0,10.0,0.0,0.0,3,1641.64
950,2018-12-29,2018-19,Everton,Brighton,0,0.0,1.0,13.0,11.0,4.0,3.0,6.0,11.0,2.0,0.0,0,1704.23
951,2018-12-29,2018-19,Fulham,Huddersfield,1,1.0,0.0,14.0,9.0,5.0,5.0,4.0,12.0,3.0,0.0,3,1578.77
951,2018-12-29,2018-19,Huddersfield,Fulham,0,0.0,1.0,9.0,14.0,5.0,5.0,3.0,10.0,1.0,0.0,0,1550.76
952,2018-12-29,2018-19,Leicester,Cardiff,1,0.0,1.0,16.0,12.0,7.0,3.0,10.0,14.0,0.0,0.0,0,1691.03
952,2018-12-29,2018-19,Cardiff,Leicester,0,1.0,0.0,12.0,16.0,3.0,7.0,4.0,16.0,2.0,0.0,3,1567.5
953,2018-12-29,2018-19,Liverpool,Arsenal,1,5.0,1.0,15.0,8.0,10.0,2.0,5.0,8.0,1.0,0.0,3,1940.57
953,2018-12-29,2018-19,Arsenal,Liverpool,0,1.0,5.0,8.0,15.0,2.0,10.0,3.0,13.0,2.0,0.0,0,1861.6
954,2018-12-29,2018-19,Tottenham,Wolves,1,1.0,3.0,10.0,11.0,3.0,4.0,6.0,7.0,3.0,0.0,0,1911.63
954,2018-12-29,2018-19,Wolves,Tottenham,0,3.0,1.0,11.0,10.0,4.0,3.0,7.0,7.0,2.0,0.0,3,1620.34
955,2018-12-29,2018-19,Watford,Newcastle,1,1.0,1.0,12.0,8.0,5.0,2.0,3.0,17.0,1.0,0.0,1,1642.37
955,2018-12-29,2018-19,Newcastle,Watford,0,1.0,1.0,8.0,12.0,2.0,5.0,6.0,16.0,2.0,0.0,1,1630.05
956,2018-12-30,2018-19,Burnley,West Ham,1,2.0,0.0,17.0,11.0,5.0,4.0,5.0,15.0,1.0,0.0,3,1621.37
956,2018-12-30,2018-19,West Ham,Burnley,0,0.0,2.0,11.0,17.0,4.0,5.0,5.0,11.0,4.0,0.0,0,1694.57
957,2018-12-30,2018-19,Crystal Palace,Chelsea,1,0.0,1.0,4.0,12.0,0.0,4.0,3.0,11.0,0.0,0.0,0,1644.14
957,2018-12-30,2018-19,Chelsea,Crystal Palace,0,1.0,0.0,12.0,4.0,4.0,0.0,4.0,8.0,1.0,0.0,3,1863.27
958,2018-12-30,2018-19,Man United,Bournemouth,1,4.0,1.0,11.0,7.0,8.0,3.0,4.0,10.0,2.0,1.0,3,1845.86
958,2018-12-30,2018-19,Bournemouth,Man United,0,1.0,4.0,7.0,11.0,3.0,8.0,5.0,7.0,0.0,0.0,0,1679.03
959,2018-12-30,2018-19,Southampton,Man City,1,1.0,3.0,5.0,14.0,4.0,6.0,3.0,11.0,2.0,1.0,0,1611.13
959,2018-12-30,2018-19,Man City,Southampton,0,3.0,1.0,14.0,5.0,6.0,4.0,8.0,10.0,3.0,0.0,3,1991.25
960,2019-01-01,2018-19,Arsenal,Fulham,1,4.0,1.0,16.0,9.0,9.0,4.0,8.0,7.0,0.0,0.0,3,1839.27
960,2019-01-01,2018-19,Fulham,Arsenal,0,1.0,4.0,9.0,16.0,4.0,9.0,3.0,12.0,1.0,0.0,0,1578.94
961,2019-01-01,2018-19,Cardiff,Tottenham,1,0.0,3.0,6.0,13.0,3.0,4.0,5.0,6.0,1.0,0.0,0,1573.44
961,2019-01-01,2018-19,Tottenham,Cardiff,0,3.0,0.0,13.0,6.0,4.0,3.0,3.0,6.0,0.0,0.0,3,1904.31
962,2019-01-01,2018-19,Everton,Leicester,1,0.0,1.0,17.0,8.0,2.0,4.0,6.0,5.0,3.0,0.0,0,1699.82
962,2019-01-01,2018-19,Leicester,Everton,0,1.0,0.0,8.0,17.0,4.0,2.0,5.0,8.0,1.0,0.0,3,1697.38
963,2019-01-02,2018-19,Bournemouth,Watford,1,3.0,3.0,25.0,11.0,12.0,3.0,4.0,9.0,1.0,0.0,1,1666.25
963,2019-01-02,2018-19,Watford,Bournemouth,0,3.0,3.0,11.0,25.0,3.0,12.0,2.0,15.0,4.0,0.0,1,1655.81
964,2019-01-02,2018-19,Chelsea,Southampton,1,0.0,0.0,17.0,6.0,6.0,2.0,7.0,8.0,1.0,0.0,1,1863.15
964,2019-01-02,2018-19,Southampton,Chelsea,0,0.0,0.0,6.0,17.0,2.0,6.0,2.0,11.0,2.0,0.0,1,1623.51
965,2019-01-02,2018-19,Huddersfield,Burnley,1,1.0,2.0,9.0,16.0,2.0,8.0,5.0,11.0,0.0,1.0,0,1524.44
965,2019-01-02,2018-19,Burnley,Huddersfield,0,2.0,1.0,16.0,9.0,8.0,2.0,2.0,9.0,4.0,1.0,3,1614.66
966,2019-01-02,2018-19,Newcastle,Man United,1,0.0,2.0,14.0,16.0,3.0,7.0,1.0,10.0,1.0,0.0,0,1633.63
966,2019-01-02,2018-19,Man United,Newcastle,0,2.0,0.0,16.0,14.0,7.0,3.0,2.0,9.0,2.0,0.0,3,1853.44
967,2019-01-02,2018-19,West Ham,Brighton,1,2.0,2.0,13.0,13.0,6.0,6.0,1.0,9.0,0.0,0.0,1,1683.25
967,2019-01-02,2018-19,Brighton,West Ham,0,2.0,2.0,13.0,13.0,6.0,6.0,5.0,11.0,1.0,0.0,1,1642.42
968,2019-01-02,2018-19,Wolves,Crystal Palace,1,0.0,2.0,9.0,17.0,1.0,4.0,3.0,9.0,4.0,0.0,0,1649.81
968,2019-01-02,2018-19,Crystal Palace,Wolves,0,2.0,0.0,17.0,9.0,4.0,1.0,10.0,7.0,1.0,0.0,3,1658.87
969,2019-01-03,2018-19,Man City,Liverpool,1,2.0,1.0,9.0,7.0,4.0,5.0,2.0,12.0,4.0,0.0,3,1967.11
969,2019-01-03,2018-19,Liverpool,Man City,0,1.0,2.0,7.0,9.0,5.0,4.0,1.0,7.0,2.0,0.0,0,1961.6
970,2019-01-12,2018-19,Cardiff,Huddersfield,1,0.0,0.0,3.0,14.0,0.0,2.0,3.0,12.0,3.0,0.0,1,1573.44
970,2019-01-12,2018-19,Huddersfield,Cardiff,0,0.0,0.0,14.0,3.0,2.0,0.0,10.0,14.0,1.0,0.0,1,1524.44
971,2019-01-12,2018-19,Brighton,Liverpool,1,0.0,1.0,7.0,10.0,0.0,3.0,2.0,15.0,0.0,0.0,0,1642.42
971,2019-01-12,2018-19,Liverpool,Brighton,0,1.0,0.0,10.0,7.0,3.0,0.0,7.0,5.0,0.0,0.0,3,1961.6
972,2019-01-12,2018-19,Crystal Palace,Watford,1,1.0,2.0,15.0,16.0,6.0,2.0,7.0,11.0,1.0,0.0,0,1658.87
972,2019-01-12,2018-19,Watford,Crystal Palace,0,2.0,1.0,16.0,15.0,2.0,6.0,7.0,11.0,4.0,0.0,3,1655.81
973,2019-01-12,2018-19,Burnley,Fulham,1,2.0,1.0,11.0,12.0,0.0,4.0,2.0,5.0,1.0,0.0,3,1614.66
973,2019-01-12,2018-19,Fulham,Burnley,0,1.0,2.0,12.0,11.0,4.0,0.0,6.0,9.0,2.0,0.0,0,1578.94
974,2019-01-12,2018-19,Leicester,Southampton,1,1.0,2.0,23.0,8.0,6.0,3.0,10.0,7.0,2.0,0.0,0,1697.38
974,2019-01-12,2018-19,Southampton,Leicester,0,2.0,1.0,8.0,23.0,3.0,6.0,3.0,9.0,1.0,1.0,3,1623.51
975,2019-01-12,2018-19,West Ham,Arsenal,1,1.0,0.0,11.0,11.0,3.0,2.0,7.0,7.0,0.0,0.0,3,1683.25
975,2019-01-12,2018-19,Arsenal,West Ham,0,0.0,1.0,11.0,11.0,2.0,3.0,3.0,10.0,2.0,0.0,0,1839.27
976,2019-01-12,2018-19,Chelsea,Newcastle,1,2.0,1.0,10.0,9.0,6.0,2.0,8.0,6.0,1.0,0.0,3,1863.15
976,2019-01-12,2018-19,Newcastle,Chelsea,0,1.0,2.0,9.0,10.0,2.0,6.0,5.0,13.0,1.0,0.0,0,1633.63
977,2019-01-13,2018-19,Everton,Bournemouth,1,2.0,0.0,15.0,16.0,3.0,7.0,5.0,17.0,5.0,0.0,3,1699.82
977,2019-01-13,2018-19,Bournemouth,Everton,0,0.0,2.0,16.0,15.0,7.0,3.0,9.0,8.0,0.0,0.0,0,1666.25
978,2019-01-13,2018-19,Tottenham,Man United,1,0.0,1.0,21.0,13.0,11.0,8.0,7.0,8.0,1.0,0.0,0,1904.31
978,2019-01-13,2018-19,Man United,Tottenham,0,1.0,0.0,13.0,21.0,8.0,11.0,4.0,8.0,2.0,0.0,3,1853.44
979,2019-01-14,2018-19,Man City,Wolves,1,3.0,0.0,24.0,3.0,9.0,0.0,12.0,6.0,1.0,0.0,3,1967.11
979,2019-01-14,2018-19,Wolves,Man City,0,0.0,3.0,3.0,24.0,0.0,9.0,1.0,3.0,0.0,1.0,0,1649.81
980,2019-01-19,2018-19,Liverpool,Crystal Palace,1,4.0,3.0,19.0,9.0,9.0,3.0,8.0,6.0,0.0,1.0,3,1957.69
980,2019-01-19,2018-19,Crystal Palace,Liverpool,0,3.0,4.0,9.0,19.0,3.0,9.0,3.0,8.0,1.0,0.0,0,1662.41
981,2019-01-19,2018-19,Arsenal,Chelsea,1,2.0,0.0,13.0,13.0,5.0,1.0,5.0,13.0,0.0,0.0,3,1831.83
981,2019-01-19,2018-19,Chelsea,Arsenal,0,0.0,2.0,13.0,13.0,1.0,5.0,6.0,15.0,2.0,0.0,0,1858.68
982,2019-01-19,2018-19,Bournemouth,West Ham,1,2.0,0.0,10.0,9.0,4.0,1.0,2.0,6.0,0.0,0.0,3,1656.11
982,2019-01-19,2018-19,West Ham,Bournemouth,0,0.0,2.0,9.0,10.0,1.0,4.0,3.0,10.0,1.0,0.0,0,1691.23
983,2019-01-19,2018-19,Man United,Brighton,1,2.0,1.0,20.0,7.0,5.0,3.0,6.0,11.0,1.0,0.0,3,1870.08
983,2019-01-19,2018-19,Brighton,Man United,0,1.0,2.0,7.0,20.0,3.0,5.0,5.0,11.0,0.0,0.0,0,1642.47
984,2019-01-19,2018-19,Newcastle,Cardiff,1,3.0,0.0,16.0,9.0,6.0,1.0,7.0,11.0,0.0,0.0,3,1625.36
984,2019-01-19,2018-19,Cardiff,Newcastle,0,0.0,3.0,9.0,16.0,1.0,6.0,10.0,6.0,1.0,0.0,0,1566.54
985,2019-01-19,2018-19,Watford,Burnley,1,0.0,0.0,9.0,11.0,4.0,3.0,1.0,14.0,1.0,0.0,1,1667.18
985,2019-01-19,2018-19,Burnley,Watford,0,0.0,0.0,11.0,9.0,3.0,4.0,7.0,9.0,2.0,0.0,1,1627.58
986,2019-01-19,2018-19,Wolves,Leicester,1,4.0,3.0,12.0,16.0,7.0,6.0,5.0,11.0,3.0,0.0,3,1634.53
986,2019-01-19,2018-19,Leicester,Wolves,0,3.0,4.0,16.0,12.0,6.0,7.0,9.0,10.0,3.0,0.0,0,1695.36
987,2019-01-19,2018-19,Southampton,Everton,1,2.0,1.0,11.0,7.0,4.0,2.0,7.0,12.0,2.0,0.0,3,1641.73
987,2019-01-19,2018-19,Everton,Southampton,0,1.0,2.0,7.0,11.0,2.0,4.0,6.0,11.0,1.0,0.0,0,1698.83
988,2019-01-20,2018-19,Fulham,Tottenham,1,1.0,2.0,12.0,14.0,4.0,5.0,7.0,10.0,2.0,0.0,0,1570.11
988,2019-01-20,2018-19,Tottenham,Fulham,0,2.0,1.0,14.0,12.0,5.0,4.0,10.0,8.0,3.0,0.0,3,1897.57
989,2019-01-20,2018-19,Huddersfield,Man City,1,0.0,3.0,5.0,12.0,2.0,4.0,1.0,10.0,2.0,0.0,0,1520.07
989,2019-01-20,2018-19,Man City,Huddersfield,0,3.0,0.0,12.0,5.0,4.0,2.0,4.0,9.0,2.0,0.0,3,1975.75
990,2019-01-29,2018-19,Arsenal,Cardiff,1,2.0,1.0,15.0,19.0,4.0,2.0,4.0,14.0,3.0,0.0,3,1831.83
990,2019-01-29,2018-19,Cardiff,Arsenal,0,1.0,2.0,19.0,15.0,2.0,4.0,7.0,12.0,3.0,0.0,0,1566.54
991,2019-01-29,2018-19,Fulham,Brighton,1,4.0,2.0,24.0,15.0,7.0,6.0,10.0,10.0,2.0,0.0,3,1570.11
991,2019-01-29,2018-19,Brighton,Fulham,0,2.0,4.0,15.0,24.0,6.0,7.0,1.0,5.0,3.0,0.0,0,1642.47
992,2019-01-29,2018-19,Huddersfield,Everton,1,0.0,1.0,10.0,10.0,2.0,5.0,3.0,13.0,1.0,0.0,0,1520.07
992,2019-01-29,2018-19,Everton,Huddersfield,0,1.0,0.0,10.0,10.0,5.0,2.0,4.0,10.0,4.0,1.0,3,1698.83
993,2019-01-29,2018-19,Man United,Burnley,1,2.0,2.0,28.0,6.0,9.0,4.0,11.0,10.0,1.0,0.0,1,1870.08
993,2019-01-29,2018-19,Burnley,Man United,0,2.0,2.0,6.0,28.0,4.0,9.0,3.0,9.0,3.0,0.0,1,1627.58
994,2019-01-29,2018-19,Newcastle,Man City,1,2.0,1.0,6.0,12.0,2.0,4.0,1.0,9.0,2.0,0.0,3,1625.36
994,2019-01-29,2018-19,Man City,Newcastle,0,1.0,2.0,12.0,6.0,4.0,2.0,8.0,7.0,3.0,0.0,0,1975.75
995,2019-01-29,2018-19,Wolves,West Ham,1,3.0,0.0,20.0,4.0,9.0,0.0,5.0,8.0,4.0,0.0,3,1634.53
995,2019-01-29,2018-19,West Ham,Wolves,0,0.0,3.0,4.0,20.0,0.0,9.0,1.0,10.0,1.0,0.0,0,1691.23
996,2019-01-30,2018-19,Bournemouth,Chelsea,1,4.0,0.0,12.0,11.0,7.0,7.0,3.0,8.0,1.0,0.0,3,1656.11
996,2019-01-30,2018-19,Chelsea,Bournemouth,0,0.0,4.0,11.0,12.0,7.0,7.0,7.0,6.0,0.0,0.0,0,1858.68
997,2019-01-30,2018-19,Liverpool,Leicester,1,1.0,1.0,10.0,5.0,3.0,2.0,7.0,13.0,1.0,0.0,1,1957.69
997,2019-01-30,2018-19,Leicester,Liverpool,0,1.0,1.0,5.0,10.0,2.0,3.0,1.0,6.0,3.0,0.0,1,1695.36
998,2019-01-30,2018-19,Southampton,Crystal Palace,1,1.0,1.0,13.0,15.0,4.0,3.0,3.0,11.0,2.0,0.0,1,1641.73
998,2019-01-30,2018-19,Crystal Palace,Southampton,0,1.0,1.0,15.0,13.0,3.0,4.0,8.0,8.0,2.0,1.0,1,1662.41
999,2019-01-30,2018-19,Tottenham,Watford,1,2.0,1.0,17.0,9.0,3.0,1.0,9.0,6.0,0.0,0.0,3,1897.57
999,2019-01-30,2018-19,Watford,Tottenham,0,1.0,2.0,9.0,17.0,1.0,3.0,5.0,9.0,4.0,0.0,0,1667.18
1000,2019-02-02,2018-19,Brighton,Watford,1,0.0,0.0,21.0,5.0,4.0,0.0,7.0,15.0,1.0,0.0,1,1628.03
1000,2019-02-02,2018-19,Watford,Brighton,0,0.0,0.0,5.0,21.0,0.0,4.0,0.0,10.0,0.0,0.0,1,1662.44
1001,2019-02-02,2018-19,Burnley,Southampton,1,1.0,1.0,15.0,10.0,6.0,4.0,4.0,10.0,3.0,0.0,1,1637.17
1001,2019-02-02,2018-19,Southampton,Burnley,0,1.0,1.0,10.0,15.0,4.0,6.0,2.0,9.0,1.0,0.0,1,1648.53
1002,2019-02-02,2018-19,Cardiff,Bournemouth,1,2.0,0.0,12.0,9.0,5.0,2.0,6.0,17.0,1.0,0.0,3,1555.5
1002,2019-02-02,2018-19,Bournemouth,Cardiff,0,0.0,2.0,9.0,12.0,2.0,5.0,7.0,14.0,2.0,0.0,0,1688.95
1003,2019-02-02,2018-19,Chelsea,Huddersfield,1,5.0,0.0,23.0,5.0,7.0,2.0,11.0,8.0,0.0,0.0,3,1826.05
1003,2019-02-02,2018-19,Huddersfield,Chelsea,0,0.0,5.0,5.0,23.0,2.0,7.0,2.0,5.0,0.0,0.0,0,1512.88
1004,2019-02-02,2018-19,Crystal Palace,Fulham,1,2.0,0.0,17.0,8.0,6.0,0.0,11.0,9.0,2.0,0.0,3,1662.18
1004,2019-02-02,2018-19,Fulham,Crystal Palace,0,0.0,2.0,8.0,17.0,0.0,6.0,1.0,12.0,3.0,0.0,0,1579.86
1005,2019-02-02,2018-19,Everton,Wolves,1,1.0,3.0,13.0,8.0,4.0,4.0,3.0,12.0,3.0,0.0,0,1695.88
1005,2019-02-02,2018-19,Wolves,Everton,0,3.0,1.0,8.0,13.0,4.0,4.0,1.0,14.0,1.0,0.0,3,1655.89
1006,2019-02-02,2018-19,Tottenham,Newcastle,1,1.0,0.0,21.0,8.0,4.0,2.0,6.0,6.0,0.0,0.0,3,1902.02
1006,2019-02-02,2018-19,Newcastle,Tottenham,0,0.0,1.0,8.0,21.0,2.0,4.0,3.0,6.0,1.0,0.0,0,1649.35
1007,2019-02-03,2018-19,Leicester,Man United,1,0.0,1.0,17.0,10.0,6.0,6.0,7.0,14.0,4.0,0.0,0,1694.47
1007,2019-02-03,2018-19,Man United,Leicester,0,1.0,0.0,10.0,17.0,6.0,6.0,2.0,9.0,4.0,0.0,3,1865.47
1008,2019-02-03,2018-19,Man City,Arsenal,1,3.0,1.0,19.0,4.0,12.0,2.0,4.0,11.0,1.0,0.0,3,1963.16
1008,2019-02-03,2018-19,Arsenal,Man City,0,1.0,3.0,4.0,19.0,2.0,12.0,2.0,8.0,1.0,0.0,0,1843.64
1009,2019-02-04,2018-19,West Ham,Liverpool,1,1.0,1.0,13.0,11.0,2.0,6.0,2.0,9.0,1.0,0.0,1,1667.76
1009,2019-02-04,2018-19,Liverpool,West Ham,0,1.0,1.0,11.0,13.0,6.0,2.0,5.0,11.0,1.0,0.0,1,1951.87
1010,2019-02-06,2018-19,Everton,Man City,1,0.0,2.0,4.0,15.0,1.0,4.0,5.0,12.0,1.0,0.0,0,1695.88
1010,2019-02-06,2018-19,Man City,Everton,0,2.0,0.0,15.0,4.0,4.0,1.0,6.0,6.0,1.0,0.0,3,1963.16
1011,2019-02-09,2018-19,Huddersfield,Arsenal,1,1.0,2.0,15.0,9.0,6.0,4.0,5.0,17.0,3.0,0.0,0,1512.88
1011,2019-02-09,2018-19,Arsenal,Huddersfield,0,2.0,1.0,9.0,15.0,4.0,6.0,0.0,12.0,2.0,0.0,3,1843.64
1012,2019-02-09,2018-19,Crystal Palace,West Ham,1,1.0,1.0,25.0,6.0,5.0,4.0,10.0,12.0,3.0,0.0,1,1662.18
1012,2019-02-09,2018-19,West Ham,Crystal Palace,0,1.0,1.0,6.0,25.0,4.0,5.0,4.0,9.0,0.0,0.0,1,1667.76
1013,2019-02-09,2018-19,Fulham,Man United,1,0.0,3.0,15.0,15.0,3.0,7.0,5.0,14.0,3.0,0.0,0,1579.86
1013,2019-02-09,2018-19,Man United,Fulham,0,3.0,0.0,15.0,15.0,7.0,3.0,4.0,9.0,2.0,0.0,3,1865.47
1014,2019-02-09,2018-19,Southampton,Cardiff,1,1.0,2.0,14.0,6.0,7.0,3.0,8.0,15.0,3.0,0.0,0,1648.53
1014,2019-02-09,2018-19,Cardiff,Southampton,0,2.0,1.0,6.0,14.0,3.0,7.0,2.0,12.0,3.0,0.0,3,1555.5
1015,2019-02-09,2018-19,Liverpool,Bournemouth,1,3.0,0.0,20.0,12.0,9.0,2.0,8.0,14.0,2.0,0.0,3,1951.87
1015,2019-02-09,2018-19,Bournemouth,Liverpool,0,0.0,3.0,12.0,20.0,2.0,9.0,5.0,6.0,2.0,0.0,0,1688.95
1016,2019-02-09,2018-19,Brighton,Burnley,1,1.0,3.0,16.0,9.0,6.0,5.0,9.0,8.0,1.0,0.0,0,1628.03
1016,2019-02-09,2018-19,Burnley,Brighton,0,3.0,1.0,9.0,16.0,5.0,6.0,3.0,7.0,1.0,0.0,3,1637.17
1017,2019-02-09,2018-19,Watford,Everton,1,1.0,0.0,7.0,9.0,2.0,4.0,8.0,21.0,2.0,0.0,3,1662.44
1017,2019-02-09,2018-19,Everton,Watford,0,0.0,1.0,9.0,7.0,4.0,2.0,2.0,10.0,0.0,1.0,0,1695.88
1018,2019-02-10,2018-19,Man City,Chelsea,1,6.0,0.0,15.0,12.0,9.0,4.0,2.0,9.0,1.0,0.0,3,1963.16
1018,2019-02-10,2018-19,Chelsea,Man City,0,0.0,6.0,12.0,15.0,4.0,9.0,2.0,13.0,2.0,0.0,0,1826.05
1019,2019-02-10,2018-19,Tottenham,Leicester,1,3.0,1.0,12.0,20.0,5.0,9.0,2.0,11.0,3.0,0.0,3,1902.02
1019,2019-02-10,2018-19,Leicester,Tottenham,0,1.0,3.0,20.0,12.0,9.0,5.0,9.0,4.0,1.0,0.0,0,1694.47
1020,2019-02-11,2018-19,Wolves,Newcastle,1,1.0,1.0,22.0,9.0,6.0,3.0,13.0,7.0,1.0,0.0,1,1655.89
1020,2019-02-11,2018-19,Newcastle,Wolves,0,1.0,1.0,9.0,22.0,3.0,6.0,1.0,9.0,3.0,0.0,1,1649.35
1021,2019-02-22,2018-19,Cardiff,Watford,1,1.0,5.0,15.0,12.0,6.0,7.0,3.0,10.0,1.0,0.0,0,1580.25
1021,2019-02-22,2018-19,Watford,Cardiff,0,5.0,1.0,12.0,15.0,7.0,6.0,3.0,11.0,2.0,0.0,3,1668.76
1022,2019-02-22,2018-19,West Ham,Fulham,1,3.0,1.0,21.0,8.0,7.0,5.0,12.0,11.0,1.0,0.0,3,1673.9
1022,2019-02-22,2018-19,Fulham,West Ham,0,1.0,3.0,8.0,21.0,5.0,7.0,0.0,11.0,1.0,0.0,0,1567.18
1023,2019-02-23,2018-19,Bournemouth,Wolves,1,1.0,1.0,10.0,10.0,3.0,2.0,9.0,10.0,4.0,0.0,1,1670.83
1023,2019-02-23,2018-19,Wolves,Bournemouth,0,1.0,1.0,10.0,10.0,2.0,3.0,8.0,15.0,5.0,0.0,1,1667.57
1024,2019-02-23,2018-19,Burnley,Tottenham,1,2.0,1.0,10.0,17.0,4.0,6.0,7.0,9.0,1.0,0.0,3,1648.18
1024,2019-02-23,2018-19,Tottenham,Burnley,0,1.0,2.0,17.0,10.0,6.0,4.0,6.0,12.0,3.0,0.0,0,1918.02
1025,2019-02-23,2018-19,Leicester,Crystal Palace,1,1.0,4.0,27.0,7.0,5.0,5.0,8.0,7.0,2.0,0.0,0,1684.7
1025,2019-02-23,2018-19,Crystal Palace,Leicester,0,4.0,1.0,7.0,27.0,5.0,5.0,3.0,14.0,1.0,0.0,3,1666.05
1026,2019-02-23,2018-19,Newcastle,Huddersfield,1,2.0,0.0,29.0,3.0,12.0,1.0,12.0,11.0,2.0,0.0,3,1648.61
1026,2019-02-23,2018-19,Huddersfield,Newcastle,0,0.0,2.0,3.0,29.0,1.0,12.0,0.0,7.0,0.0,1.0,0,1506.05
1027,2019-02-24,2018-19,Arsenal,Southampton,1,2.0,0.0,12.0,10.0,4.0,4.0,6.0,7.0,0.0,0.0,3,1834.27
1027,2019-02-24,2018-19,Southampton,Arsenal,0,0.0,2.0,10.0,12.0,4.0,4.0,4.0,14.0,0.0,0.0,0,1637.0
1028,2019-02-24,2018-19,Man United,Liverpool,1,0.0,0.0,6.0,7.0,3.0,1.0,3.0,15.0,1.0,0.0,1,1862.41
1028,2019-02-24,2018-19,Liverpool,Man United,0,0.0,0.0,7.0,6.0,1.0,3.0,7.0,17.0,3.0,0.0,1,1947.96
1029,2019-02-26,2018-19,Huddersfield,Wolves,1,1.0,0.0,15.0,7.0,3.0,0.0,3.0,10.0,2.0,0.0,3,1506.05
1029,2019-02-26,2018-19,Wolves,Huddersfield,0,0.0,1.0,7.0,15.0,0.0,3.0,5.0,10.0,2.0,0.0,0,1667.57
1030,2019-02-26,2018-19,Cardiff,Everton,1,0.0,3.0,6.0,12.0,0.0,4.0,3.0,12.0,3.0,0.0,0,1580.25
1030,2019-02-26,2018-19,Everton,Cardiff,0,3.0,0.0,12.0,6.0,4.0,0.0,4.0,12.0,1.0,0.0,3,1668.69
1031,2019-02-26,2018-19,Newcastle,Burnley,1,2.0,0.0,12.0,12.0,3.0,2.0,4.0,8.0,1.0,0.0,3,1648.61
1031,2019-02-26,2018-19,Burnley,Newcastle,0,0.0,2.0,12.0,12.0,2.0,3.0,7.0,8.0,3.0,0.0,0,1648.18
1032,2019-02-26,2018-19,Leicester,Brighton,1,2.0,1.0,19.0,15.0,3.0,3.0,4.0,6.0,1.0,0.0,3,1684.7
1032,2019-02-26,2018-19,Brighton,Leicester,0,1.0,2.0,15.0,19.0,3.0,3.0,8.0,4.0,1.0,0.0,0,1612.67
1033,2019-02-27,2018-19,Arsenal,Bournemouth,1,5.0,1.0,16.0,13.0,6.0,5.0,9.0,11.0,2.0,0.0,3,1834.27
1033,2019-02-27,2018-19,Bournemouth,Arsenal,0,1.0,5.0,13.0,16.0,5.0,6.0,4.0,9.0,2.0,0.0,0,1670.83
1034,2019-02-27,2018-19,Chelsea,Tottenham,1,2.0,0.0,11.0,9.0,1.0,0.0,2.0,7.0,1.0,0.0,3,1822.09
1034,2019-02-27,2018-19,Tottenham,Chelsea,0,0.0,2.0,9.0,11.0,0.0,1.0,2.0,14.0,1.0,0.0,0,1918.02
1035,2019-02-27,2018-19,Crystal Palace,Man United,1,1.0,3.0,17.0,13.0,2.0,4.0,5.0,8.0,2.0,0.0,0,1666.05
1035,2019-02-27,2018-19,Man United,Crystal Palace,0,3.0,1.0,13.0,17.0,4.0,2.0,6.0,9.0,3.0,0.0,3,1862.41
1036,2019-02-27,2018-19,Liverpool,Watford,1,5.0,0.0,19.0,5.0,10.0,3.0,6.0,5.0,0.0,0.0,3,1947.96
1036,2019-02-27,2018-19,Watford,Liverpool,0,0.0,5.0,5.0,19.0,3.0,10.0,4.0,7.0,2.0,0.0,0,1668.76
1037,2019-02-27,2018-19,Man City,West Ham,1,1.0,0.0,20.0,2.0,7.0,1.0,12.0,2.0,0.0,0.0,3,1979.81
1037,2019-02-27,2018-19,West Ham,Man City,0,0.0,1.0,2.0,20.0,1.0,7.0,2.0,6.0,2.0,0.0,0,1673.9
1038,2019-02-27,2018-19,Southampton,Fulham,1,2.0,0.0,14.0,14.0,4.0,4.0,7.0,15.0,0.0,0.0,3,1637.0
1038,2019-02-27,2018-19,Fulham,Southampton,0,0.0,2.0,14.0,14.0,4.0,4.0,4.0,13.0,1.0,0.0,0,1567.18
1039,2019-03-02,2018-19,Brighton,Huddersfield,1,1.0,0.0,13.0,6.0,4.0,4.0,6.0,11.0,2.0,0.0,3,1610.38
1039,2019-03-02,2018-19,Huddersfield,Brighton,0,0.0,1.0,6.0,13.0,4.0,4.0,3.0,6.0,2.0,0.0,0,1514.86
1040,2019-03-02,2018-19,Bournemouth,Man City,1,0.0,1.0,0.0,23.0,0.0,7.0,0.0,7.0,1.0,0.0,0,1666.56
1040,2019-03-02,2018-19,Man City,Bournemouth,0,1.0,0.0,23.0,0.0,7.0,0.0,14.0,7.0,2.0,0.0,3,1986.25
1041,2019-03-02,2018-19,Burnley,Crystal Palace,1,1.0,3.0,18.0,10.0,4.0,4.0,8.0,9.0,1.0,0.0,0,1654.73
1041,2019-03-02,2018-19,Crystal Palace,Burnley,0,3.0,1.0,10.0,18.0,4.0,4.0,5.0,9.0,2.0,0.0,3,1679.0
1042,2019-03-02,2018-19,Man United,Southampton,1,3.0,2.0,16.0,6.0,6.0,3.0,9.0,7.0,2.0,0.0,3,1873.43
1042,2019-03-02,2018-19,Southampton,Man United,0,2.0,3.0,6.0,16.0,3.0,6.0,7.0,10.0,1.0,0.0,0,1643.36
1043,2019-03-02,2018-19,West Ham,Newcastle,1,2.0,0.0,10.0,17.0,4.0,2.0,1.0,8.0,3.0,0.0,3,1681.26
1043,2019-03-02,2018-19,Newcastle,West Ham,0,0.0,2.0,17.0,10.0,2.0,4.0,6.0,14.0,4.0,0.0,0,1666.51
1044,2019-03-02,2018-19,Tottenham,Arsenal,1,1.0,1.0,10.0,9.0,3.0,4.0,3.0,15.0,3.0,0.0,1,1895.68
1044,2019-03-02,2018-19,Arsenal,Tottenham,0,1.0,1.0,9.0,10.0,4.0,3.0,4.0,14.0,2.0,1.0,1,1853.62
1045,2019-03-02,2018-19,Wolves,Cardiff,1,2.0,0.0,13.0,12.0,6.0,4.0,7.0,11.0,1.0,0.0,3,1661.35
1045,2019-03-02,2018-19,Cardiff,Wolves,0,0.0,2.0,12.0,13.0,4.0,6.0,8.0,6.0,2.0,0.0,0,1556.61
1046,2019-03-03,2018-19,Everton,Liverpool,1,0.0,0.0,7.0,10.0,3.0,3.0,3.0,12.0,1.0,0.0,1,1683.74
1046,2019-03-03,2018-19,Liverpool,Everton,0,0.0,0.0,10.0,7.0,3.0,3.0,7.0,10.0,2.0,0.0,1,1952.34
1047,2019-03-03,2018-19,Fulham,Chelsea,1,1.0,2.0,12.0,20.0,5.0,7.0,5.0,11.0,2.0,0.0,0,1557.57
1047,2019-03-03,2018-19,Chelsea,Fulham,0,2.0,1.0,20.0,12.0,7.0,5.0,4.0,10.0,1.0,0.0,3,1839.2
1048,2019-03-03,2018-19,Watford,Leicester,1,2.0,1.0,6.0,14.0,5.0,2.0,1.0,15.0,5.0,0.0,3,1682.35
1048,2019-03-03,2018-19,Leicester,Watford,0,1.0,2.0,14.0,6.0,2.0,5.0,5.0,12.0,1.0,0.0,0,1675.78
1049,2019-03-09,2018-19,Cardiff,West Ham,1,2.0,0.0,16.0,9.0,7.0,2.0,7.0,7.0,2.0,0.0,3,1556.61
1049,2019-03-09,2018-19,West Ham,Cardiff,0,0.0,2.0,9.0,16.0,2.0,7.0,5.0,12.0,1.0,0.0,0,1681.26
1050,2019-03-09,2018-19,Crystal Palace,Brighton,1,1.0,2.0,15.0,4.0,3.0,3.0,8.0,8.0,1.0,0.0,0,1679.0
1050,2019-03-09,2018-19,Brighton,Crystal Palace,0,2.0,1.0,4.0,15.0,3.0,3.0,0.0,18.0,5.0,0.0,3,1610.38
1051,2019-03-09,2018-19,Huddersfield,Bournemouth,1,0.0,2.0,8.0,8.0,1.0,5.0,6.0,14.0,3.0,0.0,0,1514.86
1051,2019-03-09,2018-19,Bournemouth,Huddersfield,0,2.0,0.0,8.0,8.0,5.0,1.0,5.0,9.0,1.0,0.0,3,1666.56
1052,2019-03-09,2018-19,Leicester,Fulham,1,3.0,1.0,18.0,6.0,8.0,3.0,6.0,9.0,0.0,0.0,3,1675.78
1052,2019-03-09,2018-19,Fulham,Leicester,0,1.0,3.0,6.0,18.0,3.0,8.0,5.0,13.0,2.0,0.0,0,1557.57
1053,2019-03-09,2018-19,Man City,Watford,1,3.0,1.0,19.0,2.0,9.0,1.0,9.0,11.0,1.0,0.0,3,1986.25
1053,2019-03-09,2018-19,Watford,Man City,0,1.0,3.0,2.0,19.0,1.0,9.0,1.0,7.0,1.0,0.0,0,1682.35
1054,2019-03-09,2018-19,Newcastle,Everton,1,3.0,2.0,19.0,7.0,7.0,3.0,8.0,13.0,3.0,0.0,3,1666.51
1054,2019-03-09,2018-19,Everton,Newcastle,0,2.0,3.0,7.0,19.0,3.0,7.0,2.0,10.0,1.0,0.0,0,1683.74
1055,2019-03-09,2018-19,Southampton,Tottenham,1,2.0,1.0,12.0,16.0,4.0,5.0,1.0,16.0,4.0,0.0,3,1643.36
1055,2019-03-09,2018-19,Tottenham,Southampton,0,1.0,2.0,16.0,12.0,5.0,4.0,10.0,9.0,2.0,0.0,0,1895.68
1056,2019-03-10,2018-19,Chelsea,Wolves,1,1.0,1.0,22.0,2.0,6.0,1.0,13.0,8.0,1.0,0.0,1,1839.2
1056,2019-03-10,2018-19,Wolves,Chelsea,0,1.0,1.0,2.0,22.0,1.0,6.0,0.0,14.0,4.0,0.0,1,1661.35
1057,2019-03-10,2018-19,Liverpool,Burnley,1,4.0,2.0,23.0,3.0,5.0,2.0,7.0,4.0,2.0,0.0,3,1952.34
1057,2019-03-10,2018-19,Burnley,Liverpool,0,2.0,4.0,3.0,23.0,2.0,5.0,3.0,7.0,0.0,0.0,0,1654.73
1058,2019-03-10,2018-19,Arsenal,Man United,1,2.0,0.0,14.0,14.0,3.0,4.0,5.0,12.0,2.0,0.0,3,1853.62
1058,2019-03-10,2018-19,Man United,Arsenal,0,0.0,2.0,14.0,14.0,4.0,3.0,2.0,18.0,2.0,0.0,0,1873.43
1059,2019-03-16,2018-19,Bournemouth,Newcastle,1,2.0,2.0,10.0,12.0,3.0,4.0,6.0,9.0,3.0,0.0,1,1690.96
1059,2019-03-16,2018-19,Newcastle,Bournemouth,0,2.0,2.0,12.0,10.0,4.0,3.0,6.0,12.0,2.0,0.0,1,1683.61
1060,2019-03-16,2018-19,Burnley,Leicester,1,1.0,2.0,13.0,9.0,2.0,4.0,9.0,9.0,1.0,0.0,0,1658.42
1060,2019-03-16,2018-19,Leicester,Burnley,0,2.0,1.0,9.0,13.0,4.0,2.0,3.0,10.0,1.0,1.0,3,1693.51
1061,2019-03-16,2018-19,West Ham,Huddersfield,1,4.0,3.0,16.0,15.0,5.0,5.0,5.0,7.0,0.0,0.0,3,1694.45
1061,2019-03-16,2018-19,Huddersfield,West Ham,0,3.0,4.0,15.0,16.0,5.0,5.0,8.0,15.0,2.0,0.0,0,1520.77
1062,2019-03-17,2018-19,Everton,Chelsea,1,2.0,0.0,15.0,16.0,8.0,5.0,3.0,17.0,1.0,0.0,3,1700.44
1062,2019-03-17,2018-19,Chelsea,Everton,0,0.0,2.0,16.0,15.0,5.0,8.0,4.0,9.0,2.0,0.0,0,1866.08
1063,2019-03-17,2018-19,Fulham,Liverpool,1,1.0,2.0,7.0,16.0,2.0,6.0,1.0,11.0,2.0,0.0,0,1567.74
1063,2019-03-17,2018-19,Liverpool,Fulham,0,2.0,1.0,16.0,7.0,6.0,2.0,10.0,7.0,1.0,0.0,3,1984.5
1064,2019-03-30,2018-19,Leicester,Bournemouth,1,2.0,0.0,18.0,8.0,4.0,2.0,6.0,6.0,0.0,0.0,3,1693.51
1064,2019-03-30,2018-19,Bournemouth,Leicester,0,0.0,2.0,8.0,18.0,2.0,4.0,1.0,12.0,2.0,0.0,0,1690.96
1065,2019-03-30,2018-19,Man United,Watford,1,2.0,1.0,8.0,20.0,5.0,8.0,3.0,14.0,1.0,0.0,3,1904.84
1065,2019-03-30,2018-19,Watford,Man United,0,1.0,2.0,20.0,8.0,8.0,5.0,5.0,9.0,2.0,0.0,0,1705.14
1066,2019-03-30,2018-19,Brighton,Southampton,1,0.0,1.0,14.0,8.0,1.0,2.0,6.0,8.0,1.0,0.0,0,1645.26
1066,2019-03-30,2018-19,Southampton,Brighton,0,1.0,0.0,8.0,14.0,2.0,1.0,5.0,10.0,2.0,0.0,3,1672.52
1067,2019-03-30,2018-19,Burnley,Wolves,1,2.0,0.0,5.0,8.0,1.0,1.0,1.0,12.0,1.0,0.0,3,1658.42
1067,2019-03-30,2018-19,Wolves,Burnley,0,0.0,2.0,8.0,5.0,1.0,1.0,5.0,10.0,1.0,0.0,0,1691.97
1068,2019-03-30,2018-19,Crystal Palace,Huddersfield,1,2.0,0.0,19.0,15.0,5.0,5.0,5.0,10.0,0.0,0.0,3,1698.7
1068,2019-03-30,2018-19,Huddersfield,Crystal Palace,0,0.0,2.0,15.0,19.0,5.0,5.0,5.0,7.0,0.0,0.0,0,1520.77
1069,2019-03-30,2018-19,Fulham,Man City,1,0.0,2.0,5.0,24.0,0.0,7.0,0.0,4.0,2.0,0.0,0,1567.74
1069,2019-03-30,2018-19,Man City,Fulham,0,2.0,0.0,24.0,5.0,7.0,0.0,11.0,12.0,0.0,0.0,3,2010.86
1070,2019-03-30,2018-19,West Ham,Everton,1,0.0,2.0,3.0,17.0,1.0,9.0,4.0,7.0,1.0,0.0,0,1694.45
1070,2019-03-30,2018-19,Everton,West Ham,0,2.0,0.0,17.0,3.0,9.0,1.0,9.0,14.0,1.0,0.0,3,1700.44
1071,2019-03-31,2018-19,Cardiff,Chelsea,1,1.0,2.0,8.0,21.0,3.0,3.0,2.0,8.0,2.0,0.0,0,1583.44
1071,2019-03-31,2018-19,Chelsea,Cardiff,0,2.0,1.0,21.0,8.0,3.0,3.0,7.0,14.0,3.0,0.0,3,1866.08
1072,2019-03-31,2018-19,Liverpool,Tottenham,1,2.0,1.0,14.0,11.0,3.0,2.0,10.0,5.0,0.0,0.0,3,1984.5
1072,2019-03-31,2018-19,Tottenham,Liverpool,0,1.0,2.0,11.0,14.0,2.0,3.0,3.0,8.0,1.0,0.0,0,1903.11
1073,2019-04-01,2018-19,Arsenal,Newcastle,1,2.0,0.0,7.0,3.0,4.0,1.0,6.0,11.0,2.0,0.0,3,1888.32
1073,2019-04-01,2018-19,Newcastle,Arsenal,0,0.0,2.0,3.0,7.0,1.0,4.0,2.0,10.0,0.0,0.0,0,1685.69
1074,2019-04-02,2018-19,Watford,Fulham,1,4.0,1.0,15.0,17.0,7.0,7.0,6.0,12.0,3.0,0.0,3,1702.65
1074,2019-04-02,2018-19,Fulham,Watford,0,1.0,4.0,17.0,15.0,7.0,7.0,4.0,5.0,2.0,0.0,0,1564.54
1075,2019-04-02,2018-19,Wolves,Man United,1,2.0,1.0,9.0,18.0,2.0,4.0,3.0,5.0,1.0,0.0,3,1681.41
1075,2019-04-02,2018-19,Man United,Wolves,0,1.0,2.0,18.0,9.0,4.0,2.0,5.0,11.0,2.0,1.0,0,1907.33
1076,2019-04-03,2018-19,Chelsea,Brighton,1,3.0,0.0,17.0,3.0,4.0,1.0,7.0,5.0,0.0,0.0,3,1854.66
1076,2019-04-03,2018-19,Brighton,Chelsea,0,0.0,3.0,3.0,17.0,1.0,4.0,1.0,9.0,0.0,0.0,0,1636.11
1077,2019-04-03,2018-19,Man City,Cardiff,1,2.0,0.0,27.0,4.0,11.0,1.0,7.0,3.0,0.0,0.0,3,2012.6
1077,2019-04-03,2018-19,Cardiff,Man City,0,0.0,2.0,4.0,27.0,1.0,11.0,4.0,17.0,3.0,0.0,0,1579.96
1078,2019-04-03,2018-19,Tottenham,Crystal Palace,1,2.0,0.0,26.0,5.0,10.0,1.0,8.0,8.0,1.0,0.0,3,1898.61
1078,2019-04-03,2018-19,Crystal Palace,Tottenham,0,0.0,2.0,5.0,26.0,1.0,10.0,2.0,5.0,0.0,0.0,0,1702.67
1079,2019-04-05,2018-19,Southampton,Liverpool,1,1.0,3.0,11.0,17.0,1.0,5.0,7.0,8.0,2.0,0.0,0,1681.66
1079,2019-04-05,2018-19,Liverpool,Southampton,0,3.0,1.0,17.0,11.0,5.0,1.0,5.0,7.0,4.0,0.0,3,1990.46
1080,2019-04-06,2018-19,Huddersfield,Leicester,1,1.0,4.0,10.0,18.0,4.0,9.0,8.0,13.0,3.0,0.0,0,1513.89
1080,2019-04-06,2018-19,Leicester,Huddersfield,0,4.0,1.0,18.0,10.0,9.0,4.0,5.0,11.0,0.0,0.0,3,1710.61
1081,2019-04-06,2018-19,Newcastle,Crystal Palace,1,0.0,1.0,18.0,3.0,5.0,1.0,9.0,12.0,1.0,0.0,0,1685.69
1081,2019-04-06,2018-19,Crystal Palace,Newcastle,0,1.0,0.0,3.0,18.0,1.0,5.0,4.0,13.0,2.0,0.0,3,1702.67
1082,2019-04-06,2018-19,Bournemouth,Burnley,1,1.0,3.0,10.0,11.0,2.0,3.0,3.0,12.0,2.0,0.0,0,1680.55
1082,2019-04-06,2018-19,Burnley,Bournemouth,0,3.0,1.0,11.0,10.0,3.0,2.0,6.0,16.0,3.0,0.0,3,1660.22
1083,2019-04-07,2018-19,Everton,Arsenal,1,1.0,0.0,23.0,7.0,6.0,2.0,9.0,8.0,1.0,0.0,3,1728.39
1083,2019-04-07,2018-19,Arsenal,Everton,0,0.0,1.0,7.0,23.0,2.0,6.0,6.0,9.0,4.0,0.0,0,1888.32
1084,2019-04-08,2018-19,Chelsea,West Ham,1,2.0,0.0,16.0,9.0,7.0,2.0,7.0,8.0,2.0,0.0,3,1854.66
1084,2019-04-08,2018-19,West Ham,Chelsea,0,0.0,2.0,9.0,16.0,2.0,7.0,4.0,7.0,1.0,0.0,0,1684.31
1085,2019-04-12,2018-19,Leicester,Newcastle,1,0.0,1.0,12.0,11.0,5.0,5.0,2.0,6.0,2.0,0.0,0,1710.61
1085,2019-04-12,2018-19,Newcastle,Leicester,0,1.0,0.0,11.0,12.0,5.0,5.0,3.0,10.0,3.0,0.0,3,1685.69
1086,2019-04-13,2018-19,Brighton,Bournemouth,1,0.0,5.0,8.0,14.0,1.0,7.0,4.0,10.0,2.0,1.0,0,1636.11
1086,2019-04-13,2018-19,Bournemouth,Brighton,0,5.0,0.0,14.0,8.0,7.0,1.0,1.0,6.0,4.0,0.0,3,1680.55
1087,2019-04-13,2018-19,Fulham,Everton,1,2.0,0.0,12.0,8.0,5.0,1.0,7.0,8.0,2.0,0.0,3,1564.54
1087,2019-04-13,2018-19,Everton,Fulham,0,0.0,2.0,8.0,12.0,1.0,5.0,3.0,10.0,1.0,0.0,0,1728.39
1088,2019-04-13,2018-19,Burnley,Cardiff,1,2.0,0.0,14.0,14.0,7.0,2.0,8.0,7.0,2.0,0.0,3,1660.22
1088,2019-04-13,2018-19,Cardiff,Burnley,0,0.0,2.0,14.0,14.0,2.0,7.0,4.0,10.0,3.0,0.0,0,1579.96
1089,2019-04-13,2018-19,Tottenham,Huddersfield,1,4.0,0.0,22.0,7.0,5.0,1.0,4.0,10.0,2.0,0.0,3,1898.61
1089,2019-04-13,2018-19,Huddersfield,Tottenham,0,0.0,4.0,7.0,22.0,1.0,5.0,2.0,12.0,2.0,0.0,0,1513.89
1090,2019-04-13,2018-19,Southampton,Wolves,1,3.0,1.0,13.0,17.0,6.0,2.0,4.0,13.0,1.0,0.0,3,1681.66
1090,2019-04-13,2018-19,Wolves,Southampton,0,1.0,3.0,17.0,13.0,2.0,6.0,9.0,8.0,3.0,0.0,0,1681.41
1091,2019-04-13,2018-19,Man United,West Ham,1,2.0,1.0,14.0,18.0,4.0,4.0,3.0,14.0,1.0,0.0,3,1907.33
1091,2019-04-13,2018-19,West Ham,Man United,0,1.0,2.0,18.0,14.0,4.0,4.0,11.0,5.0,1.0,0.0,0,1684.31
1092,2019-04-14,2018-19,Crystal Palace,Man City,1,1.0,3.0,7.0,20.0,3.0,6.0,2.0,5.0,0.0,0.0,0,1702.67
1092,2019-04-14,2018-19,Man City,Crystal Palace,0,3.0,1.0,20.0,7.0,6.0,3.0,9.0,11.0,0.0,0.0,3,2012.6
1093,2019-04-14,2018-19,Liverpool,Chelsea,1,2.0,0.0,15.0,6.0,7.0,3.0,9.0,5.0,0.0,0.0,3,1990.46
1093,2019-04-14,2018-19,Chelsea,Liverpool,0,0.0,2.0,6.0,15.0,3.0,7.0,2.0,9.0,1.0,0.0,0,1854.66
1094,2019-04-15,2018-19,Watford,Arsenal,1,0.0,1.0,11.0,19.0,3.0,6.0,6.0,12.0,2.0,1.0,0,1712.35
1094,2019-04-15,2018-19,Arsenal,Watford,0,1.0,0.0,19.0,11.0,6.0,3.0,4.0,8.0,0.0,0.0,3,1893.81
1095,2019-04-16,2018-19,Brighton,Cardiff,1,0.0,2.0,14.0,10.0,2.0,3.0,5.0,11.0,0.0,0.0,0,1616.33
1095,2019-04-16,2018-19,Cardiff,Brighton,0,2.0,0.0,10.0,14.0,3.0,2.0,4.0,13.0,1.0,0.0,3,1576.89
1096,2019-04-20,2018-19,Bournemouth,Fulham,1,0.0,1.0,15.0,17.0,5.0,5.0,3.0,11.0,1.0,0.0,0,1689.42
1096,2019-04-20,2018-19,Fulham,Bournemouth,0,1.0,0.0,17.0,15.0,5.0,5.0,7.0,18.0,3.0,0.0,3,1577.81
1097,2019-04-20,2018-19,Huddersfield,Watford,1,1.0,2.0,13.0,11.0,3.0,6.0,2.0,15.0,2.0,0.0,0,1507.59
1097,2019-04-20,2018-19,Watford,Huddersfield,0,2.0,1.0,11.0,13.0,6.0,3.0,2.0,9.0,2.0,0.0,3,1712.35
1098,2019-04-20,2018-19,Man City,Tottenham,1,1.0,0.0,15.0,10.0,4.0,4.0,4.0,11.0,1.0,0.0,3,2015.55
1098,2019-04-20,2018-19,Tottenham,Man City,0,0.0,1.0,10.0,15.0,4.0,4.0,4.0,11.0,2.0,0.0,0,1913.61
1099,2019-04-20,2018-19,Newcastle,Southampton,1,3.0,1.0,15.0,15.0,6.0,3.0,4.0,5.0,0.0,0.0,3,1687.7
1099,2019-04-20,2018-19,Southampton,Newcastle,0,1.0,3.0,15.0,15.0,3.0,6.0,11.0,11.0,2.0,0.0,0,1691.08
1100,2019-04-20,2018-19,West Ham,Leicester,1,2.0,2.0,11.0,11.0,3.0,5.0,6.0,8.0,2.0,0.0,1,1681.89
1100,2019-04-20,2018-19,Leicester,West Ham,0,2.0,2.0,11.0,11.0,5.0,3.0,8.0,9.0,0.0,0.0,1,1711.86
1101,2019-04-20,2018-19,Wolves,Brighton,1,0.0,0.0,22.0,5.0,5.0,0.0,14.0,0.0,0.0,0.0,1,1687.81
1101,2019-04-20,2018-19,Brighton,Wolves,0,0.0,0.0,5.0,22.0,0.0,5.0,1.0,8.0,1.0,0.0,1,1616.33
1102,2019-04-21,2018-19,Arsenal,Crystal Palace,1,2.0,3.0,12.0,16.0,5.0,7.0,8.0,15.0,4.0,0.0,0,1893.81
1102,2019-04-21,2018-19,Crystal Palace,Arsenal,0,3.0,2.0,16.0,12.0,7.0,5.0,3.0,12.0,1.0,0.0,3,1708.23
1103,2019-04-21,2018-19,Cardiff,Liverpool,1,0.0,2.0,7.0,17.0,2.0,6.0,5.0,6.0,1.0,0.0,0,1576.89
1103,2019-04-21,2018-19,Liverpool,Cardiff,0,2.0,0.0,17.0,7.0,6.0,2.0,10.0,5.0,1.0,0.0,3,2007.74
1104,2019-04-21,2018-19,Everton,Man United,1,4.0,0.0,15.0,7.0,8.0,1.0,10.0,11.0,1.0,0.0,3,1727.35
1104,2019-04-21,2018-19,Man United,Everton,0,0.0,4.0,7.0,15.0,1.0,8.0,2.0,7.0,1.0,0.0,0,1896.66
1105,2019-04-22,2018-19,Chelsea,Burnley,1,2.0,2.0,22.0,6.0,9.0,3.0,10.0,9.0,2.0,0.0,1,1865.08
1105,2019-04-22,2018-19,Burnley,Chelsea,0,2.0,2.0,6.0,22.0,3.0,9.0,1.0,4.0,1.0,0.0,1,1684.76
1106,2019-04-23,2018-19,Tottenham,Brighton,1,1.0,0.0,29.0,6.0,5.0,1.0,6.0,7.0,1.0,0.0,3,1913.61
1106,2019-04-23,2018-19,Brighton,Tottenham,0,0.0,1.0,6.0,29.0,1.0,5.0,3.0,13.0,2.0,0.0,0,1616.33
1107,2019-04-23,2018-19,Watford,Southampton,1,1.0,1.0,15.0,8.0,4.0,4.0,3.0,10.0,5.0,0.0,1,1712.35
1107,2019-04-23,2018-19,Southampton,Watford,0,1.0,1.0,8.0,15.0,4.0,4.0,4.0,14.0,2.0,0.0,1,1691.08
1108,2019-04-24,2018-19,Man United,Man City,1,0.0,2.0,12.0,8.0,1.0,5.0,1.0,10.0,2.0,0.0,0,1896.66
1108,2019-04-24,2018-19,Man City,Man United,0,2.0,0.0,8.0,12.0,5.0,1.0,1.0,10.0,2.0,0.0,3,2015.55
1109,2019-04-24,2018-19,Wolves,Arsenal,1,3.0,1.0,11.0,11.0,3.0,1.0,5.0,12.0,2.0,0.0,3,1687.81
1109,2019-04-24,2018-19,Arsenal,Wolves,0,1.0,3.0,11.0,11.0,1.0,3.0,5.0,9.0,3.0,0.0,0,1893.81
1110,2019-04-26,2018-19,Liverpool,Huddersfield,1,5.0,0.0,21.0,5.0,7.0,1.0,4.0,5.0,0.0,0.0,3,2007.74
1110,2019-04-26,2018-19,Huddersfield,Liverpool,0,0.0,5.0,5.0,21.0,1.0,7.0,4.0,14.0,0.0,0.0,0,1507.59
1111,2019-04-27,2018-19,Tottenham,West Ham,1,0.0,1.0,14.0,16.0,4.0,7.0,2.0,3.0,0.0,0.0,0,1913.61
1111,2019-04-27,2018-19,West Ham,Tottenham,0,1.0,0.0,16.0,14.0,7.0,4.0,7.0,8.0,2.0,0.0,3,1681.89
1112,2019-04-27,2018-19,Watford,Wolves,1,1.0,2.0,10.0,11.0,1.0,4.0,4.0,10.0,3.0,0.0,0,1712.35
1112,2019-04-27,2018-19,Wolves,Watford,0,2.0,1.0,11.0,10.0,4.0,1.0,5.0,11.0,2.0,0.0,3,1687.81
1113,2019-04-27,2018-19,Brighton,Newcastle,1,1.0,1.0,9.0,9.0,2.0,1.0,7.0,7.0,2.0,0.0,1,1616.33
1113,2019-04-27,2018-19,Newcastle,Brighton,0,1.0,1.0,9.0,9.0,1.0,2.0,4.0,10.0,3.0,0.0,1,1687.7
1114,2019-04-27,2018-19,Crystal Palace,Everton,1,0.0,0.0,8.0,22.0,0.0,3.0,5.0,9.0,2.0,0.0,1,1708.23
1114,2019-04-27,2018-19,Everton,Crystal Palace,0,0.0,0.0,22.0,8.0,3.0,0.0,10.0,15.0,0.0,0.0,1,1727.35
1115,2019-04-27,2018-19,Fulham,Cardiff,1,1.0,0.0,8.0,13.0,2.0,8.0,10.0,10.0,0.0,0.0,3,1577.81
1115,2019-04-27,2018-19,Cardiff,Fulham,0,0.0,1.0,13.0,8.0,8.0,2.0,3.0,8.0,0.0,0.0,0,1576.89
1116,2019-04-27,2018-19,Southampton,Bournemouth,1,3.0,3.0,22.0,9.0,7.0,5.0,9.0,8.0,2.0,0.0,1,1691.08
1116,2019-04-27,2018-19,Bournemouth,Southampton,0,3.0,3.0,9.0,22.0,5.0,7.0,3.0,9.0,1.0,0.0,1,1689.42
1117,2019-04-28,2018-19,Leicester,Arsenal,1,3.0,0.0,24.0,6.0,12.0,1.0,8.0,13.0,3.0,0.0,3,1711.86
1117,2019-04-28,2018-19,Arsenal,Leicester,0,0.0,3.0,6.0,24.0,1.0,12.0,6.0,13.0,1.0,1.0,0,1893.81
1118,2019-04-28,2018-19,Man United,Chelsea,1,1.0,1.0,7.0,16.0,5.0,3.0,6.0,9.0,3.0,0.0,1,1896.66
1118,2019-04-28,2018-19,Chelsea,Man United,0,1.0,1.0,16.0,7.0,3.0,5.0,6.0,14.0,2.0,0.0,1,1865.08
1119,2019-04-28,2018-19,Burnley,Man City,1,0.0,1.0,2.0,25.0,0.0,7.0,0.0,5.0,1.0,0.0,0,1684.76
1119,2019-04-28,2018-19,Man City,Burnley,0,1.0,0.0,25.0,2.0,7.0,0.0,6.0,7.0,1.0,0.0,3,2015.55
1120,2019-05-03,2018-19,Everton,Burnley,1,2.0,0.0,20.0,5.0,6.0,1.0,8.0,8.0,0.0,0.0,3,1748.07
1120,2019-05-03,2018-19,Burnley,Everton,0,0.0,2.0,5.0,20.0,1.0,6.0,1.0,9.0,2.0,0.0,0,1686.8
1121,2019-05-04,2018-19,Bournemouth,Tottenham,1,1.0,0.0,20.0,11.0,6.0,5.0,10.0,11.0,1.0,0.0,3,1677.72
1121,2019-05-04,2018-19,Tottenham,Bournemouth,0,0.0,1.0,11.0,20.0,5.0,6.0,6.0,12.0,5.0,2.0,0,1888.83
1122,2019-05-04,2018-19,Cardiff,Crystal Palace,1,2.0,3.0,18.0,21.0,8.0,7.0,10.0,14.0,0.0,0.0,0,1582.55
1122,2019-05-04,2018-19,Crystal Palace,Cardiff,0,3.0,2.0,21.0,18.0,7.0,8.0,5.0,11.0,0.0,0.0,3,1719.45
1123,2019-05-04,2018-19,Newcastle,Liverpool,1,2.0,3.0,14.0,11.0,7.0,4.0,2.0,10.0,1.0,0.0,0,1694.67
1123,2019-05-04,2018-19,Liverpool,Newcastle,0,3.0,2.0,11.0,14.0,4.0,7.0,3.0,4.0,1.0,0.0,3,2013.48
1124,2019-05-04,2018-19,West Ham,Southampton,1,3.0,0.0,17.0,11.0,6.0,1.0,2.0,2.0,1.0,0.0,3,1693.79
1124,2019-05-04,2018-19,Southampton,West Ham,0,0.0,3.0,11.0,17.0,1.0,6.0,7.0,11.0,1.0,0.0,0,1680.76
1125,2019-05-04,2018-19,Wolves,Fulham,1,1.0,0.0,19.0,6.0,6.0,2.0,7.0,10.0,1.0,0.0,3,1708.35
1125,2019-05-04,2018-19,Fulham,Wolves,0,0.0,1.0,6.0,19.0,2.0,6.0,1.0,15.0,3.0,0.0,0,1594.66
1126,2019-05-05,2018-19,Arsenal,Brighton,1,1.0,1.0,20.0,11.0,8.0,5.0,16.0,9.0,5.0,0.0,1,1854.51
1126,2019-05-05,2018-19,Brighton,Arsenal,0,1.0,1.0,11.0,20.0,5.0,8.0,3.0,14.0,2.0,0.0,1,1602.46
1127,2019-05-05,2018-19,Chelsea,Watford,1,3.0,0.0,19.0,15.0,9.0,3.0,6.0,6.0,0.0,0.0,3,1860.63
1127,2019-05-05,2018-19,Watford,Chelsea,0,0.0,3.0,15.0,19.0,3.0,9.0,6.0,12.0,1.0,0.0,0,1697.42
1128,2019-05-05,2018-19,Huddersfield,Man United,1,1.0,1.0,7.0,23.0,3.0,7.0,3.0,10.0,1.0,0.0,1,1500.13
1128,2019-05-05,2018-19,Man United,Huddersfield,0,1.0,1.0,23.0,7.0,7.0,3.0,7.0,10.0,1.0,0.0,1,1857.66
1129,2019-05-06,2018-19,Man City,Leicester,1,1.0,0.0,19.0,7.0,5.0,2.0,11.0,12.0,3.0,0.0,3,2023.95
1129,2019-05-06,2018-19,Leicester,Man City,0,0.0,1.0,7.0,19.0,2.0,5.0,0.0,5.0,2.0,0.0,0,1729.15
1130,2019-05-12,2018-19,Liverpool,Wolves,1,2.0,0.0,13.0,7.0,5.0,2.0,4.0,3.0,0.0,0.0,3,2013.48
1130,2019-05-12,2018-19,Wolves,Liverpool,0,0.0,2.0,7.0,13.0,2.0,5.0,1.0,11.0,2.0,0.0,0,1708.35
1131,2019-05-12,2018-19,Southampton,Huddersfield,1,1.0,1.0,10.0,10.0,3.0,3.0,4.0,8.0,0.0,0.0,1,1680.76
1131,2019-05-12,2018-19,Huddersfield,Southampton,0,1.0,1.0,10.0,10.0,3.0,3.0,3.0,6.0,1.0,0.0,1,1500.13
1132,2019-05-12,2018-19,Brighton,Man City,1,1.0,4.0,6.0,20.0,2.0,9.0,2.0,12.0,0.0,0.0,0,1602.46
1132,2019-05-12,2018-19,Man City,Brighton,0,4.0,1.0,20.0,6.0,9.0,2.0,6.0,8.0,0.0,0.0,3,2023.95
1133,2019-05-12,2018-19,Fulham,Newcastle,1,0.0,4.0,16.0,13.0,2.0,6.0,5.0,6.0,1.0,0.0,0,1594.66
1133,2019-05-12,2018-19,Newcastle,Fulham,0,4.0,0.0,13.0,16.0,6.0,2.0,5.0,8.0,0.0,0.0,3,1694.67
1134,2019-05-12,2018-19,Leicester,Chelsea,1,0.0,0.0,9.0,14.0,3.0,4.0,4.0,9.0,0.0,0.0,1,1729.15
1134,2019-05-12,2018-19,Chelsea,Leicester,0,0.0,0.0,14.0,9.0,4.0,3.0,5.0,8.0,1.0,0.0,1,1860.63
1135,2019-05-12,2018-19,Crystal Palace,Bournemouth,1,5.0,3.0,17.0,16.0,8.0,8.0,4.0,11.0,3.0,0.0,3,1719.45
1135,2019-05-12,2018-19,Bournemouth,Crystal Palace,0,3.0,5.0,16.0,17.0,8.0,8.0,4.0,8.0,0.0,0.0,0,1677.72
1136,2019-05-12,2018-19,Man United,Cardiff,1,0.0,2.0,26.0,13.0,10.0,4.0,11.0,9.0,3.0,0.0,0,1857.66
1136,2019-05-12,2018-19,Cardiff,Man United,0,2.0,0.0,13.0,26.0,4.0,10.0,2.0,6.0,3.0,0.0,3,1582.55
1137,2019-05-12,2018-19,Tottenham,Everton,1,2.0,2.0,11.0,17.0,3.0,9.0,7.0,10.0,0.0,0.0,1,1888.83
1137,2019-05-12,2018-19,Everton,Tottenham,0,2.0,2.0,17.0,11.0,9.0,3.0,4.0,13.0,2.0,0.0,1,1748.07
1138,2019-05-12,2018-19,Burnley,Arsenal,1,1.0,3.0,14.0,17.0,5.0,6.0,4.0,11.0,5.0,0.0,0,1686.8
1138,2019-05-12,2018-19,Arsenal,Burnley,0,3.0,1.0,17.0,14.0,6.0,5.0,5.0,3.0,1.0,0.0,3,1854.51
1139,2019-05-12,2018-19,Watford,West Ham,1,1.0,4.0,17.0,16.0,8.0,9.0,7.0,10.0,1.0,1.0,0,1697.42
1139,2019-05-12,2018-19,West Ham,Watford,0,4.0,1.0,16.0,17.0,9.0,8.0,2.0,10.0,0.0,0.0,3,1693.79
1140,2019-08-09,2019-20,Liverpool,Norwich,1,4.0,1.0,15.0,12.0,7.0,5.0,11.0,9.0,0.0,0.0,3,2050.22
1140,2019-08-09,2019-20,Norwich,Liverpool,0,1.0,4.0,12.0,15.0,5.0,7.0,2.0,9.0,2.0,0.0,0,1634.67
1141,2019-08-10,2019-20,West Ham,Man City,1,0.0,5.0,5.0,14.0,3.0,9.0,1.0,6.0,2.0,0.0,0,1733.45
1141,2019-08-10,2019-20,Man City,West Ham,0,5.0,0.0,14.0,5.0,9.0,3.0,1.0,13.0,2.0,0.0,3,2041.28
1142,2019-08-10,2019-20,Bournemouth,Sheffield United,1,1.0,1.0,13.0,8.0,3.0,3.0,3.0,10.0,2.0,0.0,1,1694.9
1142,2019-08-10,2019-20,Sheffield United,Bournemouth,0,1.0,1.0,8.0,13.0,3.0,3.0,4.0,19.0,1.0,0.0,1,1623.57
1143,2019-08-10,2019-20,Burnley,Southampton,1,3.0,0.0,10.0,11.0,4.0,3.0,2.0,6.0,0.0,0.0,3,1685.67
1143,2019-08-10,2019-20,Southampton,Burnley,0,0.0,3.0,11.0,10.0,3.0,4.0,7.0,12.0,0.0,0.0,0,1677.79
1144,2019-08-10,2019-20,Crystal Palace,Everton,1,0.0,0.0,6.0,10.0,2.0,3.0,6.0,16.0,2.0,0.0,1,1746.54
1144,2019-08-10,2019-20,Everton,Crystal Palace,0,0.0,0.0,10.0,6.0,3.0,2.0,2.0,14.0,1.0,1.0,1,1773.67
1145,2019-08-10,2019-20,Watford,Brighton,1,0.0,3.0,11.0,5.0,3.0,3.0,5.0,15.0,0.0,0.0,0,1689.31
1145,2019-08-10,2019-20,Brighton,Watford,0,3.0,0.0,5.0,11.0,3.0,3.0,2.0,11.0,1.0,0.0,3,1620.26
1146,2019-08-10,2019-20,Tottenham,Aston Villa,1,3.0,1.0,31.0,7.0,7.0,4.0,14.0,13.0,1.0,0.0,3,1894.82
1146,2019-08-10,2019-20,Aston Villa,Tottenham,0,1.0,3.0,7.0,31.0,4.0,7.0,0.0,9.0,0.0,0.0,0,1616.21
1147,2019-08-11,2019-20,Man United,Chelsea,1,4.0,0.0,11.0,18.0,5.0,7.0,3.0,15.0,3.0,0.0,3,1842.23
1147,2019-08-11,2019-20,Chelsea,Man United,0,0.0,4.0,18.0,11.0,7.0,5.0,5.0,13.0,4.0,0.0,0,1887.01
1148,2019-08-11,2019-20,Leicester,Wolves,1,0.0,0.0,15.0,8.0,1.0,2.0,12.0,3.0,0.0,0.0,1,1742.67
1148,2019-08-11,2019-20,Wolves,Leicester,0,0.0,0.0,8.0,15.0,2.0,1.0,3.0,13.0,2.0,0.0,1,1723.56
1149,2019-08-11,2019-20,Newcastle,Arsenal,1,0.0,1.0,9.0,8.0,2.0,2.0,5.0,12.0,1.0,0.0,0,1719.59
1149,2019-08-11,2019-20,Arsenal,Newcastle,0,1.0,0.0,8.0,9.0,2.0,2.0,3.0,7.0,3.0,0.0,3,1870.89
1150,2019-08-17,2019-20,Arsenal,Burnley,1,2.0,1.0,16.0,18.0,9.0,5.0,10.0,13.0,2.0,0.0,3,1876.8
1150,2019-08-17,2019-20,Burnley,Arsenal,0,1.0,2.0,18.0,16.0,5.0,9.0,7.0,11.0,1.0,0.0,0,1696.69
1151,2019-08-17,2019-20,Everton,Watford,1,1.0,0.0,12.0,8.0,2.0,2.0,4.0,11.0,2.0,0.0,3,1774.9
1151,2019-08-17,2019-20,Watford,Everton,0,0.0,1.0,8.0,12.0,2.0,2.0,7.0,11.0,3.0,0.0,0,1669.56
1152,2019-08-17,2019-20,Norwich,Newcastle,1,3.0,1.0,15.0,10.0,8.0,3.0,7.0,9.0,1.0,0.0,3,1633.65
1152,2019-08-17,2019-20,Newcastle,Norwich,0,1.0,3.0,10.0,15.0,3.0,8.0,5.0,11.0,3.0,0.0,0,1714.03
1153,2019-08-17,2019-20,Southampton,Liverpool,1,1.0,2.0,14.0,15.0,3.0,6.0,5.0,10.0,2.0,0.0,0,1667.12
1153,2019-08-17,2019-20,Liverpool,Southampton,0,2.0,1.0,15.0,14.0,6.0,3.0,9.0,6.0,1.0,0.0,3,2051.6
1154,2019-08-17,2019-20,Man City,Tottenham,1,2.0,2.0,30.0,3.0,10.0,2.0,13.0,14.0,1.0,0.0,1,2047.48
1154,2019-08-17,2019-20,Tottenham,Man City,0,2.0,2.0,3.0,30.0,2.0,10.0,2.0,4.0,0.0,0.0,1,1897.31
1155,2019-08-17,2019-20,Aston Villa,Bournemouth,1,1.0,2.0,22.0,12.0,7.0,4.0,10.0,10.0,0.0,0.0,0,1614.07
1155,2019-08-17,2019-20,Bournemouth,Aston Villa,0,2.0,1.0,12.0,22.0,4.0,7.0,5.0,13.0,2.0,0.0,3,1691.37
1156,2019-08-17,2019-20,Brighton,West Ham,1,1.0,1.0,16.0,8.0,4.0,3.0,8.0,11.0,0.0,0.0,1,1640.38
1156,2019-08-17,2019-20,West Ham,Brighton,0,1.0,1.0,8.0,16.0,3.0,4.0,6.0,10.0,2.0,0.0,1,1727.6
1157,2019-08-18,2019-20,Sheffield United,Crystal Palace,1,1.0,0.0,15.0,6.0,3.0,4.0,8.0,16.0,3.0,0.0,3,1627.45
1157,2019-08-18,2019-20,Crystal Palace,Sheffield United,0,0.0,1.0,6.0,15.0,4.0,3.0,4.0,11.0,1.0,0.0,0,1745.66
1158,2019-08-18,2019-20,Chelsea,Leicester,1,1.0,1.0,14.0,12.0,5.0,3.0,4.0,9.0,1.0,0.0,1,1872.04
1158,2019-08-18,2019-20,Leicester,Chelsea,0,1.0,1.0,12.0,14.0,3.0,5.0,5.0,14.0,0.0,0.0,1,1740.52
1159,2019-08-19,2019-20,Wolves,Man United,1,1.0,1.0,6.0,9.0,2.0,2.0,4.0,17.0,2.0,0.0,1,1726.63
1159,2019-08-19,2019-20,Man United,Wolves,0,1.0,1.0,9.0,6.0,2.0,2.0,6.0,8.0,2.0,0.0,1,1857.55
1160,2019-08-23,2019-20,Aston Villa,Everton,1,2.0,0.0,7.0,12.0,3.0,1.0,0.0,10.0,2.0,0.0,3,1614.07
1160,2019-08-23,2019-20,Everton,Aston Villa,0,0.0,2.0,12.0,7.0,1.0,3.0,6.0,18.0,3.0,0.0,0,1774.9
1161,2019-08-24,2019-20,Man United,Crystal Palace,1,1.0,2.0,22.0,5.0,3.0,3.0,8.0,8.0,2.0,0.0,0,1857.55
1161,2019-08-24,2019-20,Crystal Palace,Man United,0,2.0,1.0,5.0,22.0,3.0,3.0,1.0,18.0,4.0,0.0,3,1745.66
1162,2019-08-24,2019-20,Brighton,Southampton,1,0.0,2.0,12.0,12.0,3.0,4.0,8.0,9.0,1.0,1.0,0,1640.38
1162,2019-08-24,2019-20,Southampton,Brighton,0,2.0,0.0,12.0,12.0,4.0,3.0,5.0,10.0,3.0,0.0,3,1667.12
1163,2019-08-24,2019-20,Norwich,Chelsea,1,2.0,3.0,6.0,23.0,5.0,8.0,1.0,9.0,1.0,0.0,0,1633.65
1163,2019-08-24,2019-20,Chelsea,Norwich,0,3.0,2.0,23.0,6.0,8.0,5.0,8.0,9.0,1.0,0.0,3,1872.04
1164,2019-08-24,2019-20,Watford,West Ham,1,1.0,3.0,23.0,16.0,3.0,10.0,8.0,12.0,1.0,0.0,0,1669.56
1164,2019-08-24,2019-20,West Ham,Watford,0,3.0,1.0,16.0,23.0,10.0,3.0,7.0,11.0,1.0,0.0,3,1727.6
1165,2019-08-24,2019-20,Sheffield United,Leicester,1,1.0,2.0,8.0,10.0,3.0,2.0,7.0,11.0,1.0,0.0,0,1627.45
1165,2019-08-24,2019-20,Leicester,Sheffield United,0,2.0,1.0,10.0,8.0,2.0,3.0,4.0,6.0,0.0,0.0,3,1740.52
1166,2019-08-24,2019-20,Liverpool,Arsenal,1,3.0,1.0,25.0,9.0,5.0,3.0,6.0,8.0,1.0,0.0,3,2051.6
1166,2019-08-24,2019-20,Arsenal,Liverpool,0,1.0,3.0,9.0,25.0,3.0,5.0,4.0,5.0,1.0,0.0,0,1876.8
1167,2019-08-25,2019-20,Bournemouth,Man City,1,1.0,3.0,10.0,19.0,7.0,5.0,4.0,7.0,1.0,0.0,0,1691.37
1167,2019-08-25,2019-20,Man City,Bournemouth,0,3.0,1.0,19.0,10.0,5.0,7.0,5.0,13.0,3.0,0.0,3,2047.48
1168,2019-08-25,2019-20,Tottenham,Newcastle,1,0.0,1.0,17.0,8.0,2.0,3.0,6.0,10.0,2.0,0.0,0,1897.31
1168,2019-08-25,2019-20,Newcastle,Tottenham,0,1.0,0.0,8.0,17.0,3.0,2.0,6.0,5.0,2.0,0.0,3,1714.03
1169,2019-08-25,2019-20,Wolves,Burnley,1,1.0,1.0,17.0,13.0,2.0,4.0,4.0,9.0,0.0,0.0,1,1726.63
1169,2019-08-25,2019-20,Burnley,Wolves,0,1.0,1.0,13.0,17.0,4.0,2.0,3.0,11.0,2.0,0.0,1,1696.69
1170,2019-08-31,2019-20,Southampton,Man United,1,1.0,1.0,10.0,21.0,2.0,8.0,2.0,17.0,1.0,1.0,1,1667.12
1170,2019-08-31,2019-20,Man United,Southampton,0,1.0,1.0,21.0,10.0,8.0,2.0,3.0,7.0,2.0,0.0,1,1857.55
1171,2019-08-31,2019-20,Chelsea,Sheffield United,1,2.0,2.0,13.0,8.0,5.0,2.0,3.0,6.0,0.0,0.0,1,1872.04
1171,2019-08-31,2019-20,Sheffield United,Chelsea,0,2.0,2.0,8.0,13.0,2.0,5.0,4.0,11.0,1.0,0.0,1,1627.45
1172,2019-08-31,2019-20,Crystal Palace,Aston Villa,1,1.0,0.0,22.0,10.0,5.0,2.0,13.0,15.0,2.0,0.0,3,1745.66
1172,2019-08-31,2019-20,Aston Villa,Crystal Palace,0,0.0,1.0,10.0,22.0,2.0,5.0,2.0,16.0,4.0,1.0,0,1614.07
1173,2019-08-31,2019-20,Leicester,Bournemouth,1,3.0,1.0,13.0,8.0,5.0,2.0,4.0,9.0,1.0,0.0,3,1740.52
1173,2019-08-31,2019-20,Bournemouth,Leicester,0,1.0,3.0,8.0,13.0,2.0,5.0,5.0,11.0,3.0,0.0,0,1691.37
1174,2019-08-31,2019-20,Man City,Brighton,1,4.0,0.0,15.0,6.0,6.0,2.0,8.0,10.0,1.0,0.0,3,2047.48
1174,2019-08-31,2019-20,Brighton,Man City,0,0.0,4.0,6.0,15.0,2.0,6.0,1.0,6.0,1.0,0.0,0,1640.38
1175,2019-08-31,2019-20,Newcastle,Watford,1,1.0,1.0,13.0,13.0,5.0,3.0,6.0,5.0,2.0,0.0,1,1714.03
1175,2019-08-31,2019-20,Watford,Newcastle,0,1.0,1.0,13.0,13.0,3.0,5.0,5.0,11.0,3.0,0.0,1,1669.56
1176,2019-08-31,2019-20,West Ham,Norwich,1,2.0,0.0,18.0,8.0,8.0,3.0,8.0,16.0,2.0,0.0,3,1727.6
1176,2019-08-31,2019-20,Norwich,West Ham,0,0.0,2.0,8.0,18.0,3.0,8.0,2.0,10.0,1.0,0.0,0,1633.65
1177,2019-08-31,2019-20,Burnley,Liverpool,1,0.0,3.0,7.0,15.0,2.0,7.0,6.0,10.0,0.0,0.0,0,1696.69
1177,2019-08-31,2019-20,Liverpool,Burnley,0,3.0,0.0,15.0,7.0,7.0,2.0,4.0,16.0,0.0,0.0,3,2051.6
1178,2019-09-01,2019-20,Everton,Wolves,1,3.0,2.0,15.0,8.0,6.0,5.0,7.0,12.0,1.0,0.0,3,1768.16
1178,2019-09-01,2019-20,Wolves,Everton,0,2.0,3.0,8.0,15.0,5.0,6.0,7.0,12.0,4.0,1.0,0,1742.96
1179,2019-09-01,2019-20,Arsenal,Tottenham,1,2.0,2.0,26.0,13.0,8.0,9.0,11.0,13.0,3.0,0.0,1,1879.97
1179,2019-09-01,2019-20,Tottenham,Arsenal,0,2.0,2.0,13.0,26.0,9.0,8.0,6.0,19.0,5.0,0.0,1,1892.84
1180,2019-09-14,2019-20,Sheffield United,Southampton,1,0.0,1.0,17.0,11.0,4.0,7.0,12.0,10.0,1.0,1.0,0,1641.1
1180,2019-09-14,2019-20,Southampton,Sheffield United,0,1.0,0.0,11.0,17.0,7.0,4.0,6.0,7.0,1.0,0.0,3,1685.63
1181,2019-09-14,2019-20,Liverpool,Newcastle,1,3.0,1.0,21.0,8.0,9.0,1.0,10.0,5.0,0.0,0.0,3,2065.0
1181,2019-09-14,2019-20,Newcastle,Liverpool,0,1.0,3.0,8.0,21.0,1.0,9.0,1.0,4.0,0.0,0.0,0,1717.12
1182,2019-09-14,2019-20,Brighton,Burnley,1,1.0,1.0,14.0,7.0,5.0,1.0,3.0,13.0,0.0,0.0,1,1630.69
1182,2019-09-14,2019-20,Burnley,Brighton,0,1.0,1.0,7.0,14.0,1.0,5.0,6.0,7.0,2.0,0.0,1,1697.65
1183,2019-09-14,2019-20,Tottenham,Crystal Palace,1,4.0,0.0,13.0,11.0,5.0,6.0,4.0,19.0,4.0,0.0,3,1892.84
1183,2019-09-14,2019-20,Crystal Palace,Tottenham,0,0.0,4.0,11.0,13.0,6.0,5.0,3.0,11.0,2.0,0.0,0,1756.89
1184,2019-09-14,2019-20,Wolves,Chelsea,1,2.0,5.0,11.0,15.0,4.0,6.0,7.0,8.0,1.0,0.0,0,1742.96
1184,2019-09-14,2019-20,Chelsea,Wolves,0,5.0,2.0,15.0,11.0,6.0,4.0,5.0,11.0,2.0,0.0,3,1868.36
1185,2019-09-14,2019-20,Norwich,Man City,1,3.0,2.0,7.0,25.0,3.0,8.0,3.0,8.0,3.0,0.0,3,1639.79
1185,2019-09-14,2019-20,Man City,Norwich,0,2.0,3.0,25.0,7.0,8.0,3.0,16.0,7.0,1.0,0.0,0,2050.77
1186,2019-09-14,2019-20,Man United,Leicester,1,1.0,0.0,10.0,9.0,5.0,3.0,3.0,14.0,1.0,0.0,3,1844.43
1186,2019-09-14,2019-20,Leicester,Man United,0,0.0,1.0,9.0,10.0,3.0,5.0,9.0,14.0,2.0,0.0,0,1764.16
1187,2019-09-15,2019-20,Bournemouth,Everton,1,3.0,1.0,13.0,14.0,6.0,5.0,7.0,5.0,0.0,0.0,3,1692.85
1187,2019-09-15,2019-20,Everton,Bournemouth,0,1.0,3.0,14.0,13.0,5.0,6.0,7.0,14.0,4.0,0.0,0,1774.09
1188,2019-09-15,2019-20,Watford,Arsenal,1,2.0,2.0,31.0,10.0,7.0,4.0,7.0,14.0,3.0,0.0,1,1661.65
1188,2019-09-15,2019-20,Arsenal,Watford,0,2.0,2.0,10.0,31.0,4.0,7.0,1.0,4.0,3.0,0.0,1,1878.59
1189,2019-09-16,2019-20,Aston Villa,West Ham,1,0.0,0.0,10.0,13.0,5.0,1.0,2.0,13.0,2.0,0.0,1,1622.26
1189,2019-09-16,2019-20,West Ham,Aston Villa,0,0.0,0.0,13.0,10.0,1.0,5.0,4.0,12.0,1.0,1.0,1,1748.57
1190,2019-09-20,2019-20,Southampton,Bournemouth,1,1.0,3.0,25.0,6.0,6.0,3.0,4.0,8.0,1.0,0.0,0,1694.12
1190,2019-09-20,2019-20,Bournemouth,Southampton,0,3.0,1.0,6.0,25.0,3.0,6.0,5.0,9.0,3.0,0.0,3,1692.85
1191,2019-09-21,2019-20,Everton,Sheffield United,1,0.0,2.0,16.0,2.0,3.0,1.0,12.0,9.0,1.0,0.0,0,1774.09
1191,2019-09-21,2019-20,Sheffield United,Everton,0,2.0,0.0,2.0,16.0,1.0,3.0,3.0,9.0,3.0,0.0,3,1632.61
1192,2019-09-21,2019-20,Burnley,Norwich,1,2.0,0.0,13.0,11.0,6.0,2.0,7.0,11.0,0.0,0.0,3,1697.48
1192,2019-09-21,2019-20,Norwich,Burnley,0,0.0,2.0,11.0,13.0,2.0,6.0,3.0,10.0,1.0,0.0,0,1655.46
1193,2019-09-21,2019-20,Newcastle,Brighton,1,0.0,0.0,11.0,16.0,4.0,3.0,5.0,12.0,2.0,0.0,1,1715.51
1193,2019-09-21,2019-20,Brighton,Newcastle,0,0.0,0.0,16.0,11.0,3.0,4.0,3.0,8.0,1.0,0.0,1,1630.85
1194,2019-09-21,2019-20,Man City,Watford,1,8.0,0.0,28.0,5.0,11.0,4.0,5.0,5.0,2.0,0.0,3,2035.1
1194,2019-09-21,2019-20,Watford,Man City,0,0.0,8.0,5.0,28.0,4.0,11.0,4.0,9.0,2.0,0.0,0,1661.65
1195,2019-09-21,2019-20,Leicester,Tottenham,1,2.0,1.0,16.0,11.0,7.0,4.0,8.0,16.0,1.0,0.0,3,1759.47
1195,2019-09-21,2019-20,Tottenham,Leicester,0,1.0,2.0,11.0,16.0,4.0,7.0,2.0,13.0,2.0,0.0,0,1901.34
1196,2019-09-22,2019-20,Crystal Palace,Wolves,1,1.0,1.0,13.0,14.0,4.0,4.0,6.0,7.0,2.0,0.0,1,1749.76
1196,2019-09-22,2019-20,Wolves,Crystal Palace,0,1.0,1.0,14.0,13.0,4.0,4.0,7.0,10.0,1.0,1.0,1,1726.18
1197,2019-09-22,2019-20,West Ham,Man United,1,2.0,0.0,8.0,9.0,6.0,3.0,3.0,8.0,2.0,0.0,3,1748.57
1197,2019-09-22,2019-20,Man United,West Ham,0,0.0,2.0,9.0,8.0,3.0,6.0,7.0,9.0,2.0,0.0,0,1849.11
1198,2019-09-22,2019-20,Arsenal,Aston Villa,1,3.0,2.0,21.0,14.0,6.0,9.0,9.0,13.0,5.0,1.0,3,1878.59
1198,2019-09-22,2019-20,Aston Villa,Arsenal,0,2.0,3.0,14.0,21.0,9.0,6.0,4.0,15.0,1.0,0.0,0,1622.26
1199,2019-09-22,2019-20,Chelsea,Liverpool,1,1.0,2.0,13.0,6.0,2.0,3.0,6.0,8.0,3.0,0.0,0,1879.2
1199,2019-09-22,2019-20,Liverpool,Chelsea,0,2.0,1.0,6.0,13.0,3.0,2.0,4.0,13.0,3.0,0.0,3,2066.6
1200,2019-09-28,2019-20,Sheffield United,Liverpool,1,0.0,1.0,12.0,16.0,2.0,4.0,6.0,8.0,1.0,0.0,0,1632.61
1200,2019-09-28,2019-20,Liverpool,Sheffield United,0,1.0,0.0,16.0,12.0,4.0,2.0,5.0,4.0,1.0,0.0,3,2066.6
1201,2019-09-28,2019-20,Aston Villa,Burnley,1,2.0,2.0,16.0,10.0,3.0,3.0,7.0,10.0,1.0,0.0,1,1622.26
1201,2019-09-28,2019-20,Burnley,Aston Villa,0,2.0,2.0,10.0,16.0,3.0,3.0,3.0,16.0,4.0,0.0,1,1697.48
1202,2019-09-28,2019-20,Bournemouth,West Ham,1,2.0,2.0,13.0,17.0,5.0,6.0,6.0,7.0,3.0,0.0,1,1692.85
1202,2019-09-28,2019-20,West Ham,Bournemouth,0,2.0,2.0,17.0,13.0,6.0,5.0,6.0,8.0,1.0,0.0,1,1748.57
1203,2019-09-28,2019-20,Chelsea,Brighton,1,2.0,0.0,24.0,8.0,10.0,1.0,5.0,5.0,2.0,0.0,3,1879.2
1203,2019-09-28,2019-20,Brighton,Chelsea,0,0.0,2.0,8.0,24.0,1.0,10.0,2.0,13.0,3.0,0.0,0,1630.85
1204,2019-09-28,2019-20,Crystal Palace,Norwich,1,2.0,0.0,15.0,10.0,3.0,3.0,5.0,14.0,3.0,0.0,3,1749.76
1204,2019-09-28,2019-20,Norwich,Crystal Palace,0,0.0,2.0,10.0,15.0,3.0,3.0,5.0,10.0,1.0,0.0,0,1655.46
1205,2019-09-28,2019-20,Tottenham,Southampton,1,2.0,1.0,9.0,14.0,4.0,6.0,6.0,5.0,0.0,1.0,3,1901.34
1205,2019-09-28,2019-20,Southampton,Tottenham,0,1.0,2.0,14.0,9.0,6.0,4.0,6.0,16.0,2.0,0.0,0,1694.12
1206,2019-09-28,2019-20,Wolves,Watford,1,2.0,0.0,6.0,14.0,2.0,5.0,1.0,5.0,0.0,0.0,3,1726.18
1206,2019-09-28,2019-20,Watford,Wolves,0,0.0,2.0,14.0,6.0,5.0,2.0,6.0,6.0,1.0,0.0,0,1661.65
1207,2019-09-28,2019-20,Everton,Man City,1,1.0,3.0,12.0,20.0,8.0,9.0,5.0,4.0,2.0,0.0,0,1774.09
1207,2019-09-28,2019-20,Man City,Everton,0,3.0,1.0,20.0,12.0,9.0,8.0,2.0,8.0,2.0,0.0,3,2035.1
1208,2019-09-29,2019-20,Leicester,Newcastle,1,5.0,0.0,13.0,3.0,5.0,0.0,9.0,12.0,1.0,0.0,3,1759.47
1208,2019-09-29,2019-20,Newcastle,Leicester,0,0.0,5.0,3.0,13.0,0.0,5.0,0.0,9.0,1.0,1.0,0,1715.51
1209,2019-09-30,2019-20,Man United,Arsenal,1,1.0,1.0,16.0,10.0,4.0,5.0,8.0,18.0,4.0,0.0,1,1849.11
1209,2019-09-30,2019-20,Arsenal,Man United,0,1.0,1.0,10.0,16.0,5.0,4.0,7.0,13.0,2.0,0.0,1,1878.59
1210,2019-10-05,2019-20,Brighton,Tottenham,1,3.0,0.0,17.0,8.0,6.0,3.0,4.0,11.0,2.0,0.0,3,1623.6
1210,2019-10-05,2019-20,Tottenham,Brighton,0,0.0,3.0,8.0,17.0,3.0,6.0,4.0,7.0,1.0,0.0,0,1883.08
1211,2019-10-05,2019-20,Burnley,Everton,1,1.0,0.0,9.0,11.0,3.0,2.0,7.0,5.0,2.0,0.0,3,1696.42
1211,2019-10-05,2019-20,Everton,Burnley,0,0.0,1.0,11.0,9.0,2.0,3.0,9.0,12.0,1.0,1.0,0,1732.17
1212,2019-10-05,2019-20,Liverpool,Leicester,1,2.0,1.0,18.0,2.0,8.0,1.0,4.0,9.0,1.0,0.0,3,2047.68
1212,2019-10-05,2019-20,Leicester,Liverpool,0,1.0,2.0,2.0,18.0,1.0,8.0,6.0,17.0,4.0,0.0,0,1773.47
1213,2019-10-05,2019-20,Norwich,Aston Villa,1,1.0,5.0,21.0,22.0,5.0,12.0,10.0,14.0,1.0,0.0,0,1633.81
1213,2019-10-05,2019-20,Aston Villa,Norwich,0,5.0,1.0,22.0,21.0,12.0,5.0,6.0,17.0,3.0,0.0,3,1614.97
1214,2019-10-05,2019-20,Watford,Sheffield United,1,0.0,0.0,8.0,9.0,2.0,3.0,7.0,7.0,0.0,0.0,1,1647.78
1214,2019-10-05,2019-20,Sheffield United,Watford,0,0.0,0.0,9.0,8.0,3.0,2.0,7.0,6.0,2.0,0.0,1,1641.03
1215,2019-10-05,2019-20,West Ham,Crystal Palace,1,1.0,2.0,9.0,7.0,4.0,4.0,2.0,11.0,3.0,0.0,0,1752.27
1215,2019-10-05,2019-20,Crystal Palace,West Ham,0,2.0,1.0,7.0,9.0,4.0,4.0,2.0,7.0,2.0,0.0,3,1745.09
1216,2019-10-06,2019-20,Arsenal,Bournemouth,1,1.0,0.0,12.0,10.0,2.0,2.0,14.0,12.0,1.0,0.0,3,1880.61
1216,2019-10-06,2019-20,Bournemouth,Arsenal,0,0.0,1.0,10.0,12.0,2.0,2.0,5.0,6.0,2.0,0.0,0,1709.39
1217,2019-10-06,2019-20,Man City,Wolves,1,0.0,2.0,18.0,7.0,2.0,2.0,9.0,11.0,5.0,0.0,0,2040.0
1217,2019-10-06,2019-20,Wolves,Man City,0,2.0,0.0,7.0,18.0,2.0,2.0,1.0,14.0,2.0,0.0,3,1715.67
1218,2019-10-06,2019-20,Southampton,Chelsea,1,1.0,4.0,10.0,13.0,3.0,7.0,3.0,8.0,0.0,0.0,0,1670.57
1218,2019-10-06,2019-20,Chelsea,Southampton,0,4.0,1.0,13.0,10.0,7.0,3.0,4.0,15.0,1.0,0.0,3,1857.51
1219,2019-10-06,2019-20,Newcastle,Man United,1,1.0,0.0,12.0,12.0,2.0,3.0,4.0,12.0,3.0,0.0,3,1691.68
1219,2019-10-06,2019-20,Man United,Newcastle,0,0.0,1.0,12.0,12.0,3.0,2.0,6.0,10.0,3.0,0.0,0,1828.96
1220,2019-10-19,2019-20,Chelsea,Newcastle,1,1.0,0.0,16.0,5.0,8.0,0.0,11.0,9.0,2.0,0.0,3,1869.82
1220,2019-10-19,2019-20,Newcastle,Chelsea,0,0.0,1.0,5.0,16.0,0.0,8.0,0.0,12.0,1.0,0.0,0,1700.29
1221,2019-10-19,2019-20,Everton,West Ham,1,2.0,0.0,19.0,8.0,10.0,4.0,11.0,15.0,2.0,0.0,3,1723.21
1221,2019-10-19,2019-20,West Ham,Everton,0,0.0,2.0,8.0,19.0,4.0,10.0,2.0,15.0,2.0,0.0,0,1741.14
1222,2019-10-19,2019-20,Aston Villa,Brighton,1,2.0,1.0,24.0,20.0,8.0,5.0,7.0,9.0,1.0,0.0,3,1633.26
1222,2019-10-19,2019-20,Brighton,Aston Villa,0,1.0,2.0,20.0,24.0,5.0,8.0,5.0,17.0,2.0,1.0,0,1643.92
1223,2019-10-19,2019-20,Bournemouth,Norwich,1,0.0,0.0,11.0,10.0,2.0,1.0,6.0,8.0,1.0,0.0,1,1705.13
1223,2019-10-19,2019-20,Norwich,Bournemouth,0,0.0,0.0,10.0,11.0,1.0,2.0,7.0,11.0,3.0,0.0,1,1612.47
1224,2019-10-19,2019-20,Tottenham,Watford,1,1.0,1.0,12.0,7.0,2.0,2.0,11.0,5.0,4.0,0.0,1,1840.65
1224,2019-10-19,2019-20,Watford,Tottenham,0,1.0,1.0,7.0,12.0,2.0,2.0,2.0,9.0,3.0,0.0,1,1644.38
1225,2019-10-19,2019-20,Wolves,Southampton,1,1.0,1.0,4.0,14.0,1.0,5.0,1.0,10.0,3.0,0.0,1,1742.24
1225,2019-10-19,2019-20,Southampton,Wolves,0,1.0,1.0,14.0,4.0,5.0,1.0,3.0,17.0,2.0,0.0,1,1660.67
1226,2019-10-19,2019-20,Crystal Palace,Man City,1,0.0,2.0,7.0,21.0,2.0,10.0,1.0,8.0,1.0,0.0,0,1753.17
1226,2019-10-19,2019-20,Man City,Crystal Palace,0,2.0,0.0,21.0,7.0,10.0,2.0,8.0,10.0,1.0,0.0,3,2017.58
1227,2019-10-19,2019-20,Leicester,Burnley,1,2.0,1.0,19.0,13.0,3.0,4.0,9.0,4.0,0.0,0.0,3,1770.26
1227,2019-10-19,2019-20,Burnley,Leicester,0,1.0,2.0,13.0,19.0,4.0,3.0,4.0,10.0,3.0,0.0,0,1702.32
1228,2019-10-20,2019-20,Man United,Liverpool,1,1.0,1.0,7.0,10.0,2.0,4.0,3.0,6.0,0.0,0.0,1,1814.12
1228,2019-10-20,2019-20,Liverpool,Man United,0,1.0,1.0,10.0,7.0,4.0,2.0,1.0,14.0,1.0,0.0,1,2049.65
1229,2019-10-21,2019-20,Sheffield United,Arsenal,1,1.0,0.0,8.0,9.0,2.0,3.0,7.0,10.0,4.0,0.0,3,1641.38
1229,2019-10-21,2019-20,Arsenal,Sheffield United,0,0.0,1.0,9.0,8.0,3.0,2.0,12.0,12.0,4.0,0.0,0,1884.89
1230,2019-10-25,2019-20,Southampton,Leicester,1,0.0,9.0,6.0,25.0,3.0,15.0,2.0,3.0,0.0,1.0,0,1660.67
1230,2019-10-25,2019-20,Leicester,Southampton,0,9.0,0.0,25.0,6.0,15.0,3.0,7.0,12.0,0.0,0.0,3,1770.26
1231,2019-10-26,2019-20,Man City,Aston Villa,1,3.0,0.0,25.0,11.0,9.0,5.0,13.0,10.0,1.0,1.0,3,2017.58
1231,2019-10-26,2019-20,Aston Villa,Man City,0,0.0,3.0,11.0,25.0,5.0,9.0,7.0,5.0,1.0,0.0,0,1633.26
1232,2019-10-26,2019-20,Brighton,Everton,1,3.0,2.0,8.0,10.0,4.0,6.0,0.0,12.0,2.0,0.0,3,1643.92
1232,2019-10-26,2019-20,Everton,Brighton,0,2.0,3.0,10.0,8.0,6.0,4.0,5.0,12.0,1.0,0.0,0,1723.21
1233,2019-10-26,2019-20,Watford,Bournemouth,1,0.0,0.0,7.0,15.0,3.0,5.0,5.0,14.0,5.0,0.0,1,1644.38
1233,2019-10-26,2019-20,Bournemouth,Watford,0,0.0,0.0,15.0,7.0,5.0,3.0,10.0,8.0,3.0,0.0,1,1705.13
1234,2019-10-26,2019-20,West Ham,Sheffield United,1,1.0,1.0,12.0,10.0,4.0,4.0,10.0,7.0,2.0,0.0,1,1741.14
1234,2019-10-26,2019-20,Sheffield United,West Ham,0,1.0,1.0,10.0,12.0,4.0,4.0,4.0,10.0,2.0,0.0,1,1641.38
1235,2019-10-26,2019-20,Burnley,Chelsea,1,2.0,4.0,13.0,16.0,5.0,7.0,5.0,7.0,3.0,0.0,0,1702.32
1235,2019-10-26,2019-20,Chelsea,Burnley,0,4.0,2.0,16.0,13.0,7.0,5.0,6.0,8.0,2.0,0.0,3,1869.82
1236,2019-10-27,2019-20,Arsenal,Crystal Palace,1,2.0,2.0,15.0,10.0,6.0,4.0,12.0,18.0,2.0,0.0,1,1884.89
1236,2019-10-27,2019-20,Crystal Palace,Arsenal,0,2.0,2.0,10.0,15.0,4.0,6.0,5.0,9.0,0.0,0.0,1,1753.17
1237,2019-10-27,2019-20,Newcastle,Wolves,1,1.0,1.0,13.0,13.0,2.0,5.0,3.0,8.0,2.0,1.0,1,1700.29
1237,2019-10-27,2019-20,Wolves,Newcastle,0,1.0,1.0,13.0,13.0,5.0,2.0,6.0,15.0,2.0,0.0,1,1742.24
1238,2019-10-27,2019-20,Norwich,Man United,1,1.0,3.0,10.0,21.0,3.0,11.0,1.0,13.0,2.0,0.0,0,1612.47
1238,2019-10-27,2019-20,Man United,Norwich,0,3.0,1.0,21.0,10.0,11.0,3.0,10.0,10.0,2.0,0.0,3,1814.12
1239,2019-10-27,2019-20,Liverpool,Tottenham,1,2.0,1.0,21.0,11.0,13.0,4.0,8.0,9.0,3.0,0.0,3,2049.65
1239,2019-10-27,2019-20,Tottenham,Liverpool,0,1.0,2.0,11.0,21.0,4.0,13.0,3.0,11.0,3.0,0.0,0,1840.65
1240,2019-11-02,2019-20,Bournemouth,Man United,1,1.0,0.0,12.0,15.0,6.0,4.0,4.0,14.0,4.0,0.0,3,1710.52
1240,2019-11-02,2019-20,Man United,Bournemouth,0,0.0,1.0,15.0,12.0,4.0,6.0,10.0,12.0,3.0,0.0,0,1837.1
1241,2019-11-02,2019-20,Arsenal,Wolves,1,1.0,1.0,10.0,25.0,4.0,8.0,8.0,6.0,0.0,0.0,1,1877.68
1241,2019-11-02,2019-20,Wolves,Arsenal,0,1.0,1.0,25.0,10.0,8.0,4.0,9.0,15.0,2.0,0.0,1,1750.68
1242,2019-11-02,2019-20,Aston Villa,Liverpool,1,1.0,2.0,5.0,25.0,2.0,6.0,2.0,12.0,1.0,0.0,0,1647.74
1242,2019-11-02,2019-20,Liverpool,Aston Villa,0,2.0,1.0,25.0,5.0,6.0,2.0,10.0,9.0,2.0,0.0,3,2059.16
1243,2019-11-02,2019-20,Brighton,Norwich,1,2.0,0.0,21.0,7.0,5.0,0.0,8.0,11.0,0.0,0.0,3,1655.21
1243,2019-11-02,2019-20,Norwich,Brighton,0,0.0,2.0,7.0,21.0,0.0,5.0,3.0,8.0,1.0,0.0,0,1619.16
1244,2019-11-02,2019-20,Man City,Southampton,1,2.0,1.0,26.0,3.0,4.0,3.0,17.0,11.0,3.0,0.0,3,2035.76
1244,2019-11-02,2019-20,Southampton,Man City,0,1.0,2.0,3.0,26.0,3.0,4.0,0.0,10.0,1.0,0.0,0,1652.91
1245,2019-11-02,2019-20,Sheffield United,Burnley,1,3.0,0.0,13.0,6.0,6.0,0.0,7.0,8.0,1.0,0.0,3,1666.69
1245,2019-11-02,2019-20,Burnley,Sheffield United,0,0.0,3.0,6.0,13.0,0.0,6.0,6.0,12.0,2.0,0.0,0,1699.39
1246,2019-11-02,2019-20,West Ham,Newcastle,1,2.0,3.0,16.0,12.0,6.0,9.0,7.0,10.0,2.0,0.0,0,1736.68
1246,2019-11-02,2019-20,Newcastle,West Ham,0,3.0,2.0,12.0,16.0,9.0,6.0,3.0,7.0,1.0,0.0,3,1705.74
1247,2019-11-02,2019-20,Watford,Chelsea,1,1.0,2.0,12.0,16.0,3.0,10.0,1.0,8.0,4.0,0.0,0,1659.41
1247,2019-11-02,2019-20,Chelsea,Watford,0,2.0,1.0,16.0,12.0,10.0,3.0,6.0,5.0,2.0,0.0,3,1899.36
1248,2019-11-03,2019-20,Crystal Palace,Leicester,1,0.0,2.0,12.0,14.0,3.0,5.0,5.0,15.0,2.0,0.0,0,1762.57
1248,2019-11-03,2019-20,Leicester,Crystal Palace,0,2.0,0.0,14.0,12.0,5.0,3.0,6.0,16.0,2.0,0.0,3,1805.15
1249,2019-11-03,2019-20,Everton,Tottenham,1,1.0,1.0,7.0,4.0,3.0,2.0,5.0,9.0,1.0,0.0,1,1733.11
1249,2019-11-03,2019-20,Tottenham,Everton,0,1.0,1.0,4.0,7.0,2.0,3.0,2.0,8.0,2.0,1.0,1,1848.2
1250,2019-11-08,2019-20,Norwich,Watford,1,0.0,2.0,17.0,12.0,5.0,2.0,10.0,7.0,1.0,0.0,0,1619.16
1250,2019-11-08,2019-20,Watford,Norwich,0,2.0,0.0,12.0,17.0,2.0,5.0,4.0,13.0,2.0,1.0,3,1659.41
1251,2019-11-09,2019-20,Chelsea,Crystal Palace,1,2.0,0.0,23.0,3.0,5.0,1.0,7.0,9.0,3.0,0.0,3,1899.36
1251,2019-11-09,2019-20,Crystal Palace,Chelsea,0,0.0,2.0,3.0,23.0,1.0,5.0,0.0,17.0,2.0,0.0,0,1762.57
1252,2019-11-09,2019-20,Burnley,West Ham,1,3.0,0.0,14.0,7.0,12.0,4.0,11.0,17.0,2.0,0.0,3,1699.39
1252,2019-11-09,2019-20,West Ham,Burnley,0,0.0,3.0,7.0,14.0,4.0,12.0,4.0,10.0,1.0,0.0,0,1736.68
1253,2019-11-09,2019-20,Newcastle,Bournemouth,1,2.0,1.0,20.0,16.0,9.0,3.0,5.0,10.0,2.0,0.0,3,1705.74
1253,2019-11-09,2019-20,Bournemouth,Newcastle,0,1.0,2.0,16.0,20.0,3.0,9.0,4.0,5.0,0.0,0.0,0,1710.52
1254,2019-11-09,2019-20,Southampton,Everton,1,1.0,2.0,4.0,24.0,3.0,5.0,5.0,12.0,1.0,0.0,0,1652.91
1254,2019-11-09,2019-20,Everton,Southampton,0,2.0,1.0,24.0,4.0,5.0,3.0,9.0,12.0,1.0,0.0,3,1733.11
1255,2019-11-09,2019-20,Tottenham,Sheffield United,1,1.0,1.0,17.0,14.0,5.0,4.0,4.0,6.0,2.0,0.0,1,1848.2
1255,2019-11-09,2019-20,Sheffield United,Tottenham,0,1.0,1.0,14.0,17.0,4.0,5.0,4.0,9.0,2.0,0.0,1,1666.69
1256,2019-11-09,2019-20,Leicester,Arsenal,1,2.0,0.0,19.0,8.0,7.0,1.0,5.0,10.0,1.0,0.0,3,1805.15
1256,2019-11-09,2019-20,Arsenal,Leicester,0,0.0,2.0,8.0,19.0,1.0,7.0,4.0,10.0,1.0,0.0,0,1877.68
1257,2019-11-10,2019-20,Man United,Brighton,1,3.0,1.0,21.0,6.0,11.0,2.0,5.0,10.0,2.0,0.0,3,1837.1
1257,2019-11-10,2019-20,Brighton,Man United,0,1.0,3.0,6.0,21.0,2.0,11.0,2.0,14.0,5.0,0.0,0,1655.21
1258,2019-11-10,2019-20,Wolves,Aston Villa,1,2.0,1.0,17.0,13.0,5.0,4.0,6.0,17.0,4.0,0.0,3,1750.68
1258,2019-11-10,2019-20,Aston Villa,Wolves,0,1.0,2.0,13.0,17.0,4.0,5.0,3.0,8.0,3.0,0.0,0,1647.74
1259,2019-11-10,2019-20,Liverpool,Man City,1,3.0,1.0,12.0,18.0,5.0,3.0,4.0,10.0,0.0,0.0,3,2059.16
1259,2019-11-10,2019-20,Man City,Liverpool,0,1.0,3.0,18.0,12.0,3.0,5.0,13.0,5.0,2.0,0.0,0,2035.76
1260,2019-11-23,2019-20,West Ham,Tottenham,1,2.0,3.0,11.0,15.0,4.0,6.0,3.0,12.0,3.0,0.0,0,1713.09
1260,2019-11-23,2019-20,Tottenham,West Ham,0,3.0,2.0,15.0,11.0,6.0,4.0,7.0,14.0,2.0,0.0,3,1851.82
1261,2019-11-23,2019-20,Arsenal,Southampton,1,2.0,2.0,12.0,21.0,5.0,6.0,6.0,13.0,6.0,0.0,1,1855.17
1261,2019-11-23,2019-20,Southampton,Arsenal,0,2.0,2.0,21.0,12.0,6.0,5.0,8.0,19.0,2.0,0.0,1,1644.41
1262,2019-11-23,2019-20,Bournemouth,Wolves,1,1.0,2.0,9.0,17.0,2.0,7.0,5.0,10.0,2.0,1.0,0,1713.38
1262,2019-11-23,2019-20,Wolves,Bournemouth,0,2.0,1.0,17.0,9.0,7.0,2.0,9.0,12.0,1.0,0.0,3,1760.56
1263,2019-11-23,2019-20,Brighton,Leicester,1,0.0,2.0,7.0,19.0,0.0,9.0,6.0,9.0,2.0,0.0,0,1658.38
1263,2019-11-23,2019-20,Leicester,Brighton,0,2.0,0.0,19.0,7.0,9.0,0.0,7.0,1.0,0.0,0.0,3,1827.72
1264,2019-11-23,2019-20,Crystal Palace,Liverpool,1,1.0,2.0,16.0,12.0,6.0,4.0,9.0,8.0,0.0,0.0,0,1745.7
1264,2019-11-23,2019-20,Liverpool,Crystal Palace,0,2.0,1.0,12.0,16.0,4.0,6.0,8.0,7.0,1.0,0.0,3,2068.91
1265,2019-11-23,2019-20,Everton,Norwich,1,0.0,2.0,18.0,13.0,7.0,5.0,7.0,12.0,3.0,0.0,0,1741.82
1265,2019-11-23,2019-20,Norwich,Everton,0,2.0,0.0,13.0,18.0,5.0,7.0,7.0,11.0,5.0,0.0,3,1599.45
1266,2019-11-23,2019-20,Watford,Burnley,1,0.0,3.0,15.0,11.0,4.0,5.0,7.0,14.0,0.0,0.0,0,1667.12
1266,2019-11-23,2019-20,Burnley,Watford,0,3.0,0.0,11.0,15.0,5.0,4.0,5.0,13.0,3.0,0.0,3,1699.41
1267,2019-11-23,2019-20,Man City,Chelsea,1,2.0,1.0,15.0,11.0,4.0,2.0,8.0,5.0,1.0,0.0,3,2022.6
1267,2019-11-23,2019-20,Chelsea,Man City,0,1.0,2.0,11.0,15.0,2.0,4.0,2.0,9.0,1.0,0.0,0,1904.98
1268,2019-11-24,2019-20,Sheffield United,Man United,1,3.0,3.0,12.0,11.0,8.0,5.0,6.0,13.0,1.0,0.0,1,1685.04
1268,2019-11-24,2019-20,Man United,Sheffield United,0,3.0,3.0,11.0,12.0,5.0,8.0,3.0,10.0,2.0,0.0,1,1833.66
1269,2019-11-25,2019-20,Aston Villa,Newcastle,1,2.0,0.0,17.0,11.0,8.0,5.0,11.0,10.0,1.0,0.0,3,1642.02
1269,2019-11-25,2019-20,Newcastle,Aston Villa,0,0.0,2.0,11.0,17.0,5.0,8.0,6.0,9.0,1.0,0.0,0,1722.82
1270,2019-11-30,2019-20,Newcastle,Man City,1,2.0,2.0,6.0,24.0,3.0,9.0,1.0,4.0,1.0,0.0,1,1722.82
1270,2019-11-30,2019-20,Man City,Newcastle,0,2.0,2.0,24.0,6.0,9.0,3.0,10.0,6.0,2.0,0.0,1,2022.6
1271,2019-11-30,2019-20,Burnley,Crystal Palace,1,0.0,2.0,15.0,7.0,4.0,2.0,5.0,13.0,2.0,0.0,0,1699.41
1271,2019-11-30,2019-20,Crystal Palace,Burnley,0,2.0,0.0,7.0,15.0,2.0,4.0,6.0,10.0,0.0,0.0,3,1745.7
1272,2019-11-30,2019-20,Chelsea,West Ham,1,0.0,1.0,19.0,5.0,6.0,4.0,9.0,0.0,0.0,0.0,0,1904.98
1272,2019-11-30,2019-20,West Ham,Chelsea,0,1.0,0.0,5.0,19.0,4.0,6.0,3.0,16.0,3.0,0.0,3,1713.09
1273,2019-11-30,2019-20,Liverpool,Brighton,1,2.0,1.0,15.0,12.0,7.0,5.0,4.0,3.0,0.0,1.0,3,2068.91
1273,2019-11-30,2019-20,Brighton,Liverpool,0,1.0,2.0,12.0,15.0,5.0,7.0,5.0,10.0,0.0,0.0,0,1658.38
1274,2019-11-30,2019-20,Tottenham,Bournemouth,1,3.0,2.0,15.0,20.0,5.0,6.0,4.0,10.0,0.0,0.0,3,1851.82
1274,2019-11-30,2019-20,Bournemouth,Tottenham,0,2.0,3.0,20.0,15.0,6.0,5.0,8.0,12.0,2.0,0.0,0,1713.38
1275,2019-11-30,2019-20,Southampton,Watford,1,2.0,1.0,11.0,6.0,6.0,3.0,6.0,6.0,1.0,0.0,3,1644.41
1275,2019-11-30,2019-20,Watford,Southampton,0,1.0,2.0,6.0,11.0,3.0,6.0,7.0,10.0,0.0,0.0,0,1667.12
1276,2019-12-01,2019-20,Norwich,Arsenal,1,2.0,2.0,15.0,16.0,8.0,7.0,7.0,8.0,2.0,0.0,1,1604.77
1276,2019-12-01,2019-20,Arsenal,Norwich,0,2.0,2.0,16.0,15.0,7.0,8.0,12.0,10.0,1.0,0.0,1,1823.33
1277,2019-12-01,2019-20,Wolves,Sheffield United,1,1.0,1.0,13.0,9.0,3.0,4.0,7.0,12.0,1.0,0.0,1,1753.9
1277,2019-12-01,2019-20,Sheffield United,Wolves,0,1.0,1.0,9.0,13.0,4.0,3.0,2.0,18.0,4.0,0.0,1,1674.7
1278,2019-12-01,2019-20,Leicester,Everton,1,2.0,1.0,16.0,11.0,6.0,3.0,4.0,7.0,0.0,0.0,3,1822.53
1278,2019-12-01,2019-20,Everton,Leicester,0,1.0,2.0,11.0,16.0,3.0,6.0,4.0,9.0,1.0,0.0,0,1710.86
1279,2019-12-01,2019-20,Man United,Aston Villa,1,2.0,2.0,16.0,9.0,6.0,3.0,9.0,16.0,4.0,0.0,1,1803.6
1279,2019-12-01,2019-20,Aston Villa,Man United,0,2.0,2.0,9.0,16.0,3.0,6.0,9.0,8.0,1.0,0.0,1,1641.39
1280,2019-12-03,2019-20,Crystal Palace,Bournemouth,1,1.0,0.0,7.0,6.0,2.0,3.0,6.0,6.0,3.0,1.0,3,1742.87
1280,2019-12-03,2019-20,Bournemouth,Crystal Palace,0,0.0,1.0,6.0,7.0,3.0,2.0,9.0,15.0,3.0,0.0,0,1689.08
1281,2019-12-03,2019-20,Burnley,Man City,1,1.0,4.0,4.0,17.0,2.0,8.0,3.0,9.0,1.0,0.0,0,1689.26
1281,2019-12-03,2019-20,Man City,Burnley,0,4.0,1.0,17.0,4.0,8.0,2.0,6.0,6.0,1.0,0.0,3,2000.07
1282,2019-12-04,2019-20,Man United,Tottenham,1,2.0,1.0,12.0,8.0,7.0,5.0,4.0,9.0,0.0,0.0,3,1803.6
1282,2019-12-04,2019-20,Tottenham,Man United,0,1.0,2.0,8.0,12.0,5.0,7.0,3.0,9.0,1.0,0.0,0,1852.07
1283,2019-12-04,2019-20,Chelsea,Aston Villa,1,2.0,1.0,25.0,9.0,9.0,3.0,9.0,18.0,2.0,0.0,3,1873.69
1283,2019-12-04,2019-20,Aston Villa,Chelsea,0,1.0,2.0,9.0,25.0,3.0,9.0,5.0,10.0,1.0,0.0,0,1641.39
1284,2019-12-04,2019-20,Leicester,Watford,1,2.0,0.0,12.0,4.0,6.0,1.0,7.0,13.0,3.0,0.0,3,1822.53
1284,2019-12-04,2019-20,Watford,Leicester,0,0.0,2.0,4.0,12.0,1.0,6.0,2.0,16.0,2.0,0.0,0,1632.59
1285,2019-12-04,2019-20,Wolves,West Ham,1,2.0,0.0,13.0,6.0,7.0,3.0,5.0,8.0,1.0,0.0,3,1753.9
1285,2019-12-04,2019-20,West Ham,Wolves,0,0.0,2.0,6.0,13.0,3.0,7.0,4.0,9.0,2.0,0.0,0,1707.99
1286,2019-12-04,2019-20,Liverpool,Everton,1,5.0,2.0,11.0,12.0,5.0,4.0,5.0,13.0,1.0,0.0,3,2051.72
1286,2019-12-04,2019-20,Everton,Liverpool,0,2.0,5.0,12.0,11.0,4.0,5.0,6.0,17.0,2.0,0.0,0,1710.86
1287,2019-12-04,2019-20,Southampton,Norwich,1,2.0,1.0,14.0,10.0,5.0,3.0,6.0,12.0,1.0,0.0,3,1644.65
1287,2019-12-04,2019-20,Norwich,Southampton,0,1.0,2.0,10.0,14.0,3.0,5.0,1.0,7.0,1.0,0.0,0,1604.77
1288,2019-12-05,2019-20,Sheffield United,Newcastle,1,0.0,2.0,13.0,6.0,6.0,4.0,8.0,10.0,2.0,0.0,0,1674.7
1288,2019-12-05,2019-20,Newcastle,Sheffield United,0,2.0,0.0,6.0,13.0,4.0,6.0,1.0,6.0,0.0,0.0,3,1703.88
1289,2019-12-05,2019-20,Arsenal,Brighton,1,1.0,2.0,12.0,20.0,5.0,9.0,9.0,10.0,3.0,0.0,0,1823.33
1289,2019-12-05,2019-20,Brighton,Arsenal,0,2.0,1.0,20.0,12.0,9.0,5.0,9.0,11.0,1.0,0.0,3,1637.17
1290,2019-12-07,2019-20,Everton,Chelsea,1,3.0,1.0,13.0,15.0,7.0,4.0,1.0,14.0,3.0,0.0,3,1710.86
1290,2019-12-07,2019-20,Chelsea,Everton,0,1.0,3.0,15.0,13.0,4.0,7.0,5.0,9.0,0.0,0.0,0,1873.69
1291,2019-12-07,2019-20,Bournemouth,Liverpool,1,0.0,3.0,3.0,21.0,0.0,9.0,1.0,5.0,0.0,0.0,0,1689.08
1291,2019-12-07,2019-20,Liverpool,Bournemouth,0,3.0,0.0,21.0,3.0,9.0,0.0,3.0,6.0,1.0,0.0,3,2051.72
1292,2019-12-07,2019-20,Tottenham,Burnley,1,5.0,0.0,13.0,7.0,7.0,1.0,1.0,12.0,1.0,0.0,3,1852.07
1292,2019-12-07,2019-20,Burnley,Tottenham,0,0.0,5.0,7.0,13.0,1.0,7.0,1.0,8.0,1.0,0.0,0,1689.26
1293,2019-12-07,2019-20,Watford,Crystal Palace,1,0.0,0.0,13.0,3.0,3.0,0.0,6.0,15.0,4.0,0.0,1,1632.59
1293,2019-12-07,2019-20,Crystal Palace,Watford,0,0.0,0.0,3.0,13.0,0.0,3.0,2.0,16.0,2.0,0.0,1,1742.87
1294,2019-12-07,2019-20,Man City,Man United,1,1.0,2.0,22.0,11.0,5.0,7.0,16.0,10.0,3.0,0.0,0,2000.07
1294,2019-12-07,2019-20,Man United,Man City,0,2.0,1.0,11.0,22.0,7.0,5.0,3.0,10.0,2.0,0.0,3,1803.6
1295,2019-12-08,2019-20,Newcastle,Southampton,1,2.0,1.0,12.0,19.0,6.0,4.0,3.0,11.0,1.0,0.0,3,1703.88
1295,2019-12-08,2019-20,Southampton,Newcastle,0,1.0,2.0,19.0,12.0,4.0,6.0,12.0,17.0,3.0,0.0,0,1644.65
1296,2019-12-08,2019-20,Norwich,Sheffield United,1,1.0,2.0,14.0,9.0,4.0,3.0,9.0,6.0,0.0,0.0,0,1604.77
1296,2019-12-08,2019-20,Sheffield United,Norwich,0,2.0,1.0,9.0,14.0,3.0,4.0,1.0,12.0,4.0,0.0,3,1674.7
1297,2019-12-08,2019-20,Aston Villa,Leicester,1,1.0,4.0,15.0,23.0,2.0,8.0,8.0,21.0,6.0,0.0,0,1641.39
1297,2019-12-08,2019-20,Leicester,Aston Villa,0,4.0,1.0,23.0,15.0,8.0,2.0,5.0,15.0,2.0,0.0,3,1822.53
1298,2019-12-08,2019-20,Brighton,Wolves,1,2.0,2.0,13.0,13.0,4.0,5.0,3.0,10.0,3.0,0.0,1,1637.17
1298,2019-12-08,2019-20,Wolves,Brighton,0,2.0,2.0,13.0,13.0,5.0,4.0,4.0,7.0,0.0,0.0,1,1753.9
1299,2019-12-09,2019-20,West Ham,Arsenal,1,1.0,3.0,11.0,10.0,4.0,3.0,4.0,12.0,2.0,0.0,0,1707.99
1299,2019-12-09,2019-20,Arsenal,West Ham,0,3.0,1.0,10.0,11.0,3.0,4.0,3.0,6.0,0.0,0.0,3,1823.33
1300,2019-12-14,2019-20,Liverpool,Watford,1,2.0,0.0,16.0,8.0,6.0,2.0,6.0,8.0,2.0,0.0,3,2051.72
1300,2019-12-14,2019-20,Watford,Liverpool,0,0.0,2.0,8.0,16.0,2.0,6.0,3.0,6.0,1.0,0.0,0,1632.59
1301,2019-12-14,2019-20,Burnley,Newcastle,1,1.0,0.0,7.0,9.0,4.0,0.0,4.0,15.0,0.0,0.0,3,1689.26
1301,2019-12-14,2019-20,Newcastle,Burnley,0,0.0,1.0,9.0,7.0,0.0,4.0,3.0,12.0,2.0,0.0,0,1703.88
1302,2019-12-14,2019-20,Chelsea,Bournemouth,1,0.0,1.0,18.0,11.0,5.0,2.0,9.0,9.0,1.0,0.0,0,1873.69
1302,2019-12-14,2019-20,Bournemouth,Chelsea,0,1.0,0.0,11.0,18.0,2.0,5.0,4.0,14.0,2.0,0.0,3,1689.08
1303,2019-12-14,2019-20,Leicester,Norwich,1,1.0,1.0,18.0,10.0,5.0,3.0,12.0,11.0,0.0,0.0,1,1822.53
1303,2019-12-14,2019-20,Norwich,Leicester,0,1.0,1.0,10.0,18.0,3.0,5.0,4.0,15.0,4.0,0.0,1,1604.77
1304,2019-12-14,2019-20,Sheffield United,Aston Villa,1,2.0,0.0,7.0,8.0,3.0,0.0,3.0,10.0,2.0,0.0,3,1674.7
1304,2019-12-14,2019-20,Aston Villa,Sheffield United,0,0.0,2.0,8.0,7.0,0.0,3.0,2.0,9.0,2.0,0.0,0,1641.39
1305,2019-12-14,2019-20,Southampton,West Ham,1,0.0,1.0,11.0,11.0,2.0,4.0,5.0,9.0,1.0,0.0,0,1644.65
1305,2019-12-14,2019-20,West Ham,Southampton,0,1.0,0.0,11.0,11.0,4.0,2.0,8.0,14.0,3.0,0.0,3,1707.99
1306,2019-12-15,2019-20,Man United,Everton,1,1.0,1.0,24.0,8.0,8.0,3.0,6.0,10.0,1.0,0.0,1,1830.26
1306,2019-12-15,2019-20,Everton,Man United,0,1.0,1.0,8.0,24.0,3.0,8.0,5.0,12.0,2.0,0.0,1,1724.22
1307,2019-12-15,2019-20,Wolves,Tottenham,1,1.0,2.0,18.0,9.0,5.0,5.0,11.0,14.0,4.0,0.0,0,1765.24
1307,2019-12-15,2019-20,Tottenham,Wolves,0,2.0,1.0,9.0,18.0,5.0,5.0,2.0,10.0,4.0,0.0,3,1849.09
1308,2019-12-15,2019-20,Arsenal,Man City,1,0.0,3.0,6.0,14.0,1.0,7.0,3.0,9.0,1.0,0.0,0,1815.04
1308,2019-12-15,2019-20,Man City,Arsenal,0,3.0,0.0,14.0,6.0,7.0,1.0,3.0,24.0,4.0,0.0,3,2000.03
1309,2019-12-16,2019-20,Crystal Palace,Brighton,1,1.0,1.0,11.0,15.0,4.0,10.0,3.0,7.0,1.0,0.0,1,1750.46
1309,2019-12-16,2019-20,Brighton,Crystal Palace,0,1.0,1.0,15.0,11.0,10.0,4.0,7.0,12.0,1.0,0.0,1,1656.16
1310,2019-12-21,2019-20,Aston Villa,Southampton,1,1.0,3.0,19.0,17.0,6.0,8.0,7.0,16.0,2.0,0.0,0,1632.57
1310,2019-12-21,2019-20,Southampton,Aston Villa,0,3.0,1.0,17.0,19.0,8.0,6.0,5.0,15.0,1.0,0.0,3,1640.89
1311,2019-12-21,2019-20,Brighton,Sheffield United,1,0.0,1.0,9.0,7.0,2.0,2.0,4.0,6.0,1.0,0.0,0,1656.16
1311,2019-12-21,2019-20,Sheffield United,Brighton,0,1.0,0.0,7.0,9.0,2.0,2.0,3.0,11.0,3.0,0.0,3,1685.53
1312,2019-12-21,2019-20,Everton,Arsenal,1,0.0,0.0,9.0,6.0,0.0,2.0,5.0,10.0,2.0,0.0,1,1724.22
1312,2019-12-21,2019-20,Arsenal,Everton,0,0.0,0.0,6.0,9.0,2.0,0.0,4.0,11.0,3.0,0.0,1,1815.04
1313,2019-12-21,2019-20,Man City,Leicester,1,3.0,1.0,23.0,5.0,12.0,2.0,6.0,14.0,2.0,0.0,3,2000.03
1313,2019-12-21,2019-20,Leicester,Man City,0,1.0,3.0,5.0,23.0,2.0,12.0,1.0,9.0,2.0,0.0,0,1835.68
1314,2019-12-21,2019-20,Norwich,Wolves,1,1.0,2.0,13.0,14.0,7.0,4.0,3.0,7.0,2.0,0.0,0,1606.71
1314,2019-12-21,2019-20,Wolves,Norwich,0,2.0,1.0,14.0,13.0,4.0,7.0,11.0,14.0,4.0,0.0,3,1765.24
1315,2019-12-21,2019-20,Bournemouth,Burnley,1,0.0,1.0,3.0,2.0,0.0,1.0,4.0,13.0,2.0,0.0,0,1698.26
1315,2019-12-21,2019-20,Burnley,Bournemouth,0,1.0,0.0,2.0,3.0,1.0,0.0,5.0,21.0,4.0,0.0,3,1689.37
1316,2019-12-21,2019-20,Newcastle,Crystal Palace,1,1.0,0.0,8.0,16.0,3.0,4.0,4.0,12.0,2.0,0.0,3,1718.14
1316,2019-12-21,2019-20,Crystal Palace,Newcastle,0,0.0,1.0,16.0,8.0,4.0,3.0,5.0,11.0,0.0,0.0,0,1750.46
1317,2019-12-22,2019-20,Watford,Man United,1,2.0,0.0,11.0,17.0,3.0,8.0,3.0,16.0,3.0,0.0,3,1633.67
1317,2019-12-22,2019-20,Man United,Watford,0,0.0,2.0,17.0,11.0,8.0,3.0,5.0,11.0,1.0,0.0,0,1830.26
1318,2019-12-22,2019-20,Tottenham,Chelsea,1,0.0,2.0,5.0,13.0,1.0,3.0,3.0,9.0,4.0,1.0,0,1849.09
1318,2019-12-22,2019-20,Chelsea,Tottenham,0,2.0,0.0,13.0,5.0,3.0,1.0,5.0,11.0,3.0,0.0,3,1853.43
1319,2019-12-26,2019-20,Tottenham,Brighton,1,2.0,1.0,11.0,11.0,5.0,5.0,9.0,10.0,4.0,0.0,3,1849.09
1319,2019-12-26,2019-20,Brighton,Tottenham,0,1.0,2.0,11.0,11.0,5.0,5.0,2.0,9.0,2.0,0.0,0,1656.16
1320,2019-12-26,2019-20,Aston Villa,Norwich,1,1.0,0.0,11.0,16.0,2.0,6.0,5.0,15.0,2.0,0.0,3,1632.57
1320,2019-12-26,2019-20,Norwich,Aston Villa,0,0.0,1.0,16.0,11.0,6.0,2.0,8.0,12.0,3.0,0.0,0,1606.71
1321,2019-12-26,2019-20,Bournemouth,Arsenal,1,1.0,1.0,12.0,17.0,4.0,2.0,8.0,5.0,4.0,0.0,1,1698.26
1321,2019-12-26,2019-20,Arsenal,Bournemouth,0,1.0,1.0,17.0,12.0,2.0,4.0,3.0,13.0,4.0,0.0,1,1815.04
1322,2019-12-26,2019-20,Chelsea,Southampton,1,0.0,2.0,10.0,5.0,3.0,3.0,8.0,10.0,3.0,0.0,0,1853.43
1322,2019-12-26,2019-20,Southampton,Chelsea,0,2.0,0.0,5.0,10.0,3.0,3.0,1.0,9.0,2.0,0.0,3,1640.89
1323,2019-12-26,2019-20,Crystal Palace,West Ham,1,2.0,1.0,13.0,10.0,4.0,2.0,7.0,5.0,0.0,0.0,3,1750.46
1323,2019-12-26,2019-20,West Ham,Crystal Palace,0,1.0,2.0,10.0,13.0,2.0,4.0,6.0,10.0,2.0,0.0,0,1702.98
1324,2019-12-26,2019-20,Everton,Burnley,1,1.0,0.0,21.0,6.0,5.0,0.0,10.0,15.0,0.0,0.0,3,1724.22
1324,2019-12-26,2019-20,Burnley,Everton,0,0.0,1.0,6.0,21.0,0.0,5.0,2.0,14.0,0.0,0.0,0,1689.37
1325,2019-12-26,2019-20,Sheffield United,Watford,1,1.0,1.0,16.0,5.0,4.0,2.0,9.0,11.0,1.0,0.0,1,1685.53
1325,2019-12-26,2019-20,Watford,Sheffield United,0,1.0,1.0,5.0,16.0,2.0,4.0,1.0,8.0,3.0,0.0,1,1633.67
1326,2019-12-26,2019-20,Man United,Newcastle,1,4.0,1.0,22.0,7.0,10.0,2.0,5.0,10.0,2.0,0.0,3,1830.26
1326,2019-12-26,2019-20,Newcastle,Man United,0,1.0,4.0,7.0,22.0,2.0,10.0,0.0,7.0,2.0,0.0,0,1718.14
1327,2019-12-26,2019-20,Leicester,Liverpool,1,0.0,4.0,3.0,15.0,0.0,6.0,2.0,5.0,1.0,0.0,0,1835.68
1327,2019-12-26,2019-20,Liverpool,Leicester,0,4.0,0.0,15.0,3.0,6.0,0.0,8.0,7.0,1.0,0.0,3,2066.76
1328,2019-12-27,2019-20,Wolves,Man City,1,3.0,2.0,20.0,7.0,8.0,3.0,3.0,7.0,0.0,0.0,3,1765.24
1328,2019-12-27,2019-20,Man City,Wolves,0,2.0,3.0,7.0,20.0,3.0,8.0,1.0,13.0,1.0,1.0,0,2000.03
1329,2019-12-28,2019-20,Watford,Aston Villa,1,3.0,0.0,20.0,11.0,6.0,2.0,6.0,16.0,3.0,1.0,3,1633.67
1329,2019-12-28,2019-20,Aston Villa,Watford,0,0.0,3.0,11.0,20.0,2.0,6.0,3.0,9.0,1.0,0.0,0,1632.57
1330,2019-12-28,2019-20,Newcastle,Everton,1,1.0,2.0,20.0,22.0,5.0,9.0,5.0,13.0,2.0,0.0,0,1718.14
1330,2019-12-28,2019-20,Everton,Newcastle,0,2.0,1.0,22.0,20.0,9.0,5.0,8.0,13.0,2.0,0.0,3,1724.22
1331,2019-12-28,2019-20,Southampton,Crystal Palace,1,1.0,1.0,14.0,5.0,5.0,2.0,12.0,13.0,1.0,0.0,1,1640.89
1331,2019-12-28,2019-20,Crystal Palace,Southampton,0,1.0,1.0,5.0,14.0,2.0,5.0,4.0,7.0,2.0,0.0,1,1750.46
1332,2019-12-28,2019-20,Burnley,Man United,1,0.0,2.0,8.0,14.0,1.0,5.0,5.0,17.0,4.0,0.0,0,1689.37
1332,2019-12-28,2019-20,Man United,Burnley,0,2.0,0.0,14.0,8.0,5.0,1.0,4.0,10.0,3.0,0.0,3,1830.26
1333,2019-12-28,2019-20,Norwich,Tottenham,1,2.0,2.0,5.0,15.0,2.0,7.0,4.0,12.0,3.0,0.0,1,1606.71
1333,2019-12-28,2019-20,Tottenham,Norwich,0,2.0,2.0,15.0,5.0,7.0,2.0,6.0,10.0,3.0,0.0,1,1849.09
1334,2019-12-28,2019-20,West Ham,Leicester,1,1.0,2.0,14.0,13.0,4.0,8.0,5.0,16.0,4.0,0.0,0,1702.98
1334,2019-12-28,2019-20,Leicester,West Ham,0,2.0,1.0,13.0,14.0,8.0,4.0,5.0,4.0,1.0,0.0,3,1835.68
1335,2019-12-28,2019-20,Brighton,Bournemouth,1,2.0,0.0,16.0,10.0,6.0,2.0,9.0,8.0,0.0,0.0,3,1656.16
1335,2019-12-28,2019-20,Bournemouth,Brighton,0,0.0,2.0,10.0,16.0,2.0,6.0,2.0,11.0,2.0,0.0,0,1698.26
1336,2019-12-29,2019-20,Arsenal,Chelsea,1,1.0,2.0,7.0,13.0,2.0,4.0,2.0,13.0,5.0,0.0,0,1815.04
1336,2019-12-29,2019-20,Chelsea,Arsenal,0,2.0,1.0,13.0,7.0,4.0,2.0,3.0,19.0,4.0,0.0,3,1853.43
1337,2019-12-29,2019-20,Liverpool,Wolves,1,1.0,0.0,10.0,10.0,3.0,2.0,5.0,7.0,1.0,0.0,3,2066.76
1337,2019-12-29,2019-20,Wolves,Liverpool,0,0.0,1.0,10.0,10.0,2.0,3.0,6.0,3.0,0.0,0.0,0,1765.24
1338,2019-12-29,2019-20,Man City,Sheffield United,1,2.0,0.0,16.0,8.0,4.0,0.0,8.0,5.0,1.0,0.0,3,2000.03
1338,2019-12-29,2019-20,Sheffield United,Man City,0,0.0,2.0,8.0,16.0,0.0,4.0,5.0,6.0,1.0,0.0,0,1685.53
1339,2020-01-01,2019-20,Southampton,Tottenham,1,1.0,0.0,12.0,11.0,3.0,5.0,6.0,21.0,3.0,0.0,3,1674.35
1339,2020-01-01,2019-20,Tottenham,Southampton,0,0.0,1.0,11.0,12.0,5.0,3.0,9.0,8.0,4.0,0.0,0,1840.87
1340,2020-01-01,2019-20,Brighton,Chelsea,1,1.0,1.0,16.0,16.0,5.0,5.0,5.0,8.0,2.0,0.0,1,1659.32
1340,2020-01-01,2019-20,Chelsea,Brighton,0,1.0,1.0,16.0,16.0,5.0,5.0,3.0,15.0,3.0,0.0,1,1855.04
1341,2020-01-01,2019-20,Burnley,Aston Villa,1,1.0,2.0,20.0,11.0,1.0,6.0,8.0,12.0,1.0,0.0,0,1683.98
1341,2020-01-01,2019-20,Aston Villa,Burnley,0,2.0,1.0,11.0,20.0,6.0,1.0,4.0,10.0,1.0,0.0,3,1615.34
1342,2020-01-01,2019-20,Newcastle,Leicester,1,0.0,3.0,5.0,17.0,2.0,10.0,4.0,8.0,1.0,0.0,0,1708.02
1342,2020-01-01,2019-20,Leicester,Newcastle,0,3.0,0.0,17.0,5.0,10.0,2.0,5.0,12.0,1.0,0.0,3,1830.2
1343,2020-01-01,2019-20,Watford,Wolves,1,2.0,1.0,9.0,16.0,3.0,4.0,4.0,12.0,3.0,1.0,3,1662.98
1343,2020-01-01,2019-20,Wolves,Watford,0,1.0,2.0,16.0,9.0,4.0,3.0,7.0,6.0,1.0,0.0,0,1774.71
1344,2020-01-01,2019-20,Norwich,Crystal Palace,1,1.0,1.0,15.0,12.0,4.0,3.0,2.0,12.0,5.0,0.0,1,1600.27
1344,2020-01-01,2019-20,Crystal Palace,Norwich,0,1.0,1.0,12.0,15.0,3.0,4.0,5.0,9.0,0.0,0.0,1,1744.37
1345,2020-01-01,2019-20,West Ham,Bournemouth,1,4.0,0.0,14.0,3.0,7.0,2.0,9.0,3.0,1.0,0.0,3,1691.03
1345,2020-01-01,2019-20,Bournemouth,West Ham,0,0.0,4.0,3.0,14.0,2.0,7.0,2.0,12.0,2.0,0.0,0,1679.68
1346,2020-01-01,2019-20,Arsenal,Man United,1,2.0,0.0,10.0,10.0,4.0,4.0,1.0,11.0,2.0,0.0,3,1796.17
1346,2020-01-01,2019-20,Man United,Arsenal,0,0.0,2.0,10.0,10.0,4.0,4.0,4.0,15.0,0.0,0.0,0,1826.83
1347,2020-01-01,2019-20,Man City,Everton,1,2.0,1.0,16.0,7.0,7.0,2.0,3.0,11.0,0.0,0.0,3,2001.57
1347,2020-01-01,2019-20,Everton,Man City,0,1.0,2.0,7.0,16.0,2.0,7.0,6.0,11.0,4.0,0.0,0,1744.27
1348,2020-01-02,2019-20,Liverpool,Sheffield United,1,2.0,0.0,19.0,3.0,7.0,2.0,8.0,5.0,0.0,0.0,3,2075.85
1348,2020-01-02,2019-20,Sheffield United,Liverpool,0,0.0,2.0,3.0,19.0,2.0,7.0,4.0,8.0,0.0,0.0,0,1689.63
1349,2020-01-10,2019-20,Sheffield United,West Ham,1,1.0,0.0,13.0,7.0,3.0,2.0,7.0,11.0,1.0,0.0,3,1689.63
1349,2020-01-10,2019-20,West Ham,Sheffield United,0,0.0,1.0,7.0,13.0,2.0,3.0,3.0,6.0,0.0,0.0,0,1691.03
1350,2020-01-11,2019-20,Crystal Palace,Arsenal,1,1.0,1.0,6.0,7.0,3.0,4.0,1.0,14.0,2.0,0.0,1,1744.37
1350,2020-01-11,2019-20,Arsenal,Crystal Palace,0,1.0,1.0,7.0,6.0,4.0,3.0,4.0,22.0,3.0,1.0,1,1796.17
1351,2020-01-11,2019-20,Chelsea,Burnley,1,3.0,0.0,18.0,7.0,8.0,2.0,10.0,7.0,0.0,0.0,3,1855.04
1351,2020-01-11,2019-20,Burnley,Chelsea,0,0.0,3.0,7.0,18.0,2.0,8.0,3.0,4.0,3.0,0.0,0,1683.98
1352,2020-01-11,2019-20,Everton,Brighton,1,1.0,0.0,14.0,9.0,6.0,2.0,4.0,7.0,2.0,0.0,3,1744.27
1352,2020-01-11,2019-20,Brighton,Everton,0,0.0,1.0,9.0,14.0,2.0,6.0,3.0,7.0,1.0,0.0,0,1659.32
1353,2020-01-11,2019-20,Leicester,Southampton,1,1.0,2.0,5.0,16.0,5.0,10.0,2.0,9.0,0.0,0.0,0,1830.2
1353,2020-01-11,2019-20,Southampton,Leicester,0,2.0,1.0,16.0,5.0,10.0,5.0,4.0,17.0,3.0,0.0,3,1674.35
1354,2020-01-11,2019-20,Man United,Norwich,1,4.0,0.0,13.0,8.0,6.0,3.0,4.0,18.0,0.0,0.0,3,1826.83
1354,2020-01-11,2019-20,Norwich,Man United,0,0.0,4.0,8.0,13.0,3.0,6.0,2.0,7.0,0.0,0.0,0,1600.27
1355,2020-01-11,2019-20,Wolves,Newcastle,1,1.0,1.0,9.0,5.0,4.0,1.0,5.0,13.0,0.0,0.0,1,1774.71
1355,2020-01-11,2019-20,Newcastle,Wolves,0,1.0,1.0,5.0,9.0,1.0,4.0,2.0,12.0,3.0,0.0,1,1708.02
1356,2020-01-11,2019-20,Tottenham,Liverpool,1,0.0,1.0,14.0,13.0,4.0,7.0,4.0,4.0,0.0,0.0,0,1840.87
1356,2020-01-11,2019-20,Liverpool,Tottenham,0,1.0,0.0,13.0,14.0,7.0,4.0,3.0,8.0,2.0,0.0,3,2075.85
1357,2020-01-12,2019-20,Bournemouth,Watford,1,0.0,3.0,10.0,18.0,1.0,6.0,5.0,3.0,1.0,0.0,0,1679.68
1357,2020-01-12,2019-20,Watford,Bournemouth,0,3.0,0.0,18.0,10.0,6.0,1.0,5.0,13.0,1.0,0.0,3,1662.98
1358,2020-01-12,2019-20,Aston Villa,Man City,1,1.0,6.0,7.0,22.0,1.0,12.0,2.0,5.0,2.0,0.0,0,1615.34
1358,2020-01-12,2019-20,Man City,Aston Villa,0,6.0,1.0,22.0,7.0,12.0,1.0,4.0,12.0,1.0,0.0,3,2001.57
1359,2020-01-18,2019-20,Watford,Tottenham,1,0.0,0.0,15.0,17.0,2.0,5.0,3.0,13.0,2.0,0.0,1,1688.64
1359,2020-01-18,2019-20,Tottenham,Watford,0,0.0,0.0,17.0,15.0,5.0,2.0,3.0,13.0,3.0,0.0,1,1826.59
1360,2020-01-18,2019-20,Arsenal,Sheffield United,1,1.0,1.0,11.0,12.0,4.0,4.0,4.0,9.0,1.0,0.0,1,1806.23
1360,2020-01-18,2019-20,Sheffield United,Arsenal,0,1.0,1.0,12.0,11.0,4.0,4.0,5.0,13.0,2.0,0.0,1,1695.27
1361,2020-01-18,2019-20,Brighton,Aston Villa,1,1.0,1.0,10.0,8.0,2.0,3.0,3.0,11.0,3.0,0.0,1,1658.28
1361,2020-01-18,2019-20,Aston Villa,Brighton,0,1.0,1.0,8.0,10.0,3.0,2.0,4.0,13.0,3.0,0.0,1,1622.75
1362,2020-01-18,2019-20,Man City,Crystal Palace,1,2.0,2.0,25.0,5.0,6.0,3.0,14.0,9.0,1.0,0.0,1,2007.32
1362,2020-01-18,2019-20,Crystal Palace,Man City,0,2.0,2.0,5.0,25.0,3.0,6.0,2.0,7.0,2.0,0.0,1,1742.14
1363,2020-01-18,2019-20,Norwich,Bournemouth,1,1.0,0.0,16.0,6.0,5.0,3.0,4.0,10.0,2.0,1.0,3,1597.93
1363,2020-01-18,2019-20,Bournemouth,Norwich,0,0.0,1.0,6.0,16.0,3.0,5.0,5.0,10.0,2.0,1.0,0,1651.19
1364,2020-01-18,2019-20,Southampton,Wolves,1,2.0,3.0,11.0,8.0,5.0,4.0,1.0,13.0,2.0,0.0,0,1698.04
1364,2020-01-18,2019-20,Wolves,Southampton,0,3.0,2.0,8.0,11.0,4.0,5.0,3.0,12.0,1.0,0.0,3,1761.72
1365,2020-01-18,2019-20,West Ham,Everton,1,1.0,1.0,12.0,11.0,6.0,3.0,7.0,11.0,1.0,0.0,1,1696.43
1365,2020-01-18,2019-20,Everton,West Ham,0,1.0,1.0,11.0,12.0,3.0,6.0,6.0,13.0,0.0,0.0,1,1747.21
1366,2020-01-18,2019-20,Newcastle,Chelsea,1,1.0,0.0,7.0,19.0,2.0,4.0,1.0,9.0,1.0,0.0,3,1700.29
1366,2020-01-18,2019-20,Chelsea,Newcastle,0,0.0,1.0,19.0,7.0,4.0,2.0,10.0,14.0,1.0,0.0,0,1856.31
1367,2020-01-19,2019-20,Burnley,Leicester,1,2.0,1.0,8.0,18.0,5.0,8.0,4.0,14.0,1.0,0.0,3,1667.65
1367,2020-01-19,2019-20,Leicester,Burnley,0,1.0,2.0,18.0,8.0,8.0,5.0,5.0,8.0,0.0,0.0,0,1828.4
1368,2020-01-19,2019-20,Liverpool,Man United,1,2.0,0.0,16.0,9.0,5.0,4.0,11.0,7.0,1.0,0.0,3,2080.73
1368,2020-01-19,2019-20,Man United,Liverpool,0,0.0,2.0,9.0,16.0,4.0,5.0,5.0,10.0,3.0,0.0,0,1821.34
1369,2020-01-21,2019-20,Aston Villa,Watford,1,2.0,1.0,16.0,8.0,5.0,2.0,6.0,11.0,2.0,0.0,3,1622.75
1369,2020-01-21,2019-20,Watford,Aston Villa,0,1.0,2.0,8.0,16.0,2.0,5.0,3.0,18.0,2.0,0.0,0,1688.64
1370,2020-01-21,2019-20,Crystal Palace,Southampton,1,0.0,2.0,6.0,15.0,0.0,6.0,0.0,12.0,1.0,0.0,0,1742.14
1370,2020-01-21,2019-20,Southampton,Crystal Palace,0,2.0,0.0,15.0,6.0,6.0,0.0,8.0,13.0,2.0,0.0,3,1698.04
1371,2020-01-21,2019-20,Bournemouth,Brighton,1,3.0,1.0,11.0,21.0,3.0,8.0,5.0,9.0,1.0,0.0,3,1651.19
1371,2020-01-21,2019-20,Brighton,Bournemouth,0,1.0,3.0,21.0,11.0,8.0,3.0,8.0,12.0,1.0,0.0,0,1658.28
1372,2020-01-21,2019-20,Chelsea,Arsenal,1,2.0,2.0,19.0,2.0,8.0,2.0,17.0,11.0,2.0,0.0,1,1856.31
1372,2020-01-21,2019-20,Arsenal,Chelsea,0,2.0,2.0,2.0,19.0,2.0,8.0,5.0,6.0,1.0,1.0,1,1806.23
1373,2020-01-21,2019-20,Sheffield United,Man City,1,0.0,1.0,4.0,18.0,1.0,5.0,5.0,13.0,4.0,0.0,0,1695.27
1373,2020-01-21,2019-20,Man City,Sheffield United,0,1.0,0.0,18.0,4.0,5.0,1.0,13.0,13.0,3.0,0.0,3,2007.32
1374,2020-01-21,2019-20,Everton,Newcastle,1,2.0,2.0,17.0,8.0,8.0,2.0,6.0,13.0,1.0,0.0,1,1747.21
1374,2020-01-21,2019-20,Newcastle,Everton,0,2.0,2.0,8.0,17.0,2.0,8.0,4.0,10.0,1.0,0.0,1,1700.29
1375,2020-01-22,2019-20,Leicester,West Ham,1,4.0,1.0,19.0,6.0,8.0,2.0,7.0,10.0,1.0,0.0,3,1828.4
1375,2020-01-22,2019-20,West Ham,Leicester,0,1.0,4.0,6.0,19.0,2.0,8.0,8.0,19.0,1.0,0.0,0,1696.43
1376,2020-01-22,2019-20,Tottenham,Norwich,1,2.0,1.0,14.0,12.0,3.0,2.0,7.0,12.0,0.0,0.0,3,1826.59
1376,2020-01-22,2019-20,Norwich,Tottenham,0,1.0,2.0,12.0,14.0,2.0,3.0,3.0,7.0,1.0,0.0,0,1597.93
1377,2020-01-22,2019-20,Man United,Burnley,1,0.0,2.0,24.0,5.0,7.0,2.0,5.0,11.0,0.0,0.0,0,1821.34
1377,2020-01-22,2019-20,Burnley,Man United,0,2.0,0.0,5.0,24.0,2.0,7.0,2.0,7.0,2.0,0.0,3,1667.65
1378,2020-01-23,2019-20,Wolves,Liverpool,1,1.0,2.0,10.0,13.0,3.0,6.0,2.0,6.0,0.0,0.0,0,1761.72
1378,2020-01-23,2019-20,Liverpool,Wolves,0,2.0,1.0,13.0,10.0,6.0,3.0,4.0,11.0,1.0,0.0,3,2080.73
1379,2020-01-29,2019-20,West Ham,Liverpool,1,0.0,2.0,7.0,13.0,4.0,5.0,3.0,6.0,2.0,0.0,0,1696.43
1379,2020-01-29,2019-20,Liverpool,West Ham,0,2.0,0.0,13.0,7.0,5.0,4.0,7.0,6.0,0.0,0.0,3,2080.73
1380,2020-02-01,2019-20,Leicester,Chelsea,1,2.0,2.0,14.0,7.0,4.0,3.0,4.0,16.0,2.0,0.0,1,1824.44
1380,2020-02-01,2019-20,Chelsea,Leicester,0,2.0,2.0,7.0,14.0,3.0,4.0,6.0,14.0,2.0,0.0,1,1842.85
1381,2020-02-01,2019-20,Bournemouth,Aston Villa,1,2.0,1.0,16.0,18.0,6.0,5.0,1.0,10.0,1.0,1.0,3,1653.1
1381,2020-02-01,2019-20,Aston Villa,Bournemouth,0,1.0,2.0,18.0,16.0,5.0,6.0,8.0,15.0,3.0,0.0,0,1633.55
1382,2020-02-01,2019-20,Crystal Palace,Sheffield United,1,0.0,1.0,13.0,10.0,3.0,3.0,9.0,9.0,3.0,0.0,0,1733.72
1382,2020-02-01,2019-20,Sheffield United,Crystal Palace,0,1.0,0.0,10.0,13.0,3.0,3.0,5.0,15.0,2.0,0.0,3,1696.93
1383,2020-02-01,2019-20,Liverpool,Southampton,1,4.0,0.0,16.0,17.0,9.0,4.0,6.0,9.0,0.0,0.0,3,2088.26
1383,2020-02-01,2019-20,Southampton,Liverpool,0,0.0,4.0,17.0,16.0,4.0,9.0,11.0,15.0,2.0,0.0,0,1706.0
1384,2020-02-01,2019-20,Newcastle,Norwich,1,0.0,0.0,15.0,19.0,5.0,4.0,8.0,10.0,2.0,0.0,1,1713.55
1384,2020-02-01,2019-20,Norwich,Newcastle,0,0.0,0.0,19.0,15.0,4.0,5.0,12.0,15.0,1.0,0.0,1,1603.52
1385,2020-02-01,2019-20,Watford,Everton,1,2.0,3.0,11.0,12.0,2.0,5.0,4.0,17.0,2.0,0.0,0,1682.74
1385,2020-02-01,2019-20,Everton,Watford,0,3.0,2.0,12.0,11.0,5.0,2.0,4.0,14.0,2.0,1.0,3,1744.72
1386,2020-02-01,2019-20,West Ham,Brighton,1,3.0,3.0,12.0,19.0,6.0,6.0,4.0,8.0,1.0,0.0,1,1687.38
1386,2020-02-01,2019-20,Brighton,West Ham,0,3.0,3.0,19.0,12.0,6.0,6.0,6.0,9.0,1.0,0.0,1,1645.94
1387,2020-02-01,2019-20,Man United,Wolves,1,0.0,0.0,15.0,14.0,5.0,3.0,4.0,14.0,3.0,0.0,1,1800.49
1387,2020-02-01,2019-20,Wolves,Man United,0,0.0,0.0,14.0,15.0,3.0,5.0,6.0,15.0,2.0,0.0,1,1766.86
1388,2020-02-02,2019-20,Burnley,Arsenal,1,0.0,0.0,15.0,13.0,2.0,2.0,5.0,8.0,1.0,0.0,1,1696.46
1388,2020-02-02,2019-20,Arsenal,Burnley,0,0.0,0.0,13.0,15.0,2.0,2.0,7.0,11.0,3.0,0.0,1,1804.59
1389,2020-02-02,2019-20,Tottenham,Man City,1,2.0,0.0,3.0,18.0,3.0,5.0,2.0,8.0,2.0,0.0,3,1826.54
1389,2020-02-02,2019-20,Man City,Tottenham,0,0.0,2.0,18.0,3.0,5.0,3.0,6.0,14.0,3.0,1.0,0,2002.82
1390,2020-02-08,2019-20,Everton,Crystal Palace,1,3.0,1.0,14.0,10.0,8.0,2.0,4.0,11.0,0.0,0.0,3,1744.72
1390,2020-02-08,2019-20,Crystal Palace,Everton,0,1.0,3.0,10.0,14.0,2.0,8.0,6.0,12.0,1.0,0.0,0,1733.72
1391,2020-02-08,2019-20,Brighton,Watford,1,1.0,1.0,10.0,5.0,2.0,2.0,3.0,9.0,2.0,0.0,1,1645.94
1391,2020-02-08,2019-20,Watford,Brighton,0,1.0,1.0,5.0,10.0,2.0,2.0,2.0,12.0,2.0,0.0,1,1682.74
1392,2020-02-09,2019-20,Sheffield United,Bournemouth,1,2.0,1.0,16.0,10.0,6.0,2.0,8.0,10.0,2.0,0.0,3,1696.93
1392,2020-02-09,2019-20,Bournemouth,Sheffield United,0,1.0,2.0,10.0,16.0,2.0,6.0,4.0,8.0,2.0,0.0,0,1653.1
1393,2020-02-14,2019-20,Wolves,Leicester,1,0.0,0.0,15.0,9.0,3.0,3.0,7.0,13.0,2.0,0.0,1,1766.86
1393,2020-02-14,2019-20,Leicester,Wolves,0,0.0,0.0,9.0,15.0,3.0,3.0,0.0,10.0,2.0,1.0,1,1824.44
1394,2020-02-15,2019-20,Southampton,Burnley,1,1.0,2.0,10.0,9.0,2.0,6.0,4.0,8.0,2.0,0.0,0,1704.13
1394,2020-02-15,2019-20,Burnley,Southampton,0,2.0,1.0,9.0,10.0,6.0,2.0,3.0,11.0,2.0,0.0,3,1698.07
1395,2020-02-15,2019-20,Norwich,Liverpool,1,0.0,1.0,5.0,17.0,1.0,6.0,2.0,5.0,1.0,0.0,0,1607.93
1395,2020-02-15,2019-20,Liverpool,Norwich,0,1.0,0.0,17.0,5.0,6.0,1.0,7.0,11.0,2.0,0.0,3,2090.14
1396,2020-02-16,2019-20,Aston Villa,Tottenham,1,2.0,3.0,18.0,23.0,4.0,10.0,12.0,12.0,2.0,0.0,0,1627.55
1396,2020-02-16,2019-20,Tottenham,Aston Villa,0,3.0,2.0,23.0,18.0,10.0,4.0,7.0,10.0,0.0,0.0,3,1842.44
1397,2020-02-16,2019-20,Arsenal,Newcastle,1,4.0,0.0,15.0,10.0,7.0,2.0,5.0,15.0,2.0,0.0,3,1802.98
1397,2020-02-16,2019-20,Newcastle,Arsenal,0,0.0,4.0,10.0,15.0,2.0,7.0,6.0,9.0,0.0,0.0,0,1709.13
1398,2020-02-17,2019-20,Chelsea,Man United,1,0.0,2.0,17.0,9.0,1.0,3.0,9.0,11.0,4.0,0.0,0,1843.89
1398,2020-02-17,2019-20,Man United,Chelsea,0,2.0,0.0,9.0,17.0,3.0,1.0,8.0,11.0,3.0,0.0,3,1798.0
1399,2020-02-19,2019-20,Man City,West Ham,1,2.0,0.0,20.0,3.0,7.0,0.0,6.0,5.0,0.0,0.0,3,1986.93
1399,2020-02-19,2019-20,West Ham,Man City,0,0.0,2.0,3.0,20.0,0.0,7.0,1.0,7.0,1.0,0.0,0,1684.68
1400,2020-02-22,2019-20,Chelsea,Tottenham,1,2.0,1.0,17.0,5.0,7.0,3.0,3.0,14.0,1.0,0.0,3,1843.89
1400,2020-02-22,2019-20,Tottenham,Chelsea,0,1.0,2.0,5.0,17.0,3.0,7.0,5.0,14.0,2.0,0.0,0,1842.44
1401,2020-02-22,2019-20,Crystal Palace,Newcastle,1,1.0,0.0,18.0,8.0,9.0,2.0,7.0,15.0,2.0,0.0,3,1714.66
1401,2020-02-22,2019-20,Newcastle,Crystal Palace,0,0.0,1.0,8.0,18.0,2.0,9.0,5.0,11.0,6.0,1.0,0,1709.13
1402,2020-02-22,2019-20,Burnley,Bournemouth,1,3.0,0.0,16.0,12.0,10.0,4.0,7.0,9.0,4.0,0.0,3,1698.07
1402,2020-02-22,2019-20,Bournemouth,Burnley,0,0.0,3.0,12.0,16.0,4.0,10.0,3.0,9.0,3.0,0.0,0,1653.54
1403,2020-02-22,2019-20,Leicester,Man City,1,0.0,1.0,10.0,18.0,3.0,7.0,3.0,14.0,0.0,0.0,0,1823.29
1403,2020-02-22,2019-20,Man City,Leicester,0,1.0,0.0,18.0,10.0,7.0,3.0,7.0,10.0,0.0,0.0,3,1986.93
1404,2020-02-22,2019-20,Southampton,Aston Villa,1,2.0,0.0,28.0,4.0,9.0,1.0,9.0,13.0,1.0,0.0,3,1704.13
1404,2020-02-22,2019-20,Aston Villa,Southampton,0,0.0,2.0,4.0,28.0,1.0,9.0,6.0,17.0,4.0,0.0,0,1627.55
1405,2020-02-22,2019-20,Sheffield United,Brighton,1,1.0,1.0,14.0,8.0,3.0,2.0,12.0,3.0,0.0,0.0,1,1713.08
1405,2020-02-22,2019-20,Brighton,Sheffield United,0,1.0,1.0,8.0,14.0,2.0,3.0,2.0,6.0,2.0,0.0,1,1647.91
1406,2020-02-23,2019-20,Man United,Watford,1,3.0,0.0,21.0,7.0,9.0,2.0,3.0,6.0,0.0,0.0,3,1798.0
1406,2020-02-23,2019-20,Watford,Man United,0,0.0,3.0,7.0,21.0,2.0,9.0,5.0,15.0,1.0,0.0,0,1675.69
1407,2020-02-23,2019-20,Wolves,Norwich,1,3.0,0.0,19.0,6.0,6.0,4.0,4.0,11.0,2.0,0.0,3,1769.46
1407,2020-02-23,2019-20,Norwich,Wolves,0,0.0,3.0,6.0,19.0,4.0,6.0,1.0,6.0,3.0,0.0,0,1607.93
1408,2020-02-23,2019-20,Arsenal,Everton,1,3.0,2.0,9.0,17.0,4.0,5.0,6.0,12.0,0.0,0.0,3,1802.98
1408,2020-02-23,2019-20,Everton,Arsenal,0,2.0,3.0,17.0,9.0,5.0,4.0,3.0,12.0,4.0,0.0,0,1760.98
1409,2020-02-24,2019-20,Liverpool,West Ham,1,3.0,2.0,25.0,7.0,7.0,4.0,16.0,4.0,0.0,0.0,3,2090.14
1409,2020-02-24,2019-20,West Ham,Liverpool,0,2.0,3.0,7.0,25.0,4.0,7.0,8.0,10.0,3.0,0.0,0,1684.68
1410,2020-02-28,2019-20,Norwich,Leicester,1,1.0,0.0,11.0,19.0,6.0,4.0,6.0,13.0,1.0,0.0,3,1607.93
1410,2020-02-28,2019-20,Leicester,Norwich,0,0.0,1.0,19.0,11.0,4.0,6.0,7.0,16.0,2.0,0.0,0,1823.29
1411,2020-02-29,2019-20,Brighton,Crystal Palace,1,0.0,1.0,24.0,12.0,8.0,3.0,8.0,8.0,1.0,0.0,0,1647.91
1411,2020-02-29,2019-20,Crystal Palace,Brighton,0,1.0,0.0,12.0,24.0,3.0,8.0,7.0,9.0,1.0,0.0,3,1714.66
1412,2020-02-29,2019-20,Bournemouth,Chelsea,1,2.0,2.0,9.0,23.0,5.0,6.0,4.0,8.0,2.0,0.0,1,1653.54
1412,2020-02-29,2019-20,Chelsea,Bournemouth,0,2.0,2.0,23.0,9.0,6.0,5.0,14.0,5.0,2.0,0.0,1,1843.89
1413,2020-02-29,2019-20,Newcastle,Burnley,1,0.0,0.0,21.0,8.0,4.0,1.0,11.0,11.0,4.0,0.0,1,1709.13
1413,2020-02-29,2019-20,Burnley,Newcastle,0,0.0,0.0,8.0,21.0,1.0,4.0,7.0,9.0,3.0,0.0,1,1698.07
1414,2020-02-29,2019-20,West Ham,Southampton,1,3.0,1.0,14.0,10.0,7.0,2.0,4.0,8.0,1.0,0.0,3,1684.68
1414,2020-02-29,2019-20,Southampton,West Ham,0,1.0,3.0,10.0,14.0,2.0,7.0,9.0,11.0,1.0,0.0,0,1704.13
1415,2020-02-29,2019-20,Watford,Liverpool,1,3.0,0.0,14.0,7.0,5.0,1.0,3.0,4.0,0.0,0.0,3,1675.69
1415,2020-02-29,2019-20,Liverpool,Watford,0,0.0,3.0,7.0,14.0,1.0,5.0,5.0,8.0,0.0,0.0,0,2090.14
1416,2020-03-01,2019-20,Everton,Man United,1,1.0,1.0,16.0,14.0,5.0,5.0,13.0,11.0,3.0,0.0,1,1753.55
1416,2020-03-01,2019-20,Man United,Everton,0,1.0,1.0,14.0,16.0,5.0,5.0,8.0,11.0,4.0,0.0,1,1831.32
1417,2020-03-01,2019-20,Tottenham,Wolves,1,2.0,3.0,13.0,14.0,5.0,4.0,4.0,12.0,3.0,0.0,0,1828.44
1417,2020-03-01,2019-20,Wolves,Tottenham,0,3.0,2.0,14.0,13.0,4.0,5.0,5.0,14.0,2.0,0.0,3,1783.19
1418,2020-03-07,2019-20,Liverpool,Bournemouth,1,2.0,1.0,14.0,6.0,6.0,4.0,9.0,10.0,0.0,0.0,3,2054.53
1418,2020-03-07,2019-20,Bournemouth,Liverpool,0,1.0,2.0,6.0,14.0,4.0,6.0,4.0,12.0,1.0,0.0,0,1645.49
1419,2020-03-07,2019-20,Arsenal,West Ham,1,1.0,0.0,9.0,14.0,2.0,6.0,6.0,11.0,1.0,0.0,3,1804.78
1419,2020-03-07,2019-20,West Ham,Arsenal,0,0.0,1.0,14.0,9.0,6.0,2.0,7.0,9.0,2.0,0.0,0,1689.69
1420,2020-03-07,2019-20,Crystal Palace,Watford,1,1.0,0.0,10.0,10.0,3.0,4.0,8.0,12.0,4.0,0.0,3,1726.93
1420,2020-03-07,2019-20,Watford,Crystal Palace,0,0.0,1.0,10.0,10.0,4.0,3.0,8.0,19.0,4.0,0.0,0,1694.97
1421,2020-03-07,2019-20,Sheffield United,Norwich,1,1.0,0.0,10.0,12.0,4.0,5.0,10.0,12.0,0.0,0.0,3,1708.01
1421,2020-03-07,2019-20,Norwich,Sheffield United,0,0.0,1.0,12.0,10.0,5.0,4.0,5.0,8.0,0.0,0.0,0,1611.6
1422,2020-03-07,2019-20,Southampton,Newcastle,1,0.0,1.0,6.0,14.0,3.0,7.0,5.0,14.0,0.0,1.0,0,1689.84
1422,2020-03-07,2019-20,Newcastle,Southampton,0,1.0,0.0,14.0,6.0,7.0,3.0,8.0,15.0,3.0,0.0,3,1690.16
1423,2020-03-07,2019-20,Wolves,Brighton,1,0.0,0.0,11.0,7.0,1.0,1.0,2.0,4.0,1.0,0.0,1,1783.19
1423,2020-03-07,2019-20,Brighton,Wolves,0,0.0,0.0,7.0,11.0,1.0,1.0,0.0,7.0,3.0,0.0,1,1641.31
1424,2020-03-07,2019-20,Burnley,Tottenham,1,1.0,1.0,21.0,13.0,8.0,2.0,3.0,16.0,5.0,0.0,1,1715.97
1424,2020-03-07,2019-20,Tottenham,Burnley,0,1.0,1.0,13.0,21.0,2.0,8.0,5.0,11.0,4.0,0.0,1,1828.44
1425,2020-03-08,2019-20,Chelsea,Everton,1,4.0,0.0,17.0,3.0,11.0,1.0,6.0,8.0,1.0,0.0,3,1821.15
1425,2020-03-08,2019-20,Everton,Chelsea,0,0.0,4.0,3.0,17.0,1.0,11.0,1.0,10.0,2.0,0.0,0,1753.55
1426,2020-03-08,2019-20,Man United,Man City,1,2.0,0.0,12.0,7.0,6.0,2.0,2.0,11.0,2.0,0.0,3,1831.32
1426,2020-03-08,2019-20,Man City,Man United,0,0.0,2.0,7.0,12.0,2.0,6.0,11.0,9.0,4.0,0.0,0,1997.88
1427,2020-03-09,2019-20,Leicester,Aston Villa,1,4.0,0.0,15.0,4.0,7.0,1.0,9.0,15.0,2.0,0.0,3,1804.42
1427,2020-03-09,2019-20,Aston Villa,Leicester,0,0.0,4.0,4.0,15.0,1.0,7.0,0.0,12.0,1.0,0.0,0,1614.23
1428,2020-06-17,2019-20,Aston Villa,Sheffield United,1,0.0,0.0,14.0,5.0,6.0,1.0,12.0,11.0,1.0,0.0,1,1602.38
1428,2020-06-17,2019-20,Sheffield United,Aston Villa,0,0.0,0.0,5.0,14.0,1.0,6.0,4.0,14.0,1.0,0.0,1,1706.3
1429,2020-06-17,2019-20,Man City,Arsenal,1,3.0,0.0,20.0,3.0,12.0,0.0,5.0,9.0,1.0,0.0,3,1975.79
1429,2020-06-17,2019-20,Arsenal,Man City,0,0.0,3.0,3.0,20.0,0.0,12.0,2.0,7.0,1.0,1.0,0,1802.53
1430,2020-06-19,2019-20,Norwich,Southampton,1,0.0,3.0,9.0,22.0,1.0,9.0,9.0,9.0,1.0,0.0,0,1600.69
1430,2020-06-19,2019-20,Southampton,Norwich,0,3.0,0.0,22.0,9.0,9.0,1.0,7.0,15.0,1.0,0.0,3,1674.09
1431,2020-06-19,2019-20,Tottenham,Man United,1,1.0,1.0,10.0,12.0,3.0,6.0,7.0,17.0,0.0,0.0,1,1798.41
1431,2020-06-19,2019-20,Man United,Tottenham,0,1.0,1.0,12.0,10.0,6.0,3.0,6.0,18.0,1.0,0.0,1,1851.97
1432,2020-06-20,2019-20,Watford,Leicester,1,1.0,1.0,8.0,15.0,4.0,2.0,2.0,15.0,0.0,0.0,1,1682.67
1432,2020-06-20,2019-20,Leicester,Watford,0,1.0,1.0,15.0,8.0,2.0,4.0,7.0,12.0,1.0,0.0,1,1803.66
1433,2020-06-20,2019-20,Brighton,Arsenal,1,2.0,1.0,9.0,13.0,5.0,6.0,10.0,13.0,2.0,0.0,3,1640.25
1433,2020-06-20,2019-20,Arsenal,Brighton,0,1.0,2.0,13.0,9.0,6.0,5.0,7.0,8.0,1.0,0.0,0,1802.53
1434,2020-06-20,2019-20,West Ham,Wolves,1,0.0,2.0,7.0,10.0,2.0,6.0,5.0,8.0,1.0,0.0,0,1679.32
1434,2020-06-20,2019-20,Wolves,West Ham,0,2.0,0.0,10.0,7.0,6.0,2.0,7.0,7.0,1.0,0.0,3,1784.29
1435,2020-06-20,2019-20,Bournemouth,Crystal Palace,1,0.0,2.0,12.0,7.0,1.0,2.0,11.0,13.0,3.0,0.0,0,1638.36
1435,2020-06-20,2019-20,Crystal Palace,Bournemouth,0,2.0,0.0,7.0,12.0,2.0,1.0,4.0,15.0,2.0,0.0,3,1726.62
1436,2020-06-21,2019-20,Newcastle,Sheffield United,1,3.0,0.0,12.0,7.0,8.0,1.0,2.0,9.0,2.0,0.0,3,1693.3
1436,2020-06-21,2019-20,Sheffield United,Newcastle,0,0.0,3.0,7.0,12.0,1.0,8.0,4.0,10.0,0.0,1.0,0,1706.3
1437,2020-06-21,2019-20,Aston Villa,Chelsea,1,1.0,2.0,8.0,19.0,4.0,5.0,2.0,9.0,2.0,0.0,0,1602.38
1437,2020-06-21,2019-20,Chelsea,Aston Villa,0,2.0,1.0,19.0,8.0,5.0,4.0,10.0,17.0,1.0,0.0,3,1825.26
1438,2020-06-21,2019-20,Everton,Liverpool,1,0.0,0.0,9.0,10.0,3.0,3.0,1.0,15.0,2.0,0.0,1,1737.56
1438,2020-06-21,2019-20,Liverpool,Everton,0,0.0,0.0,10.0,9.0,3.0,3.0,6.0,12.0,2.0,0.0,1,2026.43
1439,2020-06-22,2019-20,Man City,Burnley,1,5.0,0.0,19.0,1.0,7.0,0.0,3.0,8.0,1.0,0.0,3,1975.79
1439,2020-06-22,2019-20,Burnley,Man City,0,0.0,5.0,1.0,19.0,0.0,7.0,1.0,7.0,1.0,0.0,0,1711.15
1440,2020-06-23,2019-20,Leicester,Brighton,1,0.0,0.0,11.0,10.0,2.0,2.0,6.0,10.0,2.0,0.0,1,1803.66
1440,2020-06-23,2019-20,Brighton,Leicester,0,0.0,0.0,10.0,11.0,2.0,2.0,7.0,13.0,2.0,0.0,1,1640.25
1441,2020-06-23,2019-20,Tottenham,West Ham,1,2.0,0.0,15.0,10.0,4.0,2.0,9.0,12.0,2.0,0.0,3,1798.41
1441,2020-06-23,2019-20,West Ham,Tottenham,0,0.0,2.0,10.0,15.0,2.0,4.0,4.0,7.0,2.0,0.0,0,1679.32
1442,2020-06-24,2019-20,Man United,Sheffield United,1,3.0,0.0,15.0,4.0,6.0,1.0,10.0,10.0,1.0,0.0,3,1851.97
1442,2020-06-24,2019-20,Sheffield United,Man United,0,0.0,3.0,4.0,15.0,1.0,6.0,5.0,6.0,0.0,0.0,0,1706.3
1443,2020-06-24,2019-20,Liverpool,Crystal Palace,1,4.0,0.0,21.0,3.0,7.0,0.0,6.0,7.0,0.0,0.0,3,2026.43
1443,2020-06-24,2019-20,Crystal Palace,Liverpool,0,0.0,4.0,3.0,21.0,0.0,7.0,0.0,5.0,0.0,0.0,0,1726.62
1444,2020-06-24,2019-20,Newcastle,Aston Villa,1,1.0,1.0,13.0,14.0,3.0,2.0,6.0,15.0,2.0,0.0,1,1693.3
1444,2020-06-24,2019-20,Aston Villa,Newcastle,0,1.0,1.0,14.0,13.0,2.0,3.0,9.0,13.0,2.0,0.0,1,1602.38
1445,2020-06-24,2019-20,Wolves,Bournemouth,1,1.0,0.0,10.0,4.0,2.0,0.0,6.0,11.0,3.0,0.0,3,1784.29
1445,2020-06-24,2019-20,Bournemouth,Wolves,0,0.0,1.0,4.0,10.0,0.0,2.0,4.0,11.0,3.0,0.0,0,1638.36
1446,2020-06-24,2019-20,Norwich,Everton,1,0.0,1.0,9.0,12.0,1.0,5.0,6.0,8.0,0.0,0.0,0,1600.69
1446,2020-06-24,2019-20,Everton,Norwich,0,1.0,0.0,12.0,9.0,5.0,1.0,5.0,13.0,1.0,0.0,3,1737.56
1447,2020-06-25,2019-20,Burnley,Watford,1,1.0,0.0,9.0,10.0,5.0,4.0,1.0,13.0,1.0,0.0,3,1711.15
1447,2020-06-25,2019-20,Watford,Burnley,0,0.0,1.0,10.0,9.0,4.0,5.0,7.0,15.0,0.0,0.0,0,1682.67
1448,2020-06-25,2019-20,Southampton,Arsenal,1,0.0,2.0,12.0,10.0,3.0,5.0,4.0,10.0,0.0,1.0,0,1674.09
1448,2020-06-25,2019-20,Arsenal,Southampton,0,2.0,0.0,10.0,12.0,5.0,3.0,6.0,14.0,2.0,0.0,3,1802.53
1449,2020-06-25,2019-20,Chelsea,Man City,1,2.0,1.0,15.0,11.0,10.0,2.0,5.0,13.0,1.0,0.0,3,1825.26
1449,2020-06-25,2019-20,Man City,Chelsea,0,1.0,2.0,11.0,15.0,2.0,10.0,7.0,3.0,1.0,1.0,0,1975.79
1450,2020-06-27,2019-20,Aston Villa,Wolves,1,0.0,1.0,11.0,9.0,1.0,2.0,2.0,16.0,1.0,0.0,0,1602.38
1450,2020-06-27,2019-20,Wolves,Aston Villa,0,1.0,0.0,9.0,11.0,2.0,1.0,2.0,16.0,1.0,0.0,3,1784.29
1451,2020-06-28,2019-20,Watford,Southampton,1,1.0,3.0,8.0,11.0,0.0,7.0,5.0,18.0,3.0,0.0,0,1682.67
1451,2020-06-28,2019-20,Southampton,Watford,0,3.0,1.0,11.0,8.0,7.0,0.0,3.0,9.0,0.0,0.0,3,1674.09
1452,2020-06-29,2019-20,Crystal Palace,Burnley,1,0.0,1.0,17.0,8.0,4.0,4.0,9.0,12.0,1.0,0.0,0,1726.62
1452,2020-06-29,2019-20,Burnley,Crystal Palace,0,1.0,0.0,8.0,17.0,4.0,4.0,1.0,13.0,1.0,0.0,3,1711.15
1453,2020-06-30,2019-20,Brighton,Man United,1,0.0,3.0,8.0,12.0,2.0,6.0,4.0,10.0,0.0,0.0,0,1640.25
1453,2020-06-30,2019-20,Man United,Brighton,0,3.0,0.0,12.0,8.0,6.0,2.0,5.0,9.0,1.0,0.0,3,1851.97
1454,2020-07-01,2019-20,Arsenal,Norwich,1,4.0,0.0,13.0,8.0,8.0,2.0,6.0,10.0,1.0,0.0,3,1796.02
1454,2020-07-01,2019-20,Norwich,Arsenal,0,0.0,4.0,8.0,13.0,2.0,8.0,2.0,10.0,4.0,0.0,0,1582.65
1455,2020-07-01,2019-20,Bournemouth,Newcastle,1,1.0,4.0,12.0,12.0,1.0,7.0,6.0,11.0,2.0,0.0,0,1625.02
1455,2020-07-01,2019-20,Newcastle,Bournemouth,0,4.0,1.0,12.0,12.0,7.0,1.0,3.0,10.0,0.0,0.0,3,1701.8
1456,2020-07-01,2019-20,Everton,Leicester,1,2.0,1.0,7.0,15.0,2.0,3.0,3.0,13.0,1.0,0.0,3,1748.86
1456,2020-07-01,2019-20,Leicester,Everton,0,1.0,2.0,15.0,7.0,3.0,2.0,5.0,10.0,1.0,0.0,0,1796.51
1457,2020-07-01,2019-20,West Ham,Chelsea,1,3.0,2.0,10.0,17.0,4.0,6.0,2.0,10.0,2.0,0.0,3,1664.46
1457,2020-07-01,2019-20,Chelsea,West Ham,0,2.0,3.0,17.0,10.0,6.0,4.0,3.0,9.0,1.0,0.0,0,1839.75
1458,2020-07-02,2019-20,Sheffield United,Tottenham,1,3.0,1.0,7.0,9.0,5.0,2.0,1.0,13.0,2.0,0.0,3,1686.15
1458,2020-07-02,2019-20,Tottenham,Sheffield United,0,1.0,3.0,9.0,7.0,2.0,5.0,6.0,13.0,0.0,0.0,0,1803.88
1459,2020-07-02,2019-20,Man City,Liverpool,1,4.0,0.0,14.0,11.0,6.0,3.0,3.0,8.0,2.0,0.0,3,1974.56
1459,2020-07-02,2019-20,Liverpool,Man City,0,0.0,4.0,11.0,14.0,3.0,6.0,3.0,7.0,2.0,0.0,0,2023.97
1460,2020-07-04,2019-20,Man United,Bournemouth,1,5.0,2.0,19.0,7.0,10.0,3.0,8.0,13.0,0.0,0.0,3,1865.59
1460,2020-07-04,2019-20,Bournemouth,Man United,0,2.0,5.0,7.0,19.0,3.0,10.0,3.0,12.0,1.0,0.0,0,1625.02
1461,2020-07-04,2019-20,Leicester,Crystal Palace,1,3.0,0.0,15.0,7.0,4.0,1.0,3.0,18.0,2.0,0.0,3,1796.51
1461,2020-07-04,2019-20,Crystal Palace,Leicester,0,0.0,3.0,7.0,15.0,1.0,4.0,7.0,8.0,1.0,0.0,0,1723.21
1462,2020-07-04,2019-20,Chelsea,Watford,1,3.0,0.0,21.0,7.0,9.0,3.0,5.0,9.0,0.0,0.0,3,1839.75
1462,2020-07-04,2019-20,Watford,Chelsea,0,0.0,3.0,7.0,21.0,3.0,9.0,3.0,12.0,2.0,0.0,0,1665.08
1463,2020-07-04,2019-20,Wolves,Arsenal,1,0.0,2.0,10.0,8.0,1.0,5.0,3.0,6.0,2.0,0.0,0,1801.53
1463,2020-07-04,2019-20,Arsenal,Wolves,0,2.0,0.0,8.0,10.0,5.0,1.0,5.0,11.0,4.0,0.0,3,1796.02
1464,2020-07-04,2019-20,Norwich,Brighton,1,0.0,1.0,12.0,8.0,1.0,2.0,0.0,11.0,2.0,0.0,0,1582.65
1464,2020-07-04,2019-20,Brighton,Norwich,0,1.0,0.0,8.0,12.0,2.0,1.0,2.0,13.0,2.0,0.0,3,1648.52
1465,2020-07-05,2019-20,Burnley,Sheffield United,1,1.0,1.0,9.0,10.0,4.0,3.0,3.0,8.0,0.0,0.0,1,1723.12
1465,2020-07-05,2019-20,Sheffield United,Burnley,0,1.0,1.0,10.0,9.0,3.0,4.0,9.0,14.0,0.0,0.0,1,1686.15
1466,2020-07-05,2019-20,Newcastle,West Ham,1,2.0,2.0,11.0,17.0,4.0,7.0,6.0,9.0,0.0,0.0,1,1701.8
1466,2020-07-05,2019-20,West Ham,Newcastle,0,2.0,2.0,17.0,11.0,7.0,4.0,4.0,11.0,0.0,0.0,1,1664.46
1467,2020-07-05,2019-20,Liverpool,Aston Villa,1,2.0,0.0,6.0,9.0,4.0,3.0,7.0,18.0,1.0,0.0,3,2023.97
1467,2020-07-05,2019-20,Aston Villa,Liverpool,0,0.0,2.0,9.0,6.0,3.0,4.0,5.0,8.0,1.0,0.0,0,1599.6
1468,2020-07-05,2019-20,Southampton,Man City,1,1.0,0.0,8.0,26.0,4.0,6.0,2.0,6.0,1.0,0.0,3,1690.72
1468,2020-07-05,2019-20,Man City,Southampton,0,0.0,1.0,26.0,8.0,6.0,4.0,13.0,7.0,2.0,0.0,0,1974.56
1469,2020-07-06,2019-20,Tottenham,Everton,1,1.0,0.0,12.0,11.0,2.0,3.0,5.0,14.0,3.0,0.0,3,1803.88
1469,2020-07-06,2019-20,Everton,Tottenham,0,0.0,1.0,11.0,12.0,3.0,2.0,6.0,18.0,2.0,0.0,0,1748.86
1470,2020-07-07,2019-20,Crystal Palace,Chelsea,1,2.0,3.0,13.0,14.0,4.0,6.0,7.0,11.0,1.0,0.0,0,1723.21
1470,2020-07-07,2019-20,Chelsea,Crystal Palace,0,3.0,2.0,14.0,13.0,6.0,4.0,9.0,10.0,0.0,0.0,3,1839.75
1471,2020-07-07,2019-20,Watford,Norwich,1,2.0,1.0,9.0,12.0,4.0,3.0,4.0,11.0,2.0,0.0,3,1665.08
1471,2020-07-07,2019-20,Norwich,Watford,0,1.0,2.0,12.0,9.0,3.0,4.0,3.0,15.0,4.0,0.0,0,1582.65
1472,2020-07-07,2019-20,Arsenal,Leicester,1,1.0,1.0,11.0,13.0,7.0,5.0,10.0,10.0,1.0,1.0,1,1796.02
1472,2020-07-07,2019-20,Leicester,Arsenal,0,1.0,1.0,13.0,11.0,5.0,7.0,1.0,14.0,0.0,0.0,1,1796.51
1473,2020-07-08,2019-20,Man City,Newcastle,1,5.0,0.0,23.0,6.0,9.0,1.0,8.0,12.0,0.0,0.0,3,1974.56
1473,2020-07-08,2019-20,Newcastle,Man City,0,0.0,5.0,6.0,23.0,1.0,9.0,1.0,7.0,0.0,0.0,0,1701.8
1474,2020-07-08,2019-20,Sheffield United,Wolves,1,1.0,0.0,7.0,6.0,3.0,1.0,6.0,5.0,2.0,0.0,3,1686.15
1474,2020-07-08,2019-20,Wolves,Sheffield United,0,0.0,1.0,6.0,7.0,1.0,3.0,1.0,6.0,0.0,0.0,0,1801.53
1475,2020-07-08,2019-20,West Ham,Burnley,1,0.0,1.0,21.0,8.0,5.0,4.0,10.0,7.0,1.0,0.0,0,1664.46
1475,2020-07-08,2019-20,Burnley,West Ham,0,1.0,0.0,8.0,21.0,4.0,5.0,3.0,7.0,1.0,0.0,3,1723.12
1476,2020-07-08,2019-20,Brighton,Liverpool,1,1.0,3.0,12.0,19.0,2.0,8.0,6.0,7.0,1.0,0.0,0,1648.52
1476,2020-07-08,2019-20,Liverpool,Brighton,0,3.0,1.0,19.0,12.0,8.0,2.0,10.0,15.0,4.0,0.0,3,2023.97
1477,2020-07-09,2019-20,Bournemouth,Tottenham,1,0.0,0.0,9.0,9.0,2.0,0.0,8.0,11.0,3.0,0.0,1,1625.02
1477,2020-07-09,2019-20,Tottenham,Bournemouth,0,0.0,0.0,9.0,9.0,0.0,2.0,12.0,14.0,2.0,0.0,1,1803.88
1478,2020-07-09,2019-20,Everton,Southampton,1,1.0,1.0,11.0,17.0,4.0,4.0,3.0,13.0,3.0,0.0,1,1748.86
1478,2020-07-09,2019-20,Southampton,Everton,0,1.0,1.0,17.0,11.0,4.0,4.0,5.0,14.0,3.0,0.0,1,1690.72
1479,2020-07-09,2019-20,Aston Villa,Man United,1,0.0,3.0,9.0,14.0,1.0,6.0,3.0,7.0,2.0,0.0,0,1599.6
1479,2020-07-09,2019-20,Man United,Aston Villa,0,3.0,0.0,14.0,9.0,6.0,1.0,5.0,13.0,3.0,0.0,3,1865.59
1480,2020-07-11,2019-20,Norwich,West Ham,1,0.0,4.0,11.0,19.0,2.0,7.0,1.0,9.0,1.0,0.0,0,1582.65
1480,2020-07-11,2019-20,West Ham,Norwich,0,4.0,0.0,19.0,11.0,7.0,2.0,6.0,8.0,0.0,0.0,3,1664.46
1481,2020-07-11,2019-20,Watford,Newcastle,1,2.0,1.0,17.0,8.0,5.0,4.0,2.0,23.0,1.0,0.0,3,1665.08
1481,2020-07-11,2019-20,Newcastle,Watford,0,1.0,2.0,8.0,17.0,4.0,5.0,4.0,15.0,4.0,0.0,0,1701.8
1482,2020-07-11,2019-20,Liverpool,Burnley,1,1.0,1.0,23.0,6.0,9.0,2.0,12.0,7.0,1.0,0.0,1,2023.97
1482,2020-07-11,2019-20,Burnley,Liverpool,0,1.0,1.0,6.0,23.0,2.0,9.0,6.0,4.0,2.0,0.0,1,1723.12
1483,2020-07-11,2019-20,Sheffield United,Chelsea,1,3.0,0.0,9.0,15.0,4.0,4.0,4.0,8.0,1.0,0.0,3,1686.15
1483,2020-07-11,2019-20,Chelsea,Sheffield United,0,0.0,3.0,15.0,9.0,4.0,4.0,6.0,6.0,0.0,0.0,0,1839.75
1484,2020-07-11,2019-20,Brighton,Man City,1,0.0,5.0,3.0,26.0,0.0,8.0,2.0,7.0,1.0,0.0,0,1648.52
1484,2020-07-11,2019-20,Man City,Brighton,0,5.0,0.0,26.0,3.0,8.0,0.0,7.0,3.0,0.0,0.0,3,1974.56
1485,2020-07-12,2019-20,Tottenham,Arsenal,1,2.0,1.0,15.0,13.0,9.0,4.0,6.0,16.0,5.0,0.0,3,1803.88
1485,2020-07-12,2019-20,Arsenal,Tottenham,0,1.0,2.0,13.0,15.0,4.0,9.0,5.0,11.0,3.0,0.0,0,1796.02
1486,2020-07-12,2019-20,Bournemouth,Leicester,1,4.0,1.0,10.0,13.0,4.0,5.0,2.0,11.0,2.0,0.0,3,1625.02
1486,2020-07-12,2019-20,Leicester,Bournemouth,0,1.0,4.0,13.0,10.0,5.0,4.0,6.0,12.0,1.0,1.0,0,1796.51
1487,2020-07-12,2019-20,Wolves,Everton,1,3.0,0.0,14.0,6.0,7.0,2.0,5.0,9.0,0.0,0.0,3,1801.53
1487,2020-07-12,2019-20,Everton,Wolves,0,0.0,3.0,6.0,14.0,2.0,7.0,2.0,9.0,2.0,0.0,0,1748.86
1488,2020-07-12,2019-20,Aston Villa,Crystal Palace,1,2.0,0.0,12.0,9.0,9.0,5.0,5.0,21.0,2.0,0.0,3,1599.6
1488,2020-07-12,2019-20,Crystal Palace,Aston Villa,0,0.0,2.0,9.0,12.0,5.0,9.0,1.0,21.0,4.0,1.0,0,1723.21
1489,2020-07-13,2019-20,Man United,Southampton,1,2.0,2.0,8.0,9.0,4.0,5.0,4.0,14.0,1.0,0.0,1,1865.59
1489,2020-07-13,2019-20,Southampton,Man United,0,2.0,2.0,9.0,8.0,5.0,4.0,6.0,15.0,3.0,0.0,1,1690.72
1490,2020-07-14,2019-20,Chelsea,Norwich,1,1.0,0.0,22.0,2.0,6.0,0.0,8.0,10.0,2.0,0.0,3,1839.75
1490,2020-07-14,2019-20,Norwich,Chelsea,0,0.0,1.0,2.0,22.0,0.0,6.0,1.0,9.0,2.0,0.0,0,1582.65
1491,2020-07-15,2019-20,Burnley,Wolves,1,1.0,1.0,9.0,14.0,1.0,5.0,3.0,10.0,0.0,0.0,1,1736.64
1491,2020-07-15,2019-20,Wolves,Burnley,0,1.0,1.0,14.0,9.0,5.0,1.0,8.0,8.0,0.0,0.0,1,1789.94
1492,2020-07-15,2019-20,Man City,Bournemouth,1,2.0,1.0,8.0,15.0,4.0,3.0,3.0,10.0,1.0,0.0,3,1986.37
1492,2020-07-15,2019-20,Bournemouth,Man City,0,1.0,2.0,15.0,8.0,3.0,4.0,5.0,10.0,1.0,0.0,0,1632.91
1493,2020-07-15,2019-20,Newcastle,Tottenham,1,1.0,3.0,22.0,8.0,6.0,5.0,5.0,6.0,2.0,0.0,0,1699.46
1493,2020-07-15,2019-20,Tottenham,Newcastle,0,3.0,1.0,8.0,22.0,5.0,6.0,4.0,13.0,3.0,0.0,3,1799.15
1494,2020-07-15,2019-20,Arsenal,Liverpool,1,2.0,1.0,3.0,24.0,2.0,8.0,2.0,14.0,3.0,0.0,3,1804.94
1494,2020-07-15,2019-20,Liverpool,Arsenal,0,1.0,2.0,24.0,3.0,8.0,2.0,13.0,10.0,1.0,0.0,0,2004.42
1495,2020-07-16,2019-20,Everton,Aston Villa,1,1.0,1.0,9.0,15.0,1.0,1.0,5.0,15.0,2.0,0.0,1,1737.68
1495,2020-07-16,2019-20,Aston Villa,Everton,0,1.0,1.0,15.0,9.0,1.0,1.0,5.0,13.0,1.0,0.0,1,1607.38
1496,2020-07-16,2019-20,Leicester,Sheffield United,1,2.0,0.0,15.0,5.0,7.0,1.0,9.0,12.0,1.0,0.0,3,1779.36
1496,2020-07-16,2019-20,Sheffield United,Leicester,0,0.0,2.0,5.0,15.0,1.0,7.0,5.0,10.0,2.0,0.0,0,1729.4
1497,2020-07-16,2019-20,Crystal Palace,Man United,1,0.0,2.0,13.0,17.0,5.0,5.0,2.0,10.0,1.0,0.0,0,1693.46
1497,2020-07-16,2019-20,Man United,Crystal Palace,0,2.0,0.0,17.0,13.0,5.0,5.0,7.0,15.0,2.0,0.0,3,1868.96
1498,2020-07-16,2019-20,Southampton,Brighton,1,1.0,1.0,21.0,10.0,6.0,2.0,8.0,6.0,1.0,0.0,1,1712.57
1498,2020-07-16,2019-20,Brighton,Southampton,0,1.0,1.0,10.0,21.0,2.0,6.0,2.0,10.0,0.0,0.0,1,1648.1
1499,2020-07-17,2019-20,West Ham,Watford,1,3.0,1.0,10.0,14.0,4.0,3.0,9.0,11.0,0.0,0.0,3,1682.96
1499,2020-07-17,2019-20,Watford,West Ham,0,1.0,3.0,14.0,10.0,3.0,4.0,3.0,11.0,2.0,0.0,0,1672.28
1500,2020-07-18,2019-20,Norwich,Burnley,1,0.0,2.0,6.0,23.0,2.0,8.0,6.0,9.0,0.0,2.0,0,1550.65
1500,2020-07-18,2019-20,Burnley,Norwich,0,2.0,0.0,23.0,6.0,8.0,2.0,8.0,16.0,0.0,0.0,3,1736.64
1501,2020-07-19,2019-20,Bournemouth,Southampton,1,0.0,2.0,11.0,16.0,3.0,8.0,12.0,12.0,2.0,0.0,0,1632.91
1501,2020-07-19,2019-20,Southampton,Bournemouth,0,2.0,0.0,16.0,11.0,8.0,3.0,6.0,11.0,2.0,0.0,3,1712.57
1502,2020-07-19,2019-20,Tottenham,Leicester,1,3.0,0.0,7.0,24.0,3.0,6.0,4.0,15.0,2.0,0.0,3,1799.15
1502,2020-07-19,2019-20,Leicester,Tottenham,0,0.0,3.0,24.0,7.0,6.0,3.0,13.0,10.0,1.0,0.0,0,1779.36
1503,2020-07-20,2019-20,Brighton,Newcastle,1,0.0,0.0,11.0,12.0,3.0,1.0,9.0,13.0,4.0,0.0,1,1648.1
1503,2020-07-20,2019-20,Newcastle,Brighton,0,0.0,0.0,12.0,11.0,1.0,3.0,7.0,12.0,2.0,0.0,1,1699.46
1504,2020-07-20,2019-20,Sheffield United,Everton,1,0.0,1.0,8.0,5.0,0.0,2.0,7.0,11.0,1.0,0.0,0,1729.4
1504,2020-07-20,2019-20,Everton,Sheffield United,0,1.0,0.0,5.0,8.0,2.0,0.0,1.0,19.0,3.0,0.0,3,1737.68
1505,2020-07-20,2019-20,Wolves,Crystal Palace,1,2.0,0.0,11.0,7.0,5.0,3.0,5.0,11.0,2.0,0.0,3,1789.94
1505,2020-07-20,2019-20,Crystal Palace,Wolves,0,0.0,2.0,7.0,11.0,3.0,5.0,2.0,15.0,1.0,0.0,0,1693.46
1506,2020-07-21,2019-20,Watford,Man City,1,0.0,4.0,2.0,26.0,0.0,10.0,0.0,14.0,2.0,0.0,0,1672.28
1506,2020-07-21,2019-20,Man City,Watford,0,4.0,0.0,26.0,2.0,10.0,0.0,8.0,11.0,0.0,0.0,3,1986.37
1507,2020-07-21,2019-20,Aston Villa,Arsenal,1,1.0,0.0,8.0,7.0,3.0,0.0,8.0,13.0,2.0,0.0,3,1607.38
1507,2020-07-21,2019-20,Arsenal,Aston Villa,0,0.0,1.0,7.0,8.0,0.0,3.0,9.0,19.0,4.0,0.0,0,1804.94
1508,2020-07-22,2019-20,Man United,West Ham,1,1.0,1.0,11.0,12.0,4.0,3.0,2.0,10.0,3.0,0.0,1,1868.96
1508,2020-07-22,2019-20,West Ham,Man United,0,1.0,1.0,12.0,11.0,3.0,4.0,3.0,9.0,1.0,0.0,1,1682.96
1509,2020-07-22,2019-20,Liverpool,Chelsea,1,5.0,3.0,10.0,10.0,7.0,5.0,6.0,8.0,1.0,0.0,3,2004.42
1509,2020-07-22,2019-20,Chelsea,Liverpool,0,3.0,5.0,10.0,10.0,5.0,7.0,0.0,11.0,0.0,0.0,0,1824.38
1510,2020-07-26,2019-20,Arsenal,Watford,1,3.0,2.0,13.0,19.0,5.0,6.0,4.0,9.0,3.0,0.0,3,1804.94
1510,2020-07-26,2019-20,Watford,Arsenal,0,2.0,3.0,19.0,13.0,6.0,5.0,8.0,12.0,3.0,0.0,0,1672.28
1511,2020-07-26,2019-20,Burnley,Brighton,1,1.0,2.0,13.0,14.0,2.0,4.0,6.0,11.0,3.0,0.0,0,1736.64
1511,2020-07-26,2019-20,Brighton,Burnley,0,2.0,1.0,14.0,13.0,4.0,2.0,7.0,11.0,0.0,0.0,3,1648.1
1512,2020-07-26,2019-20,Chelsea,Wolves,1,2.0,0.0,11.0,5.0,3.0,1.0,3.0,10.0,2.0,0.0,3,1824.38
1512,2020-07-26,2019-20,Wolves,Chelsea,0,0.0,2.0,5.0,11.0,1.0,3.0,3.0,16.0,3.0,0.0,0,1789.94
1513,2020-07-26,2019-20,Crystal Palace,Tottenham,1,1.0,1.0,13.0,7.0,2.0,2.0,7.0,11.0,3.0,0.0,1,1693.46
1513,2020-07-26,2019-20,Tottenham,Crystal Palace,0,1.0,1.0,7.0,13.0,2.0,2.0,2.0,13.0,2.0,0.0,1,1799.15
1514,2020-07-26,2019-20,Everton,Bournemouth,1,1.0,3.0,13.0,13.0,5.0,7.0,2.0,11.0,1.0,0.0,0,1737.68
1514,2020-07-26,2019-20,Bournemouth,Everton,0,3.0,1.0,13.0,13.0,7.0,5.0,5.0,9.0,0.0,0.0,3,1632.91
1515,2020-07-26,2019-20,Leicester,Man United,1,0.0,2.0,14.0,7.0,3.0,3.0,3.0,12.0,1.0,1.0,0,1779.36
1515,2020-07-26,2019-20,Man United,Leicester,0,2.0,0.0,7.0,14.0,3.0,3.0,3.0,11.0,4.0,0.0,3,1868.96
1516,2020-07-26,2019-20,Man City,Norwich,1,5.0,0.0,31.0,5.0,10.0,4.0,9.0,7.0,1.0,0.0,3,1986.37
1516,2020-07-26,2019-20,Norwich,Man City,0,0.0,5.0,5.0,31.0,4.0,10.0,0.0,4.0,1.0,0.0,0,1550.65
1517,2020-07-26,2019-20,Newcastle,Liverpool,1,1.0,3.0,3.0,14.0,2.0,6.0,2.0,11.0,1.0,0.0,0,1699.46
1517,2020-07-26,2019-20,Liverpool,Newcastle,0,3.0,1.0,14.0,3.0,6.0,2.0,4.0,5.0,0.0,0.0,3,2004.42
1518,2020-07-26,2019-20,Southampton,Sheffield United,1,3.0,1.0,13.0,5.0,4.0,3.0,9.0,9.0,0.0,0.0,3,1712.57
1518,2020-07-26,2019-20,Sheffield United,Southampton,0,1.0,3.0,5.0,13.0,3.0,4.0,1.0,16.0,1.0,0.0,0,1729.4
1519,2020-07-26,2019-20,West Ham,Aston Villa,1,1.0,1.0,10.0,13.0,1.0,4.0,0.0,16.0,2.0,0.0,1,1682.96
1519,2020-07-26,2019-20,Aston Villa,West Ham,0,1.0,1.0,13.0,10.0,4.0,1.0,7.0,13.0,1.0,0.0,1,1607.38
1520,2020-09-12,2020-21,Crystal Palace,Southampton,1,1.0,0.0,5.0,9.0,3.0,5.0,7.0,14.0,2.0,0.0,3,1673.69
1520,2020-09-12,2020-21,Southampton,Crystal Palace,0,0.0,1.0,9.0,5.0,5.0,3.0,3.0,11.0,1.0,0.0,0,1720.21
1521,2020-09-12,2020-21,Fulham,Arsenal,1,0.0,3.0,5.0,13.0,2.0,6.0,2.0,12.0,2.0,0.0,0,1591.55
1521,2020-09-12,2020-21,Arsenal,Fulham,0,3.0,0.0,13.0,5.0,6.0,2.0,3.0,12.0,2.0,0.0,3,1799.52
1522,2020-09-12,2020-21,West Ham,Newcastle,1,0.0,2.0,15.0,15.0,3.0,2.0,8.0,13.0,2.0,0.0,0,1685.76
1522,2020-09-12,2020-21,Newcastle,West Ham,0,2.0,0.0,15.0,15.0,2.0,3.0,7.0,7.0,2.0,0.0,3,1677.56
1523,2020-09-12,2020-21,Liverpool,Leeds,1,4.0,3.0,22.0,6.0,6.0,3.0,9.0,9.0,1.0,0.0,3,1991.63
1523,2020-09-12,2020-21,Leeds,Liverpool,0,3.0,4.0,6.0,22.0,3.0,6.0,0.0,6.0,0.0,0.0,0,1624.62
1524,2020-09-13,2020-21,West Brom,Leicester,1,0.0,3.0,7.0,13.0,1.0,7.0,2.0,12.0,1.0,0.0,0,1593.79
1524,2020-09-13,2020-21,Leicester,West Brom,0,3.0,0.0,13.0,7.0,7.0,1.0,5.0,9.0,1.0,0.0,3,1757.99
1525,2020-09-13,2020-21,Tottenham,Everton,1,0.0,1.0,9.0,15.0,5.0,4.0,5.0,15.0,1.0,0.0,0,1807.71
1525,2020-09-13,2020-21,Everton,Tottenham,0,1.0,0.0,15.0,9.0,4.0,5.0,3.0,7.0,0.0,0.0,3,1715.94
1526,2020-09-14,2020-21,Sheffield United,Wolves,1,0.0,2.0,9.0,11.0,2.0,4.0,12.0,13.0,2.0,0.0,0,1693.68
1526,2020-09-14,2020-21,Wolves,Sheffield United,0,2.0,0.0,11.0,9.0,4.0,2.0,5.0,7.0,1.0,0.0,3,1778.45
1527,2020-09-14,2020-21,Brighton,Chelsea,1,1.0,3.0,13.0,10.0,3.0,5.0,4.0,8.0,1.0,0.0,0,1653.63
1527,2020-09-14,2020-21,Chelsea,Brighton,0,3.0,1.0,10.0,13.0,5.0,3.0,3.0,13.0,0.0,0.0,3,1818.56
1528,2020-09-19,2020-21,Everton,West Brom,1,5.0,2.0,17.0,6.0,7.0,4.0,11.0,9.0,1.0,0.0,3,1727.31
1528,2020-09-19,2020-21,West Brom,Everton,0,2.0,5.0,6.0,17.0,4.0,7.0,1.0,11.0,0.0,1.0,0,1585.29
1529,2020-09-19,2020-21,Leeds,Fulham,1,4.0,3.0,10.0,14.0,7.0,6.0,5.0,13.0,1.0,0.0,3,1623.53
1529,2020-09-19,2020-21,Fulham,Leeds,0,3.0,4.0,14.0,10.0,6.0,7.0,3.0,18.0,2.0,0.0,0,1584.41
1530,2020-09-19,2020-21,Man United,Crystal Palace,1,1.0,3.0,13.0,14.0,4.0,5.0,9.0,13.0,2.0,0.0,0,1860.73
1530,2020-09-19,2020-21,Crystal Palace,Man United,0,3.0,1.0,14.0,13.0,5.0,4.0,3.0,10.0,1.0,0.0,3,1681.91
1531,2020-09-19,2020-21,Arsenal,West Ham,1,2.0,1.0,7.0,14.0,3.0,3.0,7.0,11.0,0.0,0.0,3,1806.66
1531,2020-09-19,2020-21,West Ham,Arsenal,0,1.0,2.0,14.0,7.0,3.0,3.0,5.0,13.0,1.0,0.0,0,1672.36
1532,2020-09-20,2020-21,Chelsea,Liverpool,1,0.0,2.0,5.0,18.0,3.0,6.0,1.0,10.0,0.0,1.0,0,1825.48
1532,2020-09-20,2020-21,Liverpool,Chelsea,0,2.0,0.0,18.0,5.0,6.0,3.0,11.0,6.0,0.0,0.0,3,1992.73
1533,2020-09-20,2020-21,Leicester,Burnley,1,4.0,2.0,14.0,16.0,6.0,5.0,15.0,11.0,1.0,0.0,3,1766.49
1533,2020-09-20,2020-21,Burnley,Leicester,0,2.0,4.0,16.0,14.0,5.0,6.0,4.0,13.0,2.0,0.0,0,1722.7
1534,2020-09-20,2020-21,Southampton,Tottenham,1,2.0,5.0,14.0,9.0,7.0,6.0,3.0,16.0,4.0,0.0,0,1711.99
1534,2020-09-20,2020-21,Tottenham,Southampton,0,5.0,2.0,9.0,14.0,6.0,7.0,2.0,18.0,3.0,0.0,3,1796.34
1535,2020-09-20,2020-21,Newcastle,Brighton,1,0.0,3.0,6.0,13.0,0.0,6.0,7.0,16.0,3.0,0.0,0,1690.96
1535,2020-09-20,2020-21,Brighton,Newcastle,0,3.0,0.0,13.0,6.0,6.0,0.0,1.0,15.0,0.0,1.0,3,1646.71
1536,2020-09-21,2020-21,Aston Villa,Sheffield United,1,1.0,0.0,18.0,4.0,2.0,1.0,10.0,12.0,3.0,0.0,3,1618.25
1536,2020-09-21,2020-21,Sheffield United,Aston Villa,0,0.0,1.0,4.0,18.0,1.0,2.0,4.0,13.0,1.0,1.0,0,1683.67
1537,2020-09-21,2020-21,Wolves,Man City,1,1.0,3.0,10.0,14.0,1.0,9.0,4.0,6.0,0.0,0.0,0,1788.46
1537,2020-09-21,2020-21,Man City,Wolves,0,3.0,1.0,14.0,10.0,9.0,1.0,6.0,8.0,3.0,0.0,3,1967.78
1538,2020-09-26,2020-21,Brighton,Man United,1,2.0,3.0,18.0,7.0,5.0,3.0,7.0,18.0,4.0,0.0,0,1646.71
1538,2020-09-26,2020-21,Man United,Brighton,0,3.0,2.0,7.0,18.0,3.0,5.0,1.0,16.0,2.0,0.0,3,1860.73
1539,2020-09-26,2020-21,Crystal Palace,Everton,1,1.0,2.0,8.0,10.0,1.0,5.0,7.0,16.0,3.0,0.0,0,1681.91
1539,2020-09-26,2020-21,Everton,Crystal Palace,0,2.0,1.0,10.0,8.0,5.0,1.0,6.0,15.0,1.0,0.0,3,1727.31
1540,2020-09-26,2020-21,West Brom,Chelsea,1,3.0,3.0,9.0,22.0,3.0,10.0,3.0,8.0,1.0,0.0,1,1585.29
1540,2020-09-26,2020-21,Chelsea,West Brom,0,3.0,3.0,22.0,9.0,10.0,3.0,9.0,16.0,3.0,0.0,1,1825.48
1541,2020-09-26,2020-21,Burnley,Southampton,1,0.0,1.0,10.0,5.0,2.0,1.0,8.0,8.0,1.0,0.0,0,1722.7
1541,2020-09-26,2020-21,Southampton,Burnley,0,1.0,0.0,5.0,10.0,1.0,2.0,2.0,10.0,0.0,0.0,3,1711.99
1542,2020-09-27,2020-21,Sheffield United,Leeds,1,0.0,1.0,14.0,17.0,4.0,9.0,5.0,18.0,2.0,0.0,0,1683.67
1542,2020-09-27,2020-21,Leeds,Sheffield United,0,1.0,0.0,17.0,14.0,9.0,4.0,7.0,4.0,1.0,0.0,3,1623.53
1543,2020-09-27,2020-21,Tottenham,Newcastle,1,1.0,1.0,23.0,6.0,12.0,1.0,10.0,15.0,1.0,0.0,1,1796.34
1543,2020-09-27,2020-21,Newcastle,Tottenham,0,1.0,1.0,6.0,23.0,1.0,12.0,4.0,9.0,4.0,0.0,1,1690.96
1544,2020-09-27,2020-21,Man City,Leicester,1,2.0,5.0,16.0,7.0,5.0,7.0,3.0,13.0,1.0,0.0,0,1967.78
1544,2020-09-27,2020-21,Leicester,Man City,0,5.0,2.0,7.0,16.0,7.0,5.0,4.0,8.0,3.0,0.0,3,1766.49
1545,2020-09-27,2020-21,West Ham,Wolves,1,4.0,0.0,15.0,11.0,7.0,2.0,1.0,7.0,0.0,0.0,3,1672.36
1545,2020-09-27,2020-21,Wolves,West Ham,0,0.0,4.0,11.0,15.0,2.0,7.0,3.0,11.0,1.0,0.0,0,1788.46
1546,2020-09-28,2020-21,Fulham,Aston Villa,1,0.0,3.0,16.0,12.0,3.0,5.0,5.0,18.0,6.0,0.0,0,1584.41
1546,2020-09-28,2020-21,Aston Villa,Fulham,0,3.0,0.0,12.0,16.0,5.0,3.0,3.0,14.0,3.0,0.0,3,1618.25
1547,2020-09-28,2020-21,Liverpool,Arsenal,1,3.0,1.0,21.0,4.0,8.0,3.0,7.0,11.0,2.0,0.0,3,1992.73
1547,2020-09-28,2020-21,Arsenal,Liverpool,0,1.0,3.0,4.0,21.0,3.0,8.0,3.0,7.0,2.0,0.0,0,1806.66
1548,2020-10-03,2020-21,Chelsea,Crystal Palace,1,4.0,0.0,17.0,4.0,6.0,0.0,8.0,17.0,2.0,0.0,3,1814.26
1548,2020-10-03,2020-21,Crystal Palace,Chelsea,0,0.0,4.0,4.0,17.0,0.0,6.0,5.0,13.0,0.0,0.0,0,1693.22
1549,2020-10-03,2020-21,Everton,Brighton,1,4.0,2.0,11.0,11.0,6.0,3.0,3.0,13.0,0.0,0.0,3,1743.02
1549,2020-10-03,2020-21,Brighton,Everton,0,2.0,4.0,11.0,11.0,3.0,6.0,10.0,14.0,1.0,0.0,0,1660.67
1550,2020-10-03,2020-21,Leeds,Man City,1,1.0,1.0,12.0,23.0,7.0,2.0,7.0,11.0,2.0,0.0,1,1640.38
1550,2020-10-03,2020-21,Man City,Leeds,0,1.0,1.0,23.0,12.0,2.0,7.0,10.0,12.0,1.0,0.0,1,1951.98
1551,2020-10-03,2020-21,Newcastle,Burnley,1,3.0,1.0,10.0,7.0,5.0,3.0,3.0,13.0,2.0,0.0,3,1678.23
1551,2020-10-03,2020-21,Burnley,Newcastle,0,1.0,3.0,7.0,10.0,3.0,5.0,4.0,17.0,3.0,0.0,0,1705.61
1552,2020-10-04,2020-21,Leicester,West Ham,1,0.0,3.0,4.0,14.0,0.0,6.0,6.0,11.0,2.0,0.0,0,1798.5
1552,2020-10-04,2020-21,West Ham,Leicester,0,3.0,0.0,14.0,4.0,6.0,0.0,4.0,8.0,2.0,0.0,3,1689.52
1553,2020-10-04,2020-21,Southampton,West Brom,1,2.0,0.0,13.0,5.0,7.0,2.0,5.0,19.0,2.0,0.0,3,1710.29
1553,2020-10-04,2020-21,West Brom,Southampton,0,0.0,2.0,5.0,13.0,2.0,7.0,1.0,10.0,1.0,0.0,0,1584.54
1554,2020-10-04,2020-21,Arsenal,Sheffield United,1,2.0,1.0,6.0,6.0,5.0,2.0,2.0,3.0,0.0,0.0,3,1806.9
1554,2020-10-04,2020-21,Sheffield United,Arsenal,0,1.0,2.0,6.0,6.0,2.0,5.0,4.0,9.0,1.0,0.0,0,1665.33
1555,2020-10-04,2020-21,Wolves,Fulham,1,1.0,0.0,14.0,10.0,5.0,2.0,6.0,15.0,1.0,0.0,3,1762.35
1555,2020-10-04,2020-21,Fulham,Wolves,0,0.0,1.0,10.0,14.0,2.0,5.0,2.0,8.0,1.0,0.0,0,1566.02
1556,2020-10-04,2020-21,Man United,Tottenham,1,1.0,6.0,5.0,22.0,2.0,8.0,2.0,14.0,2.0,1.0,0,1847.26
1556,2020-10-04,2020-21,Tottenham,Man United,0,6.0,1.0,22.0,5.0,8.0,2.0,4.0,10.0,1.0,0.0,3,1806.49
1557,2020-10-04,2020-21,Aston Villa,Liverpool,1,7.0,2.0,18.0,14.0,11.0,8.0,2.0,7.0,2.0,0.0,3,1640.96
1557,2020-10-04,2020-21,Liverpool,Aston Villa,0,2.0,7.0,14.0,18.0,8.0,11.0,7.0,10.0,1.0,0.0,0,2004.49
1558,2020-10-17,2020-21,Everton,Liverpool,1,2.0,2.0,11.0,22.0,5.0,8.0,2.0,15.0,3.0,1.0,1,1751.31
1558,2020-10-17,2020-21,Liverpool,Everton,0,2.0,2.0,22.0,11.0,8.0,5.0,5.0,9.0,2.0,0.0,1,1970.78
1559,2020-10-17,2020-21,Chelsea,Southampton,1,3.0,3.0,11.0,13.0,5.0,6.0,6.0,11.0,1.0,0.0,1,1823.93
1559,2020-10-17,2020-21,Southampton,Chelsea,0,3.0,3.0,13.0,11.0,6.0,5.0,2.0,9.0,1.0,0.0,1,1717.06
1560,2020-10-17,2020-21,Man City,Arsenal,1,1.0,0.0,13.0,11.0,5.0,3.0,6.0,15.0,4.0,0.0,3,1946.12
1560,2020-10-17,2020-21,Arsenal,Man City,0,0.0,1.0,11.0,13.0,3.0,5.0,6.0,10.0,1.0,0.0,0,1811.67
1561,2020-10-17,2020-21,Newcastle,Man United,1,1.0,4.0,7.0,28.0,4.0,14.0,0.0,9.0,1.0,0.0,0,1690.58
1561,2020-10-17,2020-21,Man United,Newcastle,0,4.0,1.0,28.0,7.0,14.0,4.0,7.0,12.0,1.0,0.0,3,1825.89
1562,2020-10-18,2020-21,Sheffield United,Fulham,1,1.0,1.0,10.0,15.0,6.0,6.0,2.0,5.0,0.0,0.0,1,1662.18
1562,2020-10-18,2020-21,Fulham,Sheffield United,0,1.0,1.0,15.0,10.0,6.0,6.0,5.0,9.0,2.0,0.0,1,1563.8
1563,2020-10-18,2020-21,Crystal Palace,Brighton,1,1.0,1.0,1.0,20.0,1.0,3.0,2.0,13.0,3.0,0.0,1,1685.17
1563,2020-10-18,2020-21,Brighton,Crystal Palace,0,1.0,1.0,20.0,1.0,3.0,1.0,5.0,12.0,2.0,1.0,1,1653.99
1564,2020-10-18,2020-21,Tottenham,West Ham,1,3.0,3.0,11.0,13.0,6.0,4.0,3.0,13.0,0.0,0.0,1,1831.92
1564,2020-10-18,2020-21,West Ham,Tottenham,0,3.0,3.0,13.0,11.0,4.0,6.0,7.0,12.0,5.0,0.0,1,1710.38
1565,2020-10-18,2020-21,Leicester,Aston Villa,1,0.0,1.0,11.0,10.0,5.0,4.0,2.0,18.0,4.0,0.0,0,1779.25
1565,2020-10-18,2020-21,Aston Villa,Leicester,0,1.0,0.0,10.0,11.0,4.0,5.0,7.0,18.0,3.0,0.0,3,1676.29
1566,2020-10-19,2020-21,West Brom,Burnley,1,0.0,0.0,13.0,9.0,6.0,4.0,8.0,15.0,2.0,0.0,1,1579.39
1566,2020-10-19,2020-21,Burnley,West Brom,0,0.0,0.0,9.0,13.0,4.0,6.0,2.0,17.0,2.0,0.0,1,1694.89
1567,2020-10-19,2020-21,Leeds,Wolves,1,0.0,1.0,13.0,7.0,2.0,3.0,8.0,13.0,2.0,0.0,0,1647.85
1567,2020-10-19,2020-21,Wolves,Leeds,0,1.0,0.0,7.0,13.0,3.0,2.0,3.0,12.0,1.0,0.0,3,1766.19
1568,2020-10-23,2020-21,Aston Villa,Leeds,1,0.0,3.0,12.0,27.0,4.0,9.0,6.0,14.0,2.0,0.0,0,1676.29
1568,2020-10-23,2020-21,Leeds,Aston Villa,0,3.0,0.0,27.0,12.0,9.0,4.0,5.0,17.0,2.0,0.0,3,1647.85
1569,2020-10-24,2020-21,West Ham,Man City,1,1.0,1.0,6.0,14.0,2.0,7.0,2.0,14.0,2.0,0.0,1,1710.38
1569,2020-10-24,2020-21,Man City,West Ham,0,1.0,1.0,14.0,6.0,7.0,2.0,10.0,6.0,0.0,0.0,1,1946.12
1570,2020-10-24,2020-21,Fulham,Crystal Palace,1,1.0,2.0,16.0,14.0,3.0,10.0,4.0,11.0,0.0,1.0,0,1563.8
1570,2020-10-24,2020-21,Crystal Palace,Fulham,0,2.0,1.0,14.0,16.0,10.0,3.0,4.0,11.0,1.0,0.0,3,1685.17
1571,2020-10-24,2020-21,Man United,Chelsea,1,0.0,0.0,14.0,6.0,4.0,1.0,9.0,8.0,3.0,0.0,1,1825.89
1571,2020-10-24,2020-21,Chelsea,Man United,0,0.0,0.0,6.0,14.0,1.0,4.0,6.0,6.0,1.0,0.0,1,1823.93
1572,2020-10-24,2020-21,Liverpool,Sheffield United,1,2.0,1.0,17.0,13.0,5.0,2.0,7.0,7.0,0.0,0.0,3,1970.78
1572,2020-10-24,2020-21,Sheffield United,Liverpool,0,1.0,2.0,13.0,17.0,2.0,5.0,3.0,15.0,3.0,0.0,0,1662.18
1573,2020-10-25,2020-21,Southampton,Everton,1,2.0,0.0,12.0,6.0,6.0,2.0,4.0,11.0,1.0,0.0,3,1717.06
1573,2020-10-25,2020-21,Everton,Southampton,0,0.0,2.0,6.0,12.0,2.0,6.0,5.0,11.0,2.0,1.0,0,1751.31
1574,2020-10-25,2020-21,Wolves,Newcastle,1,1.0,1.0,16.0,5.0,3.0,2.0,2.0,10.0,0.0,0.0,1,1766.19
1574,2020-10-25,2020-21,Newcastle,Wolves,0,1.0,1.0,5.0,16.0,2.0,3.0,3.0,10.0,1.0,0.0,1,1690.58
1575,2020-10-25,2020-21,Arsenal,Leicester,1,0.0,1.0,12.0,6.0,4.0,2.0,9.0,13.0,3.0,0.0,0,1811.67
1575,2020-10-25,2020-21,Leicester,Arsenal,0,1.0,0.0,6.0,12.0,2.0,4.0,3.0,9.0,5.0,0.0,3,1779.25
1576,2020-10-26,2020-21,Brighton,West Brom,1,1.0,1.0,5.0,9.0,3.0,3.0,6.0,14.0,2.0,0.0,1,1653.99
1576,2020-10-26,2020-21,West Brom,Brighton,0,1.0,1.0,9.0,5.0,3.0,3.0,2.0,7.0,0.0,0.0,1,1579.39
1577,2020-10-26,2020-21,Burnley,Tottenham,1,0.0,1.0,13.0,9.0,4.0,3.0,4.0,9.0,2.0,0.0,0,1694.89
1577,2020-10-26,2020-21,Tottenham,Burnley,0,1.0,0.0,9.0,13.0,3.0,4.0,5.0,7.0,0.0,0.0,3,1831.92
1578,2020-10-30,2020-21,Wolves,Crystal Palace,1,2.0,0.0,15.0,11.0,5.0,2.0,7.0,13.0,0.0,0.0,3,1766.19
1578,2020-10-30,2020-21,Crystal Palace,Wolves,0,0.0,2.0,11.0,15.0,2.0,5.0,6.0,4.0,2.0,1.0,0,1685.17
1579,2020-10-31,2020-21,Sheffield United,Man City,1,0.0,1.0,5.0,16.0,1.0,8.0,2.0,14.0,0.0,0.0,0,1662.18
1579,2020-10-31,2020-21,Man City,Sheffield United,0,1.0,0.0,16.0,5.0,8.0,1.0,5.0,6.0,0.0,0.0,3,1946.12
1580,2020-10-31,2020-21,Burnley,Chelsea,1,0.0,3.0,5.0,14.0,0.0,9.0,3.0,10.0,1.0,0.0,0,1694.89
1580,2020-10-31,2020-21,Chelsea,Burnley,0,3.0,0.0,14.0,5.0,9.0,0.0,4.0,15.0,0.0,0.0,3,1823.93
1581,2020-10-31,2020-21,Liverpool,West Ham,1,2.0,1.0,9.0,4.0,5.0,3.0,1.0,13.0,0.0,0.0,3,1970.78
1581,2020-10-31,2020-21,West Ham,Liverpool,0,1.0,2.0,4.0,9.0,3.0,5.0,2.0,14.0,1.0,0.0,0,1710.38
1582,2020-11-01,2020-21,Aston Villa,Southampton,1,3.0,4.0,19.0,9.0,10.0,4.0,11.0,12.0,1.0,0.0,0,1687.51
1582,2020-11-01,2020-21,Southampton,Aston Villa,0,4.0,3.0,9.0,19.0,4.0,10.0,1.0,17.0,2.0,0.0,3,1749.71
1583,2020-11-01,2020-21,Newcastle,Everton,1,2.0,1.0,11.0,15.0,4.0,4.0,5.0,9.0,2.0,0.0,3,1701.44
1583,2020-11-01,2020-21,Everton,Newcastle,0,1.0,2.0,15.0,11.0,4.0,4.0,4.0,10.0,4.0,0.0,0,1761.68
1584,2020-11-01,2020-21,Man United,Arsenal,1,0.0,1.0,8.0,7.0,2.0,2.0,6.0,12.0,3.0,0.0,0,1877.63
1584,2020-11-01,2020-21,Arsenal,Man United,0,1.0,0.0,7.0,8.0,2.0,2.0,3.0,12.0,3.0,0.0,3,1820.2
1585,2020-11-01,2020-21,Tottenham,Brighton,1,2.0,1.0,9.0,6.0,3.0,2.0,4.0,14.0,2.0,0.0,3,1841.13
1585,2020-11-01,2020-21,Brighton,Tottenham,0,1.0,2.0,6.0,9.0,2.0,3.0,5.0,13.0,1.0,0.0,0,1670.11
1586,2020-11-02,2020-21,Fulham,West Brom,1,2.0,0.0,13.0,10.0,6.0,1.0,5.0,13.0,3.0,0.0,3,1578.71
1586,2020-11-02,2020-21,West Brom,Fulham,0,0.0,2.0,10.0,13.0,1.0,6.0,2.0,11.0,2.0,0.0,0,1601.77
1587,2020-11-02,2020-21,Leeds,Leicester,1,1.0,4.0,11.0,10.0,4.0,8.0,10.0,9.0,1.0,0.0,0,1676.47
1587,2020-11-02,2020-21,Leicester,Leeds,0,4.0,1.0,10.0,11.0,8.0,4.0,3.0,5.0,1.0,0.0,3,1802.63
1588,2020-11-06,2020-21,Brighton,Burnley,1,0.0,0.0,19.0,4.0,3.0,1.0,5.0,11.0,1.0,0.0,1,1670.11
1588,2020-11-06,2020-21,Burnley,Brighton,0,0.0,0.0,4.0,19.0,1.0,3.0,3.0,5.0,0.0,0.0,1,1695.47
1589,2020-11-06,2020-21,Southampton,Newcastle,1,2.0,0.0,15.0,4.0,8.0,2.0,8.0,12.0,1.0,0.0,3,1749.71
1589,2020-11-06,2020-21,Newcastle,Southampton,0,0.0,2.0,4.0,15.0,2.0,8.0,3.0,11.0,2.0,0.0,0,1701.44
1590,2020-11-07,2020-21,Everton,Man United,1,1.0,3.0,7.0,13.0,1.0,5.0,5.0,12.0,4.0,0.0,0,1761.68
1590,2020-11-07,2020-21,Man United,Everton,0,3.0,1.0,13.0,7.0,5.0,1.0,2.0,19.0,2.0,0.0,3,1877.63
1591,2020-11-07,2020-21,Crystal Palace,Leeds,1,4.0,1.0,10.0,9.0,6.0,3.0,3.0,9.0,0.0,0.0,3,1698.5
1591,2020-11-07,2020-21,Leeds,Crystal Palace,0,1.0,4.0,9.0,10.0,3.0,6.0,6.0,1.0,2.0,0.0,0,1676.47
1592,2020-11-07,2020-21,Chelsea,Sheffield United,1,4.0,1.0,20.0,6.0,9.0,3.0,6.0,5.0,0.0,0.0,3,1854.57
1592,2020-11-07,2020-21,Sheffield United,Chelsea,0,1.0,4.0,6.0,20.0,3.0,9.0,7.0,14.0,2.0,0.0,0,1671.59
1593,2020-11-07,2020-21,West Ham,Fulham,1,1.0,0.0,16.0,13.0,7.0,3.0,9.0,10.0,2.0,0.0,3,1734.86
1593,2020-11-07,2020-21,Fulham,West Ham,0,0.0,1.0,13.0,16.0,3.0,7.0,5.0,9.0,2.0,0.0,0,1578.71
1594,2020-11-08,2020-21,West Brom,Tottenham,1,0.0,1.0,12.0,19.0,2.0,5.0,9.0,17.0,1.0,0.0,0,1601.77
1594,2020-11-08,2020-21,Tottenham,West Brom,0,1.0,0.0,19.0,12.0,5.0,2.0,6.0,12.0,0.0,0.0,3,1841.13
1595,2020-11-08,2020-21,Leicester,Wolves,1,1.0,0.0,10.0,7.0,3.0,2.0,6.0,12.0,2.0,0.0,3,1802.63
1595,2020-11-08,2020-21,Wolves,Leicester,0,0.0,1.0,7.0,10.0,2.0,3.0,3.0,8.0,3.0,0.0,0,1793.67
1596,2020-11-08,2020-21,Man City,Liverpool,1,1.0,1.0,7.0,10.0,2.0,3.0,1.0,19.0,3.0,0.0,1,1973.09
1596,2020-11-08,2020-21,Liverpool,Man City,0,1.0,1.0,10.0,7.0,3.0,2.0,2.0,11.0,1.0,0.0,1,1992.73
1597,2020-11-08,2020-21,Arsenal,Aston Villa,1,0.0,3.0,13.0,15.0,2.0,6.0,3.0,11.0,0.0,0.0,0,1820.2
1597,2020-11-08,2020-21,Aston Villa,Arsenal,0,3.0,0.0,15.0,13.0,6.0,2.0,8.0,13.0,0.0,0.0,3,1687.51
1598,2020-11-21,2020-21,Newcastle,Chelsea,1,0.0,2.0,8.0,14.0,1.0,3.0,7.0,11.0,2.0,0.0,0,1707.1
1598,2020-11-21,2020-21,Chelsea,Newcastle,0,2.0,0.0,14.0,8.0,3.0,1.0,4.0,12.0,0.0,0.0,3,1870.15
1599,2020-11-21,2020-21,Aston Villa,Brighton,1,1.0,2.0,15.0,7.0,4.0,3.0,12.0,5.0,2.0,0.0,0,1707.1
1599,2020-11-21,2020-21,Brighton,Aston Villa,0,2.0,1.0,7.0,15.0,3.0,4.0,3.0,18.0,1.0,1.0,3,1672.07
1600,2020-11-21,2020-21,Tottenham,Man City,1,2.0,0.0,4.0,22.0,2.0,5.0,0.0,13.0,2.0,0.0,3,1856.59
1600,2020-11-21,2020-21,Man City,Tottenham,0,0.0,2.0,22.0,4.0,5.0,2.0,10.0,19.0,2.0,0.0,0,1981.81
1601,2020-11-21,2020-21,Man United,West Brom,1,1.0,0.0,17.0,7.0,7.0,2.0,8.0,12.0,1.0,0.0,3,1867.11
1601,2020-11-21,2020-21,West Brom,Man United,0,0.0,1.0,7.0,17.0,2.0,7.0,2.0,17.0,1.0,0.0,0,1592.92
1602,2020-11-22,2020-21,Fulham,Everton,1,2.0,3.0,14.0,9.0,6.0,7.0,2.0,14.0,2.0,0.0,0,1591.43
1602,2020-11-22,2020-21,Everton,Fulham,0,3.0,2.0,9.0,14.0,7.0,6.0,5.0,10.0,0.0,0.0,3,1749.59
1603,2020-11-22,2020-21,Sheffield United,West Ham,1,0.0,1.0,9.0,15.0,5.0,3.0,2.0,7.0,0.0,0.0,0,1671.26
1603,2020-11-22,2020-21,West Ham,Sheffield United,0,1.0,0.0,15.0,9.0,3.0,5.0,6.0,6.0,0.0,0.0,3,1744.23
1604,2020-11-22,2020-21,Leeds,Arsenal,1,0.0,0.0,25.0,9.0,4.0,2.0,5.0,9.0,3.0,0.0,1,1660.92
1604,2020-11-22,2020-21,Arsenal,Leeds,0,0.0,0.0,9.0,25.0,2.0,4.0,3.0,8.0,0.0,1.0,1,1817.16
1605,2020-11-22,2020-21,Liverpool,Leicester,1,3.0,0.0,24.0,11.0,13.0,4.0,10.0,15.0,0.0,0.0,3,2009.2
1605,2020-11-22,2020-21,Leicester,Liverpool,0,0.0,3.0,11.0,24.0,4.0,13.0,3.0,6.0,2.0,0.0,0,1829.92
1606,2020-11-23,2020-21,Burnley,Crystal Palace,1,1.0,0.0,10.0,15.0,4.0,5.0,4.0,13.0,2.0,0.0,3,1700.77
1606,2020-11-23,2020-21,Crystal Palace,Burnley,0,0.0,1.0,15.0,10.0,5.0,4.0,7.0,9.0,0.0,0.0,0,1715.33
1607,2020-11-23,2020-21,Wolves,Southampton,1,1.0,1.0,20.0,7.0,9.0,2.0,7.0,14.0,2.0,0.0,1,1792.35
1607,2020-11-23,2020-21,Southampton,Wolves,0,1.0,1.0,7.0,20.0,2.0,9.0,4.0,13.0,0.0,0.0,1,1770.88
1608,2020-11-27,2020-21,Crystal Palace,Newcastle,1,0.0,2.0,12.0,14.0,3.0,7.0,7.0,9.0,2.0,0.0,0,1715.33
1608,2020-11-27,2020-21,Newcastle,Crystal Palace,0,2.0,0.0,14.0,12.0,7.0,3.0,3.0,10.0,2.0,0.0,3,1707.1
1609,2020-11-28,2020-21,Man City,Burnley,1,5.0,0.0,19.0,9.0,6.0,1.0,6.0,12.0,0.0,0.0,3,1981.81
1609,2020-11-28,2020-21,Burnley,Man City,0,0.0,5.0,9.0,19.0,1.0,6.0,4.0,4.0,0.0,0.0,0,1700.77
1610,2020-11-28,2020-21,Brighton,Liverpool,1,1.0,1.0,11.0,6.0,3.0,2.0,4.0,9.0,2.0,0.0,1,1672.07
1610,2020-11-28,2020-21,Liverpool,Brighton,0,1.0,1.0,6.0,11.0,2.0,3.0,3.0,13.0,1.0,0.0,1,2009.2
1611,2020-11-28,2020-21,West Brom,Sheffield United,1,1.0,0.0,17.0,21.0,6.0,5.0,14.0,10.0,2.0,0.0,3,1592.92
1611,2020-11-28,2020-21,Sheffield United,West Brom,0,0.0,1.0,21.0,17.0,5.0,6.0,9.0,9.0,3.0,0.0,0,1671.26
1612,2020-11-28,2020-21,Everton,Leeds,1,0.0,1.0,15.0,23.0,8.0,7.0,4.0,8.0,1.0,0.0,0,1749.59
1612,2020-11-28,2020-21,Leeds,Everton,0,1.0,0.0,23.0,15.0,7.0,8.0,2.0,14.0,2.0,0.0,3,1660.92
1613,2020-11-29,2020-21,Southampton,Man United,1,2.0,3.0,10.0,15.0,5.0,6.0,5.0,12.0,1.0,0.0,0,1770.88
1613,2020-11-29,2020-21,Man United,Southampton,0,3.0,2.0,15.0,10.0,6.0,5.0,9.0,12.0,0.0,0.0,3,1867.11
1614,2020-11-29,2020-21,Chelsea,Tottenham,1,0.0,0.0,13.0,5.0,3.0,1.0,3.0,20.0,4.0,0.0,1,1870.15
1614,2020-11-29,2020-21,Tottenham,Chelsea,0,0.0,0.0,5.0,13.0,1.0,3.0,3.0,9.0,2.0,0.0,1,1856.59
1615,2020-11-29,2020-21,Arsenal,Wolves,1,1.0,2.0,13.0,11.0,2.0,5.0,8.0,13.0,3.0,0.0,0,1817.16
1615,2020-11-29,2020-21,Wolves,Arsenal,0,2.0,1.0,11.0,13.0,5.0,2.0,4.0,13.0,4.0,0.0,3,1792.35
1616,2020-11-30,2020-21,Leicester,Fulham,1,1.0,2.0,16.0,10.0,3.0,5.0,6.0,9.0,0.0,0.0,0,1829.92
1616,2020-11-30,2020-21,Fulham,Leicester,0,2.0,1.0,10.0,16.0,5.0,3.0,5.0,21.0,2.0,0.0,3,1591.43
1617,2020-11-30,2020-21,West Ham,Aston Villa,1,2.0,1.0,6.0,16.0,2.0,6.0,3.0,20.0,1.0,0.0,3,1744.23
1617,2020-11-30,2020-21,Aston Villa,West Ham,0,1.0,2.0,16.0,6.0,6.0,2.0,7.0,7.0,1.0,0.0,0,1707.1
1618,2020-12-05,2020-21,Burnley,Everton,1,1.0,1.0,8.0,13.0,3.0,6.0,8.0,6.0,0.0,0.0,1,1702.03
1618,2020-12-05,2020-21,Everton,Burnley,0,1.0,1.0,13.0,8.0,6.0,3.0,4.0,9.0,0.0,0.0,1,1741.76
1619,2020-12-05,2020-21,Man City,Fulham,1,2.0,0.0,16.0,6.0,6.0,1.0,9.0,7.0,0.0,0.0,3,1974.16
1619,2020-12-05,2020-21,Fulham,Man City,0,0.0,2.0,6.0,16.0,1.0,6.0,3.0,6.0,0.0,0.0,0,1599.09
1620,2020-12-05,2020-21,West Ham,Man United,1,1.0,3.0,19.0,15.0,6.0,6.0,5.0,9.0,0.0,0.0,0,1755.27
1620,2020-12-05,2020-21,Man United,West Ham,0,3.0,1.0,15.0,19.0,6.0,6.0,4.0,10.0,0.0,0.0,3,1876.23
1621,2020-12-05,2020-21,Chelsea,Leeds,1,3.0,1.0,23.0,8.0,11.0,3.0,8.0,12.0,0.0,0.0,3,1877.78
1621,2020-12-05,2020-21,Leeds,Chelsea,0,1.0,3.0,8.0,23.0,3.0,11.0,4.0,9.0,2.0,0.0,0,1673.65
1622,2020-12-06,2020-21,Sheffield United,Leicester,1,1.0,2.0,4.0,13.0,1.0,4.0,6.0,13.0,1.0,0.0,0,1653.21
1622,2020-12-06,2020-21,Leicester,Sheffield United,0,2.0,1.0,13.0,4.0,4.0,1.0,5.0,6.0,3.0,0.0,3,1805.05
1623,2020-12-06,2020-21,Tottenham,Arsenal,1,2.0,0.0,6.0,11.0,3.0,2.0,3.0,16.0,1.0,0.0,3,1873.09
1623,2020-12-06,2020-21,Arsenal,Tottenham,0,0.0,2.0,11.0,6.0,2.0,3.0,9.0,12.0,2.0,0.0,0,1807.75
1624,2020-12-06,2020-21,West Brom,Crystal Palace,1,1.0,5.0,9.0,18.0,4.0,6.0,4.0,10.0,2.0,1.0,0,1598.51
1624,2020-12-06,2020-21,Crystal Palace,West Brom,0,5.0,1.0,18.0,9.0,6.0,4.0,6.0,16.0,2.0,0.0,3,1692.95
1625,2020-12-06,2020-21,Liverpool,Wolves,1,4.0,0.0,11.0,9.0,6.0,3.0,4.0,8.0,1.0,0.0,3,1986.29
1625,2020-12-06,2020-21,Wolves,Liverpool,0,0.0,4.0,9.0,11.0,3.0,6.0,6.0,14.0,1.0,0.0,0,1798.93
1626,2020-12-07,2020-21,Brighton,Southampton,1,1.0,2.0,12.0,10.0,4.0,3.0,4.0,12.0,3.0,0.0,0,1686.75
1626,2020-12-07,2020-21,Southampton,Brighton,0,2.0,1.0,10.0,12.0,3.0,4.0,3.0,12.0,3.0,0.0,3,1764.36
1627,2020-12-11,2020-21,Leeds,West Ham,1,1.0,2.0,13.0,19.0,7.0,8.0,5.0,12.0,1.0,0.0,0,1673.65
1627,2020-12-11,2020-21,West Ham,Leeds,0,2.0,1.0,19.0,13.0,8.0,7.0,6.0,10.0,2.0,0.0,3,1755.27
1628,2020-12-12,2020-21,Wolves,Aston Villa,1,0.0,1.0,16.0,13.0,7.0,2.0,5.0,23.0,2.0,0.0,0,1798.93
1628,2020-12-12,2020-21,Aston Villa,Wolves,0,1.0,0.0,13.0,16.0,2.0,7.0,8.0,15.0,5.0,0.0,3,1690.01
1629,2020-12-12,2020-21,Newcastle,West Brom,1,2.0,1.0,12.0,13.0,7.0,3.0,4.0,9.0,2.0,0.0,3,1711.64
1629,2020-12-12,2020-21,West Brom,Newcastle,0,1.0,2.0,13.0,12.0,3.0,7.0,3.0,12.0,3.0,0.0,0,1598.51
1630,2020-12-12,2020-21,Man United,Man City,1,0.0,0.0,11.0,9.0,2.0,2.0,4.0,13.0,1.0,0.0,1,1876.23
1630,2020-12-12,2020-21,Man City,Man United,0,0.0,0.0,9.0,11.0,2.0,2.0,3.0,6.0,1.0,0.0,1,1974.16
1631,2020-12-12,2020-21,Everton,Chelsea,1,1.0,0.0,9.0,10.0,4.0,3.0,6.0,10.0,2.0,0.0,3,1741.76
1631,2020-12-12,2020-21,Chelsea,Everton,0,0.0,1.0,10.0,9.0,3.0,4.0,6.0,11.0,3.0,0.0,0,1877.78
1632,2020-12-13,2020-21,Southampton,Sheffield United,1,3.0,0.0,16.0,3.0,6.0,0.0,8.0,8.0,0.0,0.0,3,1764.36
1632,2020-12-13,2020-21,Sheffield United,Southampton,0,0.0,3.0,3.0,16.0,0.0,6.0,4.0,14.0,1.0,0.0,0,1653.21
1633,2020-12-13,2020-21,Crystal Palace,Tottenham,1,1.0,1.0,16.0,14.0,5.0,6.0,4.0,15.0,1.0,0.0,1,1692.95
1633,2020-12-13,2020-21,Tottenham,Crystal Palace,0,1.0,1.0,14.0,16.0,6.0,5.0,7.0,11.0,1.0,0.0,1,1873.09
1634,2020-12-13,2020-21,Fulham,Liverpool,1,1.0,1.0,10.0,12.0,5.0,6.0,6.0,9.0,3.0,0.0,1,1599.09
1634,2020-12-13,2020-21,Liverpool,Fulham,0,1.0,1.0,12.0,10.0,6.0,5.0,8.0,5.0,1.0,0.0,1,1986.29
1635,2020-12-13,2020-21,Arsenal,Burnley,1,0.0,1.0,18.0,10.0,6.0,2.0,13.0,5.0,2.0,1.0,0,1807.75
1635,2020-12-13,2020-21,Burnley,Arsenal,0,1.0,0.0,10.0,18.0,2.0,6.0,4.0,11.0,1.0,0.0,3,1702.03
1636,2020-12-13,2020-21,Leicester,Brighton,1,3.0,0.0,15.0,12.0,6.0,4.0,9.0,9.0,2.0,0.0,3,1805.05
1636,2020-12-13,2020-21,Brighton,Leicester,0,0.0,3.0,12.0,15.0,4.0,6.0,5.0,11.0,1.0,0.0,0,1686.75
1637,2020-12-15,2020-21,Wolves,Chelsea,1,2.0,1.0,12.0,13.0,4.0,3.0,5.0,12.0,2.0,0.0,3,1773.47
1637,2020-12-15,2020-21,Chelsea,Wolves,0,1.0,2.0,13.0,12.0,3.0,4.0,6.0,12.0,2.0,0.0,0,1872.55
1638,2020-12-15,2020-21,Man City,West Brom,1,1.0,1.0,26.0,5.0,7.0,1.0,13.0,5.0,2.0,0.0,1,1964.96
1638,2020-12-15,2020-21,West Brom,Man City,0,1.0,1.0,5.0,26.0,1.0,7.0,2.0,8.0,3.0,0.0,1,1573.52
1639,2020-12-16,2020-21,Leeds,Newcastle,1,5.0,2.0,25.0,10.0,10.0,4.0,7.0,10.0,3.0,0.0,3,1655.56
1639,2020-12-16,2020-21,Newcastle,Leeds,0,2.0,5.0,10.0,25.0,4.0,10.0,4.0,13.0,1.0,0.0,0,1708.46
1640,2020-12-16,2020-21,Leicester,Everton,1,0.0,2.0,14.0,11.0,2.0,6.0,4.0,12.0,2.0,0.0,0,1799.85
1640,2020-12-16,2020-21,Everton,Leicester,0,2.0,0.0,11.0,14.0,6.0,2.0,6.0,9.0,3.0,0.0,3,1744.99
1641,2020-12-16,2020-21,Arsenal,Southampton,1,1.0,1.0,9.0,13.0,4.0,3.0,2.0,13.0,1.0,1.0,1,1785.37
1641,2020-12-16,2020-21,Southampton,Arsenal,0,1.0,1.0,13.0,9.0,3.0,4.0,7.0,13.0,3.0,0.0,1,1771.36
1642,2020-12-16,2020-21,Liverpool,Tottenham,1,2.0,1.0,17.0,8.0,11.0,2.0,7.0,8.0,0.0,0.0,3,1972.5
1642,2020-12-16,2020-21,Tottenham,Liverpool,0,1.0,2.0,8.0,17.0,2.0,11.0,4.0,9.0,2.0,0.0,0,1867.27
1643,2020-12-16,2020-21,West Ham,Crystal Palace,1,1.0,1.0,9.0,8.0,2.0,2.0,5.0,8.0,0.0,0.0,1,1746.17
1643,2020-12-16,2020-21,Crystal Palace,West Ham,0,1.0,1.0,8.0,9.0,2.0,2.0,3.0,12.0,1.0,1.0,1,1702.27
1644,2020-12-16,2020-21,Fulham,Brighton,1,0.0,0.0,9.0,9.0,4.0,4.0,1.0,15.0,1.0,0.0,1,1597.64
1644,2020-12-16,2020-21,Brighton,Fulham,0,0.0,0.0,9.0,9.0,4.0,4.0,8.0,11.0,0.0,0.0,1,1664.54
1645,2020-12-17,2020-21,Aston Villa,Burnley,1,0.0,0.0,27.0,6.0,7.0,4.0,11.0,17.0,1.0,0.0,1,1693.89
1645,2020-12-17,2020-21,Burnley,Aston Villa,0,0.0,0.0,6.0,27.0,4.0,7.0,1.0,19.0,1.0,0.0,1,1706.22
1646,2020-12-17,2020-21,Sheffield United,Man United,1,2.0,3.0,12.0,14.0,6.0,8.0,6.0,17.0,3.0,0.0,0,1632.52
1646,2020-12-17,2020-21,Man United,Sheffield United,0,3.0,2.0,14.0,12.0,8.0,6.0,3.0,8.0,2.0,0.0,3,1859.64
1647,2020-12-19,2020-21,Crystal Palace,Liverpool,1,0.0,7.0,5.0,14.0,3.0,8.0,5.0,5.0,1.0,0.0,0,1702.27
1647,2020-12-19,2020-21,Liverpool,Crystal Palace,0,7.0,0.0,14.0,5.0,8.0,3.0,4.0,11.0,0.0,0.0,3,1972.5
1648,2020-12-19,2020-21,Southampton,Man City,1,0.0,1.0,9.0,11.0,3.0,5.0,6.0,9.0,2.0,0.0,0,1771.36
1648,2020-12-19,2020-21,Man City,Southampton,0,1.0,0.0,11.0,9.0,5.0,3.0,6.0,11.0,2.0,0.0,3,1964.96
1649,2020-12-19,2020-21,Everton,Arsenal,1,2.0,1.0,9.0,13.0,2.0,2.0,4.0,9.0,1.0,0.0,3,1744.99
1649,2020-12-19,2020-21,Arsenal,Everton,0,1.0,2.0,13.0,9.0,2.0,2.0,3.0,9.0,3.0,0.0,0,1785.37
1650,2020-12-19,2020-21,Newcastle,Fulham,1,1.0,1.0,12.0,11.0,5.0,4.0,2.0,7.0,1.0,0.0,1,1708.46
1650,2020-12-19,2020-21,Fulham,Newcastle,0,1.0,1.0,11.0,12.0,4.0,5.0,9.0,17.0,2.0,1.0,1,1597.64
1651,2020-12-20,2020-21,Tottenham,Leicester,1,0.0,2.0,8.0,17.0,3.0,4.0,5.0,15.0,2.0,0.0,0,1867.27
1651,2020-12-20,2020-21,Leicester,Tottenham,0,2.0,0.0,17.0,8.0,4.0,3.0,3.0,14.0,2.0,0.0,3,1799.85
1652,2020-12-20,2020-21,Brighton,Sheffield United,1,1.0,1.0,21.0,5.0,5.0,3.0,14.0,9.0,1.0,0.0,1,1664.54
1652,2020-12-20,2020-21,Sheffield United,Brighton,0,1.0,1.0,5.0,21.0,3.0,5.0,2.0,11.0,5.0,1.0,1,1632.52
1653,2020-12-20,2020-21,West Brom,Aston Villa,1,0.0,3.0,1.0,19.0,1.0,10.0,1.0,14.0,1.0,1.0,0,1573.52
1653,2020-12-20,2020-21,Aston Villa,West Brom,0,3.0,0.0,19.0,1.0,10.0,1.0,7.0,8.0,2.0,0.0,3,1693.89
1654,2020-12-20,2020-21,Man United,Leeds,1,6.0,2.0,26.0,17.0,14.0,3.0,11.0,6.0,1.0,0.0,3,1859.64
1654,2020-12-20,2020-21,Leeds,Man United,0,2.0,6.0,17.0,26.0,3.0,14.0,13.0,6.0,0.0,0.0,0,1655.56
1655,2020-12-21,2020-21,Burnley,Wolves,1,2.0,1.0,10.0,15.0,4.0,3.0,1.0,11.0,2.0,0.0,3,1706.22
1655,2020-12-21,2020-21,Wolves,Burnley,0,1.0,2.0,15.0,10.0,3.0,4.0,7.0,15.0,1.0,0.0,0,1773.47
1656,2020-12-21,2020-21,Chelsea,West Ham,1,3.0,0.0,11.0,6.0,7.0,0.0,5.0,11.0,0.0,0.0,3,1872.55
1656,2020-12-21,2020-21,West Ham,Chelsea,0,0.0,3.0,6.0,11.0,0.0,7.0,4.0,6.0,0.0,0.0,0,1746.17
1657,2020-12-26,2020-21,Man City,Newcastle,1,2.0,0.0,11.0,7.0,6.0,2.0,7.0,5.0,2.0,0.0,3,1964.96
1657,2020-12-26,2020-21,Newcastle,Man City,0,0.0,2.0,7.0,11.0,2.0,6.0,3.0,12.0,2.0,0.0,0,1708.46
1658,2020-12-26,2020-21,Sheffield United,Everton,1,0.0,1.0,10.0,7.0,2.0,3.0,6.0,11.0,2.0,0.0,0,1632.52
1658,2020-12-26,2020-21,Everton,Sheffield United,0,1.0,0.0,7.0,10.0,3.0,2.0,3.0,10.0,4.0,0.0,3,1744.99
1659,2020-12-26,2020-21,Leicester,Man United,1,2.0,2.0,10.0,9.0,2.0,4.0,5.0,10.0,2.0,0.0,1,1799.85
1659,2020-12-26,2020-21,Man United,Leicester,0,2.0,2.0,9.0,10.0,4.0,2.0,0.0,17.0,1.0,0.0,1,1859.64
1660,2020-12-26,2020-21,Aston Villa,Crystal Palace,1,3.0,0.0,21.0,13.0,10.0,6.0,4.0,18.0,1.0,1.0,3,1693.89
1660,2020-12-26,2020-21,Crystal Palace,Aston Villa,0,0.0,3.0,13.0,21.0,6.0,10.0,4.0,16.0,4.0,0.0,0,1702.27
1661,2020-12-26,2020-21,Fulham,Southampton,1,0.0,0.0,10.0,3.0,1.0,2.0,6.0,15.0,2.0,0.0,1,1597.64
1661,2020-12-26,2020-21,Southampton,Fulham,0,0.0,0.0,3.0,10.0,2.0,1.0,3.0,12.0,0.0,0.0,1,1771.36
1662,2020-12-26,2020-21,Arsenal,Chelsea,1,3.0,1.0,15.0,19.0,7.0,3.0,7.0,13.0,2.0,0.0,3,1785.37
1662,2020-12-26,2020-21,Chelsea,Arsenal,0,1.0,3.0,19.0,15.0,3.0,7.0,9.0,10.0,1.0,0.0,0,1872.55
1663,2020-12-27,2020-21,Leeds,Burnley,1,1.0,0.0,11.0,14.0,4.0,6.0,4.0,8.0,0.0,0.0,3,1655.56
1663,2020-12-27,2020-21,Burnley,Leeds,0,0.0,1.0,14.0,11.0,6.0,4.0,12.0,14.0,3.0,0.0,0,1706.22
1664,2020-12-27,2020-21,West Ham,Brighton,1,2.0,2.0,11.0,13.0,4.0,4.0,5.0,6.0,0.0,0.0,1,1746.17
1664,2020-12-27,2020-21,Brighton,West Ham,0,2.0,2.0,13.0,11.0,4.0,4.0,4.0,8.0,0.0,0.0,1,1664.54
1665,2020-12-27,2020-21,Liverpool,West Brom,1,1.0,1.0,17.0,5.0,2.0,3.0,8.0,8.0,0.0,0.0,1,1972.5
1665,2020-12-27,2020-21,West Brom,Liverpool,0,1.0,1.0,5.0,17.0,3.0,2.0,3.0,5.0,1.0,0.0,1,1573.52
1666,2020-12-27,2020-21,Wolves,Tottenham,1,1.0,1.0,11.0,6.0,6.0,3.0,9.0,20.0,4.0,0.0,1,1773.47
1666,2020-12-27,2020-21,Tottenham,Wolves,0,1.0,1.0,6.0,11.0,3.0,6.0,2.0,13.0,1.0,0.0,1,1867.27
1667,2020-12-28,2020-21,Crystal Palace,Leicester,1,1.0,1.0,4.0,17.0,1.0,3.0,2.0,10.0,0.0,0.0,1,1702.27
1667,2020-12-28,2020-21,Leicester,Crystal Palace,0,1.0,1.0,17.0,4.0,3.0,1.0,5.0,7.0,1.0,0.0,1,1799.85
1668,2020-12-28,2020-21,Chelsea,Aston Villa,1,1.0,1.0,16.0,10.0,5.0,2.0,11.0,16.0,3.0,0.0,1,1872.55
1668,2020-12-28,2020-21,Aston Villa,Chelsea,0,1.0,1.0,10.0,16.0,2.0,5.0,4.0,3.0,1.0,0.0,1,1693.89
1669,2020-12-29,2020-21,Brighton,Arsenal,1,0.0,1.0,13.0,11.0,2.0,3.0,5.0,11.0,2.0,0.0,0,1664.54
1669,2020-12-29,2020-21,Arsenal,Brighton,0,1.0,0.0,11.0,13.0,3.0,2.0,4.0,4.0,0.0,0.0,3,1785.37
1670,2020-12-29,2020-21,Burnley,Sheffield United,1,1.0,0.0,5.0,7.0,3.0,3.0,3.0,13.0,1.0,0.0,3,1706.22
1670,2020-12-29,2020-21,Sheffield United,Burnley,0,0.0,1.0,7.0,5.0,3.0,3.0,5.0,17.0,2.0,0.0,0,1632.52
1671,2020-12-29,2020-21,Southampton,West Ham,1,0.0,0.0,8.0,8.0,3.0,3.0,4.0,16.0,3.0,0.0,1,1771.36
1671,2020-12-29,2020-21,West Ham,Southampton,0,0.0,0.0,8.0,8.0,3.0,3.0,3.0,15.0,1.0,0.0,1,1746.17
1672,2020-12-29,2020-21,West Brom,Leeds,1,0.0,5.0,4.0,14.0,1.0,6.0,3.0,7.0,0.0,0.0,0,1573.52
1672,2020-12-29,2020-21,Leeds,West Brom,0,5.0,0.0,14.0,4.0,6.0,1.0,10.0,10.0,1.0,0.0,3,1655.56
1673,2020-12-29,2020-21,Man United,Wolves,1,1.0,0.0,11.0,9.0,3.0,5.0,2.0,11.0,1.0,0.0,3,1859.64
1673,2020-12-29,2020-21,Wolves,Man United,0,0.0,1.0,9.0,11.0,5.0,3.0,2.0,7.0,1.0,0.0,0,1773.47
1674,2020-12-30,2020-21,Newcastle,Liverpool,1,0.0,0.0,8.0,11.0,2.0,4.0,5.0,9.0,2.0,0.0,1,1708.46
1674,2020-12-30,2020-21,Liverpool,Newcastle,0,0.0,0.0,11.0,8.0,4.0,2.0,12.0,13.0,3.0,0.0,1,1972.5
1675,2021-01-01,2020-21,Everton,West Ham,1,0.0,1.0,10.0,11.0,2.0,5.0,5.0,9.0,2.0,0.0,0,1772.91
1675,2021-01-01,2020-21,West Ham,Everton,0,1.0,0.0,11.0,10.0,5.0,2.0,4.0,7.0,0.0,0.0,3,1735.36
1676,2021-01-01,2020-21,Man United,Aston Villa,1,2.0,1.0,19.0,5.0,9.0,5.0,5.0,22.0,4.0,0.0,3,1873.16
1676,2021-01-01,2020-21,Aston Villa,Man United,0,1.0,2.0,5.0,19.0,5.0,9.0,10.0,10.0,0.0,0.0,0,1720.49
1677,2021-01-02,2020-21,Tottenham,Leeds,1,3.0,0.0,20.0,18.0,7.0,5.0,3.0,15.0,2.0,1.0,3,1846.27
1677,2021-01-02,2020-21,Leeds,Tottenham,0,0.0,3.0,18.0,20.0,5.0,7.0,5.0,13.0,1.0,0.0,0,1687.72
1678,2021-01-02,2020-21,Crystal Palace,Sheffield United,1,2.0,0.0,9.0,7.0,4.0,2.0,3.0,8.0,1.0,0.0,3,1687.11
1678,2021-01-02,2020-21,Sheffield United,Crystal Palace,0,0.0,2.0,7.0,9.0,2.0,4.0,6.0,18.0,3.0,0.0,0,1620.09
1679,2021-01-02,2020-21,Brighton,Wolves,1,3.0,3.0,13.0,11.0,4.0,4.0,5.0,13.0,2.0,0.0,1,1658.85
1679,2021-01-02,2020-21,Wolves,Brighton,0,3.0,3.0,11.0,13.0,4.0,4.0,8.0,8.0,1.0,0.0,1,1770.05
1680,2021-01-02,2020-21,West Brom,Arsenal,1,0.0,4.0,7.0,21.0,3.0,12.0,3.0,7.0,1.0,0.0,0,1565.13
1680,2021-01-02,2020-21,Arsenal,West Brom,0,4.0,0.0,21.0,7.0,12.0,3.0,5.0,4.0,2.0,0.0,3,1795.33
1681,2021-01-03,2020-21,Newcastle,Leicester,1,1.0,2.0,8.0,9.0,2.0,3.0,3.0,10.0,0.0,0.0,0,1693.43
1681,2021-01-03,2020-21,Leicester,Newcastle,0,2.0,1.0,9.0,8.0,3.0,2.0,6.0,11.0,2.0,0.0,3,1799.36
1682,2021-01-03,2020-21,Chelsea,Man City,1,1.0,3.0,9.0,18.0,2.0,6.0,5.0,11.0,3.0,0.0,0,1852.19
1682,2021-01-03,2020-21,Man City,Chelsea,0,3.0,1.0,18.0,9.0,6.0,2.0,3.0,10.0,1.0,0.0,3,1963.75
1683,2021-01-04,2020-21,Southampton,Liverpool,1,1.0,0.0,7.0,17.0,3.0,1.0,1.0,5.0,1.0,0.0,3,1762.79
1683,2021-01-04,2020-21,Liverpool,Southampton,0,0.0,1.0,17.0,7.0,1.0,3.0,10.0,12.0,3.0,0.0,0,1970.0
1684,2021-01-12,2020-21,Sheffield United,Newcastle,1,1.0,0.0,17.0,7.0,4.0,3.0,5.0,13.0,2.0,0.0,3,1620.09
1684,2021-01-12,2020-21,Newcastle,Sheffield United,0,0.0,1.0,7.0,17.0,3.0,4.0,2.0,12.0,3.0,1.0,0,1693.43
1685,2021-01-12,2020-21,Burnley,Man United,1,0.0,1.0,11.0,13.0,0.0,7.0,3.0,15.0,1.0,0.0,0,1713.03
1685,2021-01-12,2020-21,Man United,Burnley,0,1.0,0.0,13.0,11.0,7.0,0.0,4.0,13.0,2.0,0.0,3,1873.16
1686,2021-01-12,2020-21,Wolves,Everton,1,1.0,2.0,12.0,5.0,3.0,3.0,6.0,6.0,2.0,0.0,0,1770.05
1686,2021-01-12,2020-21,Everton,Wolves,0,2.0,1.0,5.0,12.0,3.0,3.0,5.0,11.0,2.0,0.0,3,1772.91
1687,2021-01-13,2020-21,Man City,Brighton,1,1.0,0.0,16.0,5.0,6.0,1.0,8.0,4.0,0.0,0.0,3,1963.75
1687,2021-01-13,2020-21,Brighton,Man City,0,0.0,1.0,5.0,16.0,1.0,6.0,4.0,12.0,2.0,0.0,0,1658.85
1688,2021-01-13,2020-21,Tottenham,Fulham,1,1.0,1.0,15.0,15.0,6.0,4.0,6.0,13.0,1.0,0.0,1,1846.27
1688,2021-01-13,2020-21,Fulham,Tottenham,0,1.0,1.0,15.0,15.0,4.0,6.0,5.0,15.0,2.0,0.0,1,1605.75
1689,2021-01-14,2020-21,Arsenal,Crystal Palace,1,0.0,0.0,11.0,12.0,4.0,2.0,7.0,10.0,1.0,0.0,1,1795.33
1689,2021-01-14,2020-21,Crystal Palace,Arsenal,0,0.0,0.0,12.0,11.0,2.0,4.0,3.0,11.0,1.0,0.0,1,1687.11
1690,2021-01-16,2020-21,Fulham,Chelsea,1,0.0,1.0,10.0,21.0,3.0,6.0,1.0,11.0,2.0,1.0,0,1612.45
1690,2021-01-16,2020-21,Chelsea,Fulham,0,1.0,0.0,21.0,10.0,6.0,3.0,12.0,10.0,3.0,0.0,3,1843.69
1691,2021-01-16,2020-21,Leicester,Southampton,1,2.0,0.0,16.0,8.0,5.0,3.0,2.0,10.0,2.0,0.0,3,1805.64
1691,2021-01-16,2020-21,Southampton,Leicester,0,0.0,2.0,8.0,16.0,3.0,5.0,5.0,11.0,2.0,0.0,0,1774.94
1692,2021-01-16,2020-21,Wolves,West Brom,1,2.0,3.0,23.0,12.0,6.0,5.0,11.0,10.0,2.0,0.0,0,1758.83
1692,2021-01-16,2020-21,West Brom,Wolves,0,3.0,2.0,12.0,23.0,5.0,6.0,0.0,14.0,1.0,0.0,3,1557.89
1693,2021-01-16,2020-21,Leeds,Brighton,1,0.0,1.0,7.0,7.0,2.0,2.0,5.0,8.0,1.0,0.0,0,1681.71
1693,2021-01-16,2020-21,Brighton,Leeds,0,1.0,0.0,7.0,7.0,2.0,2.0,2.0,9.0,1.0,0.0,3,1659.26
1694,2021-01-16,2020-21,West Ham,Burnley,1,1.0,0.0,15.0,10.0,4.0,2.0,7.0,12.0,2.0,0.0,3,1745.33
1694,2021-01-16,2020-21,Burnley,West Ham,0,0.0,1.0,10.0,15.0,2.0,4.0,4.0,9.0,1.0,0.0,0,1708.13
1695,2021-01-17,2020-21,Man City,Crystal Palace,1,4.0,0.0,13.0,2.0,6.0,0.0,11.0,9.0,0.0,0.0,3,1973.87
1695,2021-01-17,2020-21,Crystal Palace,Man City,0,0.0,4.0,2.0,13.0,0.0,6.0,1.0,8.0,0.0,0.0,0,1698.8
1696,2021-01-17,2020-21,Sheffield United,Tottenham,1,1.0,3.0,15.0,14.0,5.0,5.0,5.0,13.0,4.0,0.0,0,1621.52
1696,2021-01-17,2020-21,Tottenham,Sheffield United,0,3.0,1.0,14.0,15.0,5.0,5.0,7.0,4.0,0.0,0.0,3,1845.58
1697,2021-01-17,2020-21,Liverpool,Man United,1,0.0,0.0,17.0,8.0,3.0,4.0,7.0,15.0,2.0,0.0,1,1957.86
1697,2021-01-17,2020-21,Man United,Liverpool,0,0.0,0.0,8.0,17.0,4.0,3.0,3.0,6.0,1.0,0.0,1,1881.65
1698,2021-01-18,2020-21,Arsenal,Newcastle,1,3.0,0.0,20.0,4.0,6.0,1.0,7.0,9.0,0.0,0.0,3,1798.69
1698,2021-01-18,2020-21,Newcastle,Arsenal,0,0.0,3.0,4.0,20.0,1.0,6.0,2.0,8.0,0.0,0.0,0,1677.92
1699,2021-01-19,2020-21,West Ham,West Brom,1,2.0,1.0,14.0,6.0,6.0,2.0,3.0,10.0,0.0,0.0,3,1745.33
1699,2021-01-19,2020-21,West Brom,West Ham,0,1.0,2.0,6.0,14.0,2.0,6.0,1.0,10.0,1.0,0.0,0,1557.89
1700,2021-01-19,2020-21,Leicester,Chelsea,1,2.0,0.0,8.0,9.0,6.0,5.0,6.0,7.0,1.0,0.0,3,1805.64
1700,2021-01-19,2020-21,Chelsea,Leicester,0,0.0,2.0,9.0,8.0,5.0,6.0,3.0,16.0,3.0,0.0,0,1843.69
1701,2021-01-20,2020-21,Man City,Aston Villa,1,2.0,0.0,28.0,11.0,9.0,4.0,16.0,10.0,0.0,0.0,3,1973.87
1701,2021-01-20,2020-21,Aston Villa,Man City,0,0.0,2.0,11.0,28.0,4.0,9.0,2.0,9.0,2.0,0.0,0,1716.9
1702,2021-01-20,2020-21,Fulham,Man United,1,1.0,2.0,12.0,15.0,5.0,5.0,2.0,6.0,3.0,0.0,0,1612.45
1702,2021-01-20,2020-21,Man United,Fulham,0,2.0,1.0,15.0,12.0,5.0,5.0,8.0,10.0,1.0,0.0,3,1881.65
1703,2021-01-21,2020-21,Liverpool,Burnley,1,0.0,1.0,27.0,6.0,6.0,4.0,12.0,11.0,2.0,0.0,0,1957.86
1703,2021-01-21,2020-21,Burnley,Liverpool,0,1.0,0.0,6.0,27.0,4.0,6.0,0.0,8.0,1.0,0.0,3,1708.13
1704,2021-01-23,2020-21,Aston Villa,Newcastle,1,2.0,0.0,14.0,7.0,5.0,1.0,5.0,9.0,0.0,0.0,3,1716.9
1704,2021-01-23,2020-21,Newcastle,Aston Villa,0,0.0,2.0,7.0,14.0,1.0,5.0,4.0,18.0,3.0,0.0,0,1677.92
1705,2021-01-26,2020-21,Crystal Palace,West Ham,1,2.0,3.0,6.0,17.0,3.0,7.0,3.0,9.0,0.0,0.0,0,1698.8
1705,2021-01-26,2020-21,West Ham,Crystal Palace,0,3.0,2.0,17.0,6.0,7.0,3.0,4.0,8.0,0.0,0.0,3,1745.33
1706,2021-01-26,2020-21,Newcastle,Leeds,1,1.0,2.0,22.0,9.0,5.0,2.0,9.0,10.0,1.0,0.0,0,1677.92
1706,2021-01-26,2020-21,Leeds,Newcastle,0,2.0,1.0,9.0,22.0,2.0,5.0,5.0,15.0,3.0,0.0,3,1681.71
1707,2021-01-26,2020-21,Southampton,Arsenal,1,1.0,3.0,13.0,9.0,5.0,5.0,4.0,11.0,1.0,0.0,0,1774.94
1707,2021-01-26,2020-21,Arsenal,Southampton,0,3.0,1.0,9.0,13.0,5.0,5.0,5.0,6.0,2.0,0.0,3,1798.69
1708,2021-01-26,2020-21,West Brom,Man City,1,0.0,5.0,4.0,18.0,1.0,7.0,3.0,8.0,2.0,0.0,0,1557.89
1708,2021-01-26,2020-21,Man City,West Brom,0,5.0,0.0,18.0,4.0,7.0,1.0,8.0,8.0,0.0,0.0,3,1973.87
1709,2021-01-27,2020-21,Everton,Leicester,1,1.0,1.0,8.0,19.0,2.0,6.0,5.0,12.0,1.0,0.0,1,1772.12
1709,2021-01-27,2020-21,Leicester,Everton,0,1.0,1.0,19.0,8.0,6.0,2.0,11.0,10.0,1.0,0.0,1,1805.64
1710,2021-01-27,2020-21,Chelsea,Wolves,1,0.0,0.0,14.0,4.0,5.0,0.0,13.0,14.0,1.0,0.0,1,1843.69
1710,2021-01-27,2020-21,Wolves,Chelsea,0,0.0,0.0,4.0,14.0,0.0,5.0,1.0,7.0,1.0,0.0,1,1758.83
1711,2021-01-27,2020-21,Burnley,Aston Villa,1,3.0,2.0,10.0,18.0,5.0,10.0,2.0,16.0,1.0,0.0,3,1708.13
1711,2021-01-27,2020-21,Aston Villa,Burnley,0,2.0,3.0,18.0,10.0,10.0,5.0,4.0,7.0,0.0,0.0,0,1716.9
1712,2021-01-27,2020-21,Brighton,Fulham,1,0.0,0.0,16.0,10.0,5.0,3.0,10.0,10.0,2.0,0.0,1,1659.26
1712,2021-01-27,2020-21,Fulham,Brighton,0,0.0,0.0,10.0,16.0,3.0,5.0,0.0,14.0,1.0,0.0,1,1612.45
1713,2021-01-27,2020-21,Man United,Sheffield United,1,1.0,2.0,16.0,5.0,4.0,3.0,7.0,10.0,1.0,0.0,0,1881.65
1713,2021-01-27,2020-21,Sheffield United,Man United,0,2.0,1.0,5.0,16.0,3.0,4.0,2.0,12.0,1.0,0.0,3,1621.52
1714,2021-01-28,2020-21,Tottenham,Liverpool,1,1.0,3.0,3.0,14.0,2.0,7.0,1.0,9.0,1.0,0.0,0,1845.58
1714,2021-01-28,2020-21,Liverpool,Tottenham,0,3.0,1.0,14.0,3.0,7.0,2.0,2.0,11.0,2.0,0.0,3,1957.86
1715,2021-01-30,2020-21,Arsenal,Man United,1,0.0,0.0,17.0,14.0,3.0,3.0,4.0,9.0,1.0,0.0,1,1798.69
1715,2021-01-30,2020-21,Man United,Arsenal,0,0.0,0.0,14.0,17.0,3.0,3.0,7.0,16.0,3.0,0.0,1,1881.65
1716,2021-01-30,2020-21,Southampton,Aston Villa,1,0.0,1.0,20.0,8.0,5.0,4.0,7.0,12.0,1.0,0.0,0,1774.94
1716,2021-01-30,2020-21,Aston Villa,Southampton,0,1.0,0.0,8.0,20.0,4.0,5.0,1.0,11.0,0.0,0.0,3,1716.9
1717,2021-01-30,2020-21,Everton,Newcastle,1,0.0,2.0,11.0,13.0,3.0,3.0,7.0,13.0,3.0,0.0,0,1772.12
1717,2021-01-30,2020-21,Newcastle,Everton,0,2.0,0.0,13.0,11.0,3.0,3.0,12.0,6.0,4.0,0.0,3,1677.92
1718,2021-01-30,2020-21,Crystal Palace,Wolves,1,1.0,0.0,11.0,6.0,2.0,4.0,1.0,7.0,1.0,0.0,3,1698.8
1718,2021-01-30,2020-21,Wolves,Crystal Palace,0,0.0,1.0,6.0,11.0,4.0,2.0,6.0,10.0,2.0,0.0,0,1758.83
1719,2021-01-30,2020-21,Man City,Sheffield United,1,1.0,0.0,10.0,4.0,5.0,1.0,10.0,7.0,0.0,0.0,3,1973.87
1719,2021-01-30,2020-21,Sheffield United,Man City,0,0.0,1.0,4.0,10.0,1.0,5.0,0.0,10.0,3.0,0.0,0,1621.52
1720,2021-01-30,2020-21,West Brom,Fulham,1,2.0,2.0,5.0,12.0,3.0,7.0,2.0,9.0,1.0,0.0,1,1557.89
1720,2021-01-30,2020-21,Fulham,West Brom,0,2.0,2.0,12.0,5.0,7.0,3.0,3.0,10.0,0.0,0.0,1,1612.45
1721,2021-01-31,2020-21,Chelsea,Burnley,1,2.0,0.0,19.0,1.0,8.0,0.0,4.0,7.0,0.0,0.0,3,1843.69
1721,2021-01-31,2020-21,Burnley,Chelsea,0,0.0,2.0,1.0,19.0,0.0,8.0,2.0,9.0,1.0,0.0,0,1708.13
1722,2021-01-31,2020-21,Leicester,Leeds,1,1.0,3.0,18.0,8.0,8.0,7.0,6.0,17.0,0.0,0.0,0,1805.64
1722,2021-01-31,2020-21,Leeds,Leicester,0,3.0,1.0,8.0,18.0,7.0,8.0,4.0,16.0,3.0,0.0,3,1681.71
1723,2021-01-31,2020-21,West Ham,Liverpool,1,1.0,3.0,8.0,14.0,2.0,5.0,6.0,7.0,2.0,0.0,0,1745.33
1723,2021-01-31,2020-21,Liverpool,West Ham,0,3.0,1.0,14.0,8.0,5.0,2.0,5.0,8.0,0.0,0.0,3,1957.86
1724,2021-01-31,2020-21,Brighton,Tottenham,1,1.0,0.0,16.0,8.0,5.0,4.0,9.0,11.0,2.0,0.0,3,1659.26
1724,2021-01-31,2020-21,Tottenham,Brighton,0,0.0,1.0,8.0,16.0,4.0,5.0,2.0,11.0,1.0,0.0,0,1845.58
1725,2021-02-02,2020-21,Sheffield United,West Brom,1,2.0,1.0,14.0,8.0,6.0,4.0,9.0,11.0,2.0,0.0,3,1629.71
1725,2021-02-02,2020-21,West Brom,Sheffield United,0,1.0,2.0,8.0,14.0,4.0,6.0,2.0,9.0,1.0,0.0,0,1565.8
1726,2021-02-02,2020-21,Wolves,Arsenal,1,2.0,1.0,11.0,9.0,7.0,3.0,9.0,11.0,3.0,0.0,3,1739.54
1726,2021-02-02,2020-21,Arsenal,Wolves,0,1.0,2.0,9.0,11.0,3.0,7.0,6.0,8.0,2.0,2.0,0,1818.13
1727,2021-02-02,2020-21,Man United,Southampton,1,9.0,0.0,24.0,3.0,14.0,1.0,5.0,11.0,2.0,0.0,3,1871.97
1727,2021-02-02,2020-21,Southampton,Man United,0,0.0,9.0,3.0,24.0,1.0,14.0,3.0,6.0,3.0,2.0,0,1745.28
1728,2021-02-02,2020-21,Newcastle,Crystal Palace,1,1.0,2.0,21.0,6.0,5.0,3.0,9.0,14.0,1.0,0.0,0,1669.76
1728,2021-02-02,2020-21,Crystal Palace,Newcastle,0,2.0,1.0,6.0,21.0,3.0,5.0,1.0,11.0,3.0,0.0,3,1696.49
1729,2021-02-03,2020-21,Burnley,Man City,1,0.0,2.0,2.0,17.0,0.0,6.0,1.0,8.0,2.0,0.0,0,1717.27
1729,2021-02-03,2020-21,Man City,Burnley,0,2.0,0.0,17.0,2.0,6.0,0.0,3.0,5.0,1.0,0.0,3,1985.09
1730,2021-02-03,2020-21,Fulham,Leicester,1,0.0,2.0,8.0,9.0,1.0,5.0,5.0,17.0,3.0,0.0,0,1608.27
1730,2021-02-03,2020-21,Leicester,Fulham,0,2.0,0.0,9.0,8.0,5.0,1.0,2.0,10.0,1.0,0.0,3,1808.24
1731,2021-02-03,2020-21,Leeds,Everton,1,1.0,2.0,16.0,10.0,7.0,6.0,7.0,12.0,2.0,0.0,0,1697.79
1731,2021-02-03,2020-21,Everton,Leeds,0,2.0,1.0,10.0,16.0,6.0,7.0,1.0,12.0,3.0,0.0,3,1756.05
1732,2021-02-03,2020-21,Aston Villa,West Ham,1,1.0,3.0,9.0,20.0,2.0,10.0,7.0,11.0,1.0,0.0,0,1724.78
1732,2021-02-03,2020-21,West Ham,Aston Villa,0,3.0,1.0,20.0,9.0,10.0,2.0,3.0,15.0,1.0,0.0,3,1756.22
1733,2021-02-03,2020-21,Liverpool,Brighton,1,0.0,1.0,11.0,13.0,1.0,4.0,6.0,12.0,1.0,0.0,0,1955.27
1733,2021-02-03,2020-21,Brighton,Liverpool,0,1.0,0.0,13.0,11.0,4.0,1.0,3.0,6.0,0.0,0.0,3,1677.98
1734,2021-02-04,2020-21,Tottenham,Chelsea,1,0.0,1.0,7.0,18.0,2.0,2.0,2.0,20.0,2.0,0.0,0,1829.83
1734,2021-02-04,2020-21,Chelsea,Tottenham,0,1.0,0.0,18.0,7.0,2.0,2.0,7.0,14.0,3.0,0.0,3,1839.28
1735,2021-02-06,2020-21,Aston Villa,Arsenal,1,1.0,0.0,12.0,14.0,8.0,3.0,3.0,12.0,3.0,0.0,3,1724.78
1735,2021-02-06,2020-21,Arsenal,Aston Villa,0,0.0,1.0,14.0,12.0,3.0,8.0,7.0,12.0,2.0,0.0,0,1818.13
1736,2021-02-06,2020-21,Burnley,Brighton,1,1.0,1.0,20.0,10.0,7.0,2.0,8.0,8.0,2.0,0.0,1,1717.27
1736,2021-02-06,2020-21,Brighton,Burnley,0,1.0,1.0,10.0,20.0,2.0,7.0,7.0,10.0,0.0,0.0,1,1677.98
1737,2021-02-06,2020-21,Newcastle,Southampton,1,3.0,2.0,6.0,14.0,4.0,5.0,0.0,11.0,2.0,1.0,3,1669.76
1737,2021-02-06,2020-21,Southampton,Newcastle,0,2.0,3.0,14.0,6.0,5.0,4.0,7.0,14.0,1.0,0.0,0,1745.28
1738,2021-02-06,2020-21,Fulham,West Ham,1,0.0,0.0,20.0,8.0,2.0,1.0,7.0,11.0,1.0,0.0,1,1608.27
1738,2021-02-06,2020-21,West Ham,Fulham,0,0.0,0.0,8.0,20.0,1.0,2.0,3.0,10.0,2.0,1.0,1,1756.22
1739,2021-02-06,2020-21,Man United,Everton,1,3.0,3.0,14.0,6.0,5.0,3.0,5.0,14.0,2.0,0.0,1,1871.97
1739,2021-02-06,2020-21,Everton,Man United,0,3.0,3.0,6.0,14.0,3.0,5.0,1.0,10.0,1.0,0.0,1,1756.05
1740,2021-02-07,2020-21,Tottenham,West Brom,1,2.0,0.0,13.0,4.0,6.0,1.0,8.0,16.0,1.0,0.0,3,1829.83
1740,2021-02-07,2020-21,West Brom,Tottenham,0,0.0,2.0,4.0,13.0,1.0,6.0,0.0,12.0,2.0,0.0,0,1565.8
1741,2021-02-07,2020-21,Wolves,Leicester,1,0.0,0.0,13.0,13.0,1.0,3.0,8.0,11.0,1.0,0.0,1,1739.54
1741,2021-02-07,2020-21,Leicester,Wolves,0,0.0,0.0,13.0,13.0,3.0,1.0,2.0,15.0,3.0,0.0,1,1808.24
1742,2021-02-07,2020-21,Liverpool,Man City,1,1.0,4.0,8.0,8.0,3.0,5.0,6.0,13.0,2.0,0.0,0,1955.27
1742,2021-02-07,2020-21,Man City,Liverpool,0,4.0,1.0,8.0,8.0,5.0,3.0,1.0,8.0,1.0,0.0,3,1985.09
1743,2021-02-07,2020-21,Sheffield United,Chelsea,1,1.0,2.0,8.0,9.0,3.0,3.0,1.0,8.0,1.0,0.0,0,1629.71
1743,2021-02-07,2020-21,Chelsea,Sheffield United,0,2.0,1.0,9.0,8.0,3.0,3.0,8.0,8.0,0.0,0.0,3,1839.28
1744,2021-02-08,2020-21,Leeds,Crystal Palace,1,2.0,0.0,17.0,8.0,7.0,3.0,5.0,7.0,0.0,0.0,3,1697.79
1744,2021-02-08,2020-21,Crystal Palace,Leeds,0,0.0,2.0,8.0,17.0,3.0,7.0,3.0,8.0,2.0,0.0,0,1696.49
1745,2021-02-13,2020-21,Leicester,Liverpool,1,3.0,1.0,11.0,15.0,6.0,4.0,2.0,9.0,1.0,0.0,3,1808.24
1745,2021-02-13,2020-21,Liverpool,Leicester,0,1.0,3.0,15.0,11.0,4.0,6.0,12.0,6.0,2.0,0.0,0,1955.27
1746,2021-02-13,2020-21,Crystal Palace,Burnley,1,0.0,3.0,13.0,16.0,3.0,4.0,7.0,15.0,0.0,0.0,0,1696.49
1746,2021-02-13,2020-21,Burnley,Crystal Palace,0,3.0,0.0,16.0,13.0,4.0,3.0,4.0,14.0,0.0,0.0,3,1717.27
1747,2021-02-13,2020-21,Man City,Tottenham,1,3.0,0.0,15.0,7.0,6.0,3.0,4.0,12.0,1.0,0.0,3,1985.09
1747,2021-02-13,2020-21,Tottenham,Man City,0,0.0,3.0,7.0,15.0,3.0,6.0,2.0,13.0,3.0,0.0,0,1829.83
1748,2021-02-13,2020-21,Brighton,Aston Villa,1,0.0,0.0,26.0,4.0,9.0,1.0,9.0,16.0,2.0,0.0,1,1677.98
1748,2021-02-13,2020-21,Aston Villa,Brighton,0,0.0,0.0,4.0,26.0,1.0,9.0,2.0,12.0,3.0,0.0,1,1724.78
1749,2021-02-14,2020-21,Southampton,Wolves,1,1.0,2.0,7.0,10.0,3.0,4.0,4.0,10.0,2.0,0.0,0,1745.28
1749,2021-02-14,2020-21,Wolves,Southampton,0,2.0,1.0,10.0,7.0,4.0,3.0,6.0,9.0,2.0,0.0,3,1739.54
1750,2021-02-14,2020-21,West Brom,Man United,1,1.0,1.0,7.0,10.0,3.0,7.0,4.0,13.0,5.0,0.0,1,1565.8
1750,2021-02-14,2020-21,Man United,West Brom,0,1.0,1.0,10.0,7.0,7.0,3.0,5.0,10.0,0.0,0.0,1,1871.97
1751,2021-02-14,2020-21,Arsenal,Leeds,1,4.0,2.0,13.0,9.0,5.0,5.0,4.0,8.0,0.0,0.0,3,1818.13
1751,2021-02-14,2020-21,Leeds,Arsenal,0,2.0,4.0,9.0,13.0,5.0,5.0,5.0,17.0,2.0,0.0,0,1697.79
1752,2021-02-14,2020-21,Everton,Fulham,1,0.0,2.0,7.0,12.0,2.0,3.0,5.0,7.0,1.0,0.0,0,1756.05
1752,2021-02-14,2020-21,Fulham,Everton,0,2.0,0.0,12.0,7.0,3.0,2.0,4.0,16.0,1.0,0.0,3,1608.27
1753,2021-02-15,2020-21,West Ham,Sheffield United,1,3.0,0.0,13.0,8.0,9.0,5.0,7.0,11.0,0.0,0.0,3,1763.46
1753,2021-02-15,2020-21,Sheffield United,West Ham,0,0.0,3.0,8.0,13.0,5.0,9.0,7.0,12.0,2.0,0.0,0,1631.75
1754,2021-02-15,2020-21,Chelsea,Newcastle,1,2.0,0.0,18.0,10.0,5.0,4.0,10.0,9.0,0.0,0.0,3,1851.41
1754,2021-02-15,2020-21,Newcastle,Chelsea,0,0.0,2.0,10.0,18.0,4.0,5.0,5.0,13.0,0.0,0.0,0,1670.91
1755,2021-02-17,2020-21,Burnley,Fulham,1,1.0,1.0,8.0,8.0,3.0,3.0,5.0,7.0,1.0,0.0,1,1726.47
1755,2021-02-17,2020-21,Fulham,Burnley,0,1.0,1.0,8.0,8.0,3.0,3.0,5.0,13.0,1.0,0.0,1,1624.33
1756,2021-02-17,2020-21,Everton,Man City,1,1.0,3.0,3.0,16.0,2.0,7.0,0.0,8.0,2.0,0.0,0,1749.36
1756,2021-02-17,2020-21,Man City,Everton,0,3.0,1.0,16.0,3.0,7.0,2.0,10.0,8.0,1.0,0.0,3,2008.04
1757,2021-02-19,2020-21,Wolves,Leeds,1,1.0,0.0,15.0,18.0,5.0,7.0,7.0,13.0,1.0,0.0,3,1758.13
1757,2021-02-19,2020-21,Leeds,Wolves,0,0.0,1.0,18.0,15.0,7.0,5.0,9.0,8.0,0.0,0.0,0,1694.56
1758,2021-02-20,2020-21,Southampton,Chelsea,1,1.0,1.0,4.0,9.0,1.0,3.0,3.0,10.0,1.0,0.0,1,1714.8
1758,2021-02-20,2020-21,Chelsea,Southampton,0,1.0,1.0,9.0,4.0,3.0,1.0,6.0,10.0,1.0,0.0,1,1851.41
1759,2021-02-20,2020-21,Burnley,West Brom,1,0.0,0.0,6.0,10.0,1.0,3.0,5.0,16.0,3.0,0.0,1,1726.47
1759,2021-02-20,2020-21,West Brom,Burnley,0,0.0,0.0,10.0,6.0,3.0,1.0,5.0,10.0,0.0,1.0,1,1563.86
1760,2021-02-20,2020-21,Liverpool,Everton,1,0.0,2.0,15.0,9.0,6.0,6.0,7.0,10.0,2.0,0.0,0,1912.95
1760,2021-02-20,2020-21,Everton,Liverpool,0,2.0,0.0,9.0,15.0,6.0,6.0,2.0,10.0,1.0,0.0,3,1749.36
1761,2021-02-20,2020-21,Fulham,Sheffield United,1,1.0,0.0,15.0,4.0,7.0,2.0,6.0,11.0,1.0,0.0,3,1624.33
1761,2021-02-20,2020-21,Sheffield United,Fulham,0,0.0,1.0,4.0,15.0,2.0,7.0,4.0,14.0,2.0,0.0,0,1631.75
1762,2021-02-21,2020-21,West Ham,Tottenham,1,2.0,1.0,4.0,20.0,4.0,4.0,5.0,14.0,4.0,0.0,3,1763.46
1762,2021-02-21,2020-21,Tottenham,West Ham,0,1.0,2.0,20.0,4.0,4.0,4.0,7.0,7.0,3.0,0.0,0,1818.59
1763,2021-02-21,2020-21,Aston Villa,Leicester,1,1.0,2.0,11.0,16.0,2.0,7.0,7.0,11.0,2.0,0.0,0,1723.39
1763,2021-02-21,2020-21,Leicester,Aston Villa,0,2.0,1.0,16.0,11.0,7.0,2.0,8.0,12.0,1.0,0.0,3,1827.35
1764,2021-02-21,2020-21,Arsenal,Man City,1,0.0,1.0,7.0,15.0,1.0,3.0,1.0,11.0,2.0,0.0,0,1805.93
1764,2021-02-21,2020-21,Man City,Arsenal,0,1.0,0.0,15.0,7.0,3.0,1.0,3.0,9.0,2.0,0.0,3,2008.04
1765,2021-02-21,2020-21,Man United,Newcastle,1,3.0,1.0,15.0,10.0,7.0,6.0,6.0,9.0,1.0,0.0,3,1874.21
1765,2021-02-21,2020-21,Newcastle,Man United,0,1.0,3.0,10.0,15.0,6.0,7.0,4.0,11.0,2.0,0.0,0,1670.91
1766,2021-02-22,2020-21,Brighton,Crystal Palace,1,1.0,2.0,25.0,3.0,5.0,2.0,13.0,11.0,2.0,0.0,0,1694.3
1766,2021-02-22,2020-21,Crystal Palace,Brighton,0,2.0,1.0,3.0,25.0,2.0,5.0,0.0,6.0,0.0,0.0,3,1678.95
1767,2021-02-23,2020-21,Leeds,Southampton,1,3.0,0.0,11.0,13.0,7.0,5.0,2.0,11.0,1.0,0.0,3,1694.56
1767,2021-02-23,2020-21,Southampton,Leeds,0,0.0,3.0,13.0,11.0,5.0,7.0,4.0,13.0,2.0,0.0,0,1714.8
1768,2021-02-27,2020-21,West Brom,Brighton,1,1.0,0.0,6.0,15.0,2.0,6.0,7.0,11.0,0.0,0.0,3,1563.86
1768,2021-02-27,2020-21,Brighton,West Brom,0,0.0,1.0,15.0,6.0,6.0,2.0,4.0,12.0,0.0,0.0,0,1694.3
1769,2021-02-27,2020-21,Man City,West Ham,1,2.0,1.0,10.0,9.0,3.0,3.0,4.0,8.0,1.0,0.0,3,2008.04
1769,2021-02-27,2020-21,West Ham,Man City,0,1.0,2.0,9.0,10.0,3.0,3.0,2.0,11.0,1.0,0.0,0,1763.46
1770,2021-02-27,2020-21,Newcastle,Wolves,1,1.0,1.0,19.0,14.0,7.0,4.0,3.0,11.0,2.0,0.0,1,1670.91
1770,2021-02-27,2020-21,Wolves,Newcastle,0,1.0,1.0,14.0,19.0,4.0,7.0,5.0,13.0,0.0,0.0,1,1758.13
1771,2021-02-27,2020-21,Leeds,Aston Villa,1,0.0,1.0,13.0,9.0,3.0,4.0,7.0,14.0,3.0,0.0,0,1694.56
1771,2021-02-27,2020-21,Aston Villa,Leeds,0,1.0,0.0,9.0,13.0,4.0,3.0,5.0,14.0,2.0,0.0,3,1723.39
1772,2021-02-28,2020-21,Crystal Palace,Fulham,1,0.0,0.0,3.0,16.0,0.0,4.0,1.0,10.0,1.0,0.0,1,1678.95
1772,2021-02-28,2020-21,Fulham,Crystal Palace,0,0.0,0.0,16.0,3.0,4.0,0.0,3.0,14.0,1.0,0.0,1,1624.33
1773,2021-02-28,2020-21,Leicester,Arsenal,1,1.0,3.0,8.0,12.0,3.0,4.0,2.0,15.0,2.0,0.0,0,1827.35
1773,2021-02-28,2020-21,Arsenal,Leicester,0,3.0,1.0,12.0,8.0,4.0,3.0,7.0,3.0,1.0,0.0,3,1805.93
1774,2021-02-28,2020-21,Tottenham,Burnley,1,4.0,0.0,16.0,10.0,7.0,3.0,3.0,6.0,0.0,0.0,3,1818.59
1774,2021-02-28,2020-21,Burnley,Tottenham,0,0.0,4.0,10.0,16.0,3.0,7.0,4.0,10.0,0.0,0.0,0,1726.47
1775,2021-02-28,2020-21,Chelsea,Man United,1,0.0,0.0,18.0,11.0,6.0,4.0,3.0,11.0,1.0,0.0,1,1851.41
1775,2021-02-28,2020-21,Man United,Chelsea,0,0.0,0.0,11.0,18.0,4.0,6.0,4.0,12.0,2.0,0.0,1,1874.21
1776,2021-02-28,2020-21,Sheffield United,Liverpool,1,0.0,2.0,8.0,16.0,2.0,8.0,4.0,9.0,0.0,0.0,0,1631.75
1776,2021-02-28,2020-21,Liverpool,Sheffield United,0,2.0,0.0,16.0,8.0,8.0,2.0,3.0,9.0,0.0,0.0,3,1912.95
1777,2021-03-01,2020-21,Everton,Southampton,1,1.0,0.0,7.0,9.0,1.0,1.0,4.0,13.0,0.0,0.0,3,1770.33
1777,2021-03-01,2020-21,Southampton,Everton,0,0.0,1.0,9.0,7.0,1.0,1.0,10.0,9.0,2.0,0.0,0,1710.75
1778,2021-03-02,2020-21,Man City,Wolves,1,4.0,1.0,22.0,6.0,10.0,1.0,10.0,9.0,0.0,0.0,3,2028.57
1778,2021-03-02,2020-21,Wolves,Man City,0,1.0,4.0,6.0,22.0,1.0,10.0,2.0,5.0,1.0,0.0,0,1768.55
1779,2021-03-03,2020-21,Burnley,Leicester,1,1.0,1.0,12.0,15.0,7.0,4.0,5.0,6.0,0.0,0.0,1,1714.81
1779,2021-03-03,2020-21,Leicester,Burnley,0,1.0,1.0,15.0,12.0,4.0,7.0,8.0,12.0,2.0,0.0,1,1803.04
1780,2021-03-03,2020-21,Sheffield United,Aston Villa,1,1.0,0.0,9.0,16.0,2.0,4.0,2.0,13.0,1.0,1.0,3,1619.52
1780,2021-03-03,2020-21,Aston Villa,Sheffield United,0,0.0,1.0,16.0,9.0,4.0,2.0,7.0,6.0,0.0,0.0,0,1732.35
1781,2021-03-03,2020-21,Crystal Palace,Man United,1,0.0,0.0,8.0,11.0,2.0,1.0,4.0,4.0,1.0,0.0,1,1692.6
1781,2021-03-03,2020-21,Man United,Crystal Palace,0,0.0,0.0,11.0,8.0,1.0,2.0,6.0,13.0,0.0,0.0,1,1895.59
1782,2021-03-04,2020-21,Fulham,Tottenham,1,0.0,1.0,11.0,9.0,3.0,2.0,4.0,13.0,2.0,0.0,0,1644.29
1782,2021-03-04,2020-21,Tottenham,Fulham,0,1.0,0.0,9.0,11.0,2.0,3.0,1.0,9.0,1.0,0.0,3,1831.44
1783,2021-03-04,2020-21,West Brom,Everton,1,0.0,1.0,11.0,11.0,3.0,3.0,3.0,9.0,3.0,0.0,0,1585.82
1783,2021-03-04,2020-21,Everton,West Brom,0,1.0,0.0,11.0,11.0,3.0,3.0,3.0,7.0,1.0,0.0,3,1770.33
1784,2021-03-04,2020-21,Liverpool,Chelsea,1,0.0,1.0,7.0,11.0,1.0,5.0,5.0,9.0,0.0,0.0,0,1916.54
1784,2021-03-04,2020-21,Chelsea,Liverpool,0,1.0,0.0,11.0,7.0,5.0,1.0,2.0,8.0,0.0,0.0,3,1868.27
1785,2021-03-06,2020-21,Sheffield United,Southampton,1,0.0,2.0,8.0,15.0,2.0,5.0,7.0,17.0,4.0,0.0,0,1619.52
1785,2021-03-06,2020-21,Southampton,Sheffield United,0,2.0,0.0,15.0,8.0,5.0,2.0,3.0,11.0,3.0,0.0,3,1710.75
1786,2021-03-06,2020-21,Burnley,Arsenal,1,1.0,1.0,9.0,15.0,5.0,3.0,2.0,5.0,1.0,0.0,1,1714.81
1786,2021-03-06,2020-21,Arsenal,Burnley,0,1.0,1.0,15.0,9.0,3.0,5.0,4.0,12.0,1.0,0.0,1,1827.84
1787,2021-03-06,2020-21,Brighton,Leicester,1,1.0,2.0,7.0,8.0,2.0,4.0,6.0,14.0,0.0,0.0,0,1681.25
1787,2021-03-06,2020-21,Leicester,Brighton,0,2.0,1.0,8.0,7.0,4.0,2.0,6.0,8.0,1.0,0.0,3,1803.04
1788,2021-03-06,2020-21,Aston Villa,Wolves,1,0.0,0.0,9.0,10.0,1.0,2.0,5.0,13.0,1.0,0.0,1,1732.35
1788,2021-03-06,2020-21,Wolves,Aston Villa,0,0.0,0.0,10.0,9.0,2.0,1.0,3.0,13.0,0.0,0.0,1,1768.55
1789,2021-03-07,2020-21,West Brom,Newcastle,1,0.0,0.0,13.0,9.0,3.0,5.0,9.0,11.0,0.0,0.0,1,1585.82
1789,2021-03-07,2020-21,Newcastle,West Brom,0,0.0,0.0,9.0,13.0,5.0,3.0,7.0,10.0,0.0,0.0,1,1670.96
1790,2021-03-07,2020-21,Liverpool,Fulham,1,0.0,1.0,16.0,10.0,3.0,3.0,9.0,10.0,2.0,0.0,0,1916.54
1790,2021-03-07,2020-21,Fulham,Liverpool,0,1.0,0.0,10.0,16.0,3.0,3.0,4.0,8.0,3.0,0.0,3,1644.29
1791,2021-03-07,2020-21,Man City,Man United,1,0.0,2.0,23.0,8.0,6.0,6.0,6.0,9.0,0.0,0.0,0,2028.57
1791,2021-03-07,2020-21,Man United,Man City,0,2.0,0.0,8.0,23.0,6.0,6.0,2.0,12.0,3.0,0.0,3,1895.59
1792,2021-03-07,2020-21,Tottenham,Crystal Palace,1,4.0,1.0,12.0,5.0,5.0,1.0,1.0,8.0,2.0,0.0,3,1831.44
1792,2021-03-07,2020-21,Crystal Palace,Tottenham,0,1.0,4.0,5.0,12.0,1.0,5.0,5.0,17.0,3.0,0.0,0,1692.6
1793,2021-03-08,2020-21,Chelsea,Everton,1,2.0,0.0,19.0,7.0,9.0,1.0,7.0,11.0,0.0,0.0,3,1868.27
1793,2021-03-08,2020-21,Everton,Chelsea,0,0.0,2.0,7.0,19.0,1.0,9.0,3.0,12.0,3.0,0.0,0,1770.33
1794,2021-03-08,2020-21,West Ham,Leeds,1,2.0,0.0,16.0,17.0,5.0,2.0,6.0,9.0,1.0,0.0,3,1783.98
1794,2021-03-08,2020-21,Leeds,West Ham,0,0.0,2.0,17.0,16.0,2.0,5.0,6.0,9.0,1.0,0.0,0,1701.06
1795,2021-03-10,2020-21,Man City,Southampton,1,5.0,2.0,17.0,11.0,10.0,6.0,5.0,6.0,1.0,0.0,3,2028.57
1795,2021-03-10,2020-21,Southampton,Man City,0,2.0,5.0,11.0,17.0,6.0,10.0,5.0,4.0,0.0,0.0,0,1710.75
1796,2021-03-12,2020-21,Newcastle,Aston Villa,1,1.0,1.0,12.0,15.0,3.0,6.0,2.0,10.0,2.0,0.0,1,1670.96
1796,2021-03-12,2020-21,Aston Villa,Newcastle,0,1.0,1.0,15.0,12.0,6.0,3.0,2.0,10.0,3.0,0.0,1,1732.35
1797,2021-03-13,2020-21,Leeds,Chelsea,1,0.0,0.0,7.0,15.0,4.0,8.0,8.0,16.0,3.0,0.0,1,1701.06
1797,2021-03-13,2020-21,Chelsea,Leeds,0,0.0,0.0,15.0,7.0,8.0,4.0,5.0,6.0,0.0,0.0,1,1868.27
1798,2021-03-13,2020-21,Crystal Palace,West Brom,1,1.0,0.0,6.0,12.0,4.0,1.0,3.0,16.0,3.0,0.0,3,1692.6
1798,2021-03-13,2020-21,West Brom,Crystal Palace,0,0.0,1.0,12.0,6.0,1.0,4.0,2.0,15.0,1.0,0.0,0,1585.82
1799,2021-03-13,2020-21,Everton,Burnley,1,1.0,2.0,14.0,14.0,4.0,5.0,7.0,9.0,0.0,0.0,0,1770.33
1799,2021-03-13,2020-21,Burnley,Everton,0,2.0,1.0,14.0,14.0,5.0,4.0,4.0,6.0,4.0,0.0,3,1714.81
1800,2021-03-13,2020-21,Fulham,Man City,1,0.0,3.0,3.0,8.0,0.0,7.0,4.0,14.0,0.0,0.0,0,1644.29
1800,2021-03-13,2020-21,Man City,Fulham,0,3.0,0.0,8.0,3.0,7.0,0.0,2.0,13.0,0.0,0.0,3,2028.57
1801,2021-03-14,2020-21,Leicester,Sheffield United,1,5.0,0.0,19.0,1.0,10.0,0.0,9.0,10.0,0.0,0.0,3,1803.04
1801,2021-03-14,2020-21,Sheffield United,Leicester,0,0.0,5.0,1.0,19.0,0.0,10.0,1.0,9.0,2.0,0.0,0,1619.52
1802,2021-03-14,2020-21,Southampton,Brighton,1,1.0,2.0,9.0,8.0,4.0,6.0,4.0,11.0,0.0,0.0,0,1710.75
1802,2021-03-14,2020-21,Brighton,Southampton,0,2.0,1.0,8.0,9.0,6.0,4.0,5.0,10.0,0.0,0.0,3,1681.25
1803,2021-03-14,2020-21,Man United,West Ham,1,1.0,0.0,15.0,7.0,4.0,0.0,6.0,12.0,4.0,0.0,3,1895.59
1803,2021-03-14,2020-21,West Ham,Man United,0,0.0,1.0,7.0,15.0,0.0,4.0,3.0,2.0,0.0,0.0,0,1783.98
1804,2021-03-14,2020-21,Arsenal,Tottenham,1,2.0,1.0,13.0,6.0,3.0,3.0,6.0,12.0,1.0,0.0,3,1827.84
1804,2021-03-14,2020-21,Tottenham,Arsenal,0,1.0,2.0,6.0,13.0,3.0,3.0,3.0,14.0,2.0,1.0,0,1831.44
1805,2021-03-15,2020-21,Wolves,Liverpool,1,0.0,1.0,10.0,12.0,5.0,4.0,3.0,17.0,2.0,0.0,0,1770.09
1805,2021-03-15,2020-21,Liverpool,Wolves,0,1.0,0.0,12.0,10.0,4.0,5.0,2.0,10.0,1.0,0.0,3,1905.02
1806,2021-03-19,2020-21,Fulham,Leeds,1,1.0,2.0,13.0,13.0,6.0,4.0,13.0,13.0,2.0,0.0,0,1657.53
1806,2021-03-19,2020-21,Leeds,Fulham,0,2.0,1.0,13.0,13.0,4.0,6.0,7.0,12.0,2.0,0.0,3,1703.84
1807,2021-03-20,2020-21,Brighton,Newcastle,1,3.0,0.0,11.0,3.0,6.0,1.0,3.0,12.0,0.0,0.0,3,1691.05
1807,2021-03-20,2020-21,Newcastle,Brighton,0,0.0,3.0,3.0,11.0,1.0,6.0,1.0,5.0,1.0,0.0,0,1675.72
1808,2021-03-21,2020-21,West Ham,Arsenal,1,3.0,3.0,15.0,16.0,5.0,7.0,3.0,18.0,3.0,0.0,1,1792.51
1808,2021-03-21,2020-21,Arsenal,West Ham,0,3.0,3.0,16.0,15.0,7.0,5.0,5.0,8.0,1.0,0.0,1,1846.93
1809,2021-03-21,2020-21,Aston Villa,Tottenham,1,0.0,2.0,8.0,9.0,1.0,3.0,5.0,18.0,3.0,0.0,0,1727.48
1809,2021-03-21,2020-21,Tottenham,Aston Villa,0,2.0,0.0,9.0,8.0,3.0,1.0,8.0,13.0,2.0,0.0,3,1846.67
1810,2021-04-03,2020-21,Leicester,Man City,1,0.0,2.0,5.0,11.0,2.0,4.0,1.0,13.0,2.0,0.0,0,1818.86
1810,2021-04-03,2020-21,Man City,Leicester,0,2.0,0.0,11.0,5.0,4.0,2.0,1.0,12.0,3.0,0.0,3,2026.04
1811,2021-04-03,2020-21,Arsenal,Liverpool,1,0.0,3.0,3.0,16.0,2.0,7.0,1.0,10.0,1.0,0.0,0,1841.8
1811,2021-04-03,2020-21,Liverpool,Arsenal,0,3.0,0.0,16.0,3.0,7.0,2.0,2.0,10.0,1.0,0.0,3,1908.83
1812,2021-04-03,2020-21,Chelsea,West Brom,1,2.0,5.0,18.0,14.0,8.0,7.0,10.0,11.0,1.0,1.0,0,1898.07
1812,2021-04-03,2020-21,West Brom,Chelsea,0,5.0,2.0,14.0,18.0,7.0,8.0,3.0,6.0,1.0,0.0,3,1582.69
1813,2021-04-03,2020-21,Leeds,Sheffield United,1,2.0,1.0,23.0,9.0,8.0,1.0,5.0,12.0,1.0,0.0,3,1709.89
1813,2021-04-03,2020-21,Sheffield United,Leeds,0,1.0,2.0,9.0,23.0,1.0,8.0,7.0,13.0,2.0,0.0,0,1616.64
1814,2021-04-04,2020-21,Newcastle,Tottenham,1,2.0,2.0,22.0,11.0,6.0,5.0,7.0,13.0,3.0,0.0,1,1661.96
1814,2021-04-04,2020-21,Tottenham,Newcastle,0,2.0,2.0,11.0,22.0,5.0,6.0,3.0,14.0,2.0,0.0,1,1829.95
1815,2021-04-04,2020-21,Southampton,Burnley,1,3.0,2.0,24.0,7.0,9.0,5.0,6.0,11.0,0.0,0.0,3,1706.3
1815,2021-04-04,2020-21,Burnley,Southampton,0,2.0,3.0,7.0,24.0,5.0,9.0,7.0,10.0,0.0,0.0,0,1733.34
1816,2021-04-04,2020-21,Man United,Brighton,1,2.0,1.0,15.0,5.0,7.0,3.0,5.0,14.0,2.0,0.0,3,1922.34
1816,2021-04-04,2020-21,Brighton,Man United,0,1.0,2.0,5.0,15.0,3.0,7.0,6.0,7.0,2.0,0.0,0,1701.61
1817,2021-04-04,2020-21,Aston Villa,Fulham,1,3.0,1.0,14.0,15.0,4.0,7.0,4.0,14.0,1.0,0.0,3,1717.05
1817,2021-04-04,2020-21,Fulham,Aston Villa,0,1.0,3.0,15.0,14.0,7.0,4.0,4.0,20.0,2.0,0.0,0,1648.29
1818,2021-04-05,2020-21,Everton,Crystal Palace,1,1.0,1.0,15.0,13.0,7.0,6.0,3.0,10.0,2.0,0.0,1,1767.01
1818,2021-04-05,2020-21,Crystal Palace,Everton,0,1.0,1.0,13.0,15.0,6.0,7.0,4.0,10.0,0.0,0.0,1,1699.05
1819,2021-04-05,2020-21,Wolves,West Ham,1,2.0,3.0,20.0,9.0,5.0,6.0,4.0,9.0,1.0,0.0,0,1763.08
1819,2021-04-05,2020-21,West Ham,Wolves,0,3.0,2.0,9.0,20.0,6.0,5.0,2.0,9.0,4.0,0.0,3,1791.64
1820,2021-04-09,2020-21,Fulham,Wolves,1,0.0,1.0,14.0,7.0,3.0,3.0,3.0,11.0,0.0,0.0,0,1648.29
1820,2021-04-09,2020-21,Wolves,Fulham,0,1.0,0.0,7.0,14.0,3.0,3.0,4.0,8.0,0.0,0.0,3,1763.08
1821,2021-04-10,2020-21,Man City,Leeds,1,1.0,2.0,29.0,2.0,7.0,2.0,9.0,12.0,3.0,0.0,0,2026.04
1821,2021-04-10,2020-21,Leeds,Man City,0,2.0,1.0,2.0,29.0,2.0,7.0,3.0,15.0,1.0,1.0,3,1709.89
1822,2021-04-10,2020-21,Liverpool,Aston Villa,1,2.0,1.0,23.0,9.0,10.0,5.0,7.0,16.0,2.0,0.0,3,1908.83
1822,2021-04-10,2020-21,Aston Villa,Liverpool,0,1.0,2.0,9.0,23.0,5.0,10.0,0.0,11.0,4.0,0.0,0,1717.05
1823,2021-04-10,2020-21,Crystal Palace,Chelsea,1,1.0,4.0,1.0,23.0,1.0,10.0,0.0,7.0,1.0,0.0,0,1699.05
1823,2021-04-10,2020-21,Chelsea,Crystal Palace,0,4.0,1.0,23.0,1.0,10.0,1.0,8.0,12.0,0.0,0.0,3,1898.07
1824,2021-04-11,2020-21,Burnley,Newcastle,1,1.0,2.0,24.0,10.0,4.0,5.0,13.0,11.0,1.0,0.0,0,1733.34
1824,2021-04-11,2020-21,Newcastle,Burnley,0,2.0,1.0,10.0,24.0,5.0,4.0,3.0,12.0,0.0,0.0,3,1661.96
1825,2021-04-11,2020-21,West Ham,Leicester,1,3.0,2.0,4.0,15.0,4.0,5.0,1.0,7.0,3.0,0.0,3,1791.64
1825,2021-04-11,2020-21,Leicester,West Ham,0,2.0,3.0,15.0,4.0,5.0,4.0,9.0,13.0,3.0,0.0,0,1818.86
1826,2021-04-11,2020-21,Tottenham,Man United,1,1.0,3.0,12.0,12.0,3.0,7.0,7.0,11.0,1.0,0.0,0,1829.95
1826,2021-04-11,2020-21,Man United,Tottenham,0,3.0,1.0,12.0,12.0,7.0,3.0,5.0,15.0,5.0,0.0,3,1922.34
1827,2021-04-11,2020-21,Sheffield United,Arsenal,1,0.0,3.0,7.0,14.0,2.0,5.0,2.0,9.0,1.0,0.0,0,1616.64
1827,2021-04-11,2020-21,Arsenal,Sheffield United,0,3.0,0.0,14.0,7.0,5.0,2.0,4.0,6.0,1.0,0.0,3,1841.8
1828,2021-04-12,2020-21,West Brom,Southampton,1,3.0,0.0,15.0,14.0,6.0,4.0,5.0,12.0,0.0,0.0,3,1582.69
1828,2021-04-12,2020-21,Southampton,West Brom,0,0.0,3.0,14.0,15.0,4.0,6.0,10.0,11.0,1.0,0.0,0,1706.3
1829,2021-04-12,2020-21,Brighton,Everton,1,0.0,0.0,23.0,8.0,3.0,1.0,10.0,12.0,1.0,0.0,1,1701.61
1829,2021-04-12,2020-21,Everton,Brighton,0,0.0,0.0,8.0,23.0,1.0,3.0,3.0,7.0,2.0,0.0,1,1767.01
1830,2021-04-16,2020-21,Everton,Tottenham,1,2.0,2.0,18.0,12.0,7.0,3.0,6.0,8.0,1.0,0.0,1,1762.54
1830,2021-04-16,2020-21,Tottenham,Everton,0,2.0,2.0,12.0,18.0,3.0,7.0,3.0,8.0,1.0,0.0,1,1817.02
1831,2021-04-17,2020-21,Newcastle,West Ham,1,3.0,2.0,16.0,16.0,8.0,6.0,3.0,9.0,2.0,0.0,3,1675.67
1831,2021-04-17,2020-21,West Ham,Newcastle,0,2.0,3.0,16.0,16.0,6.0,8.0,8.0,7.0,0.0,1.0,0,1806.78
1832,2021-04-17,2020-21,Wolves,Sheffield United,1,1.0,0.0,10.0,8.0,5.0,2.0,3.0,8.0,1.0,0.0,3,1760.35
1832,2021-04-17,2020-21,Sheffield United,Wolves,0,0.0,1.0,8.0,10.0,2.0,5.0,3.0,15.0,2.0,0.0,0,1604.47
1833,2021-04-18,2020-21,Arsenal,Fulham,1,1.0,1.0,18.0,3.0,5.0,1.0,11.0,9.0,0.0,0.0,1,1832.67
1833,2021-04-18,2020-21,Fulham,Arsenal,0,1.0,1.0,3.0,18.0,1.0,5.0,1.0,11.0,3.0,0.0,1,1633.59
1834,2021-04-18,2020-21,Man United,Burnley,1,3.0,1.0,17.0,10.0,9.0,3.0,8.0,9.0,1.0,0.0,3,1936.62
1834,2021-04-18,2020-21,Burnley,Man United,0,1.0,3.0,10.0,17.0,3.0,9.0,3.0,12.0,2.0,0.0,0,1714.1
1835,2021-04-19,2020-21,Leeds,Liverpool,1,1.0,1.0,12.0,17.0,5.0,7.0,10.0,17.0,2.0,0.0,1,1729.89
1835,2021-04-19,2020-21,Liverpool,Leeds,0,1.0,1.0,17.0,12.0,7.0,5.0,8.0,15.0,1.0,0.0,1,1909.68
1836,2021-04-20,2020-21,Chelsea,Brighton,1,0.0,0.0,7.0,11.0,4.0,2.0,0.0,8.0,2.0,0.0,1,1885.6
1836,2021-04-20,2020-21,Brighton,Chelsea,0,0.0,0.0,11.0,7.0,2.0,4.0,3.0,9.0,0.0,1.0,1,1699.36
1837,2021-04-21,2020-21,Tottenham,Southampton,1,2.0,1.0,12.0,10.0,3.0,5.0,5.0,10.0,2.0,0.0,3,1817.02
1837,2021-04-21,2020-21,Southampton,Tottenham,0,1.0,2.0,10.0,12.0,5.0,3.0,5.0,14.0,1.0,0.0,0,1696.38
1838,2021-04-21,2020-21,Aston Villa,Man City,1,1.0,2.0,8.0,13.0,3.0,3.0,1.0,12.0,0.0,1.0,0,1721.3
1838,2021-04-21,2020-21,Man City,Aston Villa,0,2.0,1.0,13.0,8.0,3.0,3.0,11.0,7.0,1.0,1.0,3,2019.04
1839,2021-04-22,2020-21,Leicester,West Brom,1,3.0,0.0,17.0,4.0,7.0,1.0,7.0,13.0,0.0,0.0,3,1805.15
1839,2021-04-22,2020-21,West Brom,Leicester,0,0.0,3.0,4.0,17.0,1.0,7.0,3.0,12.0,2.0,0.0,0,1626.66
1840,2021-04-23,2020-21,Arsenal,Everton,1,0.0,1.0,14.0,8.0,3.0,1.0,7.0,13.0,1.0,0.0,0,1832.67
1840,2021-04-23,2020-21,Everton,Arsenal,0,1.0,0.0,8.0,14.0,1.0,3.0,3.0,10.0,3.0,0.0,3,1762.54
1841,2021-04-24,2020-21,Liverpool,Newcastle,1,1.0,1.0,22.0,7.0,9.0,4.0,6.0,9.0,2.0,0.0,1,1909.68
1841,2021-04-24,2020-21,Newcastle,Liverpool,0,1.0,1.0,7.0,22.0,4.0,9.0,3.0,7.0,1.0,0.0,1,1675.67
1842,2021-04-24,2020-21,West Ham,Chelsea,1,0.0,1.0,9.0,17.0,2.0,6.0,4.0,9.0,0.0,1.0,0,1806.78
1842,2021-04-24,2020-21,Chelsea,West Ham,0,1.0,0.0,17.0,9.0,6.0,2.0,2.0,11.0,4.0,0.0,3,1885.6
1843,2021-04-24,2020-21,Sheffield United,Brighton,1,1.0,0.0,7.0,17.0,3.0,4.0,2.0,13.0,3.0,0.0,3,1604.47
1843,2021-04-24,2020-21,Brighton,Sheffield United,0,0.0,1.0,17.0,7.0,4.0,3.0,12.0,7.0,0.0,0.0,0,1699.36
1844,2021-04-25,2020-21,Wolves,Burnley,1,0.0,4.0,12.0,14.0,2.0,7.0,8.0,8.0,1.0,0.0,0,1760.35
1844,2021-04-25,2020-21,Burnley,Wolves,0,4.0,0.0,14.0,12.0,7.0,2.0,5.0,9.0,2.0,0.0,3,1714.1
1845,2021-04-25,2020-21,Leeds,Man United,1,0.0,0.0,6.0,16.0,3.0,4.0,2.0,21.0,4.0,0.0,1,1729.89
1845,2021-04-25,2020-21,Man United,Leeds,0,0.0,0.0,16.0,6.0,4.0,3.0,6.0,11.0,1.0,0.0,1,1936.62
1846,2021-04-25,2020-21,Aston Villa,West Brom,1,2.0,2.0,24.0,10.0,11.0,4.0,11.0,14.0,0.0,0.0,1,1721.3
1846,2021-04-25,2020-21,West Brom,Aston Villa,0,2.0,2.0,10.0,24.0,4.0,11.0,4.0,9.0,2.0,0.0,1,1626.66
1847,2021-04-26,2020-21,Leicester,Crystal Palace,1,2.0,1.0,13.0,4.0,5.0,2.0,7.0,13.0,0.0,0.0,3,1805.15
1847,2021-04-26,2020-21,Crystal Palace,Leicester,0,1.0,2.0,4.0,13.0,2.0,5.0,2.0,12.0,1.0,0.0,0,1693.49
1848,2021-04-30,2020-21,Southampton,Leicester,1,1.0,1.0,5.0,23.0,3.0,9.0,0.0,9.0,1.0,1.0,1,1696.38
1848,2021-04-30,2020-21,Leicester,Southampton,0,1.0,1.0,23.0,5.0,9.0,3.0,10.0,13.0,0.0,0.0,1,1805.15
1849,2021-05-01,2020-21,Crystal Palace,Man City,1,0.0,2.0,9.0,20.0,4.0,3.0,2.0,9.0,2.0,0.0,0,1696.73
1849,2021-05-01,2020-21,Man City,Crystal Palace,0,2.0,0.0,20.0,9.0,3.0,4.0,6.0,10.0,0.0,0.0,3,2033.76
1850,2021-05-01,2020-21,Brighton,Leeds,1,2.0,0.0,17.0,11.0,5.0,2.0,2.0,17.0,1.0,0.0,3,1702.3
1850,2021-05-01,2020-21,Leeds,Brighton,0,0.0,2.0,11.0,17.0,2.0,5.0,9.0,6.0,1.0,0.0,0,1746.88
1851,2021-05-01,2020-21,Chelsea,Fulham,1,2.0,0.0,9.0,10.0,5.0,3.0,1.0,15.0,1.0,0.0,3,1896.95
1851,2021-05-01,2020-21,Fulham,Chelsea,0,0.0,2.0,10.0,9.0,3.0,5.0,8.0,8.0,1.0,0.0,0,1647.52
1852,2021-05-01,2020-21,Everton,Aston Villa,1,1.0,2.0,16.0,13.0,3.0,5.0,3.0,10.0,0.0,0.0,0,1782.1
1852,2021-05-01,2020-21,Aston Villa,Everton,0,2.0,1.0,13.0,16.0,5.0,3.0,6.0,13.0,2.0,0.0,3,1723.48
1853,2021-05-02,2020-21,Newcastle,Arsenal,1,0.0,2.0,5.0,19.0,1.0,5.0,3.0,10.0,2.0,1.0,0,1700.34
1853,2021-05-02,2020-21,Arsenal,Newcastle,0,2.0,0.0,19.0,5.0,5.0,1.0,7.0,9.0,1.0,0.0,3,1835.24
1854,2021-05-02,2020-21,Tottenham,Sheffield United,1,4.0,0.0,20.0,8.0,11.0,1.0,6.0,8.0,1.0,0.0,3,1828.58
1854,2021-05-02,2020-21,Sheffield United,Tottenham,0,0.0,4.0,8.0,20.0,1.0,11.0,6.0,9.0,1.0,0.0,0,1618.85
1855,2021-05-03,2020-21,West Brom,Wolves,1,1.0,1.0,10.0,20.0,4.0,10.0,5.0,17.0,2.0,0.0,1,1631.94
1855,2021-05-03,2020-21,Wolves,West Brom,0,1.0,1.0,20.0,10.0,10.0,4.0,6.0,11.0,0.0,0.0,1,1751.57
1856,2021-05-03,2020-21,Burnley,West Ham,1,1.0,2.0,8.0,22.0,3.0,4.0,5.0,4.0,2.0,0.0,0,1738.77
1856,2021-05-03,2020-21,West Ham,Burnley,0,2.0,1.0,22.0,8.0,4.0,3.0,4.0,8.0,1.0,0.0,3,1797.58
1857,2021-05-07,2020-21,Leicester,Newcastle,1,2.0,4.0,25.0,14.0,9.0,6.0,9.0,12.0,1.0,0.0,0,1820.88
1857,2021-05-07,2020-21,Newcastle,Leicester,0,4.0,2.0,14.0,25.0,6.0,9.0,6.0,9.0,1.0,0.0,3,1700.34
1858,2021-05-08,2020-21,Sheffield United,Crystal Palace,1,0.0,2.0,7.0,21.0,0.0,8.0,5.0,11.0,1.0,0.0,0,1618.85
1858,2021-05-08,2020-21,Crystal Palace,Sheffield United,0,2.0,0.0,21.0,7.0,8.0,0.0,11.0,8.0,1.0,0.0,3,1696.73
1859,2021-05-08,2020-21,Leeds,Tottenham,1,3.0,1.0,16.0,11.0,7.0,3.0,8.0,12.0,1.0,0.0,3,1746.88
1859,2021-05-08,2020-21,Tottenham,Leeds,0,1.0,3.0,11.0,16.0,3.0,7.0,6.0,10.0,2.0,0.0,0,1828.58
1860,2021-05-08,2020-21,Liverpool,Southampton,1,2.0,0.0,14.0,12.0,6.0,6.0,8.0,10.0,0.0,0.0,3,1907.41
1860,2021-05-08,2020-21,Southampton,Liverpool,0,0.0,2.0,12.0,14.0,6.0,6.0,4.0,6.0,1.0,0.0,0,1702.72
1861,2021-05-08,2020-21,Man City,Chelsea,1,1.0,2.0,16.0,12.0,4.0,5.0,6.0,12.0,2.0,0.0,0,2033.76
1861,2021-05-08,2020-21,Chelsea,Man City,0,2.0,1.0,12.0,16.0,5.0,4.0,2.0,10.0,0.0,0.0,3,1896.95
1862,2021-05-09,2020-21,Wolves,Brighton,1,2.0,1.0,16.0,5.0,6.0,3.0,10.0,12.0,2.0,0.0,3,1751.57
1862,2021-05-09,2020-21,Brighton,Wolves,0,1.0,2.0,5.0,16.0,3.0,6.0,5.0,7.0,2.0,2.0,0,1702.3
1863,2021-05-09,2020-21,Aston Villa,Man United,1,1.0,3.0,11.0,18.0,5.0,7.0,5.0,13.0,1.0,1.0,0,1723.48
1863,2021-05-09,2020-21,Man United,Aston Villa,0,3.0,1.0,18.0,11.0,7.0,5.0,6.0,18.0,1.0,0.0,3,1951.35
1864,2021-05-09,2020-21,West Ham,Everton,1,0.0,1.0,11.0,9.0,0.0,3.0,5.0,8.0,2.0,0.0,0,1797.58
1864,2021-05-09,2020-21,Everton,West Ham,0,1.0,0.0,9.0,11.0,3.0,0.0,6.0,10.0,1.0,0.0,3,1782.1
1865,2021-05-09,2020-21,Arsenal,West Brom,1,3.0,1.0,15.0,12.0,7.0,1.0,6.0,7.0,1.0,0.0,3,1835.24
1865,2021-05-09,2020-21,West Brom,Arsenal,0,1.0,3.0,12.0,15.0,1.0,7.0,6.0,9.0,2.0,0.0,0,1631.94
1866,2021-05-10,2020-21,Fulham,Burnley,1,0.0,2.0,21.0,14.0,3.0,5.0,8.0,11.0,2.0,0.0,0,1647.52
1866,2021-05-10,2020-21,Burnley,Fulham,0,2.0,0.0,14.0,21.0,5.0,3.0,4.0,10.0,0.0,0.0,3,1738.77
1867,2021-05-11,2020-21,Man United,Leicester,1,1.0,2.0,4.0,12.0,1.0,3.0,3.0,9.0,0.0,0.0,0,1951.35
1867,2021-05-11,2020-21,Leicester,Man United,0,2.0,1.0,12.0,4.0,3.0,1.0,4.0,12.0,0.0,0.0,3,1820.88
1868,2021-05-11,2020-21,Southampton,Crystal Palace,1,3.0,1.0,13.0,11.0,6.0,4.0,12.0,20.0,2.0,0.0,3,1702.72
1868,2021-05-11,2020-21,Crystal Palace,Southampton,0,1.0,3.0,11.0,13.0,4.0,6.0,8.0,13.0,3.0,0.0,0,1696.73
1869,2021-05-12,2020-21,Chelsea,Arsenal,1,0.0,1.0,19.0,5.0,5.0,2.0,9.0,7.0,0.0,0.0,0,1896.95
1869,2021-05-12,2020-21,Arsenal,Chelsea,0,1.0,0.0,5.0,19.0,2.0,5.0,1.0,6.0,1.0,0.0,3,1835.24
1870,2021-05-13,2020-21,Aston Villa,Everton,1,0.0,0.0,13.0,15.0,2.0,5.0,9.0,9.0,2.0,0.0,1,1723.48
1870,2021-05-13,2020-21,Everton,Aston Villa,0,0.0,0.0,15.0,13.0,5.0,2.0,1.0,12.0,0.0,0.0,1,1782.1
1871,2021-05-13,2020-21,Man United,Liverpool,1,2.0,4.0,18.0,17.0,3.0,8.0,6.0,10.0,3.0,0.0,0,1951.35
1871,2021-05-13,2020-21,Liverpool,Man United,0,4.0,2.0,17.0,18.0,8.0,3.0,4.0,12.0,0.0,0.0,3,1907.41
1872,2021-05-14,2020-21,Newcastle,Man City,1,3.0,4.0,11.0,15.0,5.0,6.0,4.0,11.0,2.0,0.0,0,1700.34
1872,2021-05-14,2020-21,Man City,Newcastle,0,4.0,3.0,15.0,11.0,6.0,5.0,5.0,10.0,2.0,0.0,3,2033.76
1873,2021-05-15,2020-21,Southampton,Fulham,1,3.0,1.0,11.0,10.0,7.0,3.0,6.0,9.0,0.0,0.0,3,1712.61
1873,2021-05-15,2020-21,Fulham,Southampton,0,1.0,3.0,10.0,11.0,3.0,7.0,5.0,15.0,1.0,0.0,0,1638.15
1874,2021-05-15,2020-21,Brighton,West Ham,1,1.0,1.0,10.0,15.0,2.0,3.0,3.0,7.0,1.0,0.0,1,1711.25
1874,2021-05-15,2020-21,West Ham,Brighton,0,1.0,1.0,15.0,10.0,3.0,2.0,3.0,5.0,1.0,0.0,1,1798.71
1875,2021-05-15,2020-21,Burnley,Leeds,1,0.0,4.0,16.0,16.0,4.0,6.0,6.0,10.0,1.0,0.0,0,1744.23
1875,2021-05-15,2020-21,Leeds,Burnley,0,4.0,0.0,16.0,16.0,6.0,4.0,8.0,10.0,1.0,0.0,3,1752.07
1876,2021-05-16,2020-21,Crystal Palace,Aston Villa,1,3.0,2.0,23.0,19.0,8.0,5.0,7.0,23.0,3.0,0.0,3,1696.2
1876,2021-05-16,2020-21,Aston Villa,Crystal Palace,0,2.0,3.0,19.0,23.0,5.0,8.0,7.0,13.0,2.0,0.0,0,1733.03
1877,2021-05-16,2020-21,Tottenham,Wolves,1,2.0,0.0,24.0,15.0,13.0,3.0,10.0,8.0,1.0,0.0,3,1823.86
1877,2021-05-16,2020-21,Wolves,Tottenham,0,0.0,2.0,15.0,24.0,3.0,13.0,3.0,11.0,0.0,0.0,0,1759.11
1878,2021-05-16,2020-21,West Brom,Liverpool,1,1.0,2.0,10.0,26.0,3.0,6.0,9.0,7.0,0.0,0.0,0,1633.59
1878,2021-05-16,2020-21,Liverpool,West Brom,0,2.0,1.0,26.0,10.0,6.0,3.0,13.0,14.0,0.0,0.0,3,1928.49
1879,2021-05-16,2020-21,Everton,Sheffield United,1,0.0,1.0,16.0,10.0,6.0,3.0,11.0,8.0,1.0,0.0,0,1783.8
1879,2021-05-16,2020-21,Sheffield United,Everton,0,1.0,0.0,10.0,16.0,3.0,6.0,4.0,12.0,3.0,0.0,3,1606.75
1880,2021-05-18,2020-21,Man United,Fulham,1,1.0,1.0,13.0,8.0,6.0,5.0,6.0,10.0,2.0,0.0,1,1932.99
1880,2021-05-18,2020-21,Fulham,Man United,0,1.0,1.0,8.0,13.0,5.0,6.0,1.0,15.0,3.0,0.0,1,1638.15
1881,2021-05-18,2020-21,Southampton,Leeds,1,0.0,2.0,18.0,15.0,3.0,7.0,4.0,10.0,0.0,0.0,0,1712.61
1881,2021-05-18,2020-21,Leeds,Southampton,0,2.0,0.0,15.0,18.0,7.0,3.0,5.0,12.0,3.0,0.0,3,1752.07
1882,2021-05-18,2020-21,Brighton,Man City,1,3.0,2.0,19.0,8.0,6.0,4.0,5.0,13.0,3.0,0.0,3,1711.25
1882,2021-05-18,2020-21,Man City,Brighton,0,2.0,3.0,8.0,19.0,4.0,6.0,3.0,11.0,3.0,1.0,0,2033.9
1883,2021-05-18,2020-21,Chelsea,Leicester,1,2.0,1.0,17.0,7.0,6.0,3.0,6.0,15.0,2.0,0.0,3,1920.44
1883,2021-05-18,2020-21,Leicester,Chelsea,0,1.0,2.0,7.0,17.0,3.0,6.0,5.0,16.0,4.0,0.0,0,1819.59
1884,2021-05-19,2020-21,Everton,Wolves,1,1.0,0.0,14.0,9.0,4.0,3.0,7.0,11.0,0.0,0.0,3,1783.8
1884,2021-05-19,2020-21,Wolves,Everton,0,0.0,1.0,9.0,14.0,3.0,4.0,12.0,11.0,2.0,0.0,0,1759.11
1885,2021-05-19,2020-21,Tottenham,Aston Villa,1,1.0,2.0,10.0,20.0,4.0,4.0,4.0,14.0,1.0,0.0,0,1823.86
1885,2021-05-19,2020-21,Aston Villa,Tottenham,0,2.0,1.0,20.0,10.0,4.0,4.0,5.0,13.0,1.0,0.0,3,1733.03
1886,2021-05-19,2020-21,Newcastle,Sheffield United,1,1.0,0.0,16.0,11.0,5.0,1.0,5.0,7.0,0.0,0.0,3,1711.05
1886,2021-05-19,2020-21,Sheffield United,Newcastle,0,0.0,1.0,11.0,16.0,1.0,5.0,2.0,7.0,2.0,0.0,0,1606.75
1887,2021-05-19,2020-21,Crystal Palace,Arsenal,1,1.0,3.0,12.0,6.0,6.0,3.0,6.0,7.0,2.0,0.0,0,1696.2
1887,2021-05-19,2020-21,Arsenal,Crystal Palace,0,3.0,1.0,6.0,12.0,3.0,6.0,7.0,7.0,1.0,0.0,3,1854.46
1888,2021-05-19,2020-21,West Brom,West Ham,1,1.0,3.0,14.0,21.0,4.0,9.0,6.0,8.0,2.0,0.0,0,1633.59
1888,2021-05-19,2020-21,West Ham,West Brom,0,3.0,1.0,21.0,14.0,9.0,4.0,8.0,11.0,2.0,0.0,3,1798.71
1889,2021-05-19,2020-21,Burnley,Liverpool,1,0.0,3.0,10.0,20.0,4.0,3.0,6.0,10.0,0.0,0.0,0,1744.23
1889,2021-05-19,2020-21,Liverpool,Burnley,0,3.0,0.0,20.0,10.0,3.0,4.0,7.0,7.0,0.0,0.0,3,1928.49
1890,2021-05-23,2020-21,Fulham,Newcastle,1,0.0,2.0,14.0,10.0,0.0,4.0,5.0,12.0,1.0,0.0,0,1638.15
1890,2021-05-23,2020-21,Newcastle,Fulham,0,2.0,0.0,10.0,14.0,4.0,0.0,4.0,6.0,0.0,0.0,3,1711.05
1891,2021-05-23,2020-21,Arsenal,Brighton,1,2.0,0.0,16.0,5.0,5.0,1.0,11.0,10.0,0.0,0.0,3,1854.46
1891,2021-05-23,2020-21,Brighton,Arsenal,0,0.0,2.0,5.0,16.0,1.0,5.0,3.0,8.0,0.0,0.0,0,1711.25
1892,2021-05-23,2020-21,Aston Villa,Chelsea,1,2.0,1.0,6.0,23.0,3.0,7.0,2.0,11.0,3.0,0.0,3,1733.03
1892,2021-05-23,2020-21,Chelsea,Aston Villa,0,1.0,2.0,23.0,6.0,7.0,3.0,9.0,12.0,3.0,1.0,0,1920.44
1893,2021-05-23,2020-21,Leeds,West Brom,1,3.0,1.0,17.0,14.0,9.0,5.0,8.0,12.0,2.0,0.0,3,1752.07
1893,2021-05-23,2020-21,West Brom,Leeds,0,1.0,3.0,14.0,17.0,5.0,9.0,3.0,12.0,1.0,0.0,0,1633.59
1894,2021-05-23,2020-21,Leicester,Tottenham,1,2.0,4.0,10.0,11.0,6.0,4.0,8.0,9.0,0.0,0.0,0,1819.59
1894,2021-05-23,2020-21,Tottenham,Leicester,0,4.0,2.0,11.0,10.0,4.0,6.0,7.0,8.0,2.0,0.0,3,1823.86
1895,2021-05-23,2020-21,Liverpool,Crystal Palace,1,2.0,0.0,19.0,5.0,5.0,4.0,14.0,10.0,2.0,0.0,3,1928.49
1895,2021-05-23,2020-21,Crystal Palace,Liverpool,0,0.0,2.0,5.0,19.0,4.0,5.0,1.0,8.0,2.0,0.0,0,1696.2
1896,2021-05-23,2020-21,Sheffield United,Burnley,1,1.0,0.0,12.0,10.0,3.0,3.0,8.0,11.0,3.0,0.0,3,1606.75
1896,2021-05-23,2020-21,Burnley,Sheffield United,0,0.0,1.0,10.0,12.0,3.0,3.0,9.0,1.0,1.0,0.0,0,1744.23
1897,2021-05-23,2020-21,West Ham,Southampton,1,3.0,0.0,14.0,17.0,7.0,5.0,2.0,5.0,0.0,0.0,3,1798.71
1897,2021-05-23,2020-21,Southampton,West Ham,0,0.0,3.0,17.0,14.0,5.0,7.0,3.0,9.0,3.0,0.0,0,1712.61
1898,2021-05-23,2020-21,Man City,Everton,1,5.0,0.0,21.0,8.0,11.0,3.0,7.0,8.0,2.0,0.0,3,2033.9
1898,2021-05-23,2020-21,Everton,Man City,0,0.0,5.0,8.0,21.0,3.0,11.0,5.0,10.0,2.0,0.0,0,1783.8
1899,2021-05-23,2020-21,Wolves,Man United,1,1.0,2.0,14.0,9.0,4.0,4.0,6.0,14.0,4.0,0.0,0,1759.11
1899,2021-05-23,2020-21,Man United,Wolves,0,2.0,1.0,9.0,14.0,4.0,4.0,2.0,3.0,1.0,0.0,3,1932.99
1900,2021-08-13,2021-22,Brentford,Arsenal,1,2.0,0.0,8.0,22.0,3.0,4.0,2.0,12.0,0.0,0.0,3,1671.98
1900,2021-08-13,2021-22,Arsenal,Brentford,0,0.0,2.0,22.0,8.0,4.0,3.0,5.0,8.0,0.0,0.0,0,1866.67
1901,2021-08-14,2021-22,Man United,Leeds,1,5.0,1.0,16.0,10.0,8.0,3.0,5.0,11.0,1.0,0.0,3,1925.87
1901,2021-08-14,2021-22,Leeds,Man United,0,1.0,5.0,10.0,16.0,3.0,8.0,4.0,9.0,2.0,0.0,0,1783.74
1902,2021-08-14,2021-22,Burnley,Brighton,1,1.0,2.0,14.0,14.0,3.0,8.0,7.0,10.0,2.0,0.0,0,1709.37
1902,2021-08-14,2021-22,Brighton,Burnley,0,2.0,1.0,14.0,14.0,8.0,3.0,6.0,7.0,1.0,0.0,3,1720.88
1903,2021-08-14,2021-22,Chelsea,Crystal Palace,1,3.0,0.0,13.0,4.0,6.0,1.0,5.0,15.0,0.0,0.0,3,1923.2
1903,2021-08-14,2021-22,Crystal Palace,Chelsea,0,0.0,3.0,4.0,13.0,1.0,6.0,2.0,11.0,0.0,0.0,0,1693.31
1904,2021-08-14,2021-22,Everton,Southampton,1,3.0,1.0,14.0,6.0,6.0,3.0,6.0,13.0,2.0,0.0,3,1771.19
1904,2021-08-14,2021-22,Southampton,Everton,0,1.0,3.0,6.0,14.0,3.0,6.0,8.0,15.0,0.0,0.0,0,1700.75
1905,2021-08-14,2021-22,Leicester,Wolves,1,1.0,0.0,9.0,17.0,5.0,3.0,5.0,6.0,1.0,0.0,3,1801.9
1905,2021-08-14,2021-22,Wolves,Leicester,0,0.0,1.0,17.0,9.0,3.0,5.0,4.0,10.0,2.0,0.0,0,1738.54
1906,2021-08-14,2021-22,Watford,Aston Villa,1,3.0,2.0,13.0,11.0,7.0,2.0,2.0,18.0,3.0,0.0,3,1673.34
1906,2021-08-14,2021-22,Aston Villa,Watford,0,2.0,3.0,11.0,13.0,2.0,7.0,4.0,13.0,1.0,0.0,0,1747.11
1907,2021-08-14,2021-22,Norwich,Liverpool,1,0.0,3.0,14.0,19.0,3.0,8.0,3.0,4.0,1.0,0.0,0,1655.2
1907,2021-08-14,2021-22,Liverpool,Norwich,0,3.0,0.0,19.0,14.0,8.0,3.0,11.0,14.0,1.0,0.0,3,1940.2
1908,2021-08-15,2021-22,Newcastle,West Ham,1,2.0,4.0,17.0,8.0,3.0,9.0,7.0,4.0,1.0,0.0,0,1724.9
1908,2021-08-15,2021-22,West Ham,Newcastle,0,4.0,2.0,8.0,17.0,9.0,3.0,6.0,3.0,0.0,0.0,3,1811.0
1909,2021-08-15,2021-22,Tottenham,Man City,1,1.0,0.0,13.0,18.0,3.0,4.0,3.0,11.0,2.0,0.0,3,1831.75
1909,2021-08-15,2021-22,Man City,Tottenham,0,0.0,1.0,18.0,13.0,4.0,3.0,11.0,8.0,1.0,0.0,0,2012.77
1910,2021-08-21,2021-22,Liverpool,Burnley,1,2.0,0.0,27.0,9.0,9.0,3.0,8.0,6.0,0.0,0.0,3,1944.61
1910,2021-08-21,2021-22,Burnley,Liverpool,0,0.0,2.0,9.0,27.0,3.0,9.0,4.0,12.0,0.0,0.0,0,1700.82
1911,2021-08-21,2021-22,Aston Villa,Newcastle,1,2.0,0.0,10.0,9.0,2.0,1.0,3.0,8.0,3.0,0.0,3,1737.63
1911,2021-08-21,2021-22,Newcastle,Aston Villa,0,0.0,2.0,9.0,10.0,1.0,2.0,4.0,18.0,4.0,0.0,0,1724.9
1912,2021-08-21,2021-22,Crystal Palace,Brentford,1,0.0,0.0,7.0,14.0,2.0,3.0,3.0,12.0,3.0,0.0,1,1688.61
1912,2021-08-21,2021-22,Brentford,Crystal Palace,0,0.0,0.0,14.0,7.0,3.0,2.0,5.0,9.0,1.0,0.0,1,1689.42
1913,2021-08-21,2021-22,Leeds,Everton,1,2.0,2.0,17.0,17.0,4.0,8.0,8.0,6.0,2.0,0.0,1,1775.53
1913,2021-08-21,2021-22,Everton,Leeds,0,2.0,2.0,17.0,17.0,8.0,4.0,5.0,13.0,4.0,0.0,1,1779.23
1914,2021-08-21,2021-22,Man City,Norwich,1,5.0,0.0,16.0,1.0,4.0,0.0,6.0,13.0,1.0,0.0,3,2012.77
1914,2021-08-21,2021-22,Norwich,Man City,0,0.0,5.0,1.0,16.0,0.0,4.0,1.0,7.0,0.0,0.0,0,1650.78
1915,2021-08-21,2021-22,Brighton,Watford,1,2.0,0.0,13.0,10.0,3.0,1.0,7.0,11.0,4.0,0.0,3,1729.43
1915,2021-08-21,2021-22,Watford,Brighton,0,0.0,2.0,10.0,13.0,1.0,3.0,2.0,6.0,0.0,0.0,0,1682.82
1916,2021-08-22,2021-22,Southampton,Man United,1,1.0,1.0,8.0,15.0,3.0,4.0,7.0,12.0,2.0,0.0,1,1692.71
1916,2021-08-22,2021-22,Man United,Southampton,0,1.0,1.0,15.0,8.0,4.0,3.0,7.0,10.0,3.0,0.0,1,1934.08
1917,2021-08-22,2021-22,Wolves,Tottenham,1,0.0,1.0,25.0,8.0,6.0,6.0,5.0,9.0,1.0,0.0,0,1732.68
1917,2021-08-22,2021-22,Tottenham,Wolves,0,1.0,0.0,8.0,25.0,6.0,6.0,4.0,7.0,4.0,0.0,3,1831.75
1918,2021-08-22,2021-22,Arsenal,Chelsea,1,0.0,2.0,6.0,22.0,3.0,5.0,9.0,10.0,3.0,0.0,0,1849.23
1918,2021-08-22,2021-22,Chelsea,Arsenal,0,2.0,0.0,22.0,6.0,5.0,3.0,8.0,4.0,0.0,0.0,3,1927.9
1919,2021-08-23,2021-22,West Ham,Leicester,1,4.0,1.0,13.0,5.0,7.0,1.0,10.0,8.0,0.0,0.0,3,1811.0
1919,2021-08-23,2021-22,Leicester,West Ham,0,1.0,4.0,5.0,13.0,1.0,7.0,0.0,8.0,1.0,1.0,0,1807.76
1920,2021-08-28,2021-22,Man City,Arsenal,1,5.0,0.0,25.0,1.0,10.0,0.0,14.0,5.0,1.0,0.0,3,2012.77
1920,2021-08-28,2021-22,Arsenal,Man City,0,0.0,5.0,1.0,25.0,0.0,10.0,0.0,7.0,2.0,1.0,0,1849.23
1921,2021-08-28,2021-22,Aston Villa,Brentford,1,1.0,1.0,7.0,9.0,5.0,2.0,3.0,15.0,3.0,0.0,1,1737.63
1921,2021-08-28,2021-22,Brentford,Aston Villa,0,1.0,1.0,9.0,7.0,2.0,5.0,2.0,14.0,3.0,0.0,1,1689.42
1922,2021-08-28,2021-22,Brighton,Everton,1,0.0,2.0,14.0,14.0,3.0,5.0,4.0,7.0,1.0,0.0,0,1729.43
1922,2021-08-28,2021-22,Everton,Brighton,0,2.0,0.0,14.0,14.0,5.0,3.0,5.0,9.0,2.0,0.0,3,1779.23
1923,2021-08-28,2021-22,Newcastle,Southampton,1,2.0,2.0,10.0,22.0,5.0,6.0,4.0,11.0,3.0,0.0,1,1724.9
1923,2021-08-28,2021-22,Southampton,Newcastle,0,2.0,2.0,22.0,10.0,6.0,5.0,4.0,6.0,3.0,0.0,1,1692.71
1924,2021-08-28,2021-22,Norwich,Leicester,1,1.0,2.0,14.0,9.0,4.0,3.0,9.0,8.0,2.0,0.0,0,1650.78
1924,2021-08-28,2021-22,Leicester,Norwich,0,2.0,1.0,9.0,14.0,3.0,4.0,9.0,9.0,1.0,0.0,3,1807.76
1925,2021-08-28,2021-22,West Ham,Crystal Palace,1,2.0,2.0,14.0,9.0,4.0,2.0,5.0,10.0,1.0,0.0,1,1811.0
1925,2021-08-28,2021-22,Crystal Palace,West Ham,0,2.0,2.0,9.0,14.0,2.0,4.0,3.0,7.0,0.0,0.0,1,1688.61
1926,2021-08-28,2021-22,Liverpool,Chelsea,1,1.0,1.0,24.0,6.0,7.0,3.0,12.0,13.0,0.0,0.0,1,1944.61
1926,2021-08-28,2021-22,Chelsea,Liverpool,0,1.0,1.0,6.0,24.0,3.0,7.0,3.0,4.0,2.0,1.0,1,1927.9
1927,2021-08-29,2021-22,Burnley,Leeds,1,1.0,1.0,12.0,12.0,3.0,2.0,5.0,13.0,4.0,0.0,1,1700.82
1927,2021-08-29,2021-22,Leeds,Burnley,0,1.0,1.0,12.0,12.0,2.0,3.0,5.0,9.0,3.0,0.0,1,1775.53
1928,2021-08-29,2021-22,Tottenham,Watford,1,1.0,0.0,15.0,9.0,8.0,2.0,10.0,8.0,3.0,0.0,3,1831.75
1928,2021-08-29,2021-22,Watford,Tottenham,0,0.0,1.0,9.0,15.0,2.0,8.0,3.0,14.0,3.0,0.0,0,1682.82
1929,2021-08-29,2021-22,Wolves,Man United,1,0.0,1.0,15.0,10.0,6.0,3.0,5.0,7.0,3.0,0.0,0,1732.68
1929,2021-08-29,2021-22,Man United,Wolves,0,1.0,0.0,10.0,15.0,3.0,6.0,7.0,9.0,4.0,0.0,3,1934.08
1930,2021-09-11,2021-22,Crystal Palace,Tottenham,1,3.0,0.0,18.0,2.0,4.0,1.0,8.0,13.0,2.0,0.0,3,1692.8
1930,2021-09-11,2021-22,Tottenham,Crystal Palace,0,0.0,3.0,2.0,18.0,1.0,4.0,2.0,15.0,1.0,1.0,0,1854.27
1931,2021-09-11,2021-22,Arsenal,Norwich,1,1.0,0.0,30.0,10.0,7.0,1.0,8.0,9.0,1.0,0.0,3,1831.82
1931,2021-09-11,2021-22,Norwich,Arsenal,0,0.0,1.0,10.0,30.0,1.0,7.0,4.0,11.0,2.0,0.0,0,1643.16
1932,2021-09-11,2021-22,Brentford,Brighton,1,0.0,1.0,7.0,4.0,1.0,2.0,1.0,9.0,3.0,0.0,0,1692.5
1932,2021-09-11,2021-22,Brighton,Brentford,0,1.0,0.0,4.0,7.0,2.0,1.0,6.0,12.0,2.0,0.0,3,1728.15
1933,2021-09-11,2021-22,Leicester,Man City,1,0.0,1.0,6.0,25.0,1.0,8.0,5.0,4.0,1.0,0.0,0,1800.7
1933,2021-09-11,2021-22,Man City,Leicester,0,1.0,0.0,25.0,6.0,8.0,1.0,8.0,11.0,2.0,0.0,3,2012.69
1934,2021-09-11,2021-22,Man United,Newcastle,1,4.0,1.0,21.0,12.0,7.0,3.0,7.0,9.0,1.0,0.0,3,1932.66
1934,2021-09-11,2021-22,Newcastle,Man United,0,1.0,4.0,12.0,21.0,3.0,7.0,3.0,2.0,0.0,0.0,0,1705.55
1935,2021-09-11,2021-22,Southampton,West Ham,1,0.0,0.0,11.0,13.0,3.0,3.0,5.0,10.0,3.0,0.0,1,1699.46
1935,2021-09-11,2021-22,West Ham,Southampton,0,0.0,0.0,13.0,11.0,3.0,3.0,4.0,12.0,1.0,1.0,1,1828.11
1936,2021-09-11,2021-22,Watford,Wolves,1,0.0,2.0,6.0,14.0,2.0,5.0,6.0,15.0,3.0,0.0,0,1670.37
1936,2021-09-11,2021-22,Wolves,Watford,0,2.0,0.0,14.0,6.0,5.0,2.0,8.0,13.0,3.0,0.0,3,1723.32
1937,2021-09-11,2021-22,Chelsea,Aston Villa,1,3.0,0.0,12.0,18.0,4.0,6.0,4.0,11.0,1.0,0.0,3,1938.49
1937,2021-09-11,2021-22,Aston Villa,Chelsea,0,0.0,3.0,18.0,12.0,6.0,4.0,11.0,11.0,4.0,0.0,0,1745.5
1938,2021-09-12,2021-22,Leeds,Liverpool,1,0.0,3.0,9.0,30.0,4.0,9.0,2.0,9.0,2.0,1.0,0,1773.81
1938,2021-09-12,2021-22,Liverpool,Leeds,0,3.0,0.0,30.0,9.0,9.0,4.0,11.0,8.0,1.0,0.0,3,1947.65
1939,2021-09-13,2021-22,Everton,Burnley,1,3.0,1.0,14.0,11.0,6.0,6.0,4.0,3.0,1.0,0.0,3,1790.84
1939,2021-09-13,2021-22,Burnley,Everton,0,1.0,3.0,11.0,14.0,6.0,6.0,6.0,6.0,1.0,0.0,0,1699.08
1940,2021-09-17,2021-22,Newcastle,Leeds,1,1.0,1.0,17.0,22.0,7.0,9.0,4.0,9.0,2.0,0.0,1,1697.6
1940,2021-09-17,2021-22,Leeds,Newcastle,0,1.0,1.0,22.0,17.0,9.0,7.0,5.0,11.0,2.0,0.0,1,1762.73
1941,2021-09-18,2021-22,Wolves,Brentford,1,0.0,2.0,11.0,9.0,0.0,3.0,4.0,10.0,4.0,0.0,0,1730.61
1941,2021-09-18,2021-22,Brentford,Wolves,0,2.0,0.0,9.0,11.0,3.0,0.0,2.0,7.0,2.0,1.0,3,1681.34
1942,2021-09-18,2021-22,Burnley,Arsenal,1,0.0,1.0,18.0,13.0,3.0,3.0,8.0,9.0,2.0,0.0,0,1688.36
1942,2021-09-18,2021-22,Arsenal,Burnley,0,1.0,0.0,13.0,18.0,3.0,3.0,3.0,8.0,1.0,0.0,3,1831.77
1943,2021-09-18,2021-22,Liverpool,Crystal Palace,1,3.0,0.0,25.0,13.0,10.0,2.0,10.0,17.0,3.0,0.0,3,1952.08
1943,2021-09-18,2021-22,Crystal Palace,Liverpool,0,0.0,3.0,13.0,25.0,2.0,10.0,5.0,11.0,1.0,0.0,0,1709.4
1944,2021-09-18,2021-22,Man City,Southampton,1,0.0,0.0,18.0,10.0,1.0,2.0,8.0,5.0,0.0,0.0,1,2012.97
1944,2021-09-18,2021-22,Southampton,Man City,0,0.0,0.0,10.0,18.0,2.0,1.0,5.0,12.0,2.0,0.0,1,1699.07
1945,2021-09-18,2021-22,Norwich,Watford,1,1.0,3.0,12.0,12.0,5.0,8.0,4.0,10.0,1.0,0.0,0,1636.56
1945,2021-09-18,2021-22,Watford,Norwich,0,3.0,1.0,12.0,12.0,8.0,5.0,8.0,14.0,1.0,0.0,3,1656.43
1946,2021-09-18,2021-22,Aston Villa,Everton,1,3.0,0.0,15.0,11.0,3.0,1.0,5.0,7.0,1.0,0.0,3,1736.56
1946,2021-09-18,2021-22,Everton,Aston Villa,0,0.0,3.0,11.0,15.0,1.0,3.0,4.0,10.0,1.0,0.0,0,1794.91
1947,2021-09-19,2021-22,Brighton,Leicester,1,2.0,1.0,12.0,14.0,5.0,3.0,4.0,8.0,2.0,0.0,3,1732.65
1947,2021-09-19,2021-22,Leicester,Brighton,0,1.0,2.0,14.0,12.0,3.0,5.0,9.0,10.0,1.0,0.0,0,1793.77
1948,2021-09-19,2021-22,West Ham,Man United,1,1.0,2.0,13.0,17.0,4.0,10.0,2.0,5.0,0.0,0.0,0,1821.85
1948,2021-09-19,2021-22,Man United,West Ham,0,2.0,1.0,17.0,13.0,10.0,4.0,11.0,8.0,0.0,0.0,3,1921.89
1949,2021-09-19,2021-22,Tottenham,Chelsea,1,0.0,3.0,8.0,20.0,2.0,10.0,5.0,4.0,0.0,0.0,0,1831.02
1949,2021-09-19,2021-22,Chelsea,Tottenham,0,3.0,0.0,20.0,8.0,10.0,2.0,11.0,15.0,1.0,0.0,3,1942.39
1950,2021-09-25,2021-22,Chelsea,Man City,1,0.0,1.0,5.0,15.0,0.0,4.0,4.0,12.0,3.0,0.0,0,1942.39
1950,2021-09-25,2021-22,Man City,Chelsea,0,1.0,0.0,15.0,5.0,4.0,0.0,13.0,10.0,2.0,0.0,3,2012.97
1951,2021-09-25,2021-22,Man United,Aston Villa,1,0.0,1.0,28.0,7.0,4.0,3.0,5.0,9.0,2.0,0.0,0,1921.89
1951,2021-09-25,2021-22,Aston Villa,Man United,0,1.0,0.0,7.0,28.0,3.0,4.0,5.0,13.0,2.0,0.0,3,1736.56
1952,2021-09-25,2021-22,Everton,Norwich,1,2.0,0.0,11.0,10.0,4.0,2.0,6.0,12.0,2.0,0.0,3,1794.91
1952,2021-09-25,2021-22,Norwich,Everton,0,0.0,2.0,10.0,11.0,2.0,4.0,4.0,9.0,3.0,0.0,0,1636.56
1953,2021-09-25,2021-22,Leeds,West Ham,1,1.0,2.0,15.0,20.0,5.0,7.0,5.0,10.0,3.0,0.0,0,1762.73
1953,2021-09-25,2021-22,West Ham,Leeds,0,2.0,1.0,20.0,15.0,7.0,5.0,7.0,6.0,2.0,0.0,3,1821.85
1954,2021-09-25,2021-22,Leicester,Burnley,1,2.0,2.0,22.0,9.0,5.0,3.0,8.0,10.0,2.0,0.0,1,1793.77
1954,2021-09-25,2021-22,Burnley,Leicester,0,2.0,2.0,9.0,22.0,3.0,5.0,4.0,8.0,4.0,0.0,1,1688.36
1955,2021-09-25,2021-22,Watford,Newcastle,1,1.0,1.0,15.0,20.0,4.0,6.0,5.0,19.0,4.0,0.0,1,1656.43
1955,2021-09-25,2021-22,Newcastle,Watford,0,1.0,1.0,20.0,15.0,6.0,4.0,6.0,12.0,3.0,0.0,1,1697.6
1956,2021-09-25,2021-22,Brentford,Liverpool,1,3.0,3.0,12.0,16.0,4.0,6.0,2.0,8.0,1.0,0.0,1,1681.34
1956,2021-09-25,2021-22,Liverpool,Brentford,0,3.0,3.0,16.0,12.0,6.0,4.0,11.0,7.0,1.0,0.0,1,1952.08
1957,2021-09-26,2021-22,Southampton,Wolves,1,0.0,1.0,18.0,5.0,6.0,3.0,5.0,12.0,0.0,0.0,0,1699.07
1957,2021-09-26,2021-22,Wolves,Southampton,0,1.0,0.0,5.0,18.0,3.0,6.0,5.0,8.0,0.0,0.0,3,1730.61
1958,2021-09-26,2021-22,Arsenal,Tottenham,1,3.0,1.0,12.0,10.0,7.0,4.0,4.0,12.0,2.0,0.0,3,1831.77
1958,2021-09-26,2021-22,Tottenham,Arsenal,0,1.0,3.0,10.0,12.0,4.0,7.0,4.0,13.0,1.0,0.0,0,1831.02
1959,2021-09-27,2021-22,Crystal Palace,Brighton,1,1.0,1.0,8.0,8.0,3.0,4.0,6.0,12.0,2.0,0.0,1,1709.4
1959,2021-09-27,2021-22,Brighton,Crystal Palace,0,1.0,1.0,8.0,8.0,4.0,3.0,5.0,10.0,3.0,0.0,1,1732.65
1960,2021-10-02,2021-22,Man United,Everton,1,1.0,1.0,13.0,12.0,6.0,2.0,10.0,10.0,1.0,0.0,1,1916.83
1960,2021-10-02,2021-22,Everton,Man United,0,1.0,1.0,12.0,13.0,2.0,6.0,1.0,9.0,1.0,0.0,1,1782.85
1961,2021-10-02,2021-22,Burnley,Norwich,1,0.0,0.0,14.0,10.0,4.0,2.0,9.0,13.0,5.0,0.0,1,1684.43
1961,2021-10-02,2021-22,Norwich,Burnley,0,0.0,0.0,10.0,14.0,2.0,4.0,5.0,3.0,2.0,0.0,1,1617.0
1962,2021-10-02,2021-22,Chelsea,Southampton,1,3.0,1.0,20.0,6.0,9.0,2.0,7.0,11.0,1.0,0.0,3,1933.44
1962,2021-10-02,2021-22,Southampton,Chelsea,0,1.0,3.0,6.0,20.0,2.0,9.0,2.0,13.0,3.0,1.0,0,1695.9
1963,2021-10-02,2021-22,Leeds,Watford,1,1.0,0.0,20.0,5.0,4.0,1.0,6.0,10.0,0.0,0.0,3,1752.49
1963,2021-10-02,2021-22,Watford,Leeds,0,0.0,1.0,5.0,20.0,1.0,4.0,3.0,16.0,3.0,0.0,0,1666.29
1964,2021-10-02,2021-22,Wolves,Newcastle,1,2.0,1.0,7.0,8.0,3.0,2.0,0.0,15.0,0.0,0.0,3,1722.51
1964,2021-10-02,2021-22,Newcastle,Wolves,0,1.0,2.0,8.0,7.0,2.0,3.0,4.0,5.0,2.0,0.0,0,1696.3
1965,2021-10-02,2021-22,Brighton,Arsenal,1,0.0,0.0,21.0,8.0,2.0,2.0,8.0,8.0,2.0,0.0,1,1739.22
1965,2021-10-02,2021-22,Arsenal,Brighton,0,0.0,0.0,8.0,21.0,2.0,2.0,5.0,5.0,1.0,0.0,1,1844.3
1966,2021-10-03,2021-22,Crystal Palace,Leicester,1,2.0,2.0,18.0,9.0,4.0,5.0,1.0,15.0,2.0,0.0,1,1703.31
1966,2021-10-03,2021-22,Leicester,Crystal Palace,0,2.0,2.0,9.0,18.0,5.0,4.0,3.0,11.0,3.0,0.0,1,1764.42
1967,2021-10-03,2021-22,Tottenham,Aston Villa,1,2.0,1.0,17.0,14.0,8.0,3.0,5.0,11.0,2.0,0.0,3,1806.19
1967,2021-10-03,2021-22,Aston Villa,Tottenham,0,1.0,2.0,14.0,17.0,3.0,8.0,8.0,14.0,1.0,0.0,0,1762.6
1968,2021-10-03,2021-22,West Ham,Brentford,1,1.0,2.0,18.0,13.0,5.0,6.0,11.0,16.0,2.0,0.0,0,1830.03
1968,2021-10-03,2021-22,Brentford,West Ham,0,2.0,1.0,13.0,18.0,6.0,5.0,6.0,13.0,3.0,0.0,3,1699.6
1969,2021-10-03,2021-22,Liverpool,Man City,1,2.0,2.0,6.0,12.0,4.0,3.0,3.0,10.0,3.0,0.0,1,1963.76
1969,2021-10-03,2021-22,Man City,Liverpool,0,2.0,2.0,12.0,6.0,3.0,4.0,4.0,12.0,3.0,0.0,1,2001.37
1970,2021-10-16,2021-22,Watford,Liverpool,1,0.0,5.0,6.0,19.0,2.0,8.0,1.0,4.0,0.0,0.0,0,1661.07
1970,2021-10-16,2021-22,Liverpool,Watford,0,5.0,0.0,19.0,6.0,8.0,2.0,9.0,10.0,0.0,0.0,3,1963.91
1971,2021-10-16,2021-22,Aston Villa,Wolves,1,2.0,3.0,14.0,9.0,5.0,4.0,6.0,8.0,2.0,0.0,0,1756.6
1971,2021-10-16,2021-22,Wolves,Aston Villa,0,3.0,2.0,9.0,14.0,4.0,5.0,7.0,17.0,3.0,0.0,3,1729.2
1972,2021-10-16,2021-22,Leicester,Man United,1,4.0,2.0,22.0,18.0,11.0,6.0,4.0,5.0,0.0,0.0,3,1763.59
1972,2021-10-16,2021-22,Man United,Leicester,0,2.0,4.0,18.0,22.0,6.0,11.0,3.0,17.0,3.0,0.0,0,1912.42
1973,2021-10-16,2021-22,Man City,Burnley,1,2.0,0.0,15.0,7.0,6.0,2.0,6.0,11.0,1.0,0.0,3,2001.22
1973,2021-10-16,2021-22,Burnley,Man City,0,0.0,2.0,7.0,15.0,2.0,6.0,2.0,5.0,0.0,0.0,0,1681.68
1974,2021-10-16,2021-22,Norwich,Brighton,1,0.0,0.0,15.0,11.0,3.0,3.0,8.0,5.0,3.0,0.0,1,1619.75
1974,2021-10-16,2021-22,Brighton,Norwich,0,0.0,0.0,11.0,15.0,3.0,3.0,4.0,14.0,5.0,0.0,1,1741.33
1975,2021-10-16,2021-22,Southampton,Leeds,1,1.0,0.0,19.0,3.0,5.0,0.0,8.0,16.0,2.0,0.0,3,1692.41
1975,2021-10-16,2021-22,Leeds,Southampton,0,0.0,1.0,3.0,19.0,0.0,5.0,1.0,14.0,3.0,0.0,0,1757.71
1976,2021-10-16,2021-22,Brentford,Chelsea,1,0.0,1.0,17.0,5.0,7.0,1.0,5.0,13.0,1.0,0.0,0,1711.52
1976,2021-10-16,2021-22,Chelsea,Brentford,0,1.0,0.0,5.0,17.0,1.0,7.0,5.0,8.0,1.0,0.0,3,1936.94
1977,2021-10-17,2021-22,Everton,West Ham,1,0.0,1.0,15.0,16.0,2.0,4.0,7.0,3.0,0.0,0.0,0,1787.26
1977,2021-10-17,2021-22,West Ham,Everton,0,1.0,0.0,16.0,15.0,4.0,2.0,9.0,3.0,2.0,0.0,3,1818.1
1978,2021-10-17,2021-22,Newcastle,Tottenham,1,2.0,3.0,7.0,14.0,1.0,4.0,2.0,13.0,4.0,1.0,0,1689.62
1978,2021-10-17,2021-22,Tottenham,Newcastle,0,3.0,2.0,14.0,7.0,4.0,1.0,9.0,4.0,1.0,0.0,3,1812.19
1979,2021-10-18,2021-22,Arsenal,Crystal Palace,1,2.0,2.0,17.0,9.0,6.0,6.0,6.0,7.0,1.0,0.0,1,1842.19
1979,2021-10-18,2021-22,Crystal Palace,Arsenal,0,2.0,2.0,9.0,17.0,6.0,6.0,4.0,4.0,1.0,0.0,1,1704.14
1980,2021-10-22,2021-22,Arsenal,Aston Villa,1,3.0,1.0,22.0,10.0,9.0,4.0,7.0,17.0,2.0,0.0,3,1842.19
1980,2021-10-22,2021-22,Aston Villa,Arsenal,0,1.0,3.0,10.0,22.0,4.0,9.0,4.0,10.0,5.0,0.0,0,1756.6
1981,2021-10-23,2021-22,Chelsea,Norwich,1,7.0,0.0,23.0,3.0,13.0,1.0,5.0,14.0,0.0,0.0,3,1936.94
1981,2021-10-23,2021-22,Norwich,Chelsea,0,0.0,7.0,3.0,23.0,1.0,13.0,0.0,16.0,2.0,1.0,0,1619.75
1982,2021-10-23,2021-22,Crystal Palace,Newcastle,1,1.0,1.0,15.0,6.0,3.0,2.0,3.0,13.0,3.0,0.0,1,1704.14
1982,2021-10-23,2021-22,Newcastle,Crystal Palace,0,1.0,1.0,6.0,15.0,2.0,3.0,7.0,9.0,4.0,0.0,1,1689.62
1983,2021-10-23,2021-22,Everton,Watford,1,2.0,5.0,15.0,20.0,4.0,8.0,3.0,9.0,4.0,0.0,0,1787.26
1983,2021-10-23,2021-22,Watford,Everton,0,5.0,2.0,20.0,15.0,8.0,4.0,5.0,13.0,3.0,0.0,3,1661.07
1984,2021-10-23,2021-22,Leeds,Wolves,1,1.0,1.0,18.0,8.0,4.0,4.0,6.0,15.0,2.0,0.0,1,1757.71
1984,2021-10-23,2021-22,Wolves,Leeds,0,1.0,1.0,8.0,18.0,4.0,4.0,3.0,14.0,3.0,0.0,1,1729.2
1985,2021-10-23,2021-22,Southampton,Burnley,1,2.0,2.0,16.0,9.0,4.0,5.0,6.0,10.0,1.0,0.0,1,1692.41
1985,2021-10-23,2021-22,Burnley,Southampton,0,2.0,2.0,9.0,16.0,5.0,4.0,2.0,11.0,3.0,0.0,1,1681.68
1986,2021-10-23,2021-22,Brighton,Man City,1,1.0,4.0,10.0,23.0,5.0,14.0,7.0,10.0,2.0,0.0,0,1741.33
1986,2021-10-23,2021-22,Man City,Brighton,0,4.0,1.0,23.0,10.0,14.0,5.0,6.0,6.0,3.0,0.0,3,2001.22
1987,2021-10-24,2021-22,Brentford,Leicester,1,1.0,2.0,15.0,10.0,5.0,6.0,9.0,13.0,1.0,0.0,0,1711.52
1987,2021-10-24,2021-22,Leicester,Brentford,0,2.0,1.0,10.0,15.0,6.0,5.0,2.0,7.0,1.0,0.0,3,1763.59
1988,2021-10-24,2021-22,West Ham,Tottenham,1,1.0,0.0,13.0,7.0,4.0,4.0,2.0,11.0,2.0,0.0,3,1818.1
1988,2021-10-24,2021-22,Tottenham,West Ham,0,0.0,1.0,7.0,13.0,4.0,4.0,4.0,4.0,1.0,0.0,0,1812.19
1989,2021-10-24,2021-22,Man United,Liverpool,1,0.0,5.0,12.0,19.0,4.0,8.0,6.0,10.0,6.0,1.0,0,1912.42
1989,2021-10-24,2021-22,Liverpool,Man United,0,5.0,0.0,19.0,12.0,8.0,4.0,3.0,8.0,0.0,0.0,3,1963.91
1990,2021-10-30,2021-22,Leicester,Arsenal,1,0.0,2.0,16.0,9.0,8.0,5.0,7.0,8.0,2.0,0.0,0,1763.59
1990,2021-10-30,2021-22,Arsenal,Leicester,0,2.0,0.0,9.0,16.0,5.0,8.0,6.0,11.0,0.0,0.0,3,1842.19
1991,2021-10-30,2021-22,Burnley,Brentford,1,3.0,1.0,15.0,12.0,6.0,5.0,4.0,7.0,1.0,0.0,3,1681.68
1991,2021-10-30,2021-22,Brentford,Burnley,0,1.0,3.0,12.0,15.0,5.0,6.0,2.0,10.0,1.0,0.0,0,1711.52
1992,2021-10-30,2021-22,Liverpool,Brighton,1,2.0,2.0,14.0,9.0,3.0,6.0,5.0,8.0,2.0,0.0,1,1963.91
1992,2021-10-30,2021-22,Brighton,Liverpool,0,2.0,2.0,9.0,14.0,6.0,3.0,3.0,5.0,2.0,0.0,1,1741.33
1993,2021-10-30,2021-22,Man City,Crystal Palace,1,0.0,2.0,14.0,8.0,3.0,3.0,7.0,11.0,2.0,1.0,0,2001.22
1993,2021-10-30,2021-22,Crystal Palace,Man City,0,2.0,0.0,8.0,14.0,3.0,3.0,1.0,11.0,3.0,0.0,3,1704.14
1994,2021-10-30,2021-22,Newcastle,Chelsea,1,0.0,3.0,6.0,19.0,1.0,6.0,0.0,14.0,3.0,0.0,0,1689.62
1994,2021-10-30,2021-22,Chelsea,Newcastle,0,3.0,0.0,19.0,6.0,6.0,1.0,2.0,12.0,2.0,0.0,3,1936.94
1995,2021-10-30,2021-22,Watford,Southampton,1,0.0,1.0,10.0,12.0,4.0,1.0,5.0,16.0,2.0,0.0,0,1661.07
1995,2021-10-30,2021-22,Southampton,Watford,0,1.0,0.0,12.0,10.0,1.0,4.0,8.0,6.0,2.0,0.0,3,1692.41
1996,2021-10-30,2021-22,Tottenham,Man United,1,0.0,3.0,9.0,10.0,0.0,4.0,10.0,12.0,2.0,0.0,0,1812.19
1996,2021-10-30,2021-22,Man United,Tottenham,0,3.0,0.0,10.0,9.0,4.0,0.0,2.0,14.0,3.0,0.0,3,1912.42
1997,2021-10-31,2021-22,Norwich,Leeds,1,1.0,2.0,14.0,13.0,3.0,6.0,5.0,14.0,1.0,0.0,0,1619.75
1997,2021-10-31,2021-22,Leeds,Norwich,0,2.0,1.0,13.0,14.0,6.0,3.0,0.0,23.0,4.0,0.0,3,1757.71
1998,2021-10-31,2021-22,Aston Villa,West Ham,1,1.0,4.0,9.0,21.0,3.0,9.0,3.0,7.0,1.0,1.0,0,1756.6
1998,2021-10-31,2021-22,West Ham,Aston Villa,0,4.0,1.0,21.0,9.0,9.0,3.0,6.0,13.0,2.0,0.0,3,1818.1
1999,2021-11-01,2021-22,Wolves,Everton,1,2.0,1.0,10.0,14.0,4.0,5.0,4.0,10.0,1.0,0.0,3,1743.67
1999,2021-11-01,2021-22,Everton,Wolves,0,1.0,2.0,14.0,10.0,5.0,4.0,3.0,8.0,1.0,0.0,0,1761.7
2000,2021-11-05,2021-22,Southampton,Aston Villa,1,1.0,0.0,9.0,14.0,3.0,3.0,10.0,12.0,2.0,0.0,3,1711.38
2000,2021-11-05,2021-22,Aston Villa,Southampton,0,0.0,1.0,14.0,9.0,3.0,3.0,8.0,12.0,2.0,0.0,0,1732.32
2001,2021-11-06,2021-22,Man United,Man City,1,0.0,2.0,5.0,16.0,1.0,5.0,1.0,9.0,1.0,0.0,0,1900.48
2001,2021-11-06,2021-22,Man City,Man United,0,2.0,0.0,16.0,5.0,5.0,1.0,9.0,12.0,2.0,0.0,3,1994.31
2002,2021-11-06,2021-22,Brentford,Norwich,1,1.0,2.0,19.0,9.0,7.0,5.0,6.0,12.0,2.0,0.0,0,1693.24
2002,2021-11-06,2021-22,Norwich,Brentford,0,2.0,1.0,9.0,19.0,5.0,7.0,2.0,13.0,3.0,0.0,3,1616.05
2003,2021-11-06,2021-22,Chelsea,Burnley,1,1.0,1.0,25.0,5.0,4.0,2.0,14.0,6.0,1.0,0.0,1,1955.1
2003,2021-11-06,2021-22,Burnley,Chelsea,0,1.0,1.0,5.0,25.0,2.0,4.0,2.0,9.0,4.0,0.0,1,1695.51
2004,2021-11-06,2021-22,Crystal Palace,Wolves,1,2.0,0.0,13.0,4.0,6.0,2.0,4.0,14.0,2.0,0.0,3,1732.42
2004,2021-11-06,2021-22,Wolves,Crystal Palace,0,0.0,2.0,4.0,13.0,2.0,6.0,6.0,13.0,1.0,0.0,0,1743.67
2005,2021-11-06,2021-22,Brighton,Newcastle,1,1.0,1.0,14.0,6.0,5.0,1.0,2.0,16.0,3.0,1.0,1,1743.95
2005,2021-11-06,2021-22,Newcastle,Brighton,0,1.0,1.0,6.0,14.0,1.0,5.0,5.0,10.0,4.0,0.0,1,1683.83
2006,2021-11-07,2021-22,Arsenal,Watford,1,1.0,0.0,14.0,7.0,6.0,1.0,4.0,6.0,4.0,0.0,3,1858.58
2006,2021-11-07,2021-22,Watford,Arsenal,0,0.0,1.0,7.0,14.0,1.0,6.0,2.0,19.0,2.0,1.0,0,1671.48
2007,2021-11-07,2021-22,Everton,Tottenham,1,0.0,0.0,12.0,8.0,2.0,0.0,4.0,13.0,2.0,1.0,1,1761.7
2007,2021-11-07,2021-22,Tottenham,Everton,0,0.0,0.0,8.0,12.0,0.0,2.0,2.0,17.0,4.0,0.0,1,1790.28
2008,2021-11-07,2021-22,Leeds,Leicester,1,1.0,1.0,18.0,9.0,5.0,3.0,10.0,12.0,1.0,0.0,1,1756.53
2008,2021-11-07,2021-22,Leicester,Leeds,0,1.0,1.0,9.0,18.0,3.0,5.0,5.0,5.0,1.0,0.0,1,1782.75
2009,2021-11-07,2021-22,West Ham,Liverpool,1,3.0,2.0,7.0,16.0,3.0,5.0,3.0,11.0,1.0,0.0,3,1849.27
2009,2021-11-07,2021-22,Liverpool,West Ham,0,2.0,3.0,16.0,7.0,5.0,3.0,2.0,6.0,1.0,0.0,0,1989.3
2010,2021-11-20,2021-22,Newcastle,Brentford,1,3.0,3.0,23.0,10.0,9.0,4.0,8.0,13.0,2.0,0.0,1,1685.28
2010,2021-11-20,2021-22,Brentford,Newcastle,0,3.0,3.0,10.0,23.0,4.0,9.0,2.0,11.0,2.0,0.0,1,1681.41
2011,2021-11-20,2021-22,Leicester,Chelsea,1,0.0,3.0,4.0,16.0,3.0,7.0,3.0,15.0,3.0,0.0,0,1774.28
2011,2021-11-20,2021-22,Chelsea,Leicester,0,3.0,0.0,16.0,4.0,7.0,3.0,5.0,8.0,1.0,0.0,3,1948.96
2012,2021-11-20,2021-22,Aston Villa,Brighton,1,2.0,0.0,9.0,6.0,5.0,2.0,5.0,7.0,3.0,0.0,3,1723.38
2012,2021-11-20,2021-22,Brighton,Aston Villa,0,0.0,2.0,6.0,9.0,2.0,5.0,7.0,13.0,3.0,0.0,0,1740.41
2013,2021-11-20,2021-22,Burnley,Crystal Palace,1,3.0,3.0,15.0,18.0,9.0,8.0,3.0,14.0,2.0,0.0,1,1701.29
2013,2021-11-20,2021-22,Crystal Palace,Burnley,0,3.0,3.0,18.0,15.0,8.0,9.0,6.0,15.0,3.0,0.0,1,1742.68
2014,2021-11-20,2021-22,Watford,Man United,1,4.0,1.0,20.0,9.0,7.0,3.0,9.0,7.0,2.0,0.0,3,1667.14
2014,2021-11-20,2021-22,Man United,Watford,0,1.0,4.0,9.0,20.0,3.0,7.0,3.0,5.0,1.0,1.0,0,1890.05
2015,2021-11-20,2021-22,Wolves,West Ham,1,1.0,0.0,15.0,8.0,5.0,3.0,7.0,6.0,1.0,0.0,3,1739.28
2015,2021-11-20,2021-22,West Ham,Wolves,0,0.0,1.0,8.0,15.0,3.0,5.0,3.0,9.0,1.0,0.0,0,1853.25
2016,2021-11-20,2021-22,Liverpool,Arsenal,1,4.0,0.0,19.0,5.0,9.0,3.0,6.0,15.0,2.0,0.0,3,1982.67
2016,2021-11-20,2021-22,Arsenal,Liverpool,0,0.0,4.0,5.0,19.0,3.0,9.0,1.0,12.0,0.0,0.0,0,1860.83
2017,2021-11-20,2021-22,Norwich,Southampton,1,2.0,1.0,8.0,17.0,4.0,5.0,5.0,8.0,3.0,0.0,3,1625.79
2017,2021-11-20,2021-22,Southampton,Norwich,0,1.0,2.0,17.0,8.0,5.0,4.0,7.0,9.0,2.0,0.0,0,1718.23
2018,2021-11-21,2021-22,Man City,Everton,1,3.0,0.0,17.0,4.0,7.0,1.0,7.0,5.0,1.0,0.0,3,2003.69
2018,2021-11-21,2021-22,Everton,Man City,0,0.0,3.0,4.0,17.0,1.0,7.0,1.0,7.0,1.0,0.0,0,1753.02
2019,2021-11-21,2021-22,Tottenham,Leeds,1,2.0,1.0,13.0,18.0,4.0,7.0,4.0,11.0,1.0,0.0,3,1790.93
2019,2021-11-21,2021-22,Leeds,Tottenham,0,1.0,2.0,18.0,13.0,7.0,4.0,8.0,12.0,4.0,0.0,0,1755.22
2020,2021-11-27,2021-22,Arsenal,Newcastle,1,2.0,0.0,24.0,9.0,6.0,5.0,4.0,6.0,1.0,0.0,3,1860.83
2020,2021-11-27,2021-22,Newcastle,Arsenal,0,0.0,2.0,9.0,24.0,5.0,6.0,4.0,12.0,3.0,0.0,0,1685.28
2021,2021-11-27,2021-22,Crystal Palace,Aston Villa,1,1.0,2.0,8.0,10.0,3.0,3.0,7.0,12.0,3.0,0.0,0,1742.68
2021,2021-11-27,2021-22,Aston Villa,Crystal Palace,0,2.0,1.0,10.0,8.0,3.0,3.0,3.0,10.0,3.0,0.0,3,1723.38
2022,2021-11-27,2021-22,Liverpool,Southampton,1,4.0,0.0,20.0,7.0,6.0,3.0,5.0,7.0,0.0,0.0,3,1982.67
2022,2021-11-27,2021-22,Southampton,Liverpool,0,0.0,4.0,7.0,20.0,3.0,6.0,7.0,14.0,1.0,0.0,0,1718.23
2023,2021-11-27,2021-22,Norwich,Wolves,1,0.0,0.0,14.0,5.0,4.0,2.0,4.0,11.0,2.0,0.0,1,1625.79
2023,2021-11-27,2021-22,Wolves,Norwich,0,0.0,0.0,5.0,14.0,2.0,4.0,3.0,10.0,2.0,0.0,1,1739.28
2024,2021-11-27,2021-22,Brighton,Leeds,1,0.0,0.0,20.0,11.0,4.0,4.0,6.0,12.0,1.0,0.0,1,1740.41
2024,2021-11-27,2021-22,Leeds,Brighton,0,0.0,0.0,11.0,20.0,4.0,4.0,1.0,14.0,3.0,0.0,1,1755.22
2025,2021-11-28,2021-22,Brentford,Everton,1,1.0,0.0,6.0,14.0,4.0,5.0,3.0,8.0,4.0,0.0,3,1681.41
2025,2021-11-28,2021-22,Everton,Brentford,0,0.0,1.0,14.0,6.0,5.0,4.0,3.0,11.0,3.0,0.0,0,1753.02
2026,2021-11-28,2021-22,Leicester,Watford,1,4.0,2.0,18.0,16.0,8.0,5.0,8.0,5.0,0.0,0.0,3,1774.28
2026,2021-11-28,2021-22,Watford,Leicester,0,2.0,4.0,16.0,18.0,5.0,8.0,6.0,19.0,0.0,0.0,0,1667.14
2027,2021-11-28,2021-22,Man City,West Ham,1,2.0,1.0,19.0,5.0,9.0,3.0,8.0,7.0,2.0,0.0,3,2003.69
2027,2021-11-28,2021-22,West Ham,Man City,0,1.0,2.0,5.0,19.0,3.0,9.0,4.0,6.0,0.0,0.0,0,1853.25
2028,2021-11-28,2021-22,Chelsea,Man United,1,1.0,1.0,24.0,3.0,6.0,2.0,15.0,13.0,2.0,0.0,1,1948.96
2028,2021-11-28,2021-22,Man United,Chelsea,0,1.0,1.0,3.0,24.0,2.0,6.0,2.0,14.0,5.0,0.0,1,1890.05
2029,2021-11-30,2021-22,Newcastle,Norwich,1,1.0,1.0,9.0,16.0,1.0,6.0,2.0,8.0,0.0,0.0,1,1685.28
2029,2021-11-30,2021-22,Norwich,Newcastle,0,1.0,1.0,16.0,9.0,6.0,1.0,5.0,11.0,0.0,1.0,1,1625.79
2030,2021-11-30,2021-22,Leeds,Crystal Palace,1,1.0,0.0,15.0,9.0,3.0,1.0,7.0,15.0,5.0,0.0,3,1755.22
2030,2021-11-30,2021-22,Crystal Palace,Leeds,0,0.0,1.0,9.0,15.0,1.0,3.0,4.0,15.0,3.0,0.0,0,1742.68
2031,2021-12-01,2021-22,Southampton,Leicester,1,2.0,2.0,15.0,15.0,7.0,6.0,2.0,14.0,1.0,0.0,1,1709.61
2031,2021-12-01,2021-22,Leicester,Southampton,0,2.0,2.0,15.0,15.0,6.0,7.0,4.0,11.0,3.0,0.0,1,1779.94
2032,2021-12-01,2021-22,Watford,Chelsea,1,1.0,2.0,13.0,8.0,6.0,4.0,6.0,18.0,4.0,0.0,0,1686.6
2032,2021-12-01,2021-22,Chelsea,Watford,0,2.0,1.0,8.0,13.0,4.0,6.0,0.0,16.0,3.0,0.0,3,1965.56
2033,2021-12-01,2021-22,West Ham,Brighton,1,1.0,1.0,14.0,9.0,6.0,3.0,9.0,10.0,1.0,0.0,1,1847.87
2033,2021-12-01,2021-22,Brighton,West Ham,0,1.0,1.0,9.0,14.0,3.0,6.0,5.0,8.0,1.0,0.0,1,1733.41
2034,2021-12-01,2021-22,Wolves,Burnley,1,0.0,0.0,16.0,6.0,2.0,1.0,5.0,5.0,2.0,0.0,1,1751.88
2034,2021-12-01,2021-22,Burnley,Wolves,0,0.0,0.0,6.0,16.0,1.0,2.0,5.0,7.0,3.0,0.0,1,1706.19
2035,2021-12-01,2021-22,Aston Villa,Man City,1,1.0,2.0,9.0,17.0,3.0,7.0,4.0,8.0,0.0,0.0,0,1748.21
2035,2021-12-01,2021-22,Man City,Aston Villa,0,2.0,1.0,17.0,9.0,7.0,3.0,11.0,12.0,0.0,0.0,3,2019.78
2036,2021-12-01,2021-22,Everton,Liverpool,1,1.0,4.0,8.0,16.0,2.0,7.0,3.0,8.0,4.0,0.0,0,1744.82
2036,2021-12-01,2021-22,Liverpool,Everton,0,4.0,1.0,16.0,8.0,7.0,2.0,11.0,16.0,3.0,0.0,3,2003.65
2037,2021-12-02,2021-22,Tottenham,Brentford,1,2.0,0.0,11.0,6.0,6.0,2.0,11.0,13.0,0.0,0.0,3,1784.37
2037,2021-12-02,2021-22,Brentford,Tottenham,0,0.0,2.0,6.0,11.0,2.0,6.0,5.0,11.0,0.0,0.0,0,1695.8
2038,2021-12-02,2021-22,Man United,Arsenal,1,3.0,2.0,14.0,17.0,10.0,8.0,3.0,9.0,1.0,0.0,3,1886.35
2038,2021-12-02,2021-22,Arsenal,Man United,0,2.0,3.0,17.0,14.0,8.0,10.0,8.0,10.0,0.0,0.0,0,1861.47
2039,2021-12-04,2021-22,West Ham,Chelsea,1,3.0,2.0,11.0,19.0,5.0,7.0,1.0,10.0,1.0,0.0,3,1847.87
2039,2021-12-04,2021-22,Chelsea,West Ham,0,2.0,3.0,19.0,11.0,7.0,5.0,9.0,10.0,3.0,0.0,0,1965.56
2040,2021-12-04,2021-22,Newcastle,Burnley,1,1.0,0.0,19.0,10.0,4.0,1.0,10.0,11.0,1.0,0.0,3,1681.87
2040,2021-12-04,2021-22,Burnley,Newcastle,0,0.0,1.0,10.0,19.0,1.0,4.0,3.0,9.0,1.0,0.0,0,1706.19
2041,2021-12-04,2021-22,Southampton,Brighton,1,1.0,1.0,14.0,14.0,4.0,4.0,6.0,15.0,4.0,0.0,1,1709.61
2041,2021-12-04,2021-22,Brighton,Southampton,0,1.0,1.0,14.0,14.0,4.0,4.0,2.0,12.0,2.0,0.0,1,1733.41
2042,2021-12-04,2021-22,Wolves,Liverpool,1,0.0,1.0,3.0,17.0,1.0,5.0,2.0,4.0,2.0,0.0,0,1751.88
2042,2021-12-04,2021-22,Liverpool,Wolves,0,1.0,0.0,17.0,3.0,5.0,1.0,8.0,7.0,2.0,0.0,3,2003.65
2043,2021-12-04,2021-22,Watford,Man City,1,1.0,3.0,11.0,26.0,4.0,13.0,5.0,10.0,3.0,0.0,0,1686.6
2043,2021-12-04,2021-22,Man City,Watford,0,3.0,1.0,26.0,11.0,13.0,4.0,11.0,7.0,0.0,0.0,3,2019.78
2044,2021-12-05,2021-22,Leeds,Brentford,1,2.0,2.0,13.0,9.0,6.0,3.0,5.0,11.0,5.0,0.0,1,1760.75
2044,2021-12-05,2021-22,Brentford,Leeds,0,2.0,2.0,9.0,13.0,3.0,6.0,1.0,9.0,3.0,0.0,1,1695.8
2045,2021-12-05,2021-22,Man United,Crystal Palace,1,1.0,0.0,16.0,8.0,3.0,2.0,9.0,16.0,2.0,0.0,3,1886.35
2045,2021-12-05,2021-22,Crystal Palace,Man United,0,0.0,1.0,8.0,16.0,2.0,3.0,6.0,9.0,2.0,0.0,0,1731.03
2046,2021-12-05,2021-22,Tottenham,Norwich,1,3.0,0.0,17.0,10.0,7.0,1.0,6.0,11.0,1.0,0.0,3,1784.37
2046,2021-12-05,2021-22,Norwich,Tottenham,0,0.0,3.0,10.0,17.0,1.0,7.0,4.0,4.0,2.0,0.0,0,1644.3
2047,2021-12-05,2021-22,Aston Villa,Leicester,1,2.0,1.0,13.0,12.0,4.0,5.0,3.0,8.0,1.0,0.0,3,1748.21
2047,2021-12-05,2021-22,Leicester,Aston Villa,0,1.0,2.0,12.0,13.0,5.0,4.0,6.0,25.0,1.0,0.0,0,1779.94
2048,2021-12-06,2021-22,Everton,Arsenal,1,2.0,1.0,11.0,10.0,5.0,3.0,3.0,8.0,2.0,0.0,3,1744.82
2048,2021-12-06,2021-22,Arsenal,Everton,0,1.0,2.0,10.0,11.0,3.0,5.0,3.0,12.0,2.0,0.0,0,1861.47
2049,2021-12-10,2021-22,Brentford,Watford,1,2.0,1.0,14.0,6.0,5.0,2.0,8.0,12.0,4.0,0.0,3,1695.8
2049,2021-12-10,2021-22,Watford,Brentford,0,1.0,2.0,6.0,14.0,2.0,5.0,2.0,18.0,0.0,0.0,0,1686.6
2050,2021-12-11,2021-22,Man City,Wolves,1,1.0,0.0,24.0,2.0,10.0,1.0,14.0,12.0,3.0,0.0,3,2019.78
2050,2021-12-11,2021-22,Wolves,Man City,0,0.0,1.0,2.0,24.0,1.0,10.0,1.0,5.0,2.0,1.0,0,1751.88
2051,2021-12-11,2021-22,Arsenal,Southampton,1,3.0,0.0,15.0,11.0,5.0,6.0,9.0,5.0,2.0,0.0,3,1861.47
2051,2021-12-11,2021-22,Southampton,Arsenal,0,0.0,3.0,11.0,15.0,6.0,5.0,8.0,9.0,0.0,0.0,0,1709.61
2052,2021-12-11,2021-22,Chelsea,Leeds,1,3.0,2.0,16.0,12.0,6.0,5.0,5.0,9.0,2.0,0.0,3,1965.56
2052,2021-12-11,2021-22,Leeds,Chelsea,0,2.0,3.0,12.0,16.0,5.0,6.0,2.0,15.0,5.0,0.0,0,1760.75
2053,2021-12-11,2021-22,Liverpool,Aston Villa,1,1.0,0.0,20.0,4.0,5.0,0.0,11.0,13.0,1.0,0.0,3,2003.65
2053,2021-12-11,2021-22,Aston Villa,Liverpool,0,0.0,1.0,4.0,20.0,0.0,5.0,3.0,6.0,2.0,0.0,0,1748.21
2054,2021-12-11,2021-22,Norwich,Man United,1,0.0,1.0,11.0,13.0,5.0,5.0,8.0,6.0,1.0,0.0,0,1644.3
2054,2021-12-11,2021-22,Man United,Norwich,0,1.0,0.0,13.0,11.0,5.0,5.0,6.0,17.0,1.0,0.0,3,1886.35
2055,2021-12-12,2021-22,Crystal Palace,Everton,1,3.0,1.0,17.0,12.0,6.0,6.0,8.0,15.0,0.0,0.0,3,1731.03
2055,2021-12-12,2021-22,Everton,Crystal Palace,0,1.0,3.0,12.0,17.0,6.0,6.0,2.0,14.0,2.0,0.0,0,1744.82
2056,2021-12-12,2021-22,Burnley,West Ham,1,0.0,0.0,9.0,16.0,1.0,3.0,6.0,13.0,2.0,0.0,1,1706.19
2056,2021-12-12,2021-22,West Ham,Burnley,0,0.0,0.0,16.0,9.0,3.0,1.0,4.0,11.0,1.0,0.0,1,1847.87
2057,2021-12-12,2021-22,Leicester,Newcastle,1,4.0,0.0,8.0,12.0,5.0,3.0,4.0,9.0,2.0,0.0,3,1779.94
2057,2021-12-12,2021-22,Newcastle,Leicester,0,0.0,4.0,12.0,8.0,3.0,5.0,6.0,16.0,3.0,0.0,0,1681.87
2058,2021-12-14,2021-22,Norwich,Aston Villa,1,0.0,2.0,7.0,17.0,3.0,6.0,7.0,12.0,3.0,0.0,0,1644.3
2058,2021-12-14,2021-22,Aston Villa,Norwich,0,2.0,0.0,17.0,7.0,6.0,3.0,10.0,9.0,1.0,0.0,3,1748.21
2059,2021-12-14,2021-22,Man City,Leeds,1,7.0,0.0,31.0,6.0,15.0,3.0,6.0,5.0,1.0,0.0,3,2019.78
2059,2021-12-14,2021-22,Leeds,Man City,0,0.0,7.0,6.0,31.0,3.0,15.0,2.0,9.0,1.0,0.0,0,1760.75
2060,2021-12-15,2021-22,Brighton,Wolves,1,0.0,1.0,12.0,8.0,2.0,5.0,7.0,11.0,2.0,0.0,0,1725.31
2060,2021-12-15,2021-22,Wolves,Brighton,0,1.0,0.0,8.0,12.0,5.0,2.0,4.0,14.0,0.0,0.0,3,1732.02
2061,2021-12-15,2021-22,Crystal Palace,Southampton,1,2.0,2.0,9.0,15.0,6.0,4.0,4.0,16.0,2.0,0.0,1,1726.03
2061,2021-12-15,2021-22,Southampton,Crystal Palace,0,2.0,2.0,15.0,9.0,4.0,6.0,6.0,20.0,4.0,0.0,1,1691.13
2062,2021-12-15,2021-22,Arsenal,West Ham,1,2.0,0.0,21.0,7.0,8.0,1.0,5.0,8.0,2.0,0.0,3,1839.24
2062,2021-12-15,2021-22,West Ham,Arsenal,0,0.0,2.0,7.0,21.0,1.0,8.0,2.0,9.0,0.0,1.0,0,1823.76
2063,2021-12-16,2021-22,Chelsea,Everton,1,1.0,1.0,23.0,5.0,10.0,3.0,7.0,11.0,2.0,0.0,1,1943.07
2063,2021-12-16,2021-22,Everton,Chelsea,0,1.0,1.0,5.0,23.0,3.0,10.0,1.0,11.0,3.0,0.0,1,1726.53
2064,2021-12-16,2021-22,Liverpool,Newcastle,1,3.0,1.0,23.0,4.0,8.0,2.0,11.0,9.0,1.0,0.0,3,2006.39
2064,2021-12-16,2021-22,Newcastle,Liverpool,0,1.0,3.0,4.0,23.0,2.0,8.0,0.0,4.0,3.0,0.0,0,1667.2
2065,2021-12-18,2021-22,Leeds,Arsenal,1,1.0,4.0,9.0,21.0,2.0,12.0,1.0,11.0,3.0,0.0,0,1736.91
2065,2021-12-18,2021-22,Arsenal,Leeds,0,4.0,1.0,21.0,9.0,12.0,2.0,4.0,7.0,1.0,0.0,3,1839.24
2066,2021-12-19,2021-22,Newcastle,Man City,1,0.0,4.0,5.0,18.0,1.0,7.0,3.0,9.0,1.0,0.0,0,1667.2
2066,2021-12-19,2021-22,Man City,Newcastle,0,4.0,0.0,18.0,5.0,7.0,1.0,6.0,6.0,2.0,0.0,3,2008.13
2067,2021-12-19,2021-22,Wolves,Chelsea,1,0.0,0.0,4.0,8.0,1.0,1.0,4.0,9.0,0.0,0.0,1,1732.02
2067,2021-12-19,2021-22,Chelsea,Wolves,0,0.0,0.0,8.0,4.0,1.0,1.0,9.0,7.0,2.0,0.0,1,1943.07
2068,2021-12-19,2021-22,Tottenham,Liverpool,1,2.0,2.0,10.0,18.0,5.0,6.0,6.0,12.0,4.0,0.0,1,1785.6
2068,2021-12-19,2021-22,Liverpool,Tottenham,0,2.0,2.0,18.0,10.0,6.0,5.0,4.0,11.0,4.0,1.0,1,2006.39
2069,2021-12-26,2021-22,Tottenham,Crystal Palace,1,3.0,0.0,17.0,4.0,6.0,0.0,4.0,16.0,1.0,0.0,3,1785.6
2069,2021-12-26,2021-22,Crystal Palace,Tottenham,0,0.0,3.0,4.0,17.0,0.0,6.0,2.0,10.0,1.0,1.0,0,1726.03
2070,2021-12-26,2021-22,Man City,Leicester,1,6.0,3.0,17.0,14.0,9.0,8.0,14.0,11.0,1.0,0.0,3,2008.13
2070,2021-12-26,2021-22,Leicester,Man City,0,3.0,6.0,14.0,17.0,8.0,9.0,4.0,9.0,2.0,0.0,0,1763.63
2071,2021-12-26,2021-22,Norwich,Arsenal,1,0.0,5.0,4.0,16.0,2.0,6.0,3.0,13.0,1.0,0.0,0,1613.68
2071,2021-12-26,2021-22,Arsenal,Norwich,0,5.0,0.0,16.0,4.0,6.0,2.0,5.0,7.0,2.0,0.0,3,1839.24
2072,2021-12-26,2021-22,Aston Villa,Chelsea,1,1.0,3.0,8.0,10.0,1.0,4.0,2.0,8.0,3.0,0.0,0,1747.36
2072,2021-12-26,2021-22,Chelsea,Aston Villa,0,3.0,1.0,10.0,8.0,4.0,1.0,5.0,11.0,1.0,0.0,3,1943.07
2073,2021-12-26,2021-22,Brighton,Brentford,1,2.0,0.0,15.0,16.0,5.0,6.0,6.0,8.0,1.0,0.0,3,1725.31
2073,2021-12-26,2021-22,Brentford,Brighton,0,0.0,2.0,16.0,15.0,6.0,5.0,9.0,10.0,3.0,0.0,0,1686.12
2074,2021-12-26,2021-22,West Ham,Southampton,1,2.0,3.0,11.0,11.0,5.0,6.0,10.0,10.0,2.0,0.0,0,1823.76
2074,2021-12-26,2021-22,Southampton,West Ham,0,3.0,2.0,11.0,11.0,6.0,5.0,2.0,9.0,3.0,0.0,3,1691.13
2075,2021-12-27,2021-22,Newcastle,Man United,1,1.0,1.0,13.0,13.0,8.0,4.0,2.0,11.0,3.0,0.0,1,1667.2
2075,2021-12-27,2021-22,Man United,Newcastle,0,1.0,1.0,13.0,13.0,4.0,8.0,4.0,8.0,3.0,0.0,1,1879.9
2076,2021-12-28,2021-22,Crystal Palace,Norwich,1,3.0,0.0,19.0,12.0,6.0,3.0,8.0,9.0,1.0,0.0,3,1726.03
2076,2021-12-28,2021-22,Norwich,Crystal Palace,0,0.0,3.0,12.0,19.0,3.0,6.0,8.0,13.0,2.0,0.0,0,1613.68
2077,2021-12-28,2021-22,Southampton,Tottenham,1,1.0,1.0,9.0,21.0,2.0,11.0,3.0,15.0,2.0,1.0,1,1691.13
2077,2021-12-28,2021-22,Tottenham,Southampton,0,1.0,1.0,21.0,9.0,11.0,2.0,7.0,5.0,2.0,0.0,1,1785.6
2078,2021-12-28,2021-22,Watford,West Ham,1,1.0,4.0,14.0,13.0,5.0,6.0,4.0,12.0,0.0,0.0,0,1661.75
2078,2021-12-28,2021-22,West Ham,Watford,0,4.0,1.0,13.0,14.0,6.0,5.0,5.0,12.0,1.0,0.0,3,1823.76
2079,2021-12-28,2021-22,Leicester,Liverpool,1,1.0,0.0,6.0,21.0,1.0,4.0,1.0,8.0,0.0,0.0,3,1763.63
2079,2021-12-28,2021-22,Liverpool,Leicester,0,0.0,1.0,21.0,6.0,4.0,1.0,12.0,11.0,1.0,0.0,0,2006.39
2080,2021-12-29,2021-22,Chelsea,Brighton,1,1.0,1.0,11.0,18.0,5.0,6.0,10.0,14.0,4.0,0.0,1,1943.07
2080,2021-12-29,2021-22,Brighton,Chelsea,0,1.0,1.0,18.0,11.0,6.0,5.0,8.0,7.0,1.0,0.0,1,1725.31
2081,2021-12-29,2021-22,Brentford,Man City,1,0.0,1.0,6.0,12.0,2.0,3.0,3.0,12.0,0.0,0.0,0,1686.12
2081,2021-12-29,2021-22,Man City,Brentford,0,1.0,0.0,12.0,6.0,3.0,2.0,5.0,10.0,0.0,0.0,3,2008.13
2082,2021-12-30,2021-22,Man United,Burnley,1,3.0,1.0,18.0,10.0,6.0,3.0,7.0,5.0,0.0,0.0,3,1879.9
2082,2021-12-30,2021-22,Burnley,Man United,0,1.0,3.0,10.0,18.0,3.0,6.0,5.0,10.0,0.0,0.0,0,1690.97
2083,2022-01-01,2021-22,Arsenal,Man City,1,1.0,2.0,7.0,15.0,2.0,2.0,5.0,13.0,3.0,1.0,0,1866.73
2083,2022-01-01,2021-22,Man City,Arsenal,0,2.0,1.0,15.0,7.0,2.0,2.0,5.0,5.0,2.0,0.0,3,2017.76
2084,2022-01-01,2021-22,Watford,Tottenham,1,0.0,1.0,6.0,21.0,4.0,9.0,3.0,6.0,0.0,0.0,0,1652.24
2084,2022-01-01,2021-22,Tottenham,Watford,0,1.0,0.0,21.0,6.0,9.0,4.0,7.0,9.0,1.0,0.0,3,1798.12
2085,2022-01-01,2021-22,Crystal Palace,West Ham,1,2.0,3.0,22.0,10.0,6.0,5.0,9.0,6.0,0.0,0.0,0,1722.39
2085,2022-01-01,2021-22,West Ham,Crystal Palace,0,3.0,2.0,10.0,22.0,5.0,6.0,1.0,16.0,2.0,0.0,3,1812.04
2086,2022-01-02,2021-22,Everton,Brighton,1,2.0,3.0,17.0,12.0,6.0,5.0,8.0,5.0,1.0,0.0,0,1732.8
2086,2022-01-02,2021-22,Brighton,Everton,0,3.0,2.0,12.0,17.0,5.0,6.0,5.0,12.0,1.0,0.0,3,1731.34
2087,2022-01-02,2021-22,Brentford,Aston Villa,1,2.0,1.0,10.0,16.0,4.0,5.0,3.0,17.0,2.0,0.0,3,1675.1
2087,2022-01-02,2021-22,Aston Villa,Brentford,0,1.0,2.0,16.0,10.0,5.0,4.0,7.0,11.0,2.0,0.0,0,1740.97
2088,2022-01-02,2021-22,Chelsea,Liverpool,1,2.0,2.0,15.0,10.0,6.0,6.0,6.0,5.0,1.0,0.0,1,1932.72
2088,2022-01-02,2021-22,Liverpool,Chelsea,0,2.0,2.0,10.0,15.0,6.0,6.0,7.0,13.0,2.0,0.0,1,1990.65
2089,2022-01-02,2021-22,Leeds,Burnley,1,3.0,1.0,22.0,8.0,7.0,2.0,9.0,11.0,2.0,0.0,3,1726.35
2089,2022-01-02,2021-22,Burnley,Leeds,0,1.0,3.0,8.0,22.0,2.0,7.0,3.0,7.0,1.0,0.0,0,1686.56
2090,2022-01-03,2021-22,Man United,Wolves,1,0.0,1.0,9.0,19.0,2.0,6.0,3.0,9.0,3.0,0.0,0,1879.6
2090,2022-01-03,2021-22,Wolves,Man United,0,1.0,0.0,19.0,9.0,6.0,2.0,8.0,8.0,1.0,0.0,3,1745.45
2091,2022-01-11,2021-22,Southampton,Brentford,1,4.0,1.0,12.0,5.0,6.0,4.0,5.0,9.0,0.0,0.0,3,1706.65
2091,2022-01-11,2021-22,Brentford,Southampton,0,1.0,4.0,5.0,12.0,4.0,6.0,2.0,8.0,1.0,0.0,0,1675.1
2092,2022-01-12,2021-22,West Ham,Norwich,1,2.0,0.0,13.0,7.0,5.0,3.0,11.0,9.0,0.0,0.0,3,1812.04
2092,2022-01-12,2021-22,Norwich,West Ham,0,0.0,2.0,7.0,13.0,3.0,5.0,2.0,8.0,0.0,0.0,0,1598.38
2093,2022-01-14,2021-22,Brighton,Crystal Palace,1,1.0,1.0,19.0,3.0,4.0,1.0,9.0,11.0,0.0,0.0,1,1731.34
2093,2022-01-14,2021-22,Crystal Palace,Brighton,0,1.0,1.0,3.0,19.0,1.0,4.0,0.0,7.0,2.0,0.0,1,1722.39
2094,2022-01-15,2021-22,Man City,Chelsea,1,1.0,0.0,11.0,4.0,6.0,1.0,9.0,11.0,0.0,0.0,3,2022.91
2094,2022-01-15,2021-22,Chelsea,Man City,0,0.0,1.0,4.0,11.0,1.0,6.0,1.0,6.0,2.0,0.0,0,1933.27
2095,2022-01-15,2021-22,Newcastle,Watford,1,1.0,1.0,12.0,18.0,1.0,5.0,4.0,13.0,3.0,0.0,1,1666.16
2095,2022-01-15,2021-22,Watford,Newcastle,0,1.0,1.0,18.0,12.0,5.0,1.0,6.0,13.0,2.0,0.0,1,1646.89
2096,2022-01-15,2021-22,Norwich,Everton,1,2.0,1.0,14.0,12.0,3.0,5.0,8.0,12.0,3.0,0.0,3,1594.73
2096,2022-01-15,2021-22,Everton,Norwich,0,1.0,2.0,12.0,14.0,5.0,3.0,8.0,14.0,1.0,0.0,0,1723.47
2097,2022-01-15,2021-22,Wolves,Southampton,1,3.0,1.0,9.0,13.0,5.0,10.0,2.0,13.0,2.0,0.0,3,1757.82
2097,2022-01-15,2021-22,Southampton,Wolves,0,1.0,3.0,13.0,9.0,10.0,5.0,10.0,14.0,3.0,0.0,0,1717.91
2098,2022-01-15,2021-22,Aston Villa,Man United,1,2.0,2.0,13.0,13.0,9.0,6.0,3.0,8.0,1.0,0.0,1,1732.29
2098,2022-01-15,2021-22,Man United,Aston Villa,0,2.0,2.0,13.0,13.0,6.0,9.0,6.0,13.0,2.0,0.0,1,1867.23
2099,2022-01-16,2021-22,Liverpool,Brentford,1,3.0,0.0,27.0,6.0,13.0,1.0,9.0,6.0,0.0,0.0,3,1990.1
2099,2022-01-16,2021-22,Brentford,Liverpool,0,0.0,3.0,6.0,27.0,1.0,13.0,0.0,6.0,1.0,0.0,0,1672.51
2100,2022-01-16,2021-22,West Ham,Leeds,1,2.0,3.0,15.0,18.0,5.0,5.0,4.0,6.0,3.0,0.0,0,1822.43
2100,2022-01-16,2021-22,Leeds,West Ham,0,3.0,2.0,18.0,15.0,5.0,5.0,3.0,9.0,2.0,0.0,3,1734.78
2101,2022-01-18,2021-22,Brighton,Chelsea,1,1.0,1.0,10.0,15.0,2.0,3.0,5.0,8.0,1.0,0.0,1,1738.89
2101,2022-01-18,2021-22,Chelsea,Brighton,0,1.0,1.0,15.0,10.0,3.0,2.0,7.0,5.0,2.0,0.0,1,1933.27
2102,2022-01-19,2021-22,Leicester,Tottenham,1,2.0,3.0,14.0,27.0,4.0,10.0,3.0,6.0,1.0,0.0,0,1772.71
2102,2022-01-19,2021-22,Tottenham,Leicester,0,3.0,2.0,27.0,14.0,10.0,4.0,8.0,12.0,2.0,0.0,3,1803.46
2103,2022-01-19,2021-22,Brentford,Man United,1,1.0,3.0,18.0,13.0,8.0,5.0,6.0,7.0,0.0,0.0,0,1672.51
2103,2022-01-19,2021-22,Man United,Brentford,0,3.0,1.0,13.0,18.0,5.0,8.0,9.0,9.0,0.0,0.0,3,1867.23
2104,2022-01-21,2021-22,Watford,Norwich,1,0.0,3.0,15.0,7.0,4.0,2.0,5.0,16.0,0.0,1.0,0,1646.89
2104,2022-01-21,2021-22,Norwich,Watford,0,3.0,0.0,7.0,15.0,2.0,4.0,1.0,11.0,1.0,0.0,3,1594.73
2105,2022-01-22,2021-22,Everton,Aston Villa,1,0.0,1.0,15.0,8.0,1.0,3.0,9.0,14.0,5.0,0.0,0,1723.47
2105,2022-01-22,2021-22,Aston Villa,Everton,0,1.0,0.0,8.0,15.0,3.0,1.0,2.0,16.0,3.0,0.0,3,1732.29
2106,2022-01-22,2021-22,Brentford,Wolves,1,1.0,2.0,11.0,7.0,1.0,2.0,6.0,6.0,2.0,0.0,0,1672.51
2106,2022-01-22,2021-22,Wolves,Brentford,0,2.0,1.0,7.0,11.0,2.0,1.0,3.0,7.0,3.0,0.0,3,1757.82
2107,2022-01-22,2021-22,Leeds,Newcastle,1,0.0,1.0,13.0,15.0,4.0,3.0,6.0,9.0,4.0,0.0,0,1734.78
2107,2022-01-22,2021-22,Newcastle,Leeds,0,1.0,0.0,15.0,13.0,3.0,4.0,7.0,9.0,2.0,0.0,3,1666.16
2108,2022-01-22,2021-22,Man United,West Ham,1,1.0,0.0,18.0,6.0,3.0,1.0,3.0,9.0,1.0,0.0,3,1867.23
2108,2022-01-22,2021-22,West Ham,Man United,0,0.0,1.0,6.0,18.0,1.0,3.0,3.0,8.0,1.0,0.0,0,1822.43
2109,2022-01-22,2021-22,Southampton,Man City,1,1.0,1.0,7.0,20.0,3.0,5.0,2.0,13.0,3.0,0.0,1,1717.91
2109,2022-01-22,2021-22,Man City,Southampton,0,1.0,1.0,20.0,7.0,5.0,3.0,11.0,5.0,0.0,0.0,1,2022.91
2110,2022-01-23,2021-22,Arsenal,Burnley,1,0.0,0.0,20.0,10.0,5.0,1.0,12.0,9.0,0.0,0.0,1,1861.58
2110,2022-01-23,2021-22,Burnley,Arsenal,0,0.0,0.0,10.0,20.0,1.0,5.0,4.0,13.0,2.0,0.0,1,1678.13
2111,2022-01-23,2021-22,Crystal Palace,Liverpool,1,1.0,3.0,8.0,15.0,5.0,7.0,2.0,12.0,4.0,0.0,0,1717.44
2111,2022-01-23,2021-22,Liverpool,Crystal Palace,0,3.0,1.0,15.0,8.0,7.0,5.0,5.0,10.0,1.0,0.0,3,1990.1
2112,2022-01-23,2021-22,Leicester,Brighton,1,1.0,1.0,15.0,14.0,5.0,5.0,4.0,6.0,0.0,0.0,1,1772.71
2112,2022-01-23,2021-22,Brighton,Leicester,0,1.0,1.0,14.0,15.0,5.0,5.0,5.0,8.0,1.0,0.0,1,1738.89
2113,2022-01-23,2021-22,Chelsea,Tottenham,1,2.0,0.0,15.0,6.0,7.0,3.0,10.0,17.0,2.0,0.0,3,1933.27
2113,2022-01-23,2021-22,Tottenham,Chelsea,0,0.0,2.0,6.0,15.0,3.0,7.0,3.0,14.0,1.0,0.0,0,1803.46
2114,2022-02-05,2021-22,Burnley,Watford,1,0.0,0.0,13.0,11.0,2.0,5.0,4.0,16.0,1.0,0.0,1,1683.75
2114,2022-02-05,2021-22,Watford,Burnley,0,0.0,0.0,11.0,13.0,5.0,2.0,7.0,9.0,2.0,0.0,1,1630.75
2115,2022-02-08,2021-22,Newcastle,Everton,1,3.0,1.0,20.0,11.0,9.0,3.0,6.0,13.0,2.0,0.0,3,1675.48
2115,2022-02-08,2021-22,Everton,Newcastle,0,1.0,3.0,11.0,20.0,3.0,9.0,2.0,13.0,3.0,0.0,0,1704.6
2116,2022-02-08,2021-22,West Ham,Watford,1,1.0,0.0,9.0,6.0,3.0,1.0,5.0,1.0,1.0,0.0,3,1805.83
2116,2022-02-08,2021-22,Watford,West Ham,0,0.0,1.0,6.0,9.0,1.0,3.0,6.0,6.0,0.0,0.0,0,1630.75
2117,2022-02-08,2021-22,Burnley,Man United,1,1.0,1.0,9.0,22.0,3.0,5.0,2.0,11.0,2.0,0.0,1,1683.75
2117,2022-02-08,2021-22,Man United,Burnley,0,1.0,1.0,22.0,9.0,5.0,3.0,10.0,10.0,1.0,0.0,1,1875.96
2118,2022-02-09,2021-22,Man City,Brentford,1,2.0,0.0,15.0,6.0,7.0,2.0,9.0,7.0,0.0,0.0,3,2021.13
2118,2022-02-09,2021-22,Brentford,Man City,0,0.0,2.0,6.0,15.0,2.0,7.0,3.0,13.0,0.0,0.0,0,1657.44
2119,2022-02-09,2021-22,Norwich,Crystal Palace,1,1.0,1.0,5.0,13.0,1.0,5.0,4.0,11.0,1.0,0.0,1,1622.88
2119,2022-02-09,2021-22,Crystal Palace,Norwich,0,1.0,1.0,13.0,5.0,5.0,1.0,6.0,15.0,2.0,0.0,1,1713.45
2120,2022-02-09,2021-22,Tottenham,Southampton,1,2.0,3.0,8.0,23.0,3.0,10.0,2.0,7.0,2.0,0.0,0,1805.39
2120,2022-02-09,2021-22,Southampton,Tottenham,0,3.0,2.0,23.0,8.0,10.0,3.0,8.0,13.0,3.0,0.0,3,1715.99
2121,2022-02-09,2021-22,Aston Villa,Leeds,1,3.0,3.0,12.0,16.0,4.0,8.0,6.0,11.0,1.0,1.0,1,1743.5
2121,2022-02-09,2021-22,Leeds,Aston Villa,0,3.0,3.0,16.0,12.0,8.0,4.0,11.0,9.0,3.0,0.0,1,1734.98
2122,2022-02-10,2021-22,Liverpool,Leicester,1,2.0,0.0,22.0,5.0,11.0,1.0,7.0,11.0,1.0,0.0,3,1996.65
2122,2022-02-10,2021-22,Leicester,Liverpool,0,0.0,2.0,5.0,22.0,1.0,11.0,6.0,7.0,0.0,0.0,0,1762.85
2123,2022-02-10,2021-22,Wolves,Arsenal,1,0.0,1.0,15.0,12.0,4.0,2.0,7.0,12.0,2.0,0.0,0,1772.93
2123,2022-02-10,2021-22,Arsenal,Wolves,0,1.0,0.0,12.0,15.0,2.0,4.0,4.0,13.0,3.0,1.0,3,1855.96
2124,2022-02-12,2021-22,Man United,Southampton,1,1.0,1.0,12.0,13.0,8.0,4.0,1.0,12.0,4.0,0.0,1,1875.96
2124,2022-02-12,2021-22,Southampton,Man United,0,1.0,1.0,13.0,12.0,4.0,8.0,4.0,13.0,0.0,0.0,1,1715.99
2125,2022-02-12,2021-22,Brentford,Crystal Palace,1,0.0,0.0,9.0,6.0,2.0,3.0,3.0,10.0,1.0,0.0,1,1657.44
2125,2022-02-12,2021-22,Crystal Palace,Brentford,0,0.0,0.0,6.0,9.0,3.0,2.0,9.0,10.0,0.0,0.0,1,1713.45
2126,2022-02-12,2021-22,Everton,Leeds,1,3.0,0.0,21.0,7.0,10.0,0.0,5.0,8.0,1.0,0.0,3,1704.6
2126,2022-02-12,2021-22,Leeds,Everton,0,0.0,3.0,7.0,21.0,0.0,10.0,3.0,9.0,1.0,0.0,0,1734.98
2127,2022-02-12,2021-22,Watford,Brighton,1,0.0,2.0,9.0,11.0,1.0,6.0,4.0,16.0,3.0,0.0,0,1630.75
2127,2022-02-12,2021-22,Brighton,Watford,0,2.0,0.0,11.0,9.0,6.0,1.0,5.0,9.0,2.0,0.0,3,1744.66
2128,2022-02-12,2021-22,Norwich,Man City,1,0.0,4.0,8.0,22.0,3.0,9.0,4.0,7.0,0.0,0.0,0,1622.88
2128,2022-02-12,2021-22,Man City,Norwich,0,4.0,0.0,22.0,8.0,9.0,3.0,12.0,8.0,2.0,0.0,3,2021.13
2129,2022-02-13,2021-22,Newcastle,Aston Villa,1,1.0,0.0,10.0,11.0,2.0,1.0,3.0,22.0,3.0,0.0,3,1675.48
2129,2022-02-13,2021-22,Aston Villa,Newcastle,0,0.0,1.0,11.0,10.0,1.0,2.0,6.0,15.0,4.0,0.0,0,1743.5
2130,2022-02-13,2021-22,Burnley,Liverpool,1,0.0,1.0,8.0,12.0,5.0,4.0,5.0,7.0,0.0,0.0,0,1683.75
2130,2022-02-13,2021-22,Liverpool,Burnley,0,1.0,0.0,12.0,8.0,4.0,5.0,8.0,6.0,1.0,0.0,3,1996.65
2131,2022-02-13,2021-22,Leicester,West Ham,1,2.0,2.0,13.0,8.0,2.0,3.0,5.0,10.0,1.0,0.0,1,1762.85
2131,2022-02-13,2021-22,West Ham,Leicester,0,2.0,2.0,8.0,13.0,3.0,2.0,4.0,9.0,2.0,0.0,1,1805.83
2132,2022-02-13,2021-22,Tottenham,Wolves,1,0.0,2.0,17.0,11.0,7.0,7.0,7.0,13.0,3.0,0.0,0,1805.39
2132,2022-02-13,2021-22,Wolves,Tottenham,0,2.0,0.0,11.0,17.0,7.0,7.0,3.0,13.0,1.0,0.0,3,1772.93
2133,2022-02-15,2021-22,Man United,Brighton,1,2.0,0.0,19.0,10.0,7.0,3.0,10.0,8.0,3.0,0.0,3,1866.84
2133,2022-02-15,2021-22,Brighton,Man United,0,0.0,2.0,10.0,19.0,3.0,7.0,2.0,10.0,1.0,1.0,0,1753.62
2134,2022-02-19,2021-22,Liverpool,Norwich,1,3.0,1.0,29.0,6.0,8.0,1.0,9.0,7.0,0.0,0.0,3,2002.28
2134,2022-02-19,2021-22,Norwich,Liverpool,0,1.0,3.0,6.0,29.0,1.0,8.0,4.0,8.0,1.0,0.0,0,1621.26
2135,2022-02-19,2021-22,Southampton,Everton,1,2.0,0.0,19.0,9.0,11.0,0.0,4.0,6.0,0.0,0.0,3,1732.24
2135,2022-02-19,2021-22,Everton,Southampton,0,0.0,2.0,9.0,19.0,0.0,11.0,4.0,9.0,2.0,0.0,0,1707.39
2136,2022-02-19,2021-22,West Ham,Newcastle,1,1.0,1.0,11.0,14.0,3.0,3.0,3.0,3.0,3.0,0.0,1,1808.98
2136,2022-02-19,2021-22,Newcastle,West Ham,0,1.0,1.0,14.0,11.0,3.0,3.0,7.0,7.0,3.0,0.0,1,1694.79
2137,2022-02-19,2021-22,Arsenal,Brentford,1,2.0,1.0,24.0,6.0,8.0,2.0,14.0,10.0,1.0,0.0,3,1863.17
2137,2022-02-19,2021-22,Brentford,Arsenal,0,1.0,2.0,6.0,24.0,2.0,8.0,0.0,5.0,1.0,0.0,0,1656.26
2138,2022-02-19,2021-22,Aston Villa,Watford,1,0.0,1.0,20.0,8.0,1.0,4.0,10.0,12.0,1.0,0.0,0,1733.81
2138,2022-02-19,2021-22,Watford,Aston Villa,0,1.0,0.0,8.0,20.0,4.0,1.0,5.0,7.0,2.0,0.0,3,1621.09
2139,2022-02-19,2021-22,Brighton,Burnley,1,0.0,3.0,11.0,10.0,1.0,4.0,4.0,12.0,1.0,0.0,0,1753.62
2139,2022-02-19,2021-22,Burnley,Brighton,0,3.0,0.0,10.0,11.0,4.0,1.0,4.0,12.0,4.0,0.0,3,1682.93
2140,2022-02-19,2021-22,Crystal Palace,Chelsea,1,0.0,1.0,7.0,9.0,0.0,3.0,4.0,4.0,1.0,0.0,0,1711.71
2140,2022-02-19,2021-22,Chelsea,Crystal Palace,0,1.0,0.0,9.0,7.0,3.0,0.0,4.0,20.0,3.0,0.0,3,1930.51
2141,2022-02-19,2021-22,Man City,Tottenham,1,2.0,3.0,21.0,6.0,4.0,5.0,10.0,5.0,0.0,0.0,0,2025.69
2141,2022-02-19,2021-22,Tottenham,Man City,0,3.0,2.0,6.0,21.0,5.0,4.0,0.0,7.0,3.0,0.0,3,1779.87
2142,2022-02-20,2021-22,Leeds,Man United,1,2.0,4.0,16.0,15.0,6.0,9.0,3.0,13.0,6.0,0.0,0,1722.57
2142,2022-02-20,2021-22,Man United,Leeds,0,4.0,2.0,15.0,16.0,9.0,6.0,3.0,19.0,3.0,0.0,3,1866.84
2143,2022-02-20,2021-22,Wolves,Leicester,1,2.0,1.0,11.0,17.0,3.0,7.0,7.0,12.0,4.0,0.0,3,1779.93
2143,2022-02-20,2021-22,Leicester,Wolves,0,1.0,2.0,17.0,11.0,7.0,3.0,10.0,9.0,4.0,0.0,0,1759.81
2144,2022-02-23,2021-22,Liverpool,Leeds,1,6.0,0.0,23.0,3.0,15.0,2.0,4.0,5.0,0.0,0.0,3,2002.28
2144,2022-02-23,2021-22,Leeds,Liverpool,0,0.0,6.0,3.0,23.0,2.0,15.0,0.0,11.0,3.0,0.0,0,1722.57
2145,2022-02-23,2021-22,Burnley,Tottenham,1,1.0,0.0,15.0,12.0,4.0,2.0,3.0,8.0,0.0,0.0,3,1682.93
2145,2022-02-23,2021-22,Tottenham,Burnley,0,0.0,1.0,12.0,15.0,2.0,4.0,7.0,8.0,0.0,0.0,0,1779.87
2146,2022-02-23,2021-22,Watford,Crystal Palace,1,1.0,4.0,8.0,7.0,1.0,5.0,6.0,12.0,2.0,0.0,0,1621.09
2146,2022-02-23,2021-22,Crystal Palace,Watford,0,4.0,1.0,7.0,8.0,5.0,1.0,4.0,9.0,1.0,0.0,3,1711.71
2147,2022-02-24,2021-22,Arsenal,Wolves,1,2.0,1.0,26.0,6.0,5.0,2.0,5.0,8.0,1.0,0.0,3,1863.17
2147,2022-02-24,2021-22,Wolves,Arsenal,0,1.0,2.0,6.0,26.0,2.0,5.0,4.0,9.0,1.0,0.0,0,1779.93
2148,2022-02-25,2021-22,Southampton,Norwich,1,2.0,0.0,27.0,8.0,9.0,1.0,13.0,12.0,1.0,0.0,3,1732.24
2148,2022-02-25,2021-22,Norwich,Southampton,0,0.0,2.0,8.0,27.0,1.0,9.0,6.0,9.0,2.0,0.0,0,1621.26
2149,2022-02-26,2021-22,Leeds,Tottenham,1,0.0,4.0,19.0,15.0,3.0,11.0,3.0,16.0,4.0,0.0,0,1722.57
2149,2022-02-26,2021-22,Tottenham,Leeds,0,4.0,0.0,15.0,19.0,11.0,3.0,6.0,11.0,2.0,0.0,3,1779.87
2150,2022-02-26,2021-22,Brentford,Newcastle,1,0.0,2.0,6.0,26.0,1.0,11.0,6.0,9.0,3.0,1.0,0,1656.26
2150,2022-02-26,2021-22,Newcastle,Brentford,0,2.0,0.0,26.0,6.0,11.0,1.0,6.0,7.0,1.0,0.0,3,1694.79
2151,2022-02-26,2021-22,Crystal Palace,Burnley,1,1.0,1.0,11.0,5.0,4.0,1.0,5.0,5.0,0.0,0.0,1,1711.71
2151,2022-02-26,2021-22,Burnley,Crystal Palace,0,1.0,1.0,5.0,11.0,1.0,4.0,4.0,17.0,2.0,0.0,1,1682.93
2152,2022-02-26,2021-22,Man United,Watford,1,0.0,0.0,22.0,10.0,3.0,2.0,4.0,2.0,0.0,0.0,1,1866.84
2152,2022-02-26,2021-22,Watford,Man United,0,0.0,0.0,10.0,22.0,2.0,3.0,3.0,7.0,0.0,0.0,1,1621.09
2153,2022-02-26,2021-22,Brighton,Aston Villa,1,0.0,2.0,12.0,9.0,1.0,4.0,7.0,17.0,4.0,0.0,0,1753.62
2153,2022-02-26,2021-22,Aston Villa,Brighton,0,2.0,0.0,9.0,12.0,4.0,1.0,2.0,11.0,5.0,0.0,3,1733.81
2154,2022-02-26,2021-22,Everton,Man City,1,0.0,1.0,6.0,13.0,2.0,8.0,3.0,7.0,3.0,0.0,0,1707.39
2154,2022-02-26,2021-22,Man City,Everton,0,1.0,0.0,13.0,6.0,8.0,2.0,4.0,14.0,2.0,0.0,3,2025.69
2155,2022-02-27,2021-22,West Ham,Wolves,1,1.0,0.0,13.0,14.0,4.0,1.0,3.0,8.0,1.0,0.0,3,1808.98
2155,2022-02-27,2021-22,Wolves,West Ham,0,0.0,1.0,14.0,13.0,1.0,4.0,5.0,2.0,0.0,0.0,0,1779.93
2156,2022-03-01,2021-22,Burnley,Leicester,1,0.0,2.0,9.0,22.0,2.0,6.0,6.0,10.0,1.0,0.0,0,1718.43
2156,2022-03-01,2021-22,Leicester,Burnley,0,2.0,0.0,22.0,9.0,6.0,2.0,8.0,13.0,1.0,0.0,3,1761.1
2157,2022-03-05,2021-22,Newcastle,Brighton,1,2.0,1.0,10.0,15.0,4.0,4.0,4.0,8.0,1.0,0.0,3,1715.69
2157,2022-03-05,2021-22,Brighton,Newcastle,0,1.0,2.0,15.0,10.0,4.0,4.0,7.0,10.0,1.0,0.0,0,1719.85
2158,2022-03-05,2021-22,Leicester,Leeds,1,1.0,0.0,7.0,19.0,4.0,4.0,5.0,9.0,1.0,0.0,3,1761.1
2158,2022-03-05,2021-22,Leeds,Leicester,0,0.0,1.0,19.0,7.0,4.0,4.0,10.0,12.0,2.0,0.0,0,1702.18
2159,2022-03-05,2021-22,Burnley,Chelsea,1,0.0,4.0,6.0,11.0,1.0,5.0,5.0,12.0,2.0,0.0,0,1718.43
2159,2022-03-05,2021-22,Chelsea,Burnley,0,4.0,0.0,11.0,6.0,5.0,1.0,2.0,7.0,0.0,0.0,3,1943.13
2160,2022-03-05,2021-22,Wolves,Crystal Palace,1,0.0,2.0,12.0,12.0,5.0,8.0,7.0,13.0,0.0,0.0,0,1780.05
2160,2022-03-05,2021-22,Crystal Palace,Wolves,0,2.0,0.0,12.0,12.0,8.0,5.0,7.0,8.0,3.0,0.0,3,1724.23
2161,2022-03-05,2021-22,Norwich,Brentford,1,1.0,3.0,15.0,10.0,7.0,6.0,5.0,13.0,2.0,0.0,0,1619.4
2161,2022-03-05,2021-22,Brentford,Norwich,0,3.0,1.0,10.0,15.0,6.0,7.0,5.0,18.0,5.0,0.0,3,1647.59
2162,2022-03-05,2021-22,Liverpool,West Ham,1,1.0,0.0,22.0,13.0,5.0,5.0,4.0,7.0,2.0,0.0,3,2019.52
2162,2022-03-05,2021-22,West Ham,Liverpool,0,0.0,1.0,13.0,22.0,5.0,5.0,6.0,7.0,1.0,0.0,0,1816.47
2163,2022-03-05,2021-22,Aston Villa,Southampton,1,4.0,0.0,14.0,11.0,9.0,1.0,4.0,10.0,1.0,0.0,3,1740.63
2163,2022-03-05,2021-22,Southampton,Aston Villa,0,0.0,4.0,11.0,14.0,1.0,9.0,7.0,8.0,1.0,0.0,0,1752.05
2164,2022-03-06,2021-22,Watford,Arsenal,1,2.0,3.0,13.0,16.0,7.0,4.0,1.0,5.0,1.0,0.0,0,1632.76
2164,2022-03-06,2021-22,Arsenal,Watford,0,3.0,2.0,16.0,13.0,4.0,7.0,5.0,11.0,2.0,0.0,3,1876.36
2165,2022-03-06,2021-22,Man City,Man United,1,4.0,1.0,24.0,5.0,10.0,2.0,9.0,10.0,0.0,0.0,3,2021.69
2165,2022-03-06,2021-22,Man United,Man City,0,1.0,4.0,5.0,24.0,2.0,10.0,3.0,14.0,1.0,0.0,0,1880.24
2166,2022-03-07,2021-22,Tottenham,Everton,1,5.0,0.0,14.0,6.0,7.0,0.0,5.0,15.0,2.0,0.0,3,1804.85
2166,2022-03-07,2021-22,Everton,Tottenham,0,0.0,5.0,6.0,14.0,0.0,7.0,2.0,10.0,0.0,0.0,0,1701.64
2167,2022-03-10,2021-22,Wolves,Watford,1,4.0,0.0,10.0,9.0,5.0,0.0,5.0,11.0,2.0,0.0,3,1780.05
2167,2022-03-10,2021-22,Watford,Wolves,0,0.0,4.0,9.0,10.0,0.0,5.0,2.0,10.0,2.0,0.0,0,1632.76
2168,2022-03-10,2021-22,Leeds,Aston Villa,1,0.0,3.0,4.0,15.0,1.0,9.0,3.0,17.0,5.0,0.0,0,1702.18
2168,2022-03-10,2021-22,Aston Villa,Leeds,0,3.0,0.0,15.0,4.0,9.0,1.0,5.0,11.0,3.0,0.0,3,1740.63
2169,2022-03-10,2021-22,Norwich,Chelsea,1,1.0,3.0,9.0,15.0,3.0,7.0,3.0,8.0,0.0,0.0,0,1619.4
2169,2022-03-10,2021-22,Chelsea,Norwich,0,3.0,1.0,15.0,9.0,7.0,3.0,8.0,15.0,2.0,0.0,3,1943.13
2170,2022-03-10,2021-22,Southampton,Newcastle,1,1.0,2.0,14.0,8.0,5.0,4.0,12.0,6.0,1.0,0.0,0,1752.05
2170,2022-03-10,2021-22,Newcastle,Southampton,0,2.0,1.0,8.0,14.0,4.0,5.0,5.0,7.0,1.0,0.0,3,1715.69
2171,2022-03-12,2021-22,Man United,Tottenham,1,3.0,2.0,10.0,10.0,6.0,3.0,4.0,8.0,2.0,0.0,3,1880.24
2171,2022-03-12,2021-22,Tottenham,Man United,0,2.0,3.0,10.0,10.0,3.0,6.0,5.0,7.0,1.0,0.0,0,1804.85
2172,2022-03-12,2021-22,Brighton,Liverpool,1,0.0,2.0,8.0,18.0,3.0,9.0,7.0,12.0,3.0,0.0,0,1719.85
2172,2022-03-12,2021-22,Liverpool,Brighton,0,2.0,0.0,18.0,8.0,9.0,3.0,6.0,15.0,1.0,0.0,3,2019.52
2173,2022-03-12,2021-22,Brentford,Burnley,1,2.0,0.0,13.0,7.0,4.0,1.0,2.0,6.0,1.0,0.0,3,1647.59
2173,2022-03-12,2021-22,Burnley,Brentford,0,0.0,2.0,7.0,13.0,1.0,4.0,9.0,10.0,1.0,1.0,0,1718.43
2174,2022-03-13,2021-22,Chelsea,Newcastle,1,1.0,0.0,8.0,7.0,3.0,2.0,7.0,17.0,4.0,0.0,3,1943.13
2174,2022-03-13,2021-22,Newcastle,Chelsea,0,0.0,1.0,7.0,8.0,2.0,3.0,2.0,16.0,3.0,0.0,0,1715.69
2175,2022-03-13,2021-22,Everton,Wolves,1,0.0,1.0,8.0,14.0,2.0,3.0,5.0,13.0,2.0,1.0,0,1701.64
2175,2022-03-13,2021-22,Wolves,Everton,0,1.0,0.0,14.0,8.0,3.0,2.0,2.0,11.0,1.0,0.0,3,1780.05
2176,2022-03-13,2021-22,Leeds,Norwich,1,2.0,1.0,13.0,12.0,7.0,4.0,6.0,18.0,3.0,0.0,3,1702.18
2176,2022-03-13,2021-22,Norwich,Leeds,0,1.0,2.0,12.0,13.0,4.0,7.0,2.0,8.0,1.0,0.0,0,1619.4
2177,2022-03-13,2021-22,Southampton,Watford,1,1.0,2.0,13.0,9.0,7.0,5.0,11.0,8.0,3.0,0.0,0,1752.05
2177,2022-03-13,2021-22,Watford,Southampton,0,2.0,1.0,9.0,13.0,5.0,7.0,3.0,12.0,2.0,0.0,3,1632.76
2178,2022-03-13,2021-22,West Ham,Aston Villa,1,2.0,1.0,11.0,13.0,4.0,7.0,5.0,9.0,1.0,0.0,3,1816.47
2178,2022-03-13,2021-22,Aston Villa,West Ham,0,1.0,2.0,13.0,11.0,7.0,4.0,7.0,3.0,0.0,0.0,0,1740.63
2179,2022-03-13,2021-22,Arsenal,Leicester,1,2.0,0.0,21.0,6.0,8.0,3.0,2.0,8.0,0.0,0.0,3,1876.36
2179,2022-03-13,2021-22,Leicester,Arsenal,0,0.0,2.0,6.0,21.0,3.0,8.0,6.0,10.0,3.0,0.0,0,1761.1
2180,2022-03-14,2021-22,Crystal Palace,Man City,1,0.0,0.0,7.0,18.0,1.0,4.0,2.0,6.0,3.0,0.0,1,1724.23
2180,2022-03-14,2021-22,Man City,Crystal Palace,0,0.0,0.0,18.0,7.0,4.0,1.0,6.0,11.0,1.0,0.0,1,2021.69
2181,2022-03-16,2021-22,Brighton,Tottenham,1,0.0,2.0,15.0,17.0,0.0,7.0,6.0,11.0,2.0,0.0,0,1709.72
2181,2022-03-16,2021-22,Tottenham,Brighton,0,2.0,0.0,17.0,15.0,7.0,0.0,3.0,9.0,2.0,0.0,3,1810.05
2182,2022-03-16,2021-22,Arsenal,Liverpool,1,0.0,2.0,9.0,9.0,2.0,3.0,1.0,9.0,0.0,0.0,0,1886.84
2182,2022-03-16,2021-22,Liverpool,Arsenal,0,2.0,0.0,9.0,9.0,3.0,2.0,6.0,9.0,1.0,0.0,3,2024.37
2183,2022-03-17,2021-22,Everton,Newcastle,1,1.0,0.0,9.0,17.0,3.0,6.0,5.0,13.0,2.0,1.0,3,1684.89
2183,2022-03-17,2021-22,Newcastle,Everton,0,0.0,1.0,17.0,9.0,6.0,3.0,7.0,11.0,1.0,0.0,0,1730.33
2184,2022-03-18,2021-22,Wolves,Leeds,1,2.0,3.0,14.0,15.0,8.0,6.0,2.0,13.0,1.0,1.0,0,1780.86
2184,2022-03-18,2021-22,Leeds,Wolves,0,3.0,2.0,15.0,14.0,6.0,8.0,5.0,14.0,4.0,0.0,3,1689.81
2185,2022-03-19,2021-22,Aston Villa,Arsenal,1,0.0,1.0,8.0,10.0,1.0,3.0,6.0,13.0,3.0,0.0,0,1762.61
2185,2022-03-19,2021-22,Arsenal,Aston Villa,0,1.0,0.0,10.0,8.0,3.0,1.0,5.0,14.0,3.0,0.0,3,1886.84
2186,2022-03-20,2021-22,Leicester,Brentford,1,2.0,1.0,12.0,15.0,4.0,6.0,2.0,10.0,1.0,0.0,3,1778.0
2186,2022-03-20,2021-22,Brentford,Leicester,0,1.0,2.0,15.0,12.0,6.0,4.0,5.0,10.0,2.0,0.0,0,1671.77
2187,2022-03-20,2021-22,Tottenham,West Ham,1,3.0,1.0,17.0,6.0,4.0,1.0,5.0,7.0,0.0,0.0,3,1810.05
2187,2022-03-20,2021-22,West Ham,Tottenham,0,1.0,3.0,6.0,17.0,1.0,4.0,3.0,7.0,1.0,0.0,0,1816.56
2188,2022-04-02,2021-22,Liverpool,Watford,1,2.0,0.0,20.0,5.0,3.0,2.0,9.0,9.0,1.0,0.0,3,2033.88
2188,2022-04-02,2021-22,Watford,Liverpool,0,0.0,2.0,5.0,20.0,2.0,3.0,3.0,8.0,1.0,0.0,0,1635.16
2189,2022-04-02,2021-22,Brighton,Norwich,1,0.0,0.0,31.0,6.0,4.0,0.0,11.0,12.0,1.0,0.0,1,1701.97
2189,2022-04-02,2021-22,Norwich,Brighton,0,0.0,0.0,6.0,31.0,0.0,4.0,2.0,11.0,1.0,0.0,1,1601.74
2190,2022-04-02,2021-22,Burnley,Man City,1,0.0,2.0,3.0,18.0,1.0,6.0,1.0,11.0,1.0,0.0,0,1690.4
2190,2022-04-02,2021-22,Man City,Burnley,0,2.0,0.0,18.0,3.0,6.0,1.0,8.0,6.0,0.0,0.0,3,2025.21
2191,2022-04-02,2021-22,Chelsea,Brentford,1,1.0,4.0,21.0,17.0,8.0,6.0,12.0,11.0,0.0,0.0,0,1960.77
2191,2022-04-02,2021-22,Brentford,Chelsea,0,4.0,1.0,17.0,21.0,6.0,8.0,7.0,7.0,0.0,0.0,3,1669.12
2192,2022-04-02,2021-22,Leeds,Southampton,1,1.0,1.0,12.0,14.0,3.0,6.0,4.0,14.0,1.0,0.0,1,1703.09
2192,2022-04-02,2021-22,Southampton,Leeds,0,1.0,1.0,14.0,12.0,6.0,3.0,7.0,7.0,1.0,0.0,1,1718.7
2193,2022-04-02,2021-22,Wolves,Aston Villa,1,2.0,1.0,11.0,15.0,5.0,5.0,4.0,15.0,4.0,0.0,3,1770.93
2193,2022-04-02,2021-22,Aston Villa,Wolves,0,1.0,2.0,15.0,11.0,5.0,5.0,9.0,8.0,3.0,0.0,0,1758.21
2194,2022-04-02,2021-22,Man United,Leicester,1,1.0,1.0,11.0,11.0,5.0,3.0,6.0,13.0,2.0,0.0,1,1868.27
2194,2022-04-02,2021-22,Leicester,Man United,0,1.0,1.0,11.0,11.0,3.0,5.0,5.0,6.0,2.0,0.0,1,1785.13
2195,2022-04-03,2021-22,West Ham,Everton,1,2.0,1.0,11.0,13.0,5.0,2.0,2.0,9.0,1.0,0.0,3,1823.1
2195,2022-04-03,2021-22,Everton,West Ham,0,1.0,2.0,13.0,11.0,2.0,5.0,4.0,12.0,1.0,1.0,0,1694.7
2196,2022-04-03,2021-22,Tottenham,Newcastle,1,5.0,1.0,19.0,8.0,6.0,1.0,2.0,10.0,2.0,0.0,3,1831.22
2196,2022-04-03,2021-22,Newcastle,Tottenham,0,1.0,5.0,8.0,19.0,1.0,6.0,3.0,7.0,3.0,0.0,0,1723.86
2197,2022-04-04,2021-22,Crystal Palace,Arsenal,1,3.0,0.0,6.0,12.0,5.0,3.0,0.0,11.0,0.0,0.0,3,1747.73
2197,2022-04-04,2021-22,Arsenal,Crystal Palace,0,0.0,3.0,12.0,6.0,3.0,5.0,2.0,15.0,2.0,0.0,0,1886.75
2198,2022-04-06,2021-22,Burnley,Everton,1,3.0,2.0,13.0,16.0,4.0,4.0,9.0,11.0,2.0,0.0,3,1690.4
2198,2022-04-06,2021-22,Everton,Burnley,0,2.0,3.0,16.0,13.0,4.0,4.0,6.0,16.0,2.0,0.0,0,1694.7
2199,2022-04-08,2021-22,Newcastle,Wolves,1,1.0,0.0,12.0,5.0,4.0,2.0,1.0,6.0,1.0,0.0,3,1723.86
2199,2022-04-08,2021-22,Wolves,Newcastle,0,0.0,1.0,5.0,12.0,2.0,4.0,2.0,13.0,1.0,0.0,0,1770.93
2200,2022-04-09,2021-22,Southampton,Chelsea,1,0.0,6.0,4.0,24.0,1.0,14.0,3.0,11.0,1.0,0.0,0,1718.7
2200,2022-04-09,2021-22,Chelsea,Southampton,0,6.0,0.0,24.0,4.0,14.0,1.0,3.0,10.0,0.0,0.0,3,1960.77
2201,2022-04-09,2021-22,Everton,Man United,1,1.0,0.0,7.0,12.0,3.0,4.0,5.0,4.0,2.0,0.0,3,1694.7
2201,2022-04-09,2021-22,Man United,Everton,0,0.0,1.0,12.0,7.0,4.0,3.0,7.0,10.0,2.0,0.0,0,1868.27
2202,2022-04-09,2021-22,Watford,Leeds,1,0.0,3.0,8.0,10.0,1.0,5.0,3.0,8.0,2.0,0.0,0,1635.16
2202,2022-04-09,2021-22,Leeds,Watford,0,3.0,0.0,10.0,8.0,5.0,1.0,8.0,12.0,0.0,0.0,3,1703.09
2203,2022-04-09,2021-22,Aston Villa,Tottenham,1,0.0,4.0,9.0,11.0,8.0,5.0,9.0,12.0,2.0,0.0,0,1758.21
2203,2022-04-09,2021-22,Tottenham,Aston Villa,0,4.0,0.0,11.0,9.0,5.0,8.0,3.0,14.0,3.0,0.0,3,1831.22
2204,2022-04-09,2021-22,Arsenal,Brighton,1,1.0,2.0,20.0,8.0,4.0,3.0,11.0,12.0,3.0,0.0,0,1886.75
2204,2022-04-09,2021-22,Brighton,Arsenal,0,2.0,1.0,8.0,20.0,3.0,4.0,2.0,19.0,4.0,0.0,3,1701.97
2205,2022-04-10,2021-22,Brentford,West Ham,1,2.0,0.0,15.0,5.0,7.0,1.0,4.0,2.0,0.0,0.0,3,1669.12
2205,2022-04-10,2021-22,West Ham,Brentford,0,0.0,2.0,5.0,15.0,1.0,7.0,6.0,6.0,1.0,0.0,0,1823.1
2206,2022-04-10,2021-22,Leicester,Crystal Palace,1,2.0,1.0,12.0,11.0,3.0,3.0,3.0,11.0,1.0,0.0,3,1785.13
2206,2022-04-10,2021-22,Crystal Palace,Leicester,0,1.0,2.0,11.0,12.0,3.0,3.0,4.0,12.0,1.0,0.0,0,1747.73
2207,2022-04-10,2021-22,Norwich,Burnley,1,2.0,0.0,17.0,18.0,6.0,4.0,6.0,12.0,1.0,0.0,3,1601.74
2207,2022-04-10,2021-22,Burnley,Norwich,0,0.0,2.0,18.0,17.0,4.0,6.0,7.0,10.0,1.0,0.0,0,1690.4
2208,2022-04-10,2021-22,Man City,Liverpool,1,2.0,2.0,11.0,6.0,5.0,4.0,4.0,9.0,1.0,0.0,1,2025.21
2208,2022-04-10,2021-22,Liverpool,Man City,0,2.0,2.0,6.0,11.0,4.0,5.0,1.0,11.0,4.0,0.0,1,2033.88
2209,2022-04-16,2021-22,Tottenham,Brighton,1,0.0,1.0,5.0,12.0,0.0,5.0,4.0,14.0,3.0,0.0,0,1859.46
2209,2022-04-16,2021-22,Brighton,Tottenham,0,1.0,0.0,12.0,5.0,5.0,0.0,4.0,10.0,3.0,0.0,3,1717.14
2210,2022-04-16,2021-22,Man United,Norwich,1,3.0,2.0,20.0,15.0,9.0,4.0,6.0,7.0,0.0,0.0,3,1859.1
2210,2022-04-16,2021-22,Norwich,Man United,0,2.0,3.0,15.0,20.0,4.0,9.0,7.0,6.0,0.0,0.0,0,1624.58
2211,2022-04-16,2021-22,Southampton,Arsenal,1,1.0,0.0,9.0,23.0,3.0,6.0,6.0,6.0,2.0,0.0,3,1714.91
2211,2022-04-16,2021-22,Arsenal,Southampton,0,0.0,1.0,23.0,9.0,6.0,3.0,8.0,6.0,1.0,0.0,0,1860.64
2212,2022-04-16,2021-22,Watford,Brentford,1,1.0,2.0,17.0,16.0,4.0,5.0,6.0,11.0,2.0,0.0,0,1626.79
2212,2022-04-16,2021-22,Brentford,Watford,0,2.0,1.0,16.0,17.0,5.0,4.0,5.0,9.0,1.0,0.0,3,1716.36
2213,2022-04-17,2021-22,Newcastle,Leicester,1,2.0,1.0,16.0,8.0,7.0,2.0,3.0,10.0,2.0,0.0,3,1729.23
2213,2022-04-17,2021-22,Leicester,Newcastle,0,1.0,2.0,8.0,16.0,2.0,7.0,5.0,10.0,2.0,0.0,0,1809.32
2214,2022-04-17,2021-22,West Ham,Burnley,1,1.0,1.0,21.0,9.0,8.0,1.0,13.0,9.0,2.0,0.0,1,1830.66
2214,2022-04-17,2021-22,Burnley,West Ham,0,1.0,1.0,9.0,21.0,1.0,8.0,4.0,10.0,2.0,0.0,1,1686.84
2215,2022-04-19,2021-22,Liverpool,Man United,1,4.0,0.0,14.0,2.0,5.0,1.0,10.0,3.0,1.0,0.0,3,2044.28
2215,2022-04-19,2021-22,Man United,Liverpool,0,0.0,4.0,2.0,14.0,1.0,5.0,2.0,6.0,2.0,0.0,0,1859.1
2216,2022-04-20,2021-22,Everton,Leicester,1,1.0,1.0,13.0,11.0,3.0,3.0,5.0,8.0,3.0,0.0,1,1700.57
2216,2022-04-20,2021-22,Leicester,Everton,0,1.0,1.0,11.0,13.0,3.0,3.0,4.0,17.0,1.0,0.0,1,1809.32
2217,2022-04-20,2021-22,Chelsea,Arsenal,1,2.0,4.0,11.0,14.0,2.0,4.0,6.0,7.0,3.0,0.0,0,1940.49
2217,2022-04-20,2021-22,Arsenal,Chelsea,0,4.0,2.0,14.0,11.0,4.0,2.0,1.0,6.0,1.0,0.0,3,1860.64
2218,2022-04-20,2021-22,Man City,Brighton,1,3.0,0.0,17.0,2.0,5.0,1.0,7.0,12.0,0.0,0.0,3,2037.5
2218,2022-04-20,2021-22,Brighton,Man City,0,0.0,3.0,2.0,17.0,1.0,5.0,4.0,7.0,3.0,0.0,0,1717.14
2219,2022-04-20,2021-22,Newcastle,Crystal Palace,1,1.0,0.0,13.0,10.0,4.0,2.0,2.0,12.0,1.0,0.0,3,1729.23
2219,2022-04-20,2021-22,Crystal Palace,Newcastle,0,0.0,1.0,10.0,13.0,2.0,4.0,5.0,12.0,1.0,0.0,0,1765.35
2220,2022-04-21,2021-22,Burnley,Southampton,1,2.0,0.0,16.0,11.0,6.0,3.0,10.0,7.0,2.0,0.0,3,1686.84
2220,2022-04-21,2021-22,Southampton,Burnley,0,0.0,2.0,11.0,16.0,3.0,6.0,10.0,7.0,2.0,0.0,0,1714.91
2221,2022-04-23,2021-22,Norwich,Newcastle,1,0.0,3.0,5.0,13.0,2.0,7.0,2.0,11.0,0.0,0.0,0,1624.58
2221,2022-04-23,2021-22,Newcastle,Norwich,0,3.0,0.0,13.0,5.0,7.0,2.0,3.0,10.0,2.0,0.0,3,1729.23
2222,2022-04-23,2021-22,Brentford,Tottenham,1,0.0,0.0,15.0,9.0,2.0,0.0,12.0,8.0,2.0,0.0,1,1716.36
2222,2022-04-23,2021-22,Tottenham,Brentford,0,0.0,0.0,9.0,15.0,0.0,2.0,8.0,7.0,1.0,0.0,1,1859.46
2223,2022-04-23,2021-22,Arsenal,Man United,1,3.0,1.0,14.0,14.0,7.0,5.0,1.0,9.0,3.0,0.0,3,1860.64
2223,2022-04-23,2021-22,Man United,Arsenal,0,1.0,3.0,14.0,14.0,5.0,7.0,7.0,12.0,4.0,0.0,0,1859.1
2224,2022-04-23,2021-22,Leicester,Aston Villa,1,0.0,0.0,5.0,11.0,2.0,3.0,7.0,15.0,3.0,0.0,1,1809.32
2224,2022-04-23,2021-22,Aston Villa,Leicester,0,0.0,0.0,11.0,5.0,3.0,2.0,6.0,16.0,2.0,0.0,1,1743.5
2225,2022-04-23,2021-22,Man City,Watford,1,5.0,1.0,21.0,5.0,8.0,2.0,11.0,9.0,1.0,0.0,3,2037.5
2225,2022-04-23,2021-22,Watford,Man City,0,1.0,5.0,5.0,21.0,2.0,8.0,4.0,7.0,0.0,0.0,0,1626.79
2226,2022-04-24,2021-22,Chelsea,West Ham,1,1.0,0.0,26.0,6.0,5.0,2.0,3.0,11.0,1.0,0.0,3,1940.49
2226,2022-04-24,2021-22,West Ham,Chelsea,0,0.0,1.0,6.0,26.0,2.0,5.0,1.0,9.0,0.0,1.0,0,1830.66
2227,2022-04-24,2021-22,Brighton,Southampton,1,2.0,2.0,8.0,18.0,5.0,5.0,6.0,12.0,1.0,0.0,1,1717.14
2227,2022-04-24,2021-22,Southampton,Brighton,0,2.0,2.0,18.0,8.0,5.0,5.0,6.0,7.0,0.0,0.0,1,1714.91
2228,2022-04-24,2021-22,Burnley,Wolves,1,1.0,0.0,14.0,10.0,5.0,4.0,3.0,8.0,3.0,0.0,3,1686.84
2228,2022-04-24,2021-22,Wolves,Burnley,0,0.0,1.0,10.0,14.0,4.0,5.0,6.0,7.0,1.0,0.0,0,1774.72
2229,2022-04-24,2021-22,Liverpool,Everton,1,2.0,0.0,18.0,9.0,4.0,1.0,13.0,8.0,2.0,0.0,3,2044.28
2229,2022-04-24,2021-22,Everton,Liverpool,0,0.0,2.0,9.0,18.0,1.0,4.0,1.0,8.0,5.0,0.0,0,1700.57
2230,2022-04-25,2021-22,Crystal Palace,Leeds,1,0.0,0.0,17.0,9.0,7.0,2.0,6.0,12.0,2.0,0.0,1,1765.35
2230,2022-04-25,2021-22,Leeds,Crystal Palace,0,0.0,0.0,9.0,17.0,2.0,7.0,3.0,13.0,2.0,0.0,1,1720.74
2231,2022-04-28,2021-22,Man United,Chelsea,1,1.0,1.0,6.0,21.0,3.0,6.0,2.0,9.0,0.0,0.0,1,1859.1
2231,2022-04-28,2021-22,Chelsea,Man United,0,1.0,1.0,21.0,6.0,6.0,3.0,9.0,12.0,1.0,0.0,1,1940.49
2232,2022-04-30,2021-22,Newcastle,Liverpool,1,0.0,1.0,4.0,24.0,2.0,10.0,0.0,11.0,1.0,0.0,0,1729.23
2232,2022-04-30,2021-22,Liverpool,Newcastle,0,1.0,0.0,24.0,4.0,10.0,2.0,6.0,11.0,3.0,0.0,3,2044.28
2233,2022-04-30,2021-22,Aston Villa,Norwich,1,2.0,0.0,21.0,9.0,6.0,3.0,2.0,16.0,4.0,0.0,3,1743.5
2233,2022-04-30,2021-22,Norwich,Aston Villa,0,0.0,2.0,9.0,21.0,3.0,6.0,3.0,8.0,1.0,0.0,0,1624.58
2234,2022-04-30,2021-22,Southampton,Crystal Palace,1,1.0,2.0,8.0,14.0,3.0,5.0,6.0,13.0,1.0,0.0,0,1714.91
2234,2022-04-30,2021-22,Crystal Palace,Southampton,0,2.0,1.0,14.0,8.0,5.0,3.0,7.0,11.0,3.0,0.0,3,1765.35
2235,2022-04-30,2021-22,Watford,Burnley,1,1.0,2.0,13.0,17.0,1.0,6.0,5.0,13.0,1.0,0.0,0,1626.79
2235,2022-04-30,2021-22,Burnley,Watford,0,2.0,1.0,17.0,13.0,6.0,1.0,6.0,9.0,2.0,0.0,3,1686.84
2236,2022-04-30,2021-22,Wolves,Brighton,1,0.0,3.0,11.0,17.0,1.0,9.0,7.0,6.0,2.0,0.0,0,1774.72
2236,2022-04-30,2021-22,Brighton,Wolves,0,3.0,0.0,17.0,11.0,9.0,1.0,3.0,4.0,1.0,0.0,3,1717.14
2237,2022-04-30,2021-22,Leeds,Man City,1,0.0,4.0,7.0,19.0,2.0,6.0,3.0,13.0,1.0,0.0,0,1720.74
2237,2022-04-30,2021-22,Man City,Leeds,0,4.0,0.0,19.0,7.0,6.0,2.0,6.0,3.0,2.0,0.0,3,2037.5
2238,2022-05-01,2021-22,Everton,Chelsea,1,1.0,0.0,9.0,17.0,4.0,5.0,3.0,9.0,3.0,0.0,3,1698.75
2238,2022-05-01,2021-22,Chelsea,Everton,0,0.0,1.0,17.0,9.0,5.0,4.0,8.0,12.0,5.0,0.0,0,1925.98
2239,2022-05-01,2021-22,Tottenham,Leicester,1,3.0,1.0,13.0,6.0,7.0,2.0,7.0,13.0,2.0,0.0,3,1842.69
2239,2022-05-01,2021-22,Leicester,Tottenham,0,1.0,3.0,6.0,13.0,2.0,7.0,3.0,8.0,3.0,0.0,0,1791.86
2240,2022-05-01,2021-22,West Ham,Arsenal,1,1.0,2.0,8.0,13.0,3.0,7.0,3.0,8.0,2.0,0.0,0,1810.74
2240,2022-05-01,2021-22,Arsenal,West Ham,0,2.0,1.0,13.0,8.0,7.0,3.0,7.0,9.0,2.0,0.0,3,1873.72
2241,2022-05-02,2021-22,Man United,Brentford,1,3.0,0.0,9.0,12.0,5.0,4.0,3.0,4.0,1.0,0.0,3,1845.41
2241,2022-05-02,2021-22,Brentford,Man United,0,0.0,3.0,12.0,9.0,4.0,5.0,8.0,6.0,0.0,0.0,0,1723.81
2242,2022-05-07,2021-22,Chelsea,Wolves,1,2.0,2.0,19.0,14.0,6.0,4.0,9.0,7.0,1.0,0.0,1,1925.98
2242,2022-05-07,2021-22,Wolves,Chelsea,0,2.0,2.0,14.0,19.0,4.0,6.0,3.0,11.0,3.0,0.0,1,1745.92
2243,2022-05-07,2021-22,Burnley,Aston Villa,1,1.0,3.0,14.0,12.0,6.0,7.0,4.0,13.0,1.0,0.0,0,1717.11
2243,2022-05-07,2021-22,Aston Villa,Burnley,0,3.0,1.0,12.0,14.0,7.0,6.0,5.0,11.0,2.0,0.0,3,1750.06
2244,2022-05-07,2021-22,Brentford,Southampton,1,3.0,0.0,18.0,19.0,5.0,4.0,4.0,12.0,0.0,0.0,3,1723.81
2244,2022-05-07,2021-22,Southampton,Brentford,0,0.0,3.0,19.0,18.0,4.0,5.0,7.0,9.0,1.0,0.0,0,1706.04
2245,2022-05-07,2021-22,Liverpool,Tottenham,1,1.0,1.0,22.0,8.0,3.0,3.0,11.0,12.0,3.0,0.0,1,2055.51
2245,2022-05-07,2021-22,Tottenham,Liverpool,0,1.0,1.0,8.0,22.0,3.0,3.0,5.0,8.0,2.0,0.0,1,1842.69
2246,2022-05-07,2021-22,Brighton,Man United,1,4.0,0.0,17.0,15.0,6.0,5.0,7.0,13.0,0.0,0.0,3,1741.71
2246,2022-05-07,2021-22,Man United,Brighton,0,0.0,4.0,15.0,17.0,5.0,6.0,6.0,9.0,2.0,0.0,0,1845.41
2247,2022-05-07,2021-22,Crystal Palace,Watford,1,1.0,0.0,15.0,6.0,7.0,1.0,8.0,11.0,2.0,0.0,3,1761.73
2247,2022-05-07,2021-22,Watford,Crystal Palace,0,0.0,1.0,6.0,15.0,1.0,7.0,5.0,18.0,1.0,1.0,0,1609.69
2248,2022-05-08,2021-22,Arsenal,Leeds,1,2.0,1.0,19.0,3.0,9.0,2.0,8.0,13.0,2.0,0.0,3,1873.72
2248,2022-05-08,2021-22,Leeds,Arsenal,0,1.0,2.0,3.0,19.0,2.0,9.0,2.0,15.0,2.0,1.0,0,1716.87
2249,2022-05-08,2021-22,Leicester,Everton,1,1.0,2.0,16.0,10.0,9.0,4.0,6.0,11.0,3.0,0.0,0,1791.86
2249,2022-05-08,2021-22,Everton,Leicester,0,2.0,1.0,10.0,16.0,4.0,9.0,1.0,6.0,0.0,0.0,3,1698.75
2250,2022-05-08,2021-22,Norwich,West Ham,1,0.0,4.0,8.0,13.0,2.0,5.0,9.0,7.0,1.0,0.0,0,1604.65
2250,2022-05-08,2021-22,West Ham,Norwich,0,4.0,0.0,13.0,8.0,5.0,2.0,5.0,7.0,1.0,0.0,3,1810.74
2251,2022-05-08,2021-22,Man City,Newcastle,1,5.0,0.0,21.0,7.0,9.0,3.0,8.0,6.0,1.0,0.0,3,2047.45
2251,2022-05-08,2021-22,Newcastle,Man City,0,0.0,5.0,7.0,21.0,3.0,9.0,2.0,11.0,3.0,0.0,0,1751.81
2252,2022-05-10,2021-22,Aston Villa,Liverpool,1,1.0,2.0,9.0,17.0,4.0,6.0,2.0,10.0,0.0,0.0,0,1750.06
2252,2022-05-10,2021-22,Liverpool,Aston Villa,0,2.0,1.0,17.0,9.0,6.0,4.0,3.0,12.0,0.0,0.0,3,2055.51
2253,2022-05-11,2021-22,Leeds,Chelsea,1,0.0,3.0,5.0,17.0,0.0,4.0,1.0,10.0,1.0,1.0,0,1716.87
2253,2022-05-11,2021-22,Chelsea,Leeds,0,3.0,0.0,17.0,5.0,4.0,0.0,5.0,14.0,0.0,0.0,3,1925.98
2254,2022-05-11,2021-22,Leicester,Norwich,1,3.0,0.0,20.0,9.0,8.0,5.0,10.0,10.0,0.0,0.0,3,1791.86
2254,2022-05-11,2021-22,Norwich,Leicester,0,0.0,3.0,9.0,20.0,5.0,8.0,2.0,5.0,0.0,0.0,0,1604.65
2255,2022-05-11,2021-22,Watford,Everton,1,0.0,0.0,6.0,16.0,0.0,5.0,1.0,5.0,1.0,0.0,1,1609.69
2255,2022-05-11,2021-22,Everton,Watford,0,0.0,0.0,16.0,6.0,5.0,0.0,13.0,12.0,2.0,0.0,1,1698.75
2256,2022-05-11,2021-22,Wolves,Man City,1,1.0,5.0,7.0,16.0,3.0,5.0,6.0,2.0,0.0,0.0,0,1745.92
2256,2022-05-11,2021-22,Man City,Wolves,0,5.0,1.0,16.0,7.0,5.0,3.0,2.0,10.0,1.0,0.0,3,2047.45
2257,2022-05-12,2021-22,Tottenham,Arsenal,1,3.0,0.0,16.0,8.0,6.0,4.0,2.0,8.0,1.0,0.0,3,1842.69
2257,2022-05-12,2021-22,Arsenal,Tottenham,0,0.0,3.0,8.0,16.0,4.0,6.0,2.0,15.0,3.0,1.0,0,1873.72
2258,2022-05-15,2021-22,Leeds,Brighton,1,1.0,1.0,19.0,16.0,5.0,6.0,8.0,16.0,3.0,0.0,1,1696.19
2258,2022-05-15,2021-22,Brighton,Leeds,0,1.0,1.0,16.0,19.0,6.0,5.0,1.0,8.0,2.0,0.0,1,1751.83
2259,2022-05-15,2021-22,Tottenham,Burnley,1,1.0,0.0,21.0,8.0,8.0,1.0,8.0,12.0,3.0,0.0,3,1859.87
2259,2022-05-15,2021-22,Burnley,Tottenham,0,0.0,1.0,8.0,21.0,1.0,8.0,2.0,8.0,2.0,0.0,0,1695.22
2260,2022-05-15,2021-22,West Ham,Man City,1,2.0,2.0,6.0,31.0,2.0,8.0,4.0,9.0,3.0,0.0,1,1792.56
2260,2022-05-15,2021-22,Man City,West Ham,0,2.0,2.0,31.0,6.0,8.0,2.0,9.0,5.0,1.0,0.0,1,2031.49
2261,2022-05-15,2021-22,Aston Villa,Crystal Palace,1,1.0,1.0,13.0,16.0,4.0,4.0,1.0,11.0,1.0,0.0,1,1749.29
2261,2022-05-15,2021-22,Crystal Palace,Aston Villa,0,1.0,1.0,16.0,13.0,4.0,4.0,5.0,15.0,3.0,0.0,1,1755.43
2262,2022-05-15,2021-22,Wolves,Norwich,1,1.0,1.0,17.0,11.0,4.0,2.0,5.0,5.0,0.0,0.0,1,1735.53
2262,2022-05-15,2021-22,Norwich,Wolves,0,1.0,1.0,11.0,17.0,2.0,4.0,3.0,10.0,3.0,0.0,1,1579.95
2263,2022-05-15,2021-22,Everton,Brentford,1,2.0,3.0,10.0,18.0,5.0,7.0,5.0,8.0,0.0,2.0,0,1710.38
2263,2022-05-15,2021-22,Brentford,Everton,0,3.0,2.0,18.0,10.0,7.0,5.0,2.0,8.0,3.0,0.0,3,1718.08
2264,2022-05-15,2021-22,Watford,Leicester,1,1.0,5.0,13.0,13.0,5.0,7.0,7.0,4.0,0.0,0.0,0,1598.12
2264,2022-05-15,2021-22,Leicester,Watford,0,5.0,1.0,13.0,13.0,7.0,5.0,3.0,6.0,1.0,0.0,3,1759.51
2265,2022-05-16,2021-22,Newcastle,Arsenal,1,2.0,0.0,16.0,11.0,4.0,2.0,12.0,11.0,0.0,0.0,3,1737.79
2265,2022-05-16,2021-22,Arsenal,Newcastle,0,0.0,2.0,11.0,16.0,2.0,4.0,8.0,8.0,3.0,0.0,0,1861.3
2266,2022-05-17,2021-22,Southampton,Liverpool,1,1.0,2.0,4.0,24.0,2.0,5.0,1.0,6.0,2.0,0.0,0,1684.59
2266,2022-05-17,2021-22,Liverpool,Southampton,0,2.0,1.0,24.0,4.0,5.0,2.0,9.0,6.0,0.0,0.0,3,2044.17
2267,2022-05-19,2021-22,Everton,Crystal Palace,1,3.0,2.0,12.0,7.0,6.0,5.0,4.0,9.0,2.0,0.0,3,1710.38
2267,2022-05-19,2021-22,Crystal Palace,Everton,0,2.0,3.0,7.0,12.0,5.0,6.0,5.0,13.0,3.0,0.0,0,1755.43
2268,2022-05-19,2021-22,Aston Villa,Burnley,1,1.0,1.0,22.0,10.0,9.0,5.0,13.0,11.0,0.0,0.0,1,1749.29
2268,2022-05-19,2021-22,Burnley,Aston Villa,0,1.0,1.0,10.0,22.0,5.0,9.0,6.0,20.0,1.0,1.0,1,1695.22
2269,2022-05-19,2021-22,Chelsea,Leicester,1,1.0,1.0,20.0,2.0,7.0,1.0,6.0,13.0,4.0,0.0,1,1905.3
2269,2022-05-19,2021-22,Leicester,Chelsea,0,1.0,1.0,2.0,20.0,1.0,7.0,0.0,7.0,1.0,0.0,1,1759.51
2270,2022-05-22,2021-22,Brighton,West Ham,1,3.0,1.0,18.0,7.0,7.0,2.0,5.0,9.0,1.0,0.0,3,1751.83
2270,2022-05-22,2021-22,West Ham,Brighton,0,1.0,3.0,7.0,18.0,2.0,7.0,6.0,9.0,1.0,0.0,0,1792.56
2271,2022-05-22,2021-22,Arsenal,Everton,1,5.0,1.0,26.0,6.0,9.0,2.0,12.0,8.0,0.0,0.0,3,1861.3
2271,2022-05-22,2021-22,Everton,Arsenal,0,1.0,5.0,6.0,26.0,2.0,9.0,2.0,9.0,1.0,0.0,0,1710.38
2272,2022-05-22,2021-22,Brentford,Leeds,1,1.0,2.0,14.0,14.0,5.0,6.0,3.0,11.0,2.0,1.0,0,1718.08
2272,2022-05-22,2021-22,Leeds,Brentford,0,2.0,1.0,14.0,14.0,6.0,5.0,2.0,13.0,1.0,0.0,3,1696.19
2273,2022-05-22,2021-22,Burnley,Newcastle,1,1.0,2.0,12.0,8.0,5.0,6.0,8.0,8.0,1.0,0.0,0,1695.22
2273,2022-05-22,2021-22,Newcastle,Burnley,0,2.0,1.0,8.0,12.0,6.0,5.0,2.0,9.0,0.0,0.0,3,1737.79
2274,2022-05-22,2021-22,Chelsea,Watford,1,2.0,1.0,19.0,8.0,8.0,3.0,3.0,9.0,0.0,0.0,3,1905.3
2274,2022-05-22,2021-22,Watford,Chelsea,0,1.0,2.0,8.0,19.0,3.0,8.0,3.0,9.0,0.0,0.0,0,1598.12
2275,2022-05-22,2021-22,Crystal Palace,Man United,1,1.0,0.0,6.0,10.0,3.0,4.0,3.0,12.0,2.0,0.0,3,1755.43
2275,2022-05-22,2021-22,Man United,Crystal Palace,0,0.0,1.0,10.0,6.0,4.0,3.0,6.0,22.0,4.0,0.0,0,1822.61
2276,2022-05-22,2021-22,Leicester,Southampton,1,4.0,1.0,12.0,7.0,6.0,2.0,3.0,10.0,0.0,0.0,3,1759.51
2276,2022-05-22,2021-22,Southampton,Leicester,0,1.0,4.0,7.0,12.0,2.0,6.0,3.0,5.0,1.0,0.0,0,1684.59
2277,2022-05-22,2021-22,Man City,Aston Villa,1,3.0,2.0,24.0,4.0,5.0,2.0,13.0,5.0,0.0,0.0,3,2031.49
2277,2022-05-22,2021-22,Aston Villa,Man City,0,2.0,3.0,4.0,24.0,2.0,5.0,1.0,11.0,1.0,0.0,0,1749.29
2278,2022-05-22,2021-22,Norwich,Tottenham,1,0.0,5.0,9.0,19.0,0.0,13.0,3.0,13.0,3.0,0.0,0,1579.95
2278,2022-05-22,2021-22,Tottenham,Norwich,0,5.0,0.0,19.0,9.0,13.0,0.0,2.0,7.0,1.0,0.0,3,1859.87
2279,2022-05-22,2021-22,Liverpool,Wolves,1,3.0,1.0,29.0,7.0,8.0,5.0,5.0,6.0,1.0,0.0,3,2044.17
2279,2022-05-22,2021-22,Wolves,Liverpool,0,1.0,3.0,7.0,29.0,5.0,8.0,3.0,3.0,0.0,0.0,0,1735.53
2280,2022-08-05,2022-23,Crystal Palace,Arsenal,1,0.0,2.0,10.0,10.0,2.0,2.0,3.0,16.0,1.0,0.0,0,1753.9
2280,2022-08-05,2022-23,Arsenal,Crystal Palace,0,2.0,0.0,10.0,10.0,2.0,2.0,5.0,11.0,2.0,0.0,3,1851.46
2281,2022-08-06,2022-23,Fulham,Liverpool,1,2.0,2.0,9.0,11.0,3.0,4.0,4.0,7.0,2.0,0.0,1,1636.0
2281,2022-08-06,2022-23,Liverpool,Fulham,0,2.0,2.0,11.0,9.0,4.0,3.0,4.0,9.0,0.0,0.0,1,2035.03
2282,2022-08-06,2022-23,Bournemouth,Aston Villa,1,2.0,0.0,7.0,15.0,3.0,2.0,5.0,18.0,3.0,0.0,3,1630.37
2282,2022-08-06,2022-23,Aston Villa,Bournemouth,0,0.0,2.0,15.0,7.0,2.0,3.0,5.0,16.0,3.0,0.0,0,1740.58
2283,2022-08-06,2022-23,Leeds,Wolves,1,2.0,1.0,12.0,15.0,4.0,6.0,6.0,13.0,2.0,0.0,3,1703.28
2283,2022-08-06,2022-23,Wolves,Leeds,0,1.0,2.0,15.0,12.0,6.0,4.0,4.0,9.0,0.0,0.0,0,1725.12
2284,2022-08-06,2022-23,Newcastle,Nott'm Forest,1,2.0,0.0,23.0,5.0,10.0,0.0,11.0,9.0,0.0,0.0,3,1756.95
2284,2022-08-06,2022-23,Nott'm Forest,Newcastle,0,0.0,2.0,5.0,23.0,0.0,10.0,1.0,14.0,3.0,0.0,0,1612.12
2285,2022-08-06,2022-23,Tottenham,Southampton,1,4.0,1.0,18.0,10.0,8.0,2.0,10.0,11.0,3.0,0.0,3,1866.62
2285,2022-08-06,2022-23,Southampton,Tottenham,0,1.0,4.0,10.0,18.0,2.0,8.0,2.0,6.0,0.0,0.0,0,1671.66
2286,2022-08-06,2022-23,Everton,Chelsea,1,0.0,1.0,8.0,15.0,4.0,6.0,4.0,14.0,3.0,0.0,0,1698.98
2286,2022-08-06,2022-23,Chelsea,Everton,0,1.0,0.0,15.0,8.0,6.0,4.0,16.0,11.0,2.0,0.0,3,1899.04
2287,2022-08-07,2022-23,West Ham,Man City,1,0.0,2.0,6.0,14.0,1.0,2.0,1.0,8.0,0.0,0.0,0,1782.93
2287,2022-08-07,2022-23,Man City,West Ham,0,2.0,0.0,14.0,6.0,2.0,1.0,4.0,4.0,1.0,0.0,3,2025.13
2288,2022-08-07,2022-23,Leicester,Brentford,1,2.0,2.0,14.0,8.0,5.0,3.0,5.0,6.0,0.0,0.0,1,1779.34
2288,2022-08-07,2022-23,Brentford,Leicester,0,2.0,2.0,8.0,14.0,3.0,5.0,6.0,5.0,0.0,0.0,1,1714.31
2289,2022-08-07,2022-23,Man United,Brighton,1,1.0,2.0,17.0,15.0,5.0,4.0,6.0,7.0,4.0,0.0,0,1810.7
2289,2022-08-07,2022-23,Brighton,Man United,0,2.0,1.0,15.0,17.0,4.0,5.0,2.0,12.0,1.0,0.0,3,1760.1
2290,2022-08-13,2022-23,Man City,Bournemouth,1,4.0,0.0,19.0,3.0,7.0,1.0,11.0,9.0,0.0,0.0,3,2025.13
2290,2022-08-13,2022-23,Bournemouth,Man City,0,0.0,4.0,3.0,19.0,1.0,7.0,1.0,9.0,3.0,0.0,0,1630.37
2291,2022-08-13,2022-23,Aston Villa,Everton,1,2.0,1.0,12.0,15.0,4.0,4.0,5.0,9.0,4.0,0.0,3,1740.58
2291,2022-08-13,2022-23,Everton,Aston Villa,0,1.0,2.0,15.0,12.0,4.0,4.0,8.0,7.0,1.0,0.0,0,1698.98
2292,2022-08-13,2022-23,Brighton,Newcastle,1,0.0,0.0,13.0,4.0,7.0,1.0,7.0,8.0,2.0,0.0,1,1760.1
2292,2022-08-13,2022-23,Newcastle,Brighton,0,0.0,0.0,4.0,13.0,1.0,7.0,3.0,6.0,3.0,0.0,1,1756.95
2293,2022-08-13,2022-23,Wolves,Fulham,1,0.0,0.0,7.0,9.0,1.0,3.0,5.0,7.0,3.0,0.0,1,1725.12
2293,2022-08-13,2022-23,Fulham,Wolves,0,0.0,0.0,9.0,7.0,3.0,1.0,3.0,14.0,3.0,0.0,1,1636.0
2294,2022-08-13,2022-23,Southampton,Leeds,1,2.0,2.0,14.0,13.0,4.0,5.0,2.0,10.0,1.0,0.0,1,1671.66
2294,2022-08-13,2022-23,Leeds,Southampton,0,2.0,2.0,13.0,14.0,5.0,4.0,5.0,12.0,3.0,0.0,1,1703.28
2295,2022-08-13,2022-23,Brentford,Man United,1,4.0,0.0,13.0,15.0,7.0,4.0,8.0,6.0,0.0,0.0,3,1714.31
2295,2022-08-13,2022-23,Man United,Brentford,0,0.0,4.0,15.0,13.0,4.0,7.0,2.0,15.0,4.0,0.0,0,1810.7
2296,2022-08-13,2022-23,Arsenal,Leicester,1,4.0,2.0,19.0,6.0,7.0,2.0,6.0,15.0,1.0,0.0,3,1851.46
2296,2022-08-13,2022-23,Leicester,Arsenal,0,2.0,4.0,6.0,19.0,2.0,7.0,2.0,9.0,1.0,0.0,0,1779.34
2297,2022-08-14,2022-23,Nott'm Forest,West Ham,1,1.0,0.0,13.0,19.0,6.0,5.0,6.0,10.0,4.0,0.0,3,1612.12
2297,2022-08-14,2022-23,West Ham,Nott'm Forest,0,0.0,1.0,19.0,13.0,5.0,6.0,7.0,11.0,1.0,0.0,0,1782.93
2298,2022-08-14,2022-23,Chelsea,Tottenham,1,2.0,2.0,16.0,10.0,3.0,5.0,8.0,9.0,3.0,0.0,1,1899.04
2298,2022-08-14,2022-23,Tottenham,Chelsea,0,2.0,2.0,10.0,16.0,5.0,3.0,5.0,9.0,0.0,0.0,1,1866.62
2299,2022-08-15,2022-23,Liverpool,Crystal Palace,1,1.0,1.0,24.0,7.0,4.0,3.0,4.0,7.0,2.0,1.0,1,2027.36
2299,2022-08-15,2022-23,Crystal Palace,Liverpool,0,1.0,1.0,7.0,24.0,3.0,4.0,2.0,8.0,4.0,0.0,1,1744.34
2300,2022-08-20,2022-23,Tottenham,Wolves,1,1.0,0.0,11.0,20.0,4.0,3.0,8.0,10.0,2.0,0.0,3,1873.76
2300,2022-08-20,2022-23,Wolves,Tottenham,0,0.0,1.0,20.0,11.0,3.0,4.0,6.0,8.0,2.0,0.0,0,1714.36
2301,2022-08-20,2022-23,Crystal Palace,Aston Villa,1,3.0,1.0,17.0,13.0,9.0,5.0,4.0,16.0,2.0,0.0,3,1744.34
2301,2022-08-20,2022-23,Aston Villa,Crystal Palace,0,1.0,3.0,13.0,17.0,5.0,9.0,2.0,14.0,1.0,0.0,0,1732.88
2302,2022-08-20,2022-23,Everton,Nott'm Forest,1,1.0,1.0,19.0,14.0,8.0,5.0,6.0,6.0,3.0,0.0,1,1688.76
2302,2022-08-20,2022-23,Nott'm Forest,Everton,0,1.0,1.0,14.0,19.0,5.0,8.0,2.0,9.0,2.0,0.0,1,1618.16
2303,2022-08-20,2022-23,Fulham,Brentford,1,3.0,2.0,18.0,13.0,9.0,5.0,6.0,13.0,3.0,0.0,3,1647.06
2303,2022-08-20,2022-23,Brentford,Fulham,0,2.0,3.0,13.0,18.0,5.0,9.0,3.0,7.0,2.0,0.0,0,1735.38
2304,2022-08-20,2022-23,Leicester,Southampton,1,1.0,2.0,6.0,9.0,1.0,3.0,2.0,11.0,2.0,0.0,0,1769.5
2304,2022-08-20,2022-23,Southampton,Leicester,0,2.0,1.0,9.0,6.0,3.0,1.0,5.0,15.0,3.0,0.0,3,1666.77
2305,2022-08-20,2022-23,Bournemouth,Arsenal,1,0.0,3.0,6.0,14.0,1.0,6.0,3.0,12.0,2.0,0.0,0,1642.1
2305,2022-08-20,2022-23,Arsenal,Bournemouth,0,3.0,0.0,14.0,6.0,6.0,1.0,4.0,10.0,1.0,0.0,3,1867.69
2306,2022-08-21,2022-23,Leeds,Chelsea,1,3.0,0.0,12.0,14.0,6.0,3.0,4.0,16.0,0.0,0.0,3,1710.79
2306,2022-08-21,2022-23,Chelsea,Leeds,0,0.0,3.0,14.0,12.0,3.0,6.0,6.0,15.0,1.0,1.0,0,1900.98
2307,2022-08-21,2022-23,West Ham,Brighton,1,0.0,2.0,13.0,11.0,3.0,2.0,5.0,10.0,2.0,0.0,0,1766.68
2307,2022-08-21,2022-23,Brighton,West Ham,0,2.0,0.0,11.0,13.0,2.0,3.0,4.0,7.0,0.0,0.0,3,1769.16
2308,2022-08-21,2022-23,Newcastle,Man City,1,3.0,3.0,12.0,21.0,6.0,10.0,5.0,14.0,4.0,0.0,1,1763.8
2308,2022-08-21,2022-23,Man City,Newcastle,0,3.0,3.0,21.0,12.0,10.0,6.0,5.0,7.0,2.0,0.0,1,2032.0
2309,2022-08-22,2022-23,Man United,Liverpool,1,2.0,1.0,12.0,17.0,4.0,5.0,6.0,11.0,3.0,0.0,3,1782.1
2309,2022-08-22,2022-23,Liverpool,Man United,0,1.0,2.0,17.0,12.0,5.0,4.0,8.0,7.0,1.0,0.0,0,2027.36
2310,2022-08-27,2022-23,Man City,Crystal Palace,1,4.0,2.0,18.0,2.0,5.0,2.0,6.0,14.0,1.0,0.0,3,2032.0
2310,2022-08-27,2022-23,Crystal Palace,Man City,0,2.0,4.0,2.0,18.0,2.0,5.0,1.0,8.0,2.0,0.0,0,1744.34
2311,2022-08-27,2022-23,Arsenal,Fulham,1,2.0,1.0,22.0,11.0,8.0,3.0,9.0,6.0,2.0,0.0,3,1867.69
2311,2022-08-27,2022-23,Fulham,Arsenal,0,1.0,2.0,11.0,22.0,3.0,8.0,2.0,12.0,3.0,0.0,0,1647.06
2312,2022-08-27,2022-23,Southampton,Man United,1,0.0,1.0,17.0,11.0,5.0,6.0,5.0,4.0,0.0,0.0,0,1666.77
2312,2022-08-27,2022-23,Man United,Southampton,0,1.0,0.0,11.0,17.0,6.0,5.0,3.0,14.0,3.0,0.0,3,1782.1
2313,2022-08-27,2022-23,Brentford,Everton,1,1.0,1.0,19.0,14.0,5.0,7.0,8.0,8.0,2.0,0.0,1,1735.38
2313,2022-08-27,2022-23,Everton,Brentford,0,1.0,1.0,14.0,19.0,7.0,5.0,5.0,8.0,2.0,0.0,1,1688.76
2314,2022-08-27,2022-23,Brighton,Leeds,1,1.0,0.0,13.0,10.0,4.0,2.0,5.0,10.0,2.0,0.0,3,1769.16
2314,2022-08-27,2022-23,Leeds,Brighton,0,0.0,1.0,10.0,13.0,2.0,4.0,3.0,14.0,3.0,0.0,0,1710.79
2315,2022-08-27,2022-23,Chelsea,Leicester,1,2.0,1.0,7.0,17.0,3.0,5.0,3.0,10.0,1.0,1.0,3,1900.98
2315,2022-08-27,2022-23,Leicester,Chelsea,0,1.0,2.0,17.0,7.0,5.0,3.0,11.0,7.0,2.0,0.0,0,1769.5
2316,2022-08-27,2022-23,Liverpool,Bournemouth,1,9.0,0.0,19.0,5.0,12.0,2.0,8.0,6.0,0.0,0.0,3,2027.36
2316,2022-08-27,2022-23,Bournemouth,Liverpool,0,0.0,9.0,5.0,19.0,2.0,12.0,1.0,5.0,1.0,0.0,0,1642.1
2317,2022-08-28,2022-23,Nott'm Forest,Tottenham,1,0.0,2.0,17.0,18.0,1.0,7.0,6.0,11.0,6.0,0.0,0,1618.16
2317,2022-08-28,2022-23,Tottenham,Nott'm Forest,0,2.0,0.0,18.0,17.0,7.0,1.0,1.0,13.0,1.0,0.0,3,1873.76
2318,2022-08-28,2022-23,Aston Villa,West Ham,1,0.0,1.0,9.0,7.0,3.0,2.0,3.0,10.0,2.0,0.0,0,1732.88
2318,2022-08-28,2022-23,West Ham,Aston Villa,0,1.0,0.0,7.0,9.0,2.0,3.0,2.0,10.0,0.0,0.0,3,1766.68
2319,2022-08-28,2022-23,Wolves,Newcastle,1,1.0,1.0,10.0,21.0,4.0,6.0,4.0,10.0,2.0,0.0,1,1714.36
2319,2022-08-28,2022-23,Newcastle,Wolves,0,1.0,1.0,21.0,10.0,6.0,4.0,13.0,11.0,1.0,0.0,1,1763.8
2320,2022-08-30,2022-23,Fulham,Brighton,1,2.0,1.0,10.0,7.0,3.0,4.0,3.0,9.0,2.0,0.0,3,1647.06
2320,2022-08-30,2022-23,Brighton,Fulham,0,1.0,2.0,7.0,10.0,4.0,3.0,3.0,11.0,1.0,0.0,0,1769.16
2321,2022-08-30,2022-23,Crystal Palace,Brentford,1,1.0,1.0,13.0,9.0,4.0,3.0,4.0,11.0,1.0,0.0,1,1744.34
2321,2022-08-30,2022-23,Brentford,Crystal Palace,0,1.0,1.0,9.0,13.0,3.0,4.0,6.0,8.0,2.0,0.0,1,1735.38
2322,2022-08-30,2022-23,Leeds,Everton,1,1.0,1.0,14.0,7.0,5.0,2.0,10.0,10.0,3.0,0.0,1,1710.79
2322,2022-08-30,2022-23,Everton,Leeds,0,1.0,1.0,7.0,14.0,2.0,5.0,2.0,9.0,3.0,0.0,1,1688.76
2323,2022-08-30,2022-23,Southampton,Chelsea,1,2.0,1.0,9.0,10.0,7.0,4.0,5.0,15.0,2.0,0.0,3,1666.77
2323,2022-08-30,2022-23,Chelsea,Southampton,0,1.0,2.0,10.0,9.0,4.0,7.0,3.0,10.0,1.0,0.0,0,1900.98
2324,2022-08-31,2022-23,Arsenal,Aston Villa,1,2.0,1.0,22.0,4.0,9.0,3.0,10.0,10.0,2.0,0.0,3,1867.69
2324,2022-08-31,2022-23,Aston Villa,Arsenal,0,1.0,2.0,4.0,22.0,3.0,9.0,3.0,14.0,3.0,0.0,0,1732.88
2325,2022-08-31,2022-23,Bournemouth,Wolves,1,0.0,0.0,5.0,17.0,2.0,4.0,2.0,12.0,2.0,0.0,1,1642.1
2325,2022-08-31,2022-23,Wolves,Bournemouth,0,0.0,0.0,17.0,5.0,4.0,2.0,5.0,12.0,1.0,0.0,1,1714.36
2326,2022-08-31,2022-23,Man City,Nott'm Forest,1,6.0,0.0,17.0,8.0,9.0,1.0,10.0,9.0,0.0,0.0,3,2032.0
2326,2022-08-31,2022-23,Nott'm Forest,Man City,0,0.0,6.0,8.0,17.0,1.0,9.0,1.0,7.0,1.0,0.0,0,1618.16
2327,2022-08-31,2022-23,West Ham,Tottenham,1,1.0,1.0,14.0,13.0,4.0,4.0,3.0,10.0,2.0,0.0,1,1766.68
2327,2022-08-31,2022-23,Tottenham,West Ham,0,1.0,1.0,13.0,14.0,4.0,4.0,4.0,9.0,5.0,0.0,1,1873.76
2328,2022-08-31,2022-23,Liverpool,Newcastle,1,2.0,1.0,23.0,5.0,6.0,2.0,13.0,9.0,0.0,0.0,3,2027.36
2328,2022-08-31,2022-23,Newcastle,Liverpool,0,1.0,2.0,5.0,23.0,2.0,6.0,0.0,10.0,2.0,0.0,0,1763.8
2329,2022-09-01,2022-23,Leicester,Man United,1,0.0,1.0,10.0,9.0,2.0,2.0,1.0,7.0,1.0,0.0,0,1754.66
2329,2022-09-01,2022-23,Man United,Leicester,0,1.0,0.0,9.0,10.0,2.0,2.0,3.0,15.0,3.0,0.0,3,1801.75
2330,2022-09-03,2022-23,Everton,Liverpool,1,0.0,0.0,14.0,23.0,3.0,8.0,7.0,7.0,2.0,0.0,1,1691.31
2330,2022-09-03,2022-23,Liverpool,Everton,0,0.0,0.0,23.0,14.0,8.0,3.0,9.0,11.0,2.0,0.0,1,2013.16
2331,2022-09-03,2022-23,Newcastle,Crystal Palace,1,0.0,0.0,23.0,19.0,6.0,9.0,13.0,19.0,2.0,0.0,1,1767.82
2331,2022-09-03,2022-23,Crystal Palace,Newcastle,0,0.0,0.0,19.0,23.0,9.0,6.0,5.0,12.0,1.0,0.0,1,1756.2
2332,2022-09-03,2022-23,Chelsea,West Ham,1,2.0,1.0,8.0,6.0,3.0,3.0,10.0,6.0,4.0,0.0,3,1873.87
2332,2022-09-03,2022-23,West Ham,Chelsea,0,1.0,2.0,6.0,8.0,3.0,3.0,3.0,11.0,2.0,0.0,0,1766.68
2333,2022-09-03,2022-23,Brentford,Leeds,1,5.0,2.0,14.0,17.0,8.0,6.0,2.0,8.0,2.0,0.0,3,1726.94
2333,2022-09-03,2022-23,Leeds,Brentford,0,2.0,5.0,17.0,14.0,6.0,8.0,6.0,9.0,2.0,0.0,0,1723.25
2334,2022-09-03,2022-23,Nott'm Forest,Bournemouth,1,2.0,3.0,11.0,8.0,3.0,3.0,4.0,13.0,2.0,0.0,0,1615.51
2334,2022-09-03,2022-23,Bournemouth,Nott'm Forest,0,3.0,2.0,8.0,11.0,3.0,3.0,6.0,10.0,1.0,0.0,3,1633.62
2335,2022-09-03,2022-23,Aston Villa,Man City,1,1.0,1.0,3.0,13.0,1.0,4.0,1.0,7.0,2.0,0.0,1,1713.08
2335,2022-09-03,2022-23,Man City,Aston Villa,0,1.0,1.0,13.0,3.0,4.0,1.0,4.0,6.0,0.0,0.0,1,2031.74
2336,2022-09-03,2022-23,Wolves,Southampton,1,1.0,0.0,7.0,12.0,2.0,1.0,5.0,10.0,4.0,0.0,3,1711.24
2336,2022-09-03,2022-23,Southampton,Wolves,0,0.0,1.0,12.0,7.0,1.0,2.0,6.0,14.0,2.0,0.0,0,1684.94
2337,2022-09-03,2022-23,Tottenham,Fulham,1,2.0,1.0,23.0,9.0,10.0,3.0,10.0,9.0,3.0,0.0,3,1880.94
2337,2022-09-03,2022-23,Fulham,Tottenham,0,1.0,2.0,9.0,23.0,3.0,10.0,3.0,6.0,4.0,0.0,0,1664.69
2338,2022-09-04,2022-23,Brighton,Leicester,1,5.0,2.0,23.0,6.0,11.0,4.0,10.0,6.0,1.0,0.0,3,1778.41
2338,2022-09-04,2022-23,Leicester,Brighton,0,2.0,5.0,6.0,23.0,4.0,11.0,1.0,8.0,1.0,0.0,0,1754.66
2339,2022-09-04,2022-23,Man United,Arsenal,1,3.0,1.0,10.0,16.0,6.0,3.0,2.0,13.0,3.0,0.0,3,1801.75
2339,2022-09-04,2022-23,Arsenal,Man United,0,1.0,3.0,16.0,10.0,3.0,6.0,5.0,9.0,3.0,0.0,0,1880.84
2340,2022-09-16,2022-23,Aston Villa,Southampton,1,1.0,0.0,11.0,7.0,3.0,1.0,6.0,13.0,3.0,0.0,3,1708.05
2340,2022-09-16,2022-23,Southampton,Aston Villa,0,0.0,1.0,7.0,11.0,1.0,3.0,3.0,13.0,1.0,0.0,0,1667.58
2341,2022-09-16,2022-23,Nott'm Forest,Fulham,1,2.0,3.0,11.0,15.0,3.0,7.0,2.0,11.0,2.0,0.0,0,1594.93
2341,2022-09-16,2022-23,Fulham,Nott'm Forest,0,3.0,2.0,15.0,11.0,7.0,3.0,10.0,10.0,4.0,0.0,3,1650.92
2342,2022-09-17,2022-23,Wolves,Man City,1,0.0,3.0,6.0,16.0,1.0,7.0,5.0,7.0,2.0,1.0,0,1705.76
2342,2022-09-17,2022-23,Man City,Wolves,0,3.0,0.0,16.0,6.0,7.0,1.0,7.0,9.0,1.0,0.0,3,2023.86
2343,2022-09-17,2022-23,Newcastle,Bournemouth,1,1.0,1.0,20.0,10.0,7.0,3.0,8.0,10.0,2.0,0.0,1,1754.47
2343,2022-09-17,2022-23,Bournemouth,Newcastle,0,1.0,1.0,10.0,20.0,3.0,7.0,1.0,11.0,2.0,0.0,1,1631.37
2344,2022-09-17,2022-23,Tottenham,Leicester,1,6.0,2.0,16.0,19.0,11.0,7.0,6.0,9.0,1.0,0.0,3,1863.82
2344,2022-09-17,2022-23,Leicester,Tottenham,0,2.0,6.0,19.0,16.0,7.0,11.0,1.0,9.0,2.0,0.0,0,1724.98
2345,2022-09-18,2022-23,Brentford,Arsenal,1,0.0,3.0,5.0,13.0,2.0,7.0,3.0,10.0,0.0,0.0,0,1726.69
2345,2022-09-18,2022-23,Arsenal,Brentford,0,3.0,0.0,13.0,5.0,7.0,2.0,3.0,10.0,2.0,0.0,3,1859.54
2346,2022-09-18,2022-23,Everton,West Ham,1,1.0,0.0,7.0,14.0,2.0,4.0,5.0,8.0,3.0,0.0,3,1686.33
2346,2022-09-18,2022-23,West Ham,Everton,0,0.0,1.0,14.0,7.0,4.0,2.0,14.0,11.0,1.0,0.0,0,1753.22
2347,2022-10-01,2022-23,Bournemouth,Brentford,1,0.0,0.0,7.0,13.0,1.0,4.0,7.0,11.0,1.0,0.0,1,1638.14
2347,2022-10-01,2022-23,Brentford,Bournemouth,0,0.0,0.0,13.0,7.0,4.0,1.0,8.0,10.0,2.0,0.0,1,1718.62
2348,2022-10-01,2022-23,West Ham,Wolves,1,2.0,0.0,18.0,15.0,5.0,4.0,1.0,8.0,2.0,0.0,3,1749.47
2348,2022-10-01,2022-23,Wolves,West Ham,0,0.0,2.0,15.0,18.0,4.0,5.0,6.0,6.0,2.0,0.0,0,1703.45
2349,2022-10-01,2022-23,Fulham,Newcastle,1,1.0,4.0,3.0,19.0,1.0,10.0,1.0,9.0,2.0,1.0,0,1661.1
2349,2022-10-01,2022-23,Newcastle,Fulham,0,4.0,1.0,19.0,3.0,10.0,1.0,8.0,10.0,0.0,0.0,3,1751.85
2350,2022-10-01,2022-23,Arsenal,Tottenham,1,3.0,1.0,22.0,7.0,9.0,3.0,5.0,10.0,2.0,0.0,3,1871.76
2350,2022-10-01,2022-23,Tottenham,Arsenal,0,1.0,3.0,7.0,22.0,3.0,9.0,2.0,10.0,1.0,1.0,0,1872.88
2351,2022-10-01,2022-23,Southampton,Everton,1,1.0,2.0,22.0,12.0,6.0,5.0,7.0,11.0,2.0,0.0,0,1664.11
2351,2022-10-01,2022-23,Everton,Southampton,0,2.0,1.0,12.0,22.0,5.0,6.0,6.0,10.0,2.0,0.0,3,1696.84
2352,2022-10-01,2022-23,Crystal Palace,Chelsea,1,1.0,2.0,7.0,13.0,3.0,3.0,5.0,11.0,1.0,0.0,0,1748.79
2352,2022-10-01,2022-23,Chelsea,Crystal Palace,0,2.0,1.0,13.0,7.0,3.0,3.0,2.0,13.0,3.0,0.0,3,1852.83
2353,2022-10-01,2022-23,Liverpool,Brighton,1,3.0,3.0,15.0,6.0,7.0,6.0,9.0,9.0,1.0,0.0,1,1982.14
2353,2022-10-01,2022-23,Brighton,Liverpool,0,3.0,3.0,6.0,15.0,6.0,7.0,2.0,13.0,1.0,0.0,1,1779.06
2354,2022-10-02,2022-23,Man City,Man United,1,6.0,3.0,22.0,12.0,10.0,8.0,5.0,3.0,0.0,0.0,3,2030.33
2354,2022-10-02,2022-23,Man United,Man City,0,3.0,6.0,12.0,22.0,8.0,10.0,1.0,9.0,3.0,0.0,0,1805.44
2355,2022-10-02,2022-23,Leeds,Aston Villa,1,0.0,0.0,9.0,19.0,1.0,7.0,2.0,23.0,3.0,1.0,1,1702.75
2355,2022-10-02,2022-23,Aston Villa,Leeds,0,0.0,0.0,19.0,9.0,7.0,1.0,9.0,12.0,2.0,0.0,1,1715.67
2356,2022-10-03,2022-23,Leicester,Nott'm Forest,1,4.0,0.0,17.0,10.0,7.0,3.0,6.0,13.0,2.0,0.0,3,1720.06
2356,2022-10-03,2022-23,Nott'm Forest,Leicester,0,0.0,4.0,10.0,17.0,3.0,7.0,6.0,12.0,4.0,0.0,0,1588.9
2357,2022-10-08,2022-23,Bournemouth,Leicester,1,2.0,1.0,10.0,9.0,4.0,5.0,7.0,8.0,1.0,0.0,3,1638.14
2357,2022-10-08,2022-23,Leicester,Bournemouth,0,1.0,2.0,9.0,10.0,5.0,4.0,2.0,16.0,2.0,0.0,0,1720.06
2358,2022-10-08,2022-23,Chelsea,Wolves,1,3.0,0.0,20.0,8.0,7.0,2.0,4.0,8.0,2.0,0.0,3,1852.83
2358,2022-10-08,2022-23,Wolves,Chelsea,0,0.0,3.0,8.0,20.0,2.0,7.0,2.0,8.0,0.0,0.0,0,1703.45
2359,2022-10-08,2022-23,Man City,Southampton,1,4.0,0.0,21.0,5.0,8.0,0.0,9.0,4.0,0.0,0.0,3,2030.33
2359,2022-10-08,2022-23,Southampton,Man City,0,0.0,4.0,5.0,21.0,0.0,8.0,1.0,8.0,1.0,0.0,0,1664.11
2360,2022-10-08,2022-23,Newcastle,Brentford,1,5.0,1.0,16.0,6.0,6.0,3.0,9.0,14.0,0.0,0.0,3,1751.85
2360,2022-10-08,2022-23,Brentford,Newcastle,0,1.0,5.0,6.0,16.0,3.0,6.0,5.0,9.0,1.0,0.0,0,1718.62
2361,2022-10-08,2022-23,Brighton,Tottenham,1,0.0,1.0,14.0,8.0,4.0,3.0,6.0,9.0,1.0,0.0,0,1779.06
2361,2022-10-08,2022-23,Tottenham,Brighton,0,1.0,0.0,8.0,14.0,3.0,4.0,2.0,14.0,2.0,0.0,3,1872.88
2362,2022-10-09,2022-23,West Ham,Fulham,1,3.0,1.0,17.0,8.0,8.0,2.0,4.0,9.0,1.0,0.0,3,1749.47
2362,2022-10-09,2022-23,Fulham,West Ham,0,1.0,3.0,8.0,17.0,2.0,8.0,2.0,7.0,3.0,0.0,0,1661.1
2363,2022-10-09,2022-23,Crystal Palace,Leeds,1,2.0,1.0,13.0,10.0,5.0,4.0,5.0,13.0,3.0,0.0,3,1748.79
2363,2022-10-09,2022-23,Leeds,Crystal Palace,0,1.0,2.0,10.0,13.0,4.0,5.0,3.0,23.0,3.0,0.0,0,1702.75
2364,2022-10-09,2022-23,Everton,Man United,1,1.0,2.0,11.0,12.0,2.0,4.0,5.0,7.0,2.0,0.0,0,1696.84
2364,2022-10-09,2022-23,Man United,Everton,0,2.0,1.0,12.0,11.0,4.0,2.0,4.0,13.0,1.0,0.0,3,1805.44
2365,2022-10-09,2022-23,Arsenal,Liverpool,1,3.0,2.0,11.0,8.0,7.0,3.0,4.0,11.0,1.0,0.0,3,1871.76
2365,2022-10-09,2022-23,Liverpool,Arsenal,0,2.0,3.0,8.0,11.0,3.0,7.0,3.0,11.0,2.0,0.0,0,1982.14
2366,2022-10-10,2022-23,Nott'm Forest,Aston Villa,1,1.0,1.0,6.0,12.0,3.0,2.0,1.0,13.0,3.0,0.0,1,1588.9
2366,2022-10-10,2022-23,Aston Villa,Nott'm Forest,0,1.0,1.0,12.0,6.0,2.0,3.0,4.0,19.0,3.0,0.0,1,1715.67
2367,2022-10-14,2022-23,Brentford,Brighton,1,2.0,0.0,7.0,21.0,3.0,7.0,2.0,12.0,3.0,0.0,3,1718.62
2367,2022-10-14,2022-23,Brighton,Brentford,0,0.0,2.0,21.0,7.0,7.0,3.0,11.0,15.0,1.0,0.0,0,1779.06
2368,2022-10-15,2022-23,Wolves,Nott'm Forest,1,1.0,0.0,9.0,10.0,2.0,2.0,4.0,17.0,2.0,0.0,3,1702.53
2368,2022-10-15,2022-23,Nott'm Forest,Wolves,0,0.0,1.0,10.0,9.0,2.0,2.0,5.0,13.0,2.0,0.0,0,1596.23
2369,2022-10-15,2022-23,Tottenham,Everton,1,2.0,0.0,21.0,4.0,7.0,0.0,7.0,12.0,1.0,0.0,3,1885.38
2369,2022-10-15,2022-23,Everton,Tottenham,0,0.0,2.0,4.0,21.0,0.0,7.0,1.0,13.0,4.0,0.0,0,1711.14
2370,2022-10-15,2022-23,Leicester,Crystal Palace,1,0.0,0.0,14.0,8.0,5.0,1.0,9.0,18.0,2.0,0.0,1,1731.24
2370,2022-10-15,2022-23,Crystal Palace,Leicester,0,0.0,0.0,8.0,14.0,1.0,5.0,2.0,13.0,2.0,0.0,1,1760.18
2371,2022-10-15,2022-23,Fulham,Bournemouth,1,2.0,2.0,19.0,10.0,4.0,6.0,5.0,9.0,2.0,0.0,1,1655.8
2371,2022-10-15,2022-23,Bournemouth,Fulham,0,2.0,2.0,10.0,19.0,6.0,4.0,6.0,11.0,0.0,0.0,1,1660.5
2372,2022-10-16,2022-23,Aston Villa,Chelsea,1,0.0,2.0,18.0,8.0,7.0,4.0,7.0,12.0,0.0,0.0,0,1727.12
2372,2022-10-16,2022-23,Chelsea,Aston Villa,0,2.0,0.0,8.0,18.0,4.0,7.0,1.0,11.0,3.0,0.0,3,1900.36
2373,2022-10-16,2022-23,Leeds,Arsenal,1,0.0,1.0,16.0,9.0,4.0,4.0,6.0,10.0,0.0,0.0,0,1708.7
2373,2022-10-16,2022-23,Arsenal,Leeds,0,1.0,0.0,9.0,16.0,4.0,4.0,3.0,11.0,2.0,0.0,3,1907.52
2374,2022-10-16,2022-23,Man United,Newcastle,1,0.0,0.0,15.0,9.0,2.0,2.0,4.0,13.0,3.0,0.0,1,1823.84
2374,2022-10-16,2022-23,Newcastle,Man United,0,0.0,0.0,9.0,15.0,2.0,2.0,4.0,11.0,1.0,0.0,1,1787.82
2375,2022-10-16,2022-23,Southampton,West Ham,1,1.0,1.0,10.0,25.0,8.0,4.0,4.0,7.0,1.0,0.0,1,1666.26
2375,2022-10-16,2022-23,West Ham,Southampton,0,1.0,1.0,25.0,10.0,4.0,8.0,14.0,3.0,1.0,0.0,1,1782.74
2376,2022-10-16,2022-23,Liverpool,Man City,1,1.0,0.0,13.0,16.0,2.0,6.0,5.0,10.0,3.0,0.0,3,1988.67
2376,2022-10-16,2022-23,Man City,Liverpool,0,0.0,1.0,16.0,13.0,6.0,2.0,6.0,7.0,1.0,0.0,0,2041.55
2377,2022-10-18,2022-23,Brighton,Nott'm Forest,1,0.0,0.0,19.0,3.0,7.0,0.0,9.0,10.0,3.0,0.0,1,1778.58
2377,2022-10-18,2022-23,Nott'm Forest,Brighton,0,0.0,0.0,3.0,19.0,0.0,7.0,1.0,14.0,1.0,0.0,1,1596.23
2378,2022-10-18,2022-23,Crystal Palace,Wolves,1,2.0,1.0,14.0,10.0,4.0,4.0,4.0,14.0,3.0,0.0,3,1760.18
2378,2022-10-18,2022-23,Wolves,Crystal Palace,0,1.0,2.0,10.0,14.0,4.0,4.0,3.0,18.0,1.0,0.0,0,1702.53
2379,2022-10-19,2022-23,Bournemouth,Southampton,1,0.0,1.0,15.0,9.0,3.0,3.0,7.0,8.0,1.0,0.0,0,1660.5
2379,2022-10-19,2022-23,Southampton,Bournemouth,0,1.0,0.0,9.0,15.0,3.0,3.0,3.0,13.0,3.0,0.0,3,1666.26
2380,2022-10-19,2022-23,Brentford,Chelsea,1,0.0,0.0,8.0,14.0,5.0,5.0,6.0,7.0,0.0,0.0,1,1731.23
2380,2022-10-19,2022-23,Chelsea,Brentford,0,0.0,0.0,14.0,8.0,5.0,5.0,2.0,7.0,0.0,0.0,1,1900.36
2381,2022-10-19,2022-23,Liverpool,West Ham,1,1.0,0.0,22.0,8.0,7.0,3.0,8.0,9.0,0.0,0.0,3,1988.67
2381,2022-10-19,2022-23,West Ham,Liverpool,0,0.0,1.0,8.0,22.0,3.0,7.0,3.0,8.0,0.0,0.0,0,1782.74
2382,2022-10-19,2022-23,Newcastle,Everton,1,1.0,0.0,16.0,1.0,4.0,0.0,8.0,9.0,2.0,0.0,3,1787.82
2382,2022-10-19,2022-23,Everton,Newcastle,0,0.0,1.0,1.0,16.0,0.0,4.0,2.0,12.0,4.0,0.0,0,1711.14
2383,2022-10-19,2022-23,Man United,Tottenham,1,2.0,0.0,28.0,9.0,10.0,2.0,8.0,7.0,1.0,0.0,3,1823.84
2383,2022-10-19,2022-23,Tottenham,Man United,0,0.0,2.0,9.0,28.0,2.0,10.0,3.0,7.0,0.0,0.0,0,1885.38
2384,2022-10-20,2022-23,Fulham,Aston Villa,1,3.0,0.0,18.0,12.0,8.0,6.0,9.0,11.0,0.0,0.0,3,1655.8
2384,2022-10-20,2022-23,Aston Villa,Fulham,0,0.0,3.0,12.0,18.0,6.0,8.0,7.0,11.0,2.0,1.0,0,1727.12
2385,2022-10-20,2022-23,Leicester,Leeds,1,2.0,0.0,5.0,14.0,1.0,2.0,2.0,15.0,2.0,0.0,3,1731.24
2385,2022-10-20,2022-23,Leeds,Leicester,0,0.0,2.0,14.0,5.0,2.0,1.0,9.0,11.0,1.0,0.0,0,1708.7
2386,2022-10-22,2022-23,Nott'm Forest,Liverpool,1,1.0,0.0,10.0,15.0,7.0,7.0,2.0,14.0,2.0,0.0,3,1596.23
2386,2022-10-22,2022-23,Liverpool,Nott'm Forest,0,0.0,1.0,15.0,10.0,7.0,7.0,11.0,8.0,1.0,0.0,0,1988.67
2387,2022-10-22,2022-23,Everton,Crystal Palace,1,3.0,0.0,9.0,9.0,6.0,2.0,3.0,16.0,3.0,0.0,3,1711.14
2387,2022-10-22,2022-23,Crystal Palace,Everton,0,0.0,3.0,9.0,9.0,2.0,6.0,4.0,14.0,4.0,0.0,0,1760.18
2388,2022-10-22,2022-23,Man City,Brighton,1,3.0,1.0,10.0,8.0,4.0,2.0,7.0,11.0,1.0,0.0,3,2041.55
2388,2022-10-22,2022-23,Brighton,Man City,0,1.0,3.0,8.0,10.0,2.0,4.0,3.0,12.0,3.0,0.0,0,1778.58
2389,2022-10-22,2022-23,Chelsea,Man United,1,1.0,1.0,6.0,13.0,2.0,6.0,6.0,8.0,1.0,0.0,1,1900.36
2389,2022-10-22,2022-23,Man United,Chelsea,0,1.0,1.0,13.0,6.0,6.0,2.0,4.0,10.0,4.0,0.0,1,1823.84
2390,2022-10-23,2022-23,Aston Villa,Brentford,1,4.0,0.0,19.0,12.0,11.0,3.0,7.0,14.0,1.0,0.0,3,1727.12
2390,2022-10-23,2022-23,Brentford,Aston Villa,0,0.0,4.0,12.0,19.0,3.0,11.0,6.0,11.0,0.0,0.0,0,1731.23
2391,2022-10-23,2022-23,Leeds,Fulham,1,2.0,3.0,14.0,11.0,5.0,5.0,3.0,12.0,1.0,0.0,0,1708.7
2391,2022-10-23,2022-23,Fulham,Leeds,0,3.0,2.0,11.0,14.0,5.0,5.0,6.0,8.0,1.0,0.0,3,1655.8
2392,2022-10-23,2022-23,Southampton,Arsenal,1,1.0,1.0,10.0,12.0,3.0,3.0,9.0,11.0,2.0,0.0,1,1666.26
2392,2022-10-23,2022-23,Arsenal,Southampton,0,1.0,1.0,12.0,10.0,3.0,3.0,4.0,8.0,1.0,0.0,1,1907.52
2393,2022-10-23,2022-23,Wolves,Leicester,1,0.0,4.0,21.0,5.0,5.0,4.0,9.0,10.0,2.0,0.0,0,1702.53
2393,2022-10-23,2022-23,Leicester,Wolves,0,4.0,0.0,5.0,21.0,4.0,5.0,2.0,13.0,1.0,0.0,3,1731.24
2394,2022-10-23,2022-23,Tottenham,Newcastle,1,1.0,2.0,17.0,13.0,5.0,5.0,6.0,12.0,4.0,0.0,0,1885.38
2394,2022-10-23,2022-23,Newcastle,Tottenham,0,2.0,1.0,13.0,17.0,5.0,5.0,7.0,6.0,2.0,0.0,3,1787.82
2395,2022-10-24,2022-23,West Ham,Bournemouth,1,2.0,0.0,20.0,5.0,4.0,3.0,5.0,9.0,0.0,0.0,3,1782.74
2395,2022-10-24,2022-23,Bournemouth,West Ham,0,0.0,2.0,5.0,20.0,3.0,4.0,0.0,11.0,2.0,0.0,0,1660.5
2396,2022-10-29,2022-23,Brighton,Chelsea,1,4.0,1.0,19.0,15.0,9.0,7.0,8.0,16.0,1.0,0.0,3,1778.58
2396,2022-10-29,2022-23,Chelsea,Brighton,0,1.0,4.0,15.0,19.0,7.0,9.0,7.0,6.0,2.0,0.0,0,1900.36
2397,2022-10-29,2022-23,Leicester,Man City,1,0.0,1.0,10.0,15.0,5.0,5.0,3.0,5.0,0.0,0.0,0,1731.24
2397,2022-10-29,2022-23,Man City,Leicester,0,1.0,0.0,15.0,10.0,5.0,5.0,10.0,10.0,0.0,0.0,3,2041.55
2398,2022-10-29,2022-23,Bournemouth,Tottenham,1,2.0,3.0,6.0,23.0,4.0,7.0,2.0,10.0,1.0,0.0,0,1660.5
2398,2022-10-29,2022-23,Tottenham,Bournemouth,0,3.0,2.0,23.0,6.0,7.0,4.0,19.0,5.0,2.0,0.0,3,1885.38
2399,2022-10-29,2022-23,Brentford,Wolves,1,1.0,1.0,12.0,14.0,3.0,4.0,3.0,10.0,3.0,0.0,1,1731.23
2399,2022-10-29,2022-23,Wolves,Brentford,0,1.0,1.0,14.0,12.0,4.0,3.0,6.0,17.0,3.0,1.0,1,1702.53
2400,2022-10-29,2022-23,Newcastle,Aston Villa,1,4.0,0.0,20.0,3.0,7.0,0.0,3.0,11.0,1.0,0.0,3,1787.82
2400,2022-10-29,2022-23,Aston Villa,Newcastle,0,0.0,4.0,3.0,20.0,0.0,7.0,0.0,11.0,1.0,0.0,0,1727.12
2401,2022-10-29,2022-23,Fulham,Everton,1,0.0,0.0,24.0,9.0,6.0,4.0,13.0,10.0,2.0,0.0,1,1655.8
2401,2022-10-29,2022-23,Everton,Fulham,0,0.0,0.0,9.0,24.0,4.0,6.0,4.0,8.0,1.0,0.0,1,1711.14
2402,2022-10-29,2022-23,Liverpool,Leeds,1,1.0,2.0,22.0,14.0,10.0,6.0,14.0,9.0,0.0,0.0,0,1988.67
2402,2022-10-29,2022-23,Leeds,Liverpool,0,2.0,1.0,14.0,22.0,6.0,10.0,5.0,3.0,1.0,0.0,3,1708.7
2403,2022-10-29,2022-23,Crystal Palace,Southampton,1,1.0,0.0,12.0,14.0,3.0,4.0,8.0,13.0,3.0,0.0,3,1760.18
2403,2022-10-29,2022-23,Southampton,Crystal Palace,0,0.0,1.0,14.0,12.0,4.0,3.0,4.0,12.0,3.0,0.0,0,1666.26
2404,2022-10-30,2022-23,Arsenal,Nott'm Forest,1,5.0,0.0,24.0,5.0,10.0,2.0,9.0,9.0,0.0,0.0,3,1907.52
2404,2022-10-30,2022-23,Nott'm Forest,Arsenal,0,0.0,5.0,5.0,24.0,2.0,10.0,4.0,8.0,1.0,0.0,0,1596.23
2405,2022-10-30,2022-23,Man United,West Ham,1,1.0,0.0,16.0,13.0,3.0,5.0,5.0,12.0,1.0,0.0,3,1823.84
2405,2022-10-30,2022-23,West Ham,Man United,0,0.0,1.0,13.0,16.0,5.0,3.0,10.0,10.0,3.0,0.0,0,1782.74
2406,2022-11-05,2022-23,Leeds,Bournemouth,1,4.0,3.0,18.0,9.0,4.0,6.0,13.0,16.0,2.0,0.0,3,1700.49
2406,2022-11-05,2022-23,Bournemouth,Leeds,0,3.0,4.0,9.0,18.0,6.0,4.0,3.0,10.0,2.0,0.0,0,1641.99
2407,2022-11-05,2022-23,Man City,Fulham,1,2.0,1.0,16.0,4.0,5.0,2.0,9.0,6.0,2.0,1.0,3,2033.52
2407,2022-11-05,2022-23,Fulham,Man City,0,1.0,2.0,4.0,16.0,2.0,5.0,0.0,11.0,4.0,0.0,0,1676.82
2408,2022-11-05,2022-23,Nott'm Forest,Brentford,1,2.0,2.0,15.0,6.0,7.0,2.0,3.0,10.0,2.0,0.0,1,1608.63
2408,2022-11-05,2022-23,Brentford,Nott'm Forest,0,2.0,2.0,6.0,15.0,2.0,7.0,3.0,11.0,2.0,0.0,1,1716.26
2409,2022-11-05,2022-23,Wolves,Brighton,1,2.0,3.0,8.0,19.0,5.0,8.0,4.0,15.0,2.0,1.0,0,1685.47
2409,2022-11-05,2022-23,Brighton,Wolves,0,3.0,2.0,19.0,8.0,8.0,5.0,9.0,11.0,0.0,0.0,3,1786.37
2410,2022-11-05,2022-23,Everton,Leicester,1,0.0,2.0,12.0,22.0,2.0,8.0,8.0,9.0,0.0,0.0,0,1716.06
2410,2022-11-05,2022-23,Leicester,Everton,0,2.0,0.0,22.0,12.0,8.0,2.0,3.0,5.0,0.0,0.0,3,1751.65
2411,2022-11-06,2022-23,Aston Villa,Man United,1,3.0,1.0,6.0,8.0,4.0,3.0,3.0,6.0,3.0,0.0,3,1709.82
2411,2022-11-06,2022-23,Man United,Aston Villa,0,1.0,3.0,8.0,6.0,3.0,4.0,5.0,12.0,3.0,0.0,0,1842.47
2412,2022-11-06,2022-23,West Ham,Crystal Palace,1,1.0,2.0,5.0,15.0,2.0,6.0,2.0,10.0,1.0,0.0,0,1778.96
2412,2022-11-06,2022-23,Crystal Palace,West Ham,0,2.0,1.0,15.0,5.0,6.0,2.0,5.0,7.0,1.0,0.0,3,1755.79
2413,2022-11-06,2022-23,Chelsea,Arsenal,1,0.0,1.0,5.0,14.0,1.0,2.0,4.0,20.0,5.0,0.0,0,1887.5
2413,2022-11-06,2022-23,Arsenal,Chelsea,0,1.0,0.0,14.0,5.0,2.0,1.0,6.0,13.0,2.0,0.0,3,1896.91
2414,2022-11-06,2022-23,Tottenham,Liverpool,1,1.0,2.0,14.0,13.0,5.0,6.0,5.0,10.0,0.0,0.0,0,1864.38
2414,2022-11-06,2022-23,Liverpool,Tottenham,0,2.0,1.0,13.0,14.0,6.0,5.0,3.0,8.0,0.0,0.0,3,1976.0
2415,2022-11-06,2022-23,Southampton,Newcastle,1,1.0,4.0,16.0,7.0,5.0,4.0,8.0,7.0,1.0,0.0,0,1675.83
2415,2022-11-06,2022-23,Newcastle,Southampton,0,4.0,1.0,7.0,16.0,4.0,5.0,2.0,10.0,0.0,0.0,3,1814.74
2416,2022-11-12,2022-23,Man City,Brentford,1,1.0,2.0,29.0,10.0,6.0,8.0,10.0,9.0,2.0,0.0,0,2033.52
2416,2022-11-12,2022-23,Brentford,Man City,0,2.0,1.0,10.0,29.0,8.0,6.0,2.0,7.0,2.0,0.0,3,1716.26
2417,2022-11-12,2022-23,Bournemouth,Everton,1,3.0,0.0,16.0,15.0,9.0,3.0,3.0,12.0,2.0,0.0,3,1641.99
2417,2022-11-12,2022-23,Everton,Bournemouth,0,0.0,3.0,15.0,16.0,3.0,9.0,5.0,8.0,0.0,0.0,0,1716.06
2418,2022-11-12,2022-23,Liverpool,Southampton,1,3.0,1.0,15.0,9.0,7.0,5.0,6.0,8.0,0.0,0.0,3,1976.0
2418,2022-11-12,2022-23,Southampton,Liverpool,0,1.0,3.0,9.0,15.0,5.0,7.0,0.0,8.0,2.0,0.0,0,1675.83
2419,2022-11-12,2022-23,Nott'm Forest,Crystal Palace,1,1.0,0.0,9.0,8.0,2.0,0.0,1.0,11.0,1.0,0.0,3,1608.63
2419,2022-11-12,2022-23,Crystal Palace,Nott'm Forest,0,0.0,1.0,8.0,9.0,0.0,2.0,5.0,13.0,4.0,0.0,0,1755.79
2420,2022-11-12,2022-23,Tottenham,Leeds,1,4.0,3.0,14.0,12.0,8.0,5.0,9.0,8.0,1.0,0.0,3,1864.38
2420,2022-11-12,2022-23,Leeds,Tottenham,0,3.0,4.0,12.0,14.0,5.0,8.0,2.0,7.0,1.0,1.0,0,1700.49
2421,2022-11-12,2022-23,West Ham,Leicester,1,0.0,2.0,18.0,9.0,6.0,6.0,7.0,9.0,3.0,0.0,0,1778.96
2421,2022-11-12,2022-23,Leicester,West Ham,0,2.0,0.0,9.0,18.0,6.0,6.0,2.0,8.0,1.0,0.0,3,1751.65
2422,2022-11-12,2022-23,Newcastle,Chelsea,1,1.0,0.0,10.0,5.0,3.0,2.0,5.0,14.0,3.0,0.0,3,1814.74
2422,2022-11-12,2022-23,Chelsea,Newcastle,0,0.0,1.0,5.0,10.0,2.0,3.0,3.0,11.0,2.0,0.0,0,1887.5
2423,2022-11-12,2022-23,Wolves,Arsenal,1,0.0,2.0,11.0,14.0,2.0,4.0,6.0,5.0,3.0,0.0,0,1685.47
2423,2022-11-12,2022-23,Arsenal,Wolves,0,2.0,0.0,14.0,11.0,4.0,2.0,4.0,6.0,2.0,0.0,3,1896.91
2424,2022-11-13,2022-23,Brighton,Aston Villa,1,1.0,2.0,7.0,8.0,2.0,2.0,11.0,14.0,2.0,0.0,0,1786.37
2424,2022-11-13,2022-23,Aston Villa,Brighton,0,2.0,1.0,8.0,7.0,2.0,2.0,4.0,11.0,7.0,0.0,3,1709.82
2425,2022-11-13,2022-23,Fulham,Man United,1,1.0,2.0,14.0,14.0,7.0,9.0,10.0,9.0,1.0,0.0,0,1676.82
2425,2022-11-13,2022-23,Man United,Fulham,0,2.0,1.0,14.0,14.0,9.0,7.0,3.0,10.0,1.0,0.0,3,1842.47
2426,2022-12-26,2022-23,Southampton,Brighton,1,1.0,3.0,14.0,7.0,4.0,4.0,4.0,9.0,1.0,0.0,0,1672.2
2426,2022-12-26,2022-23,Brighton,Southampton,0,3.0,1.0,7.0,14.0,4.0,4.0,2.0,10.0,2.0,0.0,3,1790.72
2427,2022-12-26,2022-23,Everton,Wolves,1,1.0,2.0,12.0,7.0,6.0,4.0,2.0,9.0,1.0,0.0,0,1697.44
2427,2022-12-26,2022-23,Wolves,Everton,0,2.0,1.0,7.0,12.0,4.0,6.0,2.0,22.0,6.0,0.0,3,1681.09
2428,2022-12-26,2022-23,Crystal Palace,Fulham,1,0.0,3.0,4.0,23.0,0.0,11.0,1.0,12.0,0.0,2.0,0,1763.27
2428,2022-12-26,2022-23,Fulham,Crystal Palace,0,3.0,0.0,23.0,4.0,11.0,0.0,8.0,15.0,0.0,0.0,3,1678.96
2429,2022-12-26,2022-23,Brentford,Tottenham,1,2.0,2.0,9.0,16.0,5.0,8.0,6.0,11.0,3.0,0.0,1,1738.86
2429,2022-12-26,2022-23,Tottenham,Brentford,0,2.0,2.0,16.0,9.0,8.0,5.0,5.0,10.0,1.0,0.0,1,1875.4
2430,2022-12-26,2022-23,Leicester,Newcastle,1,0.0,3.0,8.0,12.0,2.0,5.0,5.0,9.0,0.0,0.0,0,1785.4
2430,2022-12-26,2022-23,Newcastle,Leicester,0,3.0,0.0,12.0,8.0,5.0,2.0,5.0,6.0,0.0,0.0,3,1841.32
2431,2022-12-26,2022-23,Arsenal,West Ham,1,3.0,1.0,16.0,8.0,5.0,4.0,7.0,13.0,0.0,0.0,3,1920.6
2431,2022-12-26,2022-23,West Ham,Arsenal,0,1.0,3.0,8.0,16.0,4.0,5.0,5.0,17.0,2.0,0.0,0,1767.14
2432,2022-12-26,2022-23,Aston Villa,Liverpool,1,1.0,3.0,12.0,16.0,6.0,9.0,0.0,7.0,0.0,0.0,0,1743.85
2432,2022-12-26,2022-23,Liverpool,Aston Villa,0,3.0,1.0,16.0,12.0,9.0,6.0,6.0,12.0,0.0,0.0,3,1999.23
2433,2022-12-27,2022-23,Chelsea,Bournemouth,1,2.0,0.0,15.0,9.0,5.0,4.0,6.0,8.0,0.0,0.0,3,1880.5
2433,2022-12-27,2022-23,Bournemouth,Chelsea,0,0.0,2.0,9.0,15.0,4.0,5.0,8.0,10.0,0.0,0.0,0,1659.95
2434,2022-12-27,2022-23,Man United,Nott'm Forest,1,3.0,0.0,17.0,8.0,8.0,3.0,9.0,13.0,3.0,0.0,3,1848.86
2434,2022-12-27,2022-23,Nott'm Forest,Man United,0,0.0,3.0,8.0,17.0,3.0,8.0,9.0,4.0,1.0,0.0,0,1629.33
2435,2022-12-28,2022-23,Leeds,Man City,1,1.0,3.0,9.0,26.0,1.0,9.0,3.0,11.0,3.0,0.0,0,1710.7
2435,2022-12-28,2022-23,Man City,Leeds,0,3.0,1.0,26.0,9.0,9.0,1.0,5.0,14.0,3.0,0.0,3,2029.2
2436,2022-12-30,2022-23,West Ham,Brentford,1,0.0,2.0,20.0,9.0,5.0,6.0,8.0,9.0,1.0,0.0,0,1767.14
2436,2022-12-30,2022-23,Brentford,West Ham,0,2.0,0.0,9.0,20.0,6.0,5.0,1.0,5.0,0.0,0.0,3,1738.86
2437,2022-12-30,2022-23,Liverpool,Leicester,1,2.0,1.0,21.0,7.0,5.0,2.0,4.0,8.0,0.0,0.0,3,1999.23
2437,2022-12-30,2022-23,Leicester,Liverpool,0,1.0,2.0,7.0,21.0,2.0,5.0,5.0,15.0,1.0,0.0,0,1785.4
2438,2022-12-31,2022-23,Wolves,Man United,1,0.0,1.0,10.0,16.0,3.0,6.0,7.0,11.0,1.0,0.0,0,1681.09
2438,2022-12-31,2022-23,Man United,Wolves,0,1.0,0.0,16.0,10.0,6.0,3.0,5.0,11.0,3.0,0.0,3,1848.86
2439,2022-12-31,2022-23,Bournemouth,Crystal Palace,1,0.0,2.0,6.0,15.0,2.0,6.0,2.0,17.0,4.0,0.0,0,1659.95
2439,2022-12-31,2022-23,Crystal Palace,Bournemouth,0,2.0,0.0,15.0,6.0,6.0,2.0,7.0,11.0,1.0,0.0,3,1763.27
2440,2022-12-31,2022-23,Fulham,Southampton,1,2.0,1.0,8.0,9.0,2.0,3.0,4.0,8.0,0.0,0.0,3,1678.96
2440,2022-12-31,2022-23,Southampton,Fulham,0,1.0,2.0,9.0,8.0,3.0,2.0,4.0,13.0,1.0,0.0,0,1672.2
2441,2022-12-31,2022-23,Man City,Everton,1,1.0,1.0,16.0,2.0,3.0,1.0,7.0,13.0,3.0,0.0,1,2029.2
2441,2022-12-31,2022-23,Everton,Man City,0,1.0,1.0,2.0,16.0,1.0,3.0,1.0,14.0,4.0,0.0,1,1697.44
2442,2022-12-31,2022-23,Newcastle,Leeds,1,0.0,0.0,16.0,8.0,5.0,1.0,9.0,13.0,3.0,0.0,1,1841.32
2442,2022-12-31,2022-23,Leeds,Newcastle,0,0.0,0.0,8.0,16.0,1.0,5.0,3.0,19.0,5.0,0.0,1,1710.7
2443,2022-12-31,2022-23,Brighton,Arsenal,1,2.0,4.0,9.0,14.0,5.0,7.0,7.0,7.0,3.0,0.0,0,1790.72
2443,2022-12-31,2022-23,Arsenal,Brighton,0,4.0,2.0,14.0,9.0,7.0,5.0,4.0,11.0,3.0,0.0,3,1920.6
2444,2023-01-01,2022-23,Tottenham,Aston Villa,1,0.0,2.0,6.0,13.0,2.0,4.0,5.0,15.0,4.0,0.0,0,1872.78
2444,2023-01-01,2022-23,Aston Villa,Tottenham,0,2.0,0.0,13.0,6.0,4.0,2.0,3.0,10.0,3.0,0.0,3,1739.26
2445,2023-01-01,2022-23,Nott'm Forest,Chelsea,1,1.0,1.0,12.0,7.0,5.0,2.0,1.0,16.0,2.0,0.0,1,1624.77
2445,2023-01-01,2022-23,Chelsea,Nott'm Forest,0,1.0,1.0,7.0,12.0,2.0,5.0,2.0,14.0,2.0,0.0,1,1884.17
2446,2023-01-02,2022-23,Brentford,Liverpool,1,3.0,1.0,10.0,16.0,7.0,6.0,4.0,5.0,1.0,0.0,3,1754.92
2446,2023-01-02,2022-23,Liverpool,Brentford,0,1.0,3.0,16.0,10.0,6.0,7.0,9.0,8.0,3.0,0.0,0,2006.19
2447,2023-01-03,2022-23,Arsenal,Newcastle,1,0.0,0.0,17.0,8.0,4.0,1.0,5.0,10.0,4.0,0.0,1,1933.81
2447,2023-01-03,2022-23,Newcastle,Arsenal,0,0.0,0.0,8.0,17.0,1.0,4.0,5.0,16.0,4.0,0.0,1,1849.75
2448,2023-01-03,2022-23,Everton,Brighton,1,1.0,4.0,10.0,19.0,4.0,8.0,5.0,8.0,3.0,0.0,0,1695.72
2448,2023-01-03,2022-23,Brighton,Everton,0,4.0,1.0,19.0,10.0,8.0,4.0,2.0,10.0,1.0,0.0,3,1791.14
2449,2023-01-03,2022-23,Leicester,Fulham,1,0.0,1.0,15.0,11.0,6.0,2.0,6.0,12.0,2.0,0.0,0,1769.74
2449,2023-01-03,2022-23,Fulham,Leicester,0,1.0,0.0,11.0,15.0,2.0,6.0,3.0,11.0,6.0,0.0,3,1704.49
2450,2023-01-03,2022-23,Man United,Bournemouth,1,3.0,0.0,18.0,7.0,6.0,4.0,6.0,13.0,0.0,0.0,3,1858.39
2450,2023-01-03,2022-23,Bournemouth,Man United,0,0.0,3.0,7.0,18.0,4.0,6.0,5.0,7.0,3.0,0.0,0,1646.68
2451,2023-01-04,2022-23,Southampton,Nott'm Forest,1,0.0,1.0,8.0,11.0,0.0,1.0,6.0,14.0,2.0,0.0,0,1657.57
2451,2023-01-04,2022-23,Nott'm Forest,Southampton,0,1.0,0.0,11.0,8.0,1.0,0.0,2.0,17.0,2.0,0.0,3,1624.77
2452,2023-01-04,2022-23,Leeds,West Ham,1,2.0,2.0,14.0,15.0,6.0,2.0,8.0,11.0,3.0,0.0,1,1712.42
2452,2023-01-04,2022-23,West Ham,Leeds,0,2.0,2.0,15.0,14.0,2.0,6.0,1.0,18.0,1.0,0.0,1,1748.67
2453,2023-01-04,2022-23,Aston Villa,Wolves,1,1.0,1.0,13.0,10.0,4.0,3.0,7.0,6.0,1.0,0.0,1,1739.26
2453,2023-01-04,2022-23,Wolves,Aston Villa,0,1.0,1.0,10.0,13.0,3.0,4.0,8.0,12.0,3.0,0.0,1,1685.84
2454,2023-01-04,2022-23,Crystal Palace,Tottenham,1,0.0,4.0,19.0,14.0,4.0,6.0,10.0,11.0,1.0,0.0,0,1753.38
2454,2023-01-04,2022-23,Tottenham,Crystal Palace,0,4.0,0.0,14.0,19.0,6.0,4.0,4.0,8.0,2.0,0.0,3,1872.78
2455,2023-01-05,2022-23,Chelsea,Man City,1,0.0,1.0,8.0,12.0,2.0,3.0,3.0,9.0,2.0,0.0,0,1884.17
2455,2023-01-05,2022-23,Man City,Chelsea,0,1.0,0.0,12.0,8.0,3.0,2.0,2.0,9.0,0.0,0.0,3,2024.33
2456,2023-01-12,2022-23,Fulham,Chelsea,1,2.0,1.0,8.0,20.0,3.0,10.0,5.0,12.0,4.0,0.0,3,1704.49
2456,2023-01-12,2022-23,Chelsea,Fulham,0,1.0,2.0,20.0,8.0,10.0,3.0,7.0,16.0,3.0,1.0,0,1884.17
2457,2023-01-13,2022-23,Aston Villa,Leeds,1,2.0,1.0,11.0,16.0,5.0,4.0,0.0,12.0,2.0,0.0,3,1739.26
2457,2023-01-13,2022-23,Leeds,Aston Villa,0,1.0,2.0,16.0,11.0,4.0,5.0,11.0,8.0,2.0,0.0,0,1712.42
2458,2023-01-14,2022-23,Man United,Man City,1,2.0,1.0,8.0,5.0,4.0,1.0,1.0,15.0,3.0,0.0,3,1858.39
2458,2023-01-14,2022-23,Man City,Man United,0,1.0,2.0,5.0,8.0,1.0,4.0,2.0,5.0,0.0,0.0,0,2024.33
2459,2023-01-14,2022-23,Brighton,Liverpool,1,3.0,0.0,16.0,6.0,9.0,2.0,7.0,8.0,1.0,0.0,3,1791.14
2459,2023-01-14,2022-23,Liverpool,Brighton,0,0.0,3.0,6.0,16.0,2.0,9.0,1.0,15.0,3.0,0.0,0,2006.19
2460,2023-01-14,2022-23,Everton,Southampton,1,1.0,2.0,12.0,13.0,4.0,5.0,6.0,7.0,0.0,0.0,0,1695.72
2460,2023-01-14,2022-23,Southampton,Everton,0,2.0,1.0,13.0,12.0,5.0,4.0,4.0,19.0,3.0,0.0,3,1657.57
2461,2023-01-14,2022-23,Nott'm Forest,Leicester,1,2.0,0.0,15.0,6.0,5.0,1.0,3.0,11.0,1.0,0.0,3,1624.77
2461,2023-01-14,2022-23,Leicester,Nott'm Forest,0,0.0,2.0,6.0,15.0,1.0,5.0,5.0,12.0,2.0,0.0,0,1769.74
2462,2023-01-14,2022-23,Wolves,West Ham,1,1.0,0.0,17.0,16.0,4.0,4.0,4.0,10.0,0.0,0.0,3,1685.84
2462,2023-01-14,2022-23,West Ham,Wolves,0,0.0,1.0,16.0,17.0,4.0,4.0,3.0,7.0,2.0,0.0,0,1748.67
2463,2023-01-14,2022-23,Brentford,Bournemouth,1,2.0,0.0,12.0,7.0,4.0,2.0,5.0,5.0,1.0,0.0,3,1754.92
2463,2023-01-14,2022-23,Bournemouth,Brentford,0,0.0,2.0,7.0,12.0,2.0,4.0,3.0,9.0,1.0,0.0,0,1646.68
2464,2023-01-15,2022-23,Chelsea,Crystal Palace,1,1.0,0.0,15.0,10.0,5.0,5.0,11.0,10.0,2.0,0.0,3,1862.17
2464,2023-01-15,2022-23,Crystal Palace,Chelsea,0,0.0,1.0,10.0,15.0,5.0,5.0,7.0,17.0,5.0,0.0,0,1741.03
2465,2023-01-15,2022-23,Newcastle,Fulham,1,1.0,0.0,20.0,5.0,5.0,0.0,10.0,6.0,1.0,0.0,3,1853.0
2465,2023-01-15,2022-23,Fulham,Newcastle,0,0.0,1.0,5.0,20.0,0.0,5.0,5.0,14.0,3.0,0.0,0,1726.15
2466,2023-01-15,2022-23,Tottenham,Arsenal,1,0.0,2.0,17.0,14.0,7.0,5.0,4.0,16.0,4.0,0.0,0,1867.87
2466,2023-01-15,2022-23,Arsenal,Tottenham,0,2.0,0.0,14.0,17.0,5.0,7.0,3.0,15.0,2.0,0.0,3,1930.57
2467,2023-01-18,2022-23,Crystal Palace,Man United,1,1.0,1.0,10.0,15.0,5.0,4.0,3.0,9.0,1.0,0.0,1,1741.03
2467,2023-01-18,2022-23,Man United,Crystal Palace,0,1.0,1.0,15.0,10.0,4.0,5.0,3.0,10.0,2.0,0.0,1,1874.46
2468,2023-01-19,2022-23,Man City,Tottenham,1,4.0,2.0,16.0,9.0,6.0,3.0,8.0,10.0,1.0,0.0,3,2018.16
2468,2023-01-19,2022-23,Tottenham,Man City,0,2.0,4.0,9.0,16.0,3.0,6.0,3.0,14.0,2.0,0.0,0,1867.87
2469,2023-01-21,2022-23,Liverpool,Chelsea,1,0.0,0.0,15.0,11.0,3.0,2.0,5.0,16.0,3.0,0.0,1,1966.57
2469,2023-01-21,2022-23,Chelsea,Liverpool,0,0.0,0.0,11.0,15.0,2.0,3.0,5.0,9.0,1.0,0.0,1,1862.17
2470,2023-01-21,2022-23,Bournemouth,Nott'm Forest,1,1.0,1.0,16.0,20.0,4.0,5.0,4.0,10.0,1.0,0.0,1,1636.04
2470,2023-01-21,2022-23,Nott'm Forest,Bournemouth,0,1.0,1.0,20.0,16.0,5.0,4.0,6.0,7.0,2.0,0.0,1,1654.59
2471,2023-01-21,2022-23,Leicester,Brighton,1,2.0,2.0,9.0,13.0,2.0,4.0,5.0,9.0,0.0,0.0,1,1744.72
2471,2023-01-21,2022-23,Brighton,Leicester,0,2.0,2.0,13.0,9.0,4.0,2.0,6.0,9.0,1.0,0.0,1,1823.11
2472,2023-01-21,2022-23,Southampton,Aston Villa,1,0.0,1.0,8.0,16.0,5.0,5.0,2.0,19.0,1.0,0.0,0,1657.72
2472,2023-01-21,2022-23,Aston Villa,Southampton,0,1.0,0.0,16.0,8.0,5.0,5.0,2.0,9.0,2.0,0.0,3,1759.75
2473,2023-01-21,2022-23,West Ham,Everton,1,2.0,0.0,11.0,5.0,4.0,2.0,4.0,9.0,1.0,0.0,3,1739.55
2473,2023-01-21,2022-23,Everton,West Ham,0,0.0,2.0,5.0,11.0,2.0,4.0,9.0,6.0,1.0,0.0,0,1674.79
2474,2023-01-21,2022-23,Crystal Palace,Newcastle,1,0.0,0.0,6.0,16.0,1.0,7.0,3.0,13.0,4.0,0.0,1,1741.03
2474,2023-01-21,2022-23,Newcastle,Crystal Palace,0,0.0,0.0,16.0,6.0,7.0,1.0,15.0,7.0,2.0,0.0,1,1853.0
2475,2023-01-22,2022-23,Man City,Wolves,1,3.0,0.0,13.0,10.0,7.0,1.0,5.0,10.0,1.0,0.0,3,2018.16
2475,2023-01-22,2022-23,Wolves,Man City,0,0.0,3.0,10.0,13.0,1.0,7.0,7.0,10.0,2.0,0.0,0,1697.68
2476,2023-01-22,2022-23,Arsenal,Man United,1,3.0,2.0,25.0,6.0,5.0,4.0,12.0,8.0,1.0,0.0,3,1930.57
2476,2023-01-22,2022-23,Man United,Arsenal,0,2.0,3.0,6.0,25.0,4.0,5.0,4.0,9.0,2.0,0.0,0,1874.46
2477,2023-01-22,2022-23,Leeds,Brentford,1,0.0,0.0,9.0,6.0,5.0,0.0,2.0,10.0,2.0,0.0,1,1706.46
2477,2023-01-22,2022-23,Brentford,Leeds,0,0.0,0.0,6.0,9.0,0.0,5.0,3.0,18.0,2.0,0.0,1,1779.65
2478,2023-01-23,2022-23,Fulham,Tottenham,1,0.0,1.0,10.0,10.0,5.0,3.0,3.0,10.0,1.0,0.0,0,1726.15
2478,2023-01-23,2022-23,Tottenham,Fulham,0,1.0,0.0,10.0,10.0,3.0,5.0,8.0,10.0,3.0,0.0,3,1867.87
2479,2023-02-03,2022-23,Chelsea,Fulham,1,0.0,0.0,12.0,10.0,3.0,4.0,6.0,16.0,1.0,0.0,1,1870.25
2479,2023-02-03,2022-23,Fulham,Chelsea,0,0.0,0.0,10.0,12.0,4.0,3.0,2.0,12.0,4.0,0.0,1,1716.52
2480,2023-02-04,2022-23,Everton,Arsenal,1,1.0,0.0,12.0,15.0,4.0,3.0,7.0,13.0,4.0,0.0,3,1666.92
2480,2023-02-04,2022-23,Arsenal,Everton,0,0.0,1.0,15.0,12.0,3.0,4.0,5.0,8.0,1.0,0.0,0,1946.27
2481,2023-02-04,2022-23,Aston Villa,Leicester,1,2.0,4.0,19.0,9.0,4.0,5.0,11.0,10.0,0.0,0.0,0,1766.03
2481,2023-02-04,2022-23,Leicester,Aston Villa,0,4.0,2.0,9.0,19.0,5.0,4.0,3.0,10.0,2.0,0.0,3,1745.92
2482,2023-02-04,2022-23,Brentford,Southampton,1,3.0,0.0,14.0,14.0,4.0,6.0,4.0,10.0,1.0,0.0,3,1778.54
2482,2023-02-04,2022-23,Southampton,Brentford,0,0.0,3.0,14.0,14.0,6.0,4.0,4.0,9.0,2.0,0.0,0,1651.44
2483,2023-02-04,2022-23,Brighton,Bournemouth,1,1.0,0.0,20.0,12.0,6.0,2.0,7.0,14.0,3.0,0.0,3,1821.91
2483,2023-02-04,2022-23,Bournemouth,Brighton,0,0.0,1.0,12.0,20.0,2.0,6.0,3.0,7.0,1.0,0.0,0,1635.53
2484,2023-02-04,2022-23,Man United,Crystal Palace,1,2.0,1.0,14.0,10.0,5.0,3.0,5.0,9.0,1.0,1.0,3,1866.17
2484,2023-02-04,2022-23,Crystal Palace,Man United,0,1.0,2.0,10.0,14.0,3.0,5.0,5.0,9.0,2.0,0.0,0,1741.85
2485,2023-02-04,2022-23,Wolves,Liverpool,1,3.0,0.0,12.0,22.0,6.0,4.0,2.0,9.0,1.0,0.0,3,1695.05
2485,2023-02-04,2022-23,Liverpool,Wolves,0,0.0,3.0,22.0,12.0,4.0,6.0,7.0,7.0,1.0,0.0,0,1962.84
2486,2023-02-04,2022-23,Newcastle,West Ham,1,1.0,1.0,8.0,10.0,2.0,1.0,4.0,11.0,2.0,0.0,1,1854.86
2486,2023-02-04,2022-23,West Ham,Newcastle,0,1.0,1.0,10.0,8.0,1.0,2.0,2.0,13.0,1.0,0.0,1,1747.41
2487,2023-02-05,2022-23,Nott'm Forest,Leeds,1,1.0,0.0,6.0,10.0,2.0,4.0,0.0,15.0,4.0,0.0,3,1655.1
2487,2023-02-05,2022-23,Leeds,Nott'm Forest,0,0.0,1.0,10.0,6.0,4.0,2.0,2.0,14.0,2.0,0.0,0,1707.56
2488,2023-02-05,2022-23,Tottenham,Man City,1,1.0,0.0,12.0,15.0,3.0,5.0,4.0,19.0,2.0,1.0,3,1858.2
2488,2023-02-05,2022-23,Man City,Tottenham,0,0.0,1.0,15.0,12.0,5.0,3.0,6.0,14.0,3.0,0.0,0,2025.65
2489,2023-02-08,2022-23,Man United,Leeds,1,2.0,2.0,24.0,8.0,7.0,2.0,6.0,7.0,1.0,0.0,1,1866.17
2489,2023-02-08,2022-23,Leeds,Man United,0,2.0,2.0,8.0,24.0,2.0,7.0,5.0,11.0,3.0,0.0,1,1707.56
2490,2023-02-11,2022-23,Fulham,Nott'm Forest,1,2.0,0.0,16.0,10.0,3.0,1.0,5.0,9.0,0.0,0.0,3,1716.52
2490,2023-02-11,2022-23,Nott'm Forest,Fulham,0,0.0,2.0,10.0,16.0,1.0,3.0,4.0,11.0,1.0,0.0,0,1655.1
2491,2023-02-11,2022-23,Arsenal,Brentford,1,1.0,1.0,23.0,9.0,7.0,2.0,7.0,9.0,0.0,0.0,1,1946.27
2491,2023-02-11,2022-23,Brentford,Arsenal,0,1.0,1.0,9.0,23.0,2.0,7.0,4.0,9.0,2.0,0.0,1,1778.54
2492,2023-02-11,2022-23,Crystal Palace,Brighton,1,1.0,1.0,6.0,17.0,1.0,7.0,1.0,10.0,4.0,0.0,1,1741.85
2492,2023-02-11,2022-23,Brighton,Crystal Palace,0,1.0,1.0,17.0,6.0,7.0,1.0,6.0,11.0,1.0,0.0,1,1821.91
2493,2023-02-11,2022-23,Bournemouth,Newcastle,1,1.0,1.0,11.0,15.0,5.0,7.0,4.0,8.0,2.0,0.0,1,1635.53
2493,2023-02-11,2022-23,Newcastle,Bournemouth,0,1.0,1.0,15.0,11.0,7.0,5.0,6.0,10.0,3.0,0.0,1,1854.86
2494,2023-02-11,2022-23,Leicester,Tottenham,1,4.0,1.0,15.0,11.0,7.0,4.0,1.0,14.0,5.0,0.0,3,1745.92
2494,2023-02-11,2022-23,Tottenham,Leicester,0,1.0,4.0,11.0,15.0,4.0,7.0,5.0,9.0,2.0,0.0,0,1858.2
2495,2023-02-11,2022-23,Southampton,Wolves,1,1.0,2.0,17.0,11.0,2.0,2.0,5.0,12.0,2.0,0.0,0,1651.44
2495,2023-02-11,2022-23,Wolves,Southampton,0,2.0,1.0,11.0,17.0,2.0,2.0,2.0,14.0,2.0,1.0,3,1695.05
2496,2023-02-11,2022-23,West Ham,Chelsea,1,1.0,1.0,10.0,12.0,2.0,4.0,5.0,9.0,1.0,0.0,1,1747.41
2496,2023-02-11,2022-23,Chelsea,West Ham,0,1.0,1.0,12.0,10.0,4.0,2.0,6.0,11.0,1.0,0.0,1,1870.25
2497,2023-02-12,2022-23,Leeds,Man United,1,0.0,2.0,16.0,11.0,6.0,5.0,7.0,10.0,2.0,0.0,0,1707.56
2497,2023-02-12,2022-23,Man United,Leeds,0,2.0,0.0,11.0,16.0,5.0,6.0,3.0,13.0,1.0,0.0,3,1866.17
2498,2023-02-12,2022-23,Man City,Aston Villa,1,3.0,1.0,17.0,6.0,9.0,2.0,8.0,13.0,1.0,0.0,3,2025.65
2498,2023-02-12,2022-23,Aston Villa,Man City,0,1.0,3.0,6.0,17.0,2.0,9.0,4.0,14.0,2.0,0.0,0,1766.03
2499,2023-02-13,2022-23,Liverpool,Everton,1,2.0,0.0,15.0,6.0,6.0,1.0,3.0,8.0,1.0,0.0,3,1962.84
2499,2023-02-13,2022-23,Everton,Liverpool,0,0.0,2.0,6.0,15.0,1.0,6.0,3.0,16.0,3.0,0.0,0,1666.92
2500,2023-02-15,2022-23,Arsenal,Man City,1,1.0,3.0,10.0,9.0,1.0,6.0,1.0,11.0,2.0,0.0,0,1926.04
2500,2023-02-15,2022-23,Man City,Arsenal,0,3.0,1.0,9.0,10.0,6.0,1.0,3.0,15.0,3.0,0.0,3,2016.03
2501,2023-02-18,2022-23,Brentford,Crystal Palace,1,1.0,1.0,12.0,10.0,5.0,4.0,2.0,10.0,2.0,0.0,1,1789.18
2501,2023-02-18,2022-23,Crystal Palace,Brentford,0,1.0,1.0,10.0,12.0,4.0,5.0,6.0,8.0,2.0,0.0,1,1737.58
2502,2023-02-18,2022-23,Chelsea,Southampton,1,0.0,1.0,17.0,8.0,5.0,5.0,8.0,16.0,3.0,0.0,0,1861.85
2502,2023-02-18,2022-23,Southampton,Chelsea,0,1.0,0.0,8.0,17.0,5.0,5.0,2.0,24.0,6.0,0.0,3,1635.75
2503,2023-02-18,2022-23,Aston Villa,Arsenal,1,2.0,4.0,7.0,20.0,5.0,5.0,2.0,13.0,2.0,0.0,0,1748.55
2503,2023-02-18,2022-23,Arsenal,Aston Villa,0,4.0,2.0,20.0,7.0,5.0,5.0,9.0,4.0,1.0,0.0,3,1926.04
2504,2023-02-18,2022-23,Brighton,Fulham,1,0.0,1.0,21.0,5.0,7.0,2.0,10.0,12.0,0.0,0.0,0,1822.36
2504,2023-02-18,2022-23,Fulham,Brighton,0,1.0,0.0,5.0,21.0,2.0,7.0,2.0,14.0,5.0,0.0,3,1728.06
2505,2023-02-18,2022-23,Newcastle,Liverpool,1,0.0,2.0,14.0,13.0,4.0,7.0,6.0,3.0,1.0,1.0,0,1844.86
2505,2023-02-18,2022-23,Liverpool,Newcastle,0,2.0,0.0,13.0,14.0,7.0,4.0,7.0,8.0,1.0,0.0,3,1940.34
2506,2023-02-18,2022-23,Everton,Leeds,1,1.0,0.0,15.0,8.0,6.0,0.0,6.0,8.0,2.0,0.0,3,1676.56
2506,2023-02-18,2022-23,Leeds,Everton,0,0.0,1.0,8.0,15.0,0.0,6.0,4.0,6.0,3.0,0.0,0,1696.18
2507,2023-02-18,2022-23,Nott'm Forest,Man City,1,1.0,1.0,4.0,26.0,1.0,6.0,0.0,8.0,1.0,0.0,1,1654.25
2507,2023-02-18,2022-23,Man City,Nott'm Forest,0,1.0,1.0,26.0,4.0,6.0,1.0,10.0,6.0,0.0,0.0,1,2016.03
2508,2023-02-18,2022-23,Wolves,Bournemouth,1,0.0,1.0,15.0,5.0,4.0,1.0,12.0,12.0,3.0,0.0,0,1725.1
2508,2023-02-18,2022-23,Bournemouth,Wolves,0,1.0,0.0,5.0,15.0,1.0,4.0,2.0,10.0,3.0,0.0,3,1635.76
2509,2023-02-19,2022-23,Man United,Leicester,1,3.0,0.0,26.0,19.0,8.0,3.0,6.0,9.0,0.0,0.0,3,1870.71
2509,2023-02-19,2022-23,Leicester,Man United,0,0.0,3.0,19.0,26.0,3.0,8.0,6.0,9.0,2.0,0.0,0,1774.42
2510,2023-02-19,2022-23,Tottenham,West Ham,1,2.0,0.0,16.0,6.0,6.0,1.0,4.0,16.0,2.0,0.0,3,1847.08
2510,2023-02-19,2022-23,West Ham,Tottenham,0,0.0,2.0,6.0,16.0,1.0,6.0,7.0,10.0,1.0,0.0,0,1752.06
2511,2023-02-24,2022-23,Fulham,Wolves,1,1.0,1.0,10.0,8.0,5.0,2.0,4.0,12.0,2.0,0.0,1,1728.06
2511,2023-02-24,2022-23,Wolves,Fulham,0,1.0,1.0,8.0,10.0,2.0,5.0,3.0,17.0,0.0,0.0,1,1725.1
2512,2023-02-25,2022-23,Everton,Aston Villa,1,0.0,2.0,15.0,9.0,5.0,5.0,5.0,12.0,2.0,0.0,0,1676.56
2512,2023-02-25,2022-23,Aston Villa,Everton,0,2.0,0.0,9.0,15.0,5.0,5.0,1.0,12.0,1.0,0.0,3,1748.55
2513,2023-02-25,2022-23,Leeds,Southampton,1,1.0,0.0,14.0,8.0,4.0,2.0,9.0,15.0,2.0,0.0,3,1696.18
2513,2023-02-25,2022-23,Southampton,Leeds,0,0.0,1.0,8.0,14.0,2.0,4.0,2.0,13.0,4.0,0.0,0,1635.75
2514,2023-02-25,2022-23,Leicester,Arsenal,1,0.0,1.0,1.0,10.0,0.0,2.0,0.0,14.0,0.0,0.0,0,1774.42
2514,2023-02-25,2022-23,Arsenal,Leicester,0,1.0,0.0,10.0,1.0,2.0,0.0,8.0,9.0,1.0,0.0,3,1926.04
2515,2023-02-25,2022-23,West Ham,Nott'm Forest,1,4.0,0.0,18.0,8.0,5.0,3.0,12.0,8.0,0.0,0.0,3,1752.06
2515,2023-02-25,2022-23,Nott'm Forest,West Ham,0,0.0,4.0,8.0,18.0,3.0,5.0,3.0,5.0,0.0,0.0,0,1654.25
2516,2023-02-25,2022-23,Bournemouth,Man City,1,1.0,4.0,13.0,20.0,2.0,5.0,4.0,10.0,2.0,0.0,0,1635.76
2516,2023-02-25,2022-23,Man City,Bournemouth,0,4.0,1.0,20.0,13.0,5.0,2.0,6.0,9.0,2.0,0.0,3,2016.03
2517,2023-02-25,2022-23,Crystal Palace,Liverpool,1,0.0,0.0,6.0,12.0,0.0,4.0,5.0,11.0,2.0,0.0,1,1737.58
2517,2023-02-25,2022-23,Liverpool,Crystal Palace,0,0.0,0.0,12.0,6.0,4.0,0.0,3.0,14.0,5.0,0.0,1,1940.34
2518,2023-02-26,2022-23,Tottenham,Chelsea,1,2.0,0.0,8.0,10.0,3.0,2.0,4.0,10.0,2.0,0.0,3,1847.08
2518,2023-02-26,2022-23,Chelsea,Tottenham,0,0.0,2.0,10.0,8.0,2.0,3.0,4.0,10.0,3.0,0.0,0,1861.85
2519,2023-03-01,2022-23,Arsenal,Everton,1,4.0,0.0,15.0,8.0,5.0,5.0,5.0,5.0,0.0,0.0,3,1926.27
2519,2023-03-01,2022-23,Everton,Arsenal,0,0.0,4.0,8.0,15.0,5.0,5.0,1.0,12.0,2.0,0.0,0,1670.75
2520,2023-03-01,2022-23,Liverpool,Wolves,1,2.0,0.0,15.0,4.0,6.0,1.0,5.0,13.0,2.0,0.0,3,1929.21
2520,2023-03-01,2022-23,Wolves,Liverpool,0,0.0,2.0,4.0,15.0,1.0,6.0,2.0,14.0,3.0,0.0,0,1713.34
2521,2023-03-04,2022-23,Man City,Newcastle,1,2.0,0.0,11.0,5.0,3.0,2.0,8.0,8.0,2.0,0.0,3,2019.35
2521,2023-03-04,2022-23,Newcastle,Man City,0,0.0,2.0,5.0,11.0,2.0,3.0,4.0,13.0,4.0,0.0,0,1833.16
2522,2023-03-04,2022-23,Arsenal,Bournemouth,1,3.0,2.0,31.0,4.0,9.0,4.0,17.0,6.0,0.0,0.0,3,1926.27
2522,2023-03-04,2022-23,Bournemouth,Arsenal,0,2.0,3.0,4.0,31.0,4.0,9.0,1.0,8.0,2.0,0.0,0,1642.21
2523,2023-03-04,2022-23,Aston Villa,Crystal Palace,1,1.0,0.0,8.0,3.0,1.0,0.0,2.0,14.0,2.0,0.0,3,1750.49
2523,2023-03-04,2022-23,Crystal Palace,Aston Villa,0,0.0,1.0,3.0,8.0,0.0,1.0,4.0,17.0,3.0,1.0,0,1742.18
2524,2023-03-04,2022-23,Brighton,West Ham,1,4.0,0.0,20.0,3.0,9.0,2.0,7.0,6.0,0.0,0.0,3,1808.56
2524,2023-03-04,2022-23,West Ham,Brighton,0,0.0,4.0,3.0,20.0,2.0,9.0,3.0,8.0,3.0,0.0,0,1753.39
2525,2023-03-04,2022-23,Chelsea,Leeds,1,1.0,0.0,13.0,11.0,3.0,2.0,5.0,10.0,2.0,0.0,3,1831.93
2525,2023-03-04,2022-23,Leeds,Chelsea,0,0.0,1.0,11.0,13.0,2.0,3.0,7.0,7.0,0.0,0.0,0,1692.51
2526,2023-03-04,2022-23,Wolves,Tottenham,1,1.0,0.0,8.0,21.0,5.0,6.0,4.0,11.0,1.0,0.0,3,1713.34
2526,2023-03-04,2022-23,Tottenham,Wolves,0,0.0,1.0,21.0,8.0,6.0,5.0,8.0,18.0,1.0,0.0,0,1860.91
2527,2023-03-04,2022-23,Southampton,Leicester,1,1.0,0.0,11.0,11.0,5.0,0.0,3.0,12.0,4.0,0.0,3,1642.03
2527,2023-03-04,2022-23,Leicester,Southampton,0,0.0,1.0,11.0,11.0,0.0,5.0,4.0,11.0,2.0,0.0,0,1759.36
2528,2023-03-05,2022-23,Nott'm Forest,Everton,1,2.0,2.0,10.0,10.0,4.0,3.0,3.0,11.0,3.0,0.0,1,1649.34
2528,2023-03-05,2022-23,Everton,Nott'm Forest,0,2.0,2.0,10.0,10.0,3.0,4.0,3.0,17.0,5.0,0.0,1,1670.75
2529,2023-03-05,2022-23,Liverpool,Man United,1,7.0,0.0,18.0,8.0,8.0,4.0,4.0,13.0,2.0,0.0,3,1929.21
2529,2023-03-05,2022-23,Man United,Liverpool,0,0.0,7.0,8.0,18.0,4.0,8.0,3.0,14.0,3.0,0.0,0,1887.84
2530,2023-03-06,2022-23,Brentford,Fulham,1,3.0,2.0,14.0,9.0,6.0,5.0,2.0,12.0,0.0,0.0,3,1784.35
2530,2023-03-06,2022-23,Fulham,Brentford,0,2.0,3.0,9.0,14.0,5.0,6.0,3.0,17.0,3.0,0.0,0,1735.54
2531,2023-03-11,2022-23,Bournemouth,Liverpool,1,1.0,0.0,5.0,15.0,2.0,6.0,3.0,7.0,2.0,0.0,3,1642.21
2531,2023-03-11,2022-23,Liverpool,Bournemouth,0,0.0,1.0,15.0,5.0,6.0,2.0,8.0,9.0,1.0,0.0,0,1929.21
2532,2023-03-11,2022-23,Everton,Brentford,1,1.0,0.0,13.0,12.0,6.0,4.0,5.0,11.0,2.0,0.0,3,1670.75
2532,2023-03-11,2022-23,Brentford,Everton,0,0.0,1.0,12.0,13.0,4.0,6.0,8.0,12.0,1.0,0.0,0,1784.35
2533,2023-03-11,2022-23,Leeds,Brighton,1,2.0,2.0,12.0,14.0,4.0,2.0,4.0,12.0,1.0,0.0,1,1692.51
2533,2023-03-11,2022-23,Brighton,Leeds,0,2.0,2.0,14.0,12.0,2.0,4.0,7.0,9.0,1.0,0.0,1,1808.56
2534,2023-03-11,2022-23,Leicester,Chelsea,1,1.0,3.0,17.0,12.0,7.0,6.0,2.0,10.0,1.0,1.0,0,1759.36
2534,2023-03-11,2022-23,Chelsea,Leicester,0,3.0,1.0,12.0,17.0,6.0,7.0,5.0,11.0,2.0,0.0,3,1831.93
2535,2023-03-11,2022-23,Tottenham,Nott'm Forest,1,3.0,1.0,15.0,9.0,7.0,5.0,2.0,13.0,3.0,0.0,3,1860.91
2535,2023-03-11,2022-23,Nott'm Forest,Tottenham,0,1.0,3.0,9.0,15.0,5.0,7.0,10.0,13.0,1.0,0.0,0,1649.34
2536,2023-03-11,2022-23,Crystal Palace,Man City,1,0.0,1.0,4.0,14.0,0.0,4.0,2.0,11.0,2.0,0.0,0,1742.18
2536,2023-03-11,2022-23,Man City,Crystal Palace,0,1.0,0.0,14.0,4.0,4.0,0.0,6.0,17.0,2.0,0.0,3,2019.35
2537,2023-03-12,2022-23,Fulham,Arsenal,1,0.0,3.0,12.0,15.0,2.0,7.0,4.0,10.0,0.0,0.0,0,1735.54
2537,2023-03-12,2022-23,Arsenal,Fulham,0,3.0,0.0,15.0,12.0,7.0,2.0,8.0,9.0,1.0,0.0,3,1926.27
2538,2023-03-12,2022-23,Man United,Southampton,1,0.0,0.0,10.0,17.0,4.0,4.0,7.0,12.0,2.0,0.0,1,1887.84
2538,2023-03-12,2022-23,Southampton,Man United,0,0.0,0.0,17.0,10.0,4.0,4.0,8.0,9.0,0.0,0.0,1,1642.03
2539,2023-03-12,2022-23,West Ham,Aston Villa,1,1.0,1.0,17.0,12.0,6.0,4.0,13.0,8.0,1.0,0.0,1,1753.39
2539,2023-03-12,2022-23,Aston Villa,West Ham,0,1.0,1.0,12.0,17.0,4.0,6.0,2.0,6.0,0.0,0.0,1,1750.49
2540,2023-03-12,2022-23,Newcastle,Wolves,1,2.0,1.0,19.0,7.0,8.0,4.0,10.0,11.0,1.0,0.0,3,1833.16
2540,2023-03-12,2022-23,Wolves,Newcastle,0,1.0,2.0,7.0,19.0,4.0,8.0,3.0,10.0,2.0,0.0,0,1713.34
2541,2023-03-15,2022-23,Brighton,Crystal Palace,1,1.0,0.0,11.0,11.0,5.0,3.0,1.0,13.0,1.0,0.0,3,1825.34
2541,2023-03-15,2022-23,Crystal Palace,Brighton,0,0.0,1.0,11.0,11.0,3.0,5.0,4.0,20.0,2.0,0.0,0,1740.55
2542,2023-03-15,2022-23,Southampton,Brentford,1,0.0,2.0,7.0,11.0,1.0,5.0,3.0,14.0,1.0,0.0,0,1666.37
2542,2023-03-15,2022-23,Brentford,Southampton,0,2.0,0.0,11.0,7.0,5.0,1.0,3.0,10.0,2.0,0.0,3,1787.93
2543,2023-03-17,2022-23,Nott'm Forest,Newcastle,1,1.0,2.0,5.0,15.0,3.0,4.0,3.0,17.0,5.0,0.0,0,1652.36
2543,2023-03-17,2022-23,Newcastle,Nott'm Forest,0,2.0,1.0,15.0,5.0,4.0,3.0,7.0,9.0,1.0,0.0,3,1841.24
2544,2023-03-18,2022-23,Aston Villa,Bournemouth,1,3.0,0.0,20.0,10.0,9.0,3.0,9.0,8.0,1.0,0.0,3,1766.34
2544,2023-03-18,2022-23,Bournemouth,Aston Villa,0,0.0,3.0,10.0,20.0,3.0,9.0,6.0,13.0,4.0,0.0,0,1662.39
2545,2023-03-18,2022-23,Brentford,Leicester,1,1.0,1.0,11.0,14.0,2.0,1.0,8.0,10.0,1.0,1.0,1,1787.93
2545,2023-03-18,2022-23,Leicester,Brentford,0,1.0,1.0,14.0,11.0,1.0,2.0,4.0,11.0,2.0,0.0,1,1747.95
2546,2023-03-18,2022-23,Southampton,Tottenham,1,3.0,3.0,19.0,17.0,7.0,3.0,10.0,13.0,1.0,0.0,1,1666.37
2546,2023-03-18,2022-23,Tottenham,Southampton,0,3.0,3.0,17.0,19.0,3.0,7.0,3.0,8.0,1.0,0.0,1,1854.12
2547,2023-03-18,2022-23,Wolves,Leeds,1,2.0,4.0,23.0,11.0,8.0,4.0,5.0,15.0,3.0,1.0,0,1724.16
2547,2023-03-18,2022-23,Leeds,Wolves,0,4.0,2.0,11.0,23.0,4.0,8.0,4.0,9.0,5.0,0.0,3,1698.91
2548,2023-03-18,2022-23,Chelsea,Everton,1,2.0,2.0,20.0,12.0,7.0,3.0,8.0,8.0,2.0,0.0,1,1867.66
2548,2023-03-18,2022-23,Everton,Chelsea,0,2.0,2.0,12.0,20.0,3.0,7.0,2.0,12.0,2.0,0.0,1,1685.34
2549,2023-03-19,2022-23,Arsenal,Crystal Palace,1,4.0,1.0,15.0,8.0,5.0,4.0,5.0,8.0,0.0,0.0,3,1948.01
2549,2023-03-19,2022-23,Crystal Palace,Arsenal,0,1.0,4.0,8.0,15.0,4.0,5.0,4.0,10.0,1.0,0.0,0,1740.55
2550,2023-04-01,2022-23,Man City,Liverpool,1,4.0,1.0,17.0,4.0,8.0,1.0,7.0,9.0,1.0,0.0,3,2041.54
2550,2023-04-01,2022-23,Liverpool,Man City,0,1.0,4.0,4.0,17.0,1.0,8.0,1.0,12.0,1.0,0.0,0,1933.89
2551,2023-04-01,2022-23,Arsenal,Leeds,1,4.0,1.0,13.0,7.0,6.0,5.0,4.0,11.0,0.0,0.0,3,1942.0
2551,2023-04-01,2022-23,Leeds,Arsenal,0,1.0,4.0,7.0,13.0,5.0,6.0,3.0,13.0,2.0,0.0,0,1711.11
2552,2023-04-01,2022-23,Bournemouth,Fulham,1,2.0,1.0,12.0,10.0,7.0,2.0,4.0,15.0,1.0,0.0,3,1652.87
2552,2023-04-01,2022-23,Fulham,Bournemouth,0,1.0,2.0,10.0,12.0,2.0,7.0,3.0,13.0,4.0,0.0,0,1728.15
2553,2023-04-01,2022-23,Brighton,Brentford,1,3.0,3.0,33.0,7.0,15.0,5.0,14.0,16.0,2.0,0.0,1,1827.83
2553,2023-04-01,2022-23,Brentford,Brighton,0,3.0,3.0,7.0,33.0,5.0,15.0,0.0,10.0,1.0,0.0,1,1791.74
2554,2023-04-01,2022-23,Crystal Palace,Leicester,1,2.0,1.0,31.0,3.0,9.0,2.0,10.0,12.0,3.0,0.0,3,1729.0
2554,2023-04-01,2022-23,Leicester,Crystal Palace,0,1.0,2.0,3.0,31.0,2.0,9.0,1.0,16.0,4.0,0.0,0,1748.66
2555,2023-04-01,2022-23,Nott'm Forest,Wolves,1,1.0,1.0,17.0,8.0,7.0,1.0,4.0,14.0,3.0,0.0,1,1645.28
2555,2023-04-01,2022-23,Wolves,Nott'm Forest,0,1.0,1.0,8.0,17.0,1.0,7.0,3.0,13.0,5.0,0.0,1,1707.54
2556,2023-04-01,2022-23,Chelsea,Aston Villa,1,0.0,2.0,27.0,5.0,8.0,2.0,13.0,14.0,3.0,0.0,0,1859.51
2556,2023-04-01,2022-23,Aston Villa,Chelsea,0,2.0,0.0,5.0,27.0,2.0,8.0,2.0,16.0,3.0,0.0,3,1771.43
2557,2023-04-02,2022-23,West Ham,Southampton,1,1.0,0.0,12.0,9.0,2.0,3.0,5.0,10.0,0.0,0.0,3,1751.75
2557,2023-04-02,2022-23,Southampton,West Ham,0,0.0,1.0,9.0,12.0,3.0,2.0,3.0,11.0,2.0,0.0,0,1659.07
2558,2023-04-02,2022-23,Newcastle,Man United,1,2.0,0.0,22.0,6.0,6.0,1.0,7.0,8.0,0.0,0.0,3,1843.9
2558,2023-04-02,2022-23,Man United,Newcastle,0,0.0,2.0,6.0,22.0,1.0,6.0,4.0,12.0,0.0,0.0,0,1883.71
2559,2023-04-03,2022-23,Everton,Tottenham,1,1.0,1.0,15.0,8.0,6.0,2.0,3.0,10.0,0.0,1.0,1,1689.08
2559,2023-04-03,2022-23,Tottenham,Everton,0,1.0,1.0,8.0,15.0,2.0,6.0,3.0,14.0,3.0,1.0,1,1848.05
2560,2023-04-04,2022-23,Bournemouth,Brighton,1,0.0,2.0,14.0,16.0,3.0,6.0,5.0,11.0,1.0,0.0,0,1652.87
2560,2023-04-04,2022-23,Brighton,Bournemouth,0,2.0,0.0,16.0,14.0,6.0,3.0,5.0,5.0,1.0,0.0,3,1827.83
2561,2023-04-04,2022-23,Leeds,Nott'm Forest,1,2.0,1.0,21.0,13.0,6.0,1.0,11.0,11.0,1.0,0.0,3,1711.11
2561,2023-04-04,2022-23,Nott'm Forest,Leeds,0,1.0,2.0,13.0,21.0,1.0,6.0,4.0,13.0,4.0,0.0,0,1645.28
2562,2023-04-04,2022-23,Leicester,Aston Villa,1,1.0,2.0,9.0,15.0,4.0,5.0,4.0,10.0,2.0,1.0,0,1748.66
2562,2023-04-04,2022-23,Aston Villa,Leicester,0,2.0,1.0,15.0,9.0,5.0,4.0,8.0,14.0,0.0,0.0,3,1771.43
2563,2023-04-04,2022-23,Chelsea,Liverpool,1,0.0,0.0,12.0,7.0,3.0,4.0,3.0,6.0,1.0,0.0,1,1859.51
2563,2023-04-04,2022-23,Liverpool,Chelsea,0,0.0,0.0,7.0,12.0,4.0,3.0,5.0,17.0,4.0,0.0,1,1933.89
2564,2023-04-05,2022-23,Man United,Brentford,1,1.0,0.0,18.0,6.0,3.0,1.0,12.0,8.0,3.0,0.0,3,1883.71
2564,2023-04-05,2022-23,Brentford,Man United,0,0.0,1.0,6.0,18.0,1.0,3.0,3.0,13.0,2.0,0.0,0,1791.74
2565,2023-04-05,2022-23,West Ham,Newcastle,1,1.0,5.0,7.0,15.0,2.0,8.0,7.0,11.0,2.0,0.0,0,1751.75
2565,2023-04-05,2022-23,Newcastle,West Ham,0,5.0,1.0,15.0,7.0,8.0,2.0,6.0,12.0,1.0,0.0,3,1843.9
2566,2023-04-08,2022-23,Man United,Everton,1,2.0,0.0,29.0,15.0,11.0,1.0,10.0,10.0,0.0,0.0,3,1883.71
2566,2023-04-08,2022-23,Everton,Man United,0,0.0,2.0,15.0,29.0,1.0,11.0,4.0,9.0,0.0,0.0,0,1689.08
2567,2023-04-08,2022-23,Aston Villa,Nott'm Forest,1,2.0,0.0,8.0,6.0,3.0,2.0,1.0,7.0,3.0,0.0,3,1771.43
2567,2023-04-08,2022-23,Nott'm Forest,Aston Villa,0,0.0,2.0,6.0,8.0,2.0,3.0,8.0,17.0,4.0,0.0,0,1645.28
2568,2023-04-08,2022-23,Brentford,Newcastle,1,1.0,2.0,12.0,10.0,6.0,4.0,6.0,10.0,0.0,0.0,0,1791.74
2568,2023-04-08,2022-23,Newcastle,Brentford,0,2.0,1.0,10.0,12.0,4.0,6.0,5.0,15.0,0.0,0.0,3,1843.9
2569,2023-04-08,2022-23,Fulham,West Ham,1,0.0,1.0,16.0,9.0,3.0,5.0,11.0,10.0,1.0,0.0,0,1728.15
2569,2023-04-08,2022-23,West Ham,Fulham,0,1.0,0.0,9.0,16.0,5.0,3.0,4.0,12.0,1.0,0.0,3,1751.75
2570,2023-04-08,2022-23,Leicester,Bournemouth,1,0.0,1.0,14.0,19.0,4.0,7.0,6.0,10.0,0.0,0.0,0,1748.66
2570,2023-04-08,2022-23,Bournemouth,Leicester,0,1.0,0.0,19.0,14.0,7.0,4.0,6.0,13.0,3.0,0.0,3,1652.87
2571,2023-04-08,2022-23,Tottenham,Brighton,1,2.0,1.0,9.0,17.0,3.0,4.0,3.0,15.0,3.0,0.0,3,1848.05
2571,2023-04-08,2022-23,Brighton,Tottenham,0,1.0,2.0,17.0,9.0,4.0,3.0,7.0,15.0,1.0,0.0,0,1827.83
2572,2023-04-08,2022-23,Wolves,Chelsea,1,1.0,0.0,9.0,13.0,4.0,1.0,8.0,14.0,2.0,0.0,3,1707.54
2572,2023-04-08,2022-23,Chelsea,Wolves,0,0.0,1.0,13.0,9.0,1.0,4.0,8.0,10.0,5.0,0.0,0,1859.51
2573,2023-04-08,2022-23,Southampton,Man City,1,1.0,4.0,4.0,13.0,1.0,8.0,0.0,6.0,0.0,0.0,0,1659.07
2573,2023-04-08,2022-23,Man City,Southampton,0,4.0,1.0,13.0,4.0,8.0,1.0,10.0,10.0,2.0,0.0,3,2041.54
2574,2023-04-09,2022-23,Leeds,Crystal Palace,1,1.0,5.0,11.0,16.0,7.0,8.0,2.0,11.0,3.0,0.0,0,1711.11
2574,2023-04-09,2022-23,Crystal Palace,Leeds,0,5.0,1.0,16.0,11.0,8.0,7.0,4.0,8.0,1.0,0.0,3,1729.0
2575,2023-04-09,2022-23,Liverpool,Arsenal,1,2.0,2.0,21.0,9.0,6.0,5.0,5.0,11.0,4.0,0.0,1,1933.89
2575,2023-04-09,2022-23,Arsenal,Liverpool,0,2.0,2.0,9.0,21.0,5.0,6.0,4.0,11.0,4.0,0.0,1,1942.0
2576,2023-04-15,2022-23,Aston Villa,Newcastle,1,3.0,0.0,16.0,8.0,6.0,2.0,7.0,13.0,1.0,0.0,3,1801.51
2576,2023-04-15,2022-23,Newcastle,Aston Villa,0,0.0,3.0,8.0,16.0,2.0,6.0,2.0,15.0,1.0,0.0,0,1876.32
2577,2023-04-15,2022-23,Chelsea,Brighton,1,1.0,2.0,8.0,26.0,2.0,10.0,2.0,11.0,2.0,0.0,0,1827.19
2577,2023-04-15,2022-23,Brighton,Chelsea,0,2.0,1.0,26.0,8.0,10.0,2.0,8.0,11.0,2.0,0.0,3,1826.65
2578,2023-04-15,2022-23,Everton,Fulham,1,1.0,3.0,15.0,21.0,7.0,7.0,4.0,10.0,3.0,0.0,0,1687.98
2578,2023-04-15,2022-23,Fulham,Everton,0,3.0,1.0,21.0,15.0,7.0,7.0,8.0,6.0,2.0,0.0,3,1710.9
2579,2023-04-15,2022-23,Southampton,Crystal Palace,1,0.0,2.0,11.0,9.0,4.0,2.0,6.0,6.0,3.0,0.0,0,1652.03
2579,2023-04-15,2022-23,Crystal Palace,Southampton,0,2.0,0.0,9.0,11.0,2.0,4.0,2.0,13.0,1.0,0.0,3,1754.0
2580,2023-04-15,2022-23,Tottenham,Bournemouth,1,2.0,3.0,24.0,6.0,8.0,6.0,8.0,8.0,1.0,0.0,0,1851.72
2580,2023-04-15,2022-23,Bournemouth,Tottenham,0,3.0,2.0,6.0,24.0,6.0,8.0,1.0,9.0,2.0,0.0,3,1665.28
2581,2023-04-15,2022-23,Wolves,Brentford,1,2.0,0.0,11.0,10.0,9.0,3.0,5.0,12.0,1.0,0.0,3,1717.96
2581,2023-04-15,2022-23,Brentford,Wolves,0,0.0,2.0,10.0,11.0,3.0,9.0,2.0,8.0,1.0,0.0,0,1782.33
2582,2023-04-15,2022-23,Man City,Leicester,1,3.0,1.0,12.0,10.0,4.0,4.0,6.0,8.0,1.0,0.0,3,2060.53
2582,2023-04-15,2022-23,Leicester,Man City,0,1.0,3.0,10.0,12.0,4.0,4.0,2.0,8.0,1.0,0.0,0,1722.06
2583,2023-04-16,2022-23,West Ham,Arsenal,1,2.0,2.0,16.0,11.0,3.0,5.0,7.0,11.0,1.0,0.0,1,1751.62
2583,2023-04-16,2022-23,Arsenal,West Ham,0,2.0,2.0,11.0,16.0,5.0,3.0,2.0,8.0,2.0,0.0,1,1946.85
2584,2023-04-16,2022-23,Nott'm Forest,Man United,1,0.0,2.0,6.0,22.0,0.0,8.0,4.0,9.0,2.0,0.0,0,1635.67
2584,2023-04-16,2022-23,Man United,Nott'm Forest,0,2.0,0.0,22.0,6.0,8.0,0.0,9.0,9.0,2.0,0.0,3,1878.95
2585,2023-04-17,2022-23,Leeds,Liverpool,1,1.0,6.0,13.0,13.0,3.0,7.0,4.0,6.0,0.0,0.0,0,1694.97
2585,2023-04-17,2022-23,Liverpool,Leeds,0,6.0,1.0,13.0,13.0,7.0,3.0,2.0,12.0,1.0,0.0,3,1925.26
2586,2023-04-21,2022-23,Arsenal,Southampton,1,3.0,3.0,25.0,8.0,6.0,6.0,7.0,10.0,1.0,0.0,1,1946.85
2586,2023-04-21,2022-23,Southampton,Arsenal,0,3.0,3.0,8.0,25.0,6.0,6.0,2.0,14.0,5.0,0.0,1,1652.03
2587,2023-04-22,2022-23,Fulham,Leeds,1,2.0,1.0,12.0,10.0,5.0,2.0,8.0,10.0,1.0,0.0,3,1710.9
2587,2023-04-22,2022-23,Leeds,Fulham,0,1.0,2.0,10.0,12.0,2.0,5.0,6.0,15.0,4.0,0.0,0,1694.97
2588,2023-04-22,2022-23,Brentford,Aston Villa,1,1.0,1.0,6.0,14.0,5.0,2.0,8.0,12.0,3.0,0.0,1,1782.33
2588,2023-04-22,2022-23,Aston Villa,Brentford,0,1.0,1.0,14.0,6.0,2.0,5.0,4.0,8.0,2.0,0.0,1,1801.51
2589,2023-04-22,2022-23,Crystal Palace,Everton,1,0.0,0.0,12.0,10.0,2.0,5.0,8.0,12.0,1.0,0.0,1,1754.0
2589,2023-04-22,2022-23,Everton,Crystal Palace,0,0.0,0.0,10.0,12.0,5.0,2.0,1.0,14.0,1.0,1.0,1,1687.98
2590,2023-04-22,2022-23,Leicester,Wolves,1,2.0,1.0,15.0,16.0,8.0,3.0,1.0,17.0,1.0,0.0,3,1722.06
2590,2023-04-22,2022-23,Wolves,Leicester,0,1.0,2.0,16.0,15.0,3.0,8.0,7.0,16.0,3.0,0.0,0,1717.96
2591,2023-04-22,2022-23,Liverpool,Nott'm Forest,1,3.0,2.0,18.0,11.0,6.0,5.0,9.0,9.0,0.0,0.0,3,1925.26
2591,2023-04-22,2022-23,Nott'm Forest,Liverpool,0,2.0,3.0,11.0,18.0,5.0,6.0,3.0,12.0,1.0,0.0,0,1635.67
2592,2023-04-23,2022-23,Bournemouth,West Ham,1,0.0,4.0,17.0,18.0,5.0,10.0,8.0,7.0,1.0,0.0,0,1665.28
2592,2023-04-23,2022-23,West Ham,Bournemouth,0,4.0,0.0,18.0,17.0,10.0,5.0,5.0,8.0,2.0,0.0,3,1751.62
2593,2023-04-23,2022-23,Newcastle,Tottenham,1,6.0,1.0,25.0,11.0,8.0,3.0,9.0,7.0,0.0,0.0,3,1876.32
2593,2023-04-23,2022-23,Tottenham,Newcastle,0,1.0,6.0,11.0,25.0,3.0,8.0,3.0,13.0,3.0,0.0,0,1851.72
2594,2023-04-25,2022-23,Wolves,Crystal Palace,1,2.0,0.0,9.0,14.0,3.0,4.0,6.0,13.0,5.0,0.0,3,1717.96
2594,2023-04-25,2022-23,Crystal Palace,Wolves,0,0.0,2.0,14.0,9.0,4.0,3.0,11.0,14.0,4.0,0.0,0,1754.0
2595,2023-04-25,2022-23,Aston Villa,Fulham,1,1.0,0.0,14.0,1.0,3.0,0.0,8.0,6.0,3.0,0.0,3,1801.51
2595,2023-04-25,2022-23,Fulham,Aston Villa,0,0.0,1.0,1.0,14.0,0.0,3.0,2.0,18.0,2.0,0.0,0,1710.9
2596,2023-04-25,2022-23,Leeds,Leicester,1,1.0,1.0,13.0,15.0,3.0,3.0,3.0,14.0,4.0,0.0,1,1694.97
2596,2023-04-25,2022-23,Leicester,Leeds,0,1.0,1.0,15.0,13.0,3.0,3.0,6.0,15.0,2.0,0.0,1,1722.06
2597,2023-04-26,2022-23,Nott'm Forest,Brighton,1,3.0,1.0,12.0,17.0,5.0,7.0,2.0,7.0,2.0,0.0,3,1635.67
2597,2023-04-26,2022-23,Brighton,Nott'm Forest,0,1.0,3.0,17.0,12.0,7.0,5.0,7.0,8.0,0.0,0.0,0,1826.65
2598,2023-04-26,2022-23,Chelsea,Brentford,1,0.0,2.0,15.0,7.0,4.0,1.0,5.0,5.0,1.0,0.0,0,1827.19
2598,2023-04-26,2022-23,Brentford,Chelsea,0,2.0,0.0,7.0,15.0,1.0,4.0,2.0,13.0,2.0,0.0,3,1782.33
2599,2023-04-26,2022-23,West Ham,Liverpool,1,1.0,2.0,7.0,20.0,2.0,4.0,3.0,6.0,0.0,0.0,0,1751.62
2599,2023-04-26,2022-23,Liverpool,West Ham,0,2.0,1.0,20.0,7.0,4.0,2.0,6.0,8.0,0.0,0.0,3,1925.26
2600,2023-04-26,2022-23,Man City,Arsenal,1,4.0,1.0,14.0,8.0,9.0,2.0,1.0,13.0,3.0,0.0,3,2060.53
2600,2023-04-26,2022-23,Arsenal,Man City,0,1.0,4.0,8.0,14.0,2.0,9.0,3.0,13.0,1.0,0.0,0,1946.85
2601,2023-04-27,2022-23,Everton,Newcastle,1,1.0,4.0,13.0,15.0,5.0,8.0,3.0,8.0,2.0,0.0,0,1687.98
2601,2023-04-27,2022-23,Newcastle,Everton,0,4.0,1.0,15.0,13.0,8.0,5.0,14.0,6.0,1.0,0.0,3,1876.32
2602,2023-04-27,2022-23,Southampton,Bournemouth,1,0.0,1.0,11.0,16.0,2.0,2.0,6.0,9.0,0.0,0.0,0,1652.03
2602,2023-04-27,2022-23,Bournemouth,Southampton,0,1.0,0.0,16.0,11.0,2.0,2.0,4.0,11.0,3.0,0.0,3,1665.28
2603,2023-04-27,2022-23,Tottenham,Man United,1,2.0,2.0,18.0,17.0,7.0,8.0,6.0,8.0,1.0,0.0,1,1851.72
2603,2023-04-27,2022-23,Man United,Tottenham,0,2.0,2.0,17.0,18.0,8.0,7.0,8.0,7.0,2.0,0.0,1,1878.95
2604,2023-04-29,2022-23,Brighton,Wolves,1,6.0,0.0,22.0,10.0,8.0,2.0,2.0,14.0,1.0,0.0,3,1826.65
2604,2023-04-29,2022-23,Wolves,Brighton,0,0.0,6.0,10.0,22.0,2.0,8.0,5.0,11.0,1.0,0.0,0,1717.96
2605,2023-04-29,2022-23,Crystal Palace,West Ham,1,4.0,3.0,16.0,8.0,6.0,4.0,8.0,9.0,1.0,0.0,3,1754.0
2605,2023-04-29,2022-23,West Ham,Crystal Palace,0,3.0,4.0,8.0,16.0,4.0,6.0,5.0,17.0,2.0,0.0,0,1751.62
2606,2023-04-29,2022-23,Brentford,Nott'm Forest,1,2.0,1.0,14.0,5.0,8.0,3.0,6.0,6.0,1.0,0.0,3,1782.33
2606,2023-04-29,2022-23,Nott'm Forest,Brentford,0,1.0,2.0,5.0,14.0,3.0,8.0,0.0,13.0,2.0,0.0,0,1635.67
2607,2023-04-30,2022-23,Bournemouth,Leeds,1,4.0,1.0,12.0,15.0,7.0,6.0,2.0,12.0,1.0,0.0,3,1665.28
2607,2023-04-30,2022-23,Leeds,Bournemouth,0,1.0,4.0,15.0,12.0,6.0,7.0,6.0,14.0,0.0,0.0,0,1694.97
2608,2023-04-30,2022-23,Fulham,Man City,1,1.0,2.0,4.0,12.0,1.0,9.0,2.0,9.0,1.0,0.0,0,1710.9
2608,2023-04-30,2022-23,Man City,Fulham,0,2.0,1.0,12.0,4.0,9.0,1.0,5.0,10.0,3.0,0.0,3,2060.53
2609,2023-04-30,2022-23,Man United,Aston Villa,1,1.0,0.0,14.0,7.0,6.0,1.0,1.0,16.0,2.0,0.0,3,1878.95
2609,2023-04-30,2022-23,Aston Villa,Man United,0,0.0,1.0,7.0,14.0,1.0,6.0,4.0,7.0,0.0,0.0,0,1801.51
2610,2023-04-30,2022-23,Newcastle,Southampton,1,3.0,1.0,22.0,4.0,5.0,3.0,11.0,7.0,1.0,0.0,3,1876.32
2610,2023-04-30,2022-23,Southampton,Newcastle,0,1.0,3.0,4.0,22.0,3.0,5.0,2.0,10.0,4.0,0.0,0,1652.03
2611,2023-04-30,2022-23,Liverpool,Tottenham,1,4.0,3.0,12.0,10.0,4.0,7.0,5.0,12.0,3.0,0.0,3,1925.26
2611,2023-04-30,2022-23,Tottenham,Liverpool,0,3.0,4.0,10.0,12.0,7.0,4.0,2.0,6.0,2.0,0.0,0,1851.72
2612,2023-05-01,2022-23,Leicester,Everton,1,2.0,2.0,15.0,23.0,6.0,8.0,2.0,10.0,4.0,0.0,1,1720.8
2612,2023-05-01,2022-23,Everton,Leicester,0,2.0,2.0,23.0,15.0,8.0,6.0,9.0,12.0,1.0,0.0,1,1664.74
2613,2023-05-02,2022-23,Arsenal,Chelsea,1,3.0,1.0,16.0,7.0,10.0,4.0,7.0,10.0,0.0,0.0,3,1921.98
2613,2023-05-02,2022-23,Chelsea,Arsenal,0,1.0,3.0,7.0,16.0,4.0,10.0,2.0,10.0,2.0,0.0,0,1789.99
2614,2023-05-03,2022-23,Liverpool,Fulham,1,1.0,0.0,15.0,9.0,3.0,3.0,7.0,10.0,0.0,0.0,3,1937.75
2614,2023-05-03,2022-23,Fulham,Liverpool,0,0.0,1.0,9.0,15.0,3.0,3.0,5.0,8.0,0.0,0.0,0,1715.74
2615,2023-05-03,2022-23,Man City,West Ham,1,3.0,0.0,16.0,6.0,7.0,2.0,6.0,8.0,0.0,0.0,3,2066.56
2615,2023-05-03,2022-23,West Ham,Man City,0,0.0,3.0,6.0,16.0,2.0,7.0,3.0,8.0,1.0,0.0,0,1758.54
2616,2023-05-04,2022-23,Brighton,Man United,1,1.0,0.0,22.0,16.0,6.0,5.0,8.0,10.0,4.0,0.0,3,1824.47
2616,2023-05-04,2022-23,Man United,Brighton,0,0.0,1.0,16.0,22.0,5.0,6.0,6.0,14.0,4.0,0.0,0,1857.52
2617,2023-05-06,2022-23,Bournemouth,Chelsea,1,1.0,3.0,10.0,11.0,4.0,5.0,7.0,9.0,1.0,0.0,0,1679.01
2617,2023-05-06,2022-23,Chelsea,Bournemouth,0,3.0,1.0,11.0,10.0,5.0,4.0,7.0,11.0,3.0,0.0,3,1789.99
2618,2023-05-06,2022-23,Liverpool,Brentford,1,1.0,0.0,15.0,5.0,5.0,1.0,7.0,19.0,4.0,0.0,3,1937.75
2618,2023-05-06,2022-23,Brentford,Liverpool,0,0.0,1.0,5.0,15.0,1.0,5.0,3.0,10.0,2.0,0.0,0,1782.07
2619,2023-05-06,2022-23,Man City,Leeds,1,2.0,1.0,18.0,4.0,6.0,2.0,10.0,3.0,0.0,0.0,3,2066.56
2619,2023-05-06,2022-23,Leeds,Man City,0,1.0,2.0,4.0,18.0,2.0,6.0,1.0,16.0,3.0,0.0,0,1662.22
2620,2023-05-06,2022-23,Wolves,Aston Villa,1,1.0,0.0,6.0,16.0,2.0,3.0,5.0,20.0,3.0,0.0,3,1715.4
2620,2023-05-06,2022-23,Aston Villa,Wolves,0,0.0,1.0,16.0,6.0,3.0,2.0,6.0,9.0,3.0,0.0,0,1808.92
2621,2023-05-06,2022-23,Tottenham,Crystal Palace,1,1.0,0.0,8.0,7.0,3.0,2.0,8.0,15.0,3.0,0.0,3,1813.11
2621,2023-05-06,2022-23,Crystal Palace,Tottenham,0,0.0,1.0,7.0,8.0,2.0,3.0,4.0,14.0,5.0,0.0,0,1749.28
2622,2023-05-07,2022-23,Newcastle,Arsenal,1,0.0,2.0,12.0,10.0,5.0,6.0,9.0,16.0,2.0,0.0,0,1879.39
2622,2023-05-07,2022-23,Arsenal,Newcastle,0,2.0,0.0,10.0,12.0,6.0,5.0,4.0,12.0,1.0,0.0,3,1921.98
2623,2023-05-07,2022-23,West Ham,Man United,1,1.0,0.0,15.0,19.0,4.0,4.0,5.0,4.0,0.0,0.0,3,1758.54
2623,2023-05-07,2022-23,Man United,West Ham,0,0.0,1.0,19.0,15.0,4.0,4.0,6.0,9.0,2.0,0.0,0,1857.52
2624,2023-05-08,2022-23,Fulham,Leicester,1,5.0,3.0,17.0,18.0,7.0,9.0,2.0,13.0,0.0,0.0,3,1715.74
2624,2023-05-08,2022-23,Leicester,Fulham,0,3.0,5.0,18.0,17.0,9.0,7.0,7.0,15.0,3.0,0.0,0,1720.8
2625,2023-05-08,2022-23,Brighton,Everton,1,1.0,5.0,23.0,10.0,5.0,5.0,15.0,11.0,1.0,0.0,0,1824.47
2625,2023-05-08,2022-23,Everton,Brighton,0,5.0,1.0,10.0,23.0,5.0,5.0,1.0,13.0,5.0,0.0,3,1664.74
2626,2023-05-08,2022-23,Nott'm Forest,Southampton,1,4.0,3.0,9.0,19.0,4.0,5.0,2.0,16.0,1.0,0.0,3,1635.79
2626,2023-05-08,2022-23,Southampton,Nott'm Forest,0,3.0,4.0,19.0,9.0,5.0,4.0,11.0,10.0,0.0,0.0,0,1631.33
2627,2023-05-13,2022-23,Leeds,Newcastle,1,2.0,2.0,9.0,18.0,4.0,5.0,2.0,16.0,3.0,1.0,1,1662.22
2627,2023-05-13,2022-23,Newcastle,Leeds,0,2.0,2.0,18.0,9.0,5.0,4.0,6.0,14.0,2.0,0.0,1,1879.39
2628,2023-05-13,2022-23,Aston Villa,Tottenham,1,2.0,1.0,8.0,5.0,4.0,2.0,8.0,9.0,3.0,0.0,3,1808.92
2628,2023-05-13,2022-23,Tottenham,Aston Villa,0,1.0,2.0,5.0,8.0,2.0,4.0,3.0,14.0,3.0,0.0,0,1813.11
2629,2023-05-13,2022-23,Chelsea,Nott'm Forest,1,2.0,2.0,14.0,11.0,6.0,2.0,2.0,13.0,3.0,0.0,1,1789.99
2629,2023-05-13,2022-23,Nott'm Forest,Chelsea,0,2.0,2.0,11.0,14.0,2.0,6.0,5.0,15.0,1.0,0.0,1,1635.79
2630,2023-05-13,2022-23,Crystal Palace,Bournemouth,1,2.0,0.0,17.0,5.0,5.0,0.0,11.0,5.0,0.0,0.0,3,1749.28
2630,2023-05-13,2022-23,Bournemouth,Crystal Palace,0,0.0,2.0,5.0,17.0,0.0,5.0,2.0,12.0,2.0,0.0,0,1679.01
2631,2023-05-13,2022-23,Man United,Wolves,1,2.0,0.0,27.0,5.0,9.0,0.0,11.0,9.0,3.0,0.0,3,1857.52
2631,2023-05-13,2022-23,Wolves,Man United,0,0.0,2.0,5.0,27.0,0.0,9.0,7.0,9.0,2.0,0.0,0,1715.4
2632,2023-05-13,2022-23,Southampton,Fulham,1,0.0,2.0,5.0,9.0,1.0,4.0,1.0,17.0,2.0,0.0,0,1631.33
2632,2023-05-13,2022-23,Fulham,Southampton,0,2.0,0.0,9.0,5.0,4.0,1.0,8.0,12.0,0.0,0.0,3,1715.74
2633,2023-05-14,2022-23,Brentford,West Ham,1,2.0,0.0,24.0,4.0,10.0,4.0,7.0,5.0,1.0,0.0,3,1782.07
2633,2023-05-14,2022-23,West Ham,Brentford,0,0.0,2.0,4.0,24.0,4.0,10.0,5.0,5.0,0.0,0.0,0,1758.54
2634,2023-05-14,2022-23,Everton,Man City,1,0.0,3.0,7.0,9.0,3.0,4.0,8.0,12.0,1.0,0.0,0,1664.74
2634,2023-05-14,2022-23,Man City,Everton,0,3.0,0.0,9.0,7.0,4.0,3.0,6.0,4.0,0.0,0.0,3,2066.56
2635,2023-05-14,2022-23,Arsenal,Brighton,1,0.0,3.0,14.0,12.0,2.0,6.0,5.0,13.0,1.0,0.0,0,1921.98
2635,2023-05-14,2022-23,Brighton,Arsenal,0,3.0,0.0,12.0,14.0,6.0,2.0,2.0,17.0,2.0,0.0,3,1824.47
2636,2023-05-15,2022-23,Leicester,Liverpool,1,0.0,3.0,4.0,16.0,4.0,5.0,4.0,11.0,2.0,0.0,0,1709.17
2636,2023-05-15,2022-23,Liverpool,Leicester,0,3.0,0.0,16.0,4.0,5.0,4.0,4.0,17.0,1.0,0.0,3,1944.24
2637,2023-05-18,2022-23,Newcastle,Brighton,1,4.0,1.0,22.0,8.0,9.0,2.0,6.0,17.0,2.0,0.0,3,1864.42
2637,2023-05-18,2022-23,Brighton,Newcastle,0,1.0,4.0,8.0,22.0,2.0,9.0,1.0,16.0,4.0,0.0,0,1827.98
2638,2023-05-20,2022-23,Tottenham,Brentford,1,1.0,3.0,22.0,11.0,8.0,4.0,8.0,11.0,1.0,0.0,0,1811.93
2638,2023-05-20,2022-23,Brentford,Tottenham,0,3.0,1.0,11.0,22.0,4.0,8.0,2.0,9.0,1.0,0.0,3,1788.73
2639,2023-05-20,2022-23,Fulham,Crystal Palace,1,2.0,2.0,11.0,11.0,4.0,5.0,7.0,13.0,3.0,0.0,1,1733.12
2639,2023-05-20,2022-23,Crystal Palace,Fulham,0,2.0,2.0,11.0,11.0,5.0,4.0,4.0,12.0,0.0,0.0,1,1752.17
2640,2023-05-20,2022-23,Bournemouth,Man United,1,0.0,1.0,10.0,20.0,4.0,5.0,3.0,6.0,1.0,0.0,0,1663.03
2640,2023-05-20,2022-23,Man United,Bournemouth,0,1.0,0.0,20.0,10.0,5.0,4.0,6.0,7.0,0.0,0.0,3,1847.6
2641,2023-05-20,2022-23,Nott'm Forest,Arsenal,1,1.0,0.0,6.0,11.0,2.0,3.0,3.0,11.0,3.0,0.0,3,1648.44
2641,2023-05-20,2022-23,Arsenal,Nott'm Forest,0,0.0,1.0,11.0,6.0,3.0,2.0,6.0,12.0,2.0,0.0,0,1918.08
2642,2023-05-20,2022-23,Wolves,Everton,1,1.0,1.0,13.0,19.0,5.0,4.0,1.0,18.0,5.0,0.0,1,1719.55
2642,2023-05-20,2022-23,Everton,Wolves,0,1.0,1.0,19.0,13.0,4.0,5.0,7.0,10.0,1.0,0.0,1,1691.98
2643,2023-05-20,2022-23,Liverpool,Aston Villa,1,1.0,1.0,10.0,6.0,5.0,3.0,9.0,16.0,3.0,0.0,1,1944.24
2643,2023-05-20,2022-23,Aston Villa,Liverpool,0,1.0,1.0,6.0,10.0,3.0,5.0,4.0,13.0,5.0,0.0,1,1807.63
2644,2023-05-21,2022-23,West Ham,Leeds,1,3.0,1.0,19.0,12.0,9.0,3.0,9.0,6.0,1.0,0.0,3,1759.05
2644,2023-05-21,2022-23,Leeds,West Ham,0,1.0,3.0,12.0,19.0,3.0,9.0,5.0,11.0,3.0,0.0,0,1666.53
2645,2023-05-21,2022-23,Brighton,Southampton,1,3.0,1.0,26.0,5.0,8.0,1.0,4.0,8.0,2.0,0.0,3,1827.98
2645,2023-05-21,2022-23,Southampton,Brighton,0,1.0,3.0,5.0,26.0,1.0,8.0,3.0,9.0,5.0,0.0,0,1616.06
2646,2023-05-21,2022-23,Man City,Chelsea,1,1.0,0.0,15.0,13.0,2.0,6.0,5.0,12.0,0.0,0.0,3,2074.12
2646,2023-05-21,2022-23,Chelsea,Man City,0,0.0,1.0,13.0,15.0,6.0,2.0,2.0,9.0,2.0,0.0,0,1789.66
2647,2023-05-22,2022-23,Newcastle,Leicester,1,0.0,0.0,23.0,1.0,4.0,1.0,12.0,9.0,2.0,0.0,1,1864.42
2647,2023-05-22,2022-23,Leicester,Newcastle,0,0.0,0.0,1.0,23.0,1.0,4.0,1.0,5.0,0.0,0.0,1,1709.17
2648,2023-05-24,2022-23,Brighton,Man City,1,1.0,1.0,20.0,13.0,7.0,4.0,5.0,16.0,2.0,0.0,1,1827.98
2648,2023-05-24,2022-23,Man City,Brighton,0,1.0,1.0,13.0,20.0,4.0,7.0,1.0,11.0,1.0,0.0,1,2074.12
2649,2023-05-25,2022-23,Man United,Chelsea,1,4.0,1.0,18.0,14.0,9.0,5.0,3.0,12.0,1.0,0.0,3,1847.6
2649,2023-05-25,2022-23,Chelsea,Man United,0,1.0,4.0,14.0,18.0,5.0,9.0,4.0,6.0,1.0,0.0,0,1789.66
2650,2023-05-28,2022-23,Chelsea,Newcastle,1,1.0,1.0,22.0,13.0,5.0,4.0,10.0,9.0,0.0,0.0,1,1789.66
2650,2023-05-28,2022-23,Newcastle,Chelsea,0,1.0,1.0,13.0,22.0,4.0,5.0,3.0,11.0,0.0,0.0,1,1864.42
2651,2023-05-28,2022-23,Arsenal,Wolves,1,5.0,0.0,14.0,6.0,8.0,0.0,8.0,8.0,0.0,0.0,3,1918.08
2651,2023-05-28,2022-23,Wolves,Arsenal,0,0.0,5.0,6.0,14.0,0.0,8.0,4.0,11.0,0.0,0.0,0,1719.55
2652,2023-05-28,2022-23,Aston Villa,Brighton,1,2.0,1.0,12.0,8.0,5.0,4.0,4.0,15.0,4.0,0.0,3,1807.63
2652,2023-05-28,2022-23,Brighton,Aston Villa,0,1.0,2.0,8.0,12.0,4.0,5.0,3.0,16.0,4.0,0.0,0,1827.98
2653,2023-05-28,2022-23,Crystal Palace,Nott'm Forest,1,1.0,1.0,16.0,7.0,4.0,4.0,5.0,9.0,0.0,0.0,1,1752.17
2653,2023-05-28,2022-23,Nott'm Forest,Crystal Palace,0,1.0,1.0,7.0,16.0,4.0,4.0,4.0,13.0,2.0,0.0,1,1648.44
2654,2023-05-28,2022-23,Brentford,Man City,1,1.0,0.0,11.0,17.0,4.0,3.0,3.0,12.0,4.0,0.0,3,1788.73
2654,2023-05-28,2022-23,Man City,Brentford,0,0.0,1.0,17.0,11.0,3.0,4.0,4.0,8.0,0.0,0.0,0,2074.12
2655,2023-05-28,2022-23,Man United,Fulham,1,2.0,1.0,21.0,10.0,8.0,3.0,5.0,14.0,1.0,0.0,3,1847.6
2655,2023-05-28,2022-23,Fulham,Man United,0,1.0,2.0,10.0,21.0,3.0,8.0,4.0,10.0,2.0,0.0,0,1733.12
2656,2023-05-28,2022-23,Leicester,West Ham,1,2.0,1.0,13.0,16.0,4.0,3.0,3.0,8.0,1.0,0.0,3,1709.17
2656,2023-05-28,2022-23,West Ham,Leicester,0,1.0,2.0,16.0,13.0,3.0,4.0,5.0,10.0,1.0,0.0,0,1759.05
2657,2023-05-28,2022-23,Everton,Bournemouth,1,1.0,0.0,13.0,7.0,6.0,2.0,9.0,11.0,1.0,0.0,3,1691.98
2657,2023-05-28,2022-23,Bournemouth,Everton,0,0.0,1.0,7.0,13.0,2.0,6.0,3.0,12.0,3.0,0.0,0,1663.03
2658,2023-05-28,2022-23,Southampton,Liverpool,1,4.0,4.0,15.0,30.0,10.0,8.0,2.0,4.0,0.0,0.0,1,1616.06
2658,2023-05-28,2022-23,Liverpool,Southampton,0,4.0,4.0,30.0,15.0,8.0,10.0,9.0,10.0,2.0,0.0,1,1944.24
2659,2023-05-28,2022-23,Leeds,Tottenham,1,1.0,4.0,19.0,11.0,2.0,7.0,12.0,7.0,3.0,0.0,0,1666.53
2659,2023-05-28,2022-23,Tottenham,Leeds,0,4.0,1.0,11.0,19.0,7.0,2.0,3.0,5.0,0.0,0.0,3,1811.93
2660,2023-08-11,2023-24,Burnley,Man City,1,0.0,3.0,6.0,17.0,1.0,8.0,6.0,11.0,0.0,1.0,0,1726.42
2660,2023-08-11,2023-24,Man City,Burnley,0,3.0,0.0,17.0,6.0,8.0,1.0,5.0,8.0,0.0,0.0,3,2077.27
2661,2023-08-12,2023-24,Arsenal,Nott'm Forest,1,2.0,1.0,15.0,6.0,7.0,2.0,8.0,12.0,2.0,0.0,3,1919.38
2661,2023-08-12,2023-24,Nott'm Forest,Arsenal,0,1.0,2.0,6.0,15.0,2.0,7.0,3.0,12.0,2.0,0.0,0,1673.98
2662,2023-08-12,2023-24,Bournemouth,West Ham,1,1.0,1.0,14.0,16.0,5.0,3.0,10.0,9.0,1.0,0.0,1,1660.66
2662,2023-08-12,2023-24,West Ham,Bournemouth,0,1.0,1.0,16.0,14.0,3.0,5.0,4.0,14.0,4.0,0.0,1,1779.48
2663,2023-08-12,2023-24,Brighton,Luton,1,4.0,1.0,27.0,9.0,12.0,3.0,6.0,11.0,2.0,0.0,3,1828.2
2663,2023-08-12,2023-24,Luton,Brighton,0,1.0,4.0,9.0,27.0,3.0,12.0,7.0,12.0,2.0,0.0,0,1606.54
2664,2023-08-12,2023-24,Everton,Fulham,1,0.0,1.0,19.0,9.0,9.0,2.0,10.0,12.0,0.0,0.0,0,1708.25
2664,2023-08-12,2023-24,Fulham,Everton,0,1.0,0.0,9.0,19.0,2.0,9.0,4.0,6.0,2.0,0.0,3,1736.65
2665,2023-08-12,2023-24,Sheffield United,Crystal Palace,1,0.0,1.0,8.0,24.0,1.0,8.0,5.0,18.0,3.0,0.0,0,1644.08
2665,2023-08-12,2023-24,Crystal Palace,Sheffield United,0,1.0,0.0,24.0,8.0,8.0,1.0,5.0,11.0,0.0,0.0,3,1757.41
2666,2023-08-12,2023-24,Newcastle,Aston Villa,1,5.0,1.0,17.0,16.0,13.0,6.0,6.0,12.0,4.0,0.0,3,1876.02
2666,2023-08-12,2023-24,Aston Villa,Newcastle,0,1.0,5.0,16.0,17.0,6.0,13.0,5.0,17.0,4.0,0.0,0,1828.01
2667,2023-08-13,2023-24,Brentford,Tottenham,1,2.0,2.0,11.0,18.0,6.0,6.0,3.0,12.0,1.0,0.0,1,1824.34
2667,2023-08-13,2023-24,Tottenham,Brentford,0,2.0,2.0,18.0,11.0,6.0,6.0,6.0,13.0,4.0,0.0,1,1815.89
2668,2023-08-13,2023-24,Chelsea,Liverpool,1,1.0,1.0,10.0,13.0,4.0,1.0,4.0,5.0,3.0,0.0,1,1788.12
2668,2023-08-13,2023-24,Liverpool,Chelsea,0,1.0,1.0,13.0,10.0,1.0,4.0,4.0,12.0,3.0,0.0,1,1946.92
2669,2023-08-14,2023-24,Man United,Wolves,1,1.0,0.0,15.0,23.0,3.0,6.0,8.0,14.0,2.0,0.0,3,1873.67
2669,2023-08-14,2023-24,Wolves,Man United,0,0.0,1.0,23.0,15.0,6.0,3.0,7.0,10.0,3.0,0.0,0,1719.06
2670,2023-08-18,2023-24,Nott'm Forest,Sheffield United,1,2.0,1.0,16.0,7.0,4.0,3.0,6.0,5.0,2.0,0.0,3,1671.89
2670,2023-08-18,2023-24,Sheffield United,Nott'm Forest,0,1.0,2.0,7.0,16.0,3.0,4.0,7.0,9.0,3.0,0.0,0,1637.48
2671,2023-08-19,2023-24,Fulham,Brentford,1,0.0,3.0,10.0,17.0,2.0,8.0,5.0,13.0,2.0,1.0,0,1745.38
2671,2023-08-19,2023-24,Brentford,Fulham,0,3.0,0.0,17.0,10.0,8.0,2.0,5.0,12.0,2.0,0.0,3,1822.56
2672,2023-08-19,2023-24,Liverpool,Bournemouth,1,3.0,1.0,26.0,13.0,10.0,5.0,10.0,11.0,1.0,1.0,3,1944.0
2672,2023-08-19,2023-24,Bournemouth,Liverpool,0,1.0,3.0,13.0,26.0,5.0,10.0,2.0,13.0,3.0,0.0,0,1662.56
2673,2023-08-19,2023-24,Wolves,Brighton,1,1.0,4.0,16.0,16.0,5.0,8.0,5.0,14.0,3.0,1.0,0,1715.65
2673,2023-08-19,2023-24,Brighton,Wolves,0,4.0,1.0,16.0,16.0,8.0,5.0,3.0,11.0,6.0,0.0,3,1832.39
2674,2023-08-19,2023-24,Tottenham,Man United,1,2.0,0.0,17.0,22.0,6.0,6.0,5.0,9.0,1.0,0.0,3,1817.67
2674,2023-08-19,2023-24,Man United,Tottenham,0,0.0,2.0,22.0,17.0,6.0,6.0,6.0,8.0,3.0,0.0,0,1877.08
2675,2023-08-19,2023-24,Man City,Newcastle,1,1.0,0.0,14.0,7.0,4.0,1.0,3.0,12.0,1.0,0.0,3,2080.87
2675,2023-08-19,2023-24,Newcastle,Man City,0,0.0,1.0,7.0,14.0,1.0,4.0,0.0,11.0,5.0,0.0,0,1887.08
2676,2023-08-20,2023-24,Aston Villa,Everton,1,4.0,0.0,13.0,9.0,7.0,2.0,7.0,8.0,3.0,0.0,3,1816.94
2676,2023-08-20,2023-24,Everton,Aston Villa,0,0.0,4.0,9.0,13.0,2.0,7.0,6.0,12.0,4.0,0.0,0,1699.52
2677,2023-08-20,2023-24,West Ham,Chelsea,1,3.0,1.0,12.0,17.0,6.0,4.0,3.0,12.0,2.0,1.0,3,1777.58
2677,2023-08-20,2023-24,Chelsea,West Ham,0,1.0,3.0,17.0,12.0,4.0,6.0,9.0,9.0,3.0,0.0,0,1791.04
2678,2023-08-21,2023-24,Crystal Palace,Arsenal,1,0.0,1.0,14.0,14.0,2.0,3.0,1.0,14.0,2.0,0.0,0,1764.01
2678,2023-08-21,2023-24,Arsenal,Crystal Palace,0,1.0,0.0,14.0,14.0,3.0,2.0,8.0,10.0,1.0,1.0,3,1921.48
2679,2023-08-25,2023-24,Chelsea,Luton,1,3.0,0.0,19.0,11.0,8.0,1.0,6.0,15.0,2.0,0.0,3,1791.04
2679,2023-08-25,2023-24,Luton,Chelsea,0,0.0,3.0,11.0,19.0,1.0,8.0,4.0,12.0,3.0,0.0,0,1602.34
2680,2023-08-26,2023-24,Brentford,Crystal Palace,1,1.0,1.0,12.0,15.0,1.0,5.0,8.0,9.0,0.0,0.0,1,1822.56
2680,2023-08-26,2023-24,Crystal Palace,Brentford,0,1.0,1.0,15.0,12.0,5.0,1.0,6.0,15.0,0.0,0.0,1,1764.01
2681,2023-08-26,2023-24,Bournemouth,Tottenham,1,0.0,2.0,11.0,17.0,3.0,6.0,6.0,18.0,1.0,0.0,0,1662.56
2681,2023-08-26,2023-24,Tottenham,Bournemouth,0,2.0,0.0,17.0,11.0,6.0,3.0,2.0,11.0,3.0,0.0,3,1817.67
2682,2023-08-26,2023-24,Arsenal,Fulham,1,2.0,2.0,19.0,8.0,11.0,3.0,8.0,6.0,0.0,0.0,1,1921.48
2682,2023-08-26,2023-24,Fulham,Arsenal,0,2.0,2.0,8.0,19.0,3.0,11.0,3.0,5.0,3.0,1.0,1,1745.38
2683,2023-08-26,2023-24,Man United,Nott'm Forest,1,3.0,2.0,18.0,9.0,9.0,4.0,11.0,13.0,4.0,0.0,3,1877.08
2683,2023-08-26,2023-24,Nott'm Forest,Man United,0,2.0,3.0,9.0,18.0,4.0,9.0,3.0,11.0,4.0,1.0,0,1671.89
2684,2023-08-26,2023-24,Brighton,West Ham,1,1.0,3.0,25.0,12.0,10.0,3.0,17.0,10.0,1.0,0.0,0,1832.39
2684,2023-08-26,2023-24,West Ham,Brighton,0,3.0,1.0,12.0,25.0,3.0,10.0,4.0,9.0,3.0,0.0,3,1777.58
2685,2023-08-26,2023-24,Everton,Wolves,1,0.0,1.0,15.0,11.0,7.0,2.0,7.0,10.0,3.0,0.0,0,1699.52
2685,2023-08-26,2023-24,Wolves,Everton,0,1.0,0.0,11.0,15.0,2.0,7.0,0.0,14.0,4.0,0.0,3,1715.65
2686,2023-08-27,2023-24,Burnley,Aston Villa,1,1.0,3.0,9.0,16.0,2.0,6.0,4.0,12.0,2.0,0.0,0,1722.82
2686,2023-08-27,2023-24,Aston Villa,Burnley,0,3.0,1.0,16.0,9.0,6.0,2.0,6.0,11.0,0.0,0.0,3,1816.94
2687,2023-08-27,2023-24,Sheffield United,Man City,1,1.0,2.0,6.0,30.0,2.0,9.0,1.0,11.0,3.0,0.0,0,1637.48
2687,2023-08-27,2023-24,Man City,Sheffield United,0,2.0,1.0,30.0,6.0,9.0,2.0,12.0,2.0,0.0,0.0,3,2080.87
2688,2023-08-27,2023-24,Newcastle,Liverpool,1,1.0,2.0,23.0,9.0,8.0,4.0,5.0,16.0,1.0,0.0,0,1887.08
2688,2023-08-27,2023-24,Liverpool,Newcastle,0,2.0,1.0,9.0,23.0,4.0,8.0,9.0,10.0,2.0,1.0,3,1944.0
2689,2023-09-01,2023-24,Luton,West Ham,1,1.0,2.0,16.0,9.0,1.0,3.0,9.0,8.0,1.0,0.0,0,1597.25
2689,2023-09-01,2023-24,West Ham,Luton,0,2.0,1.0,9.0,16.0,3.0,1.0,6.0,13.0,1.0,0.0,3,1803.24
2690,2023-09-02,2023-24,Man City,Fulham,1,5.0,1.0,7.0,6.0,5.0,4.0,4.0,12.0,2.0,0.0,3,2084.97
2690,2023-09-02,2023-24,Fulham,Man City,0,1.0,5.0,6.0,7.0,4.0,5.0,5.0,12.0,4.0,0.0,0,1738.86
2691,2023-09-02,2023-24,Brighton,Newcastle,1,3.0,1.0,15.0,9.0,6.0,2.0,5.0,14.0,4.0,0.0,3,1828.58
2691,2023-09-02,2023-24,Newcastle,Brighton,0,1.0,3.0,9.0,15.0,2.0,6.0,3.0,17.0,4.0,0.0,0,1876.96
2692,2023-09-02,2023-24,Sheffield United,Everton,1,2.0,2.0,13.0,16.0,8.0,6.0,4.0,11.0,1.0,0.0,1,1630.7
2692,2023-09-02,2023-24,Everton,Sheffield United,0,2.0,2.0,16.0,13.0,6.0,8.0,6.0,13.0,2.0,0.0,1,1682.24
2693,2023-09-02,2023-24,Brentford,Bournemouth,1,2.0,2.0,21.0,12.0,7.0,5.0,5.0,6.0,1.0,0.0,1,1832.11
2693,2023-09-02,2023-24,Bournemouth,Brentford,0,2.0,2.0,12.0,21.0,5.0,7.0,2.0,13.0,2.0,0.0,1,1653.28
2694,2023-09-02,2023-24,Burnley,Tottenham,1,2.0,5.0,16.0,20.0,4.0,10.0,7.0,15.0,4.0,0.0,0,1713.49
2694,2023-09-02,2023-24,Tottenham,Burnley,0,5.0,2.0,20.0,16.0,10.0,4.0,4.0,9.0,3.0,0.0,3,1836.47
2695,2023-09-02,2023-24,Chelsea,Nott'm Forest,1,0.0,1.0,21.0,7.0,2.0,3.0,8.0,10.0,3.0,0.0,0,1786.49
2695,2023-09-02,2023-24,Nott'm Forest,Chelsea,0,1.0,0.0,7.0,21.0,3.0,2.0,0.0,9.0,4.0,0.0,3,1675.14
2696,2023-09-03,2023-24,Liverpool,Aston Villa,1,3.0,0.0,17.0,9.0,4.0,3.0,7.0,12.0,0.0,0.0,3,1954.3
2696,2023-09-03,2023-24,Aston Villa,Liverpool,0,0.0,3.0,9.0,17.0,3.0,4.0,3.0,7.0,1.0,0.0,0,1835.71
2697,2023-09-03,2023-24,Arsenal,Man United,1,3.0,1.0,17.0,10.0,5.0,2.0,12.0,8.0,2.0,0.0,3,1921.01
2697,2023-09-03,2023-24,Man United,Arsenal,0,1.0,3.0,10.0,17.0,2.0,5.0,3.0,7.0,3.0,0.0,0,1868.75
2698,2023-09-03,2023-24,Crystal Palace,Wolves,1,3.0,2.0,16.0,12.0,11.0,4.0,4.0,12.0,1.0,0.0,3,1762.41
2698,2023-09-03,2023-24,Wolves,Crystal Palace,0,2.0,3.0,12.0,16.0,4.0,11.0,2.0,12.0,3.0,0.0,0,1713.98
2699,2023-09-16,2023-24,Wolves,Liverpool,1,1.0,3.0,11.0,16.0,2.0,6.0,4.0,10.0,1.0,0.0,0,1708.19
2699,2023-09-16,2023-24,Liverpool,Wolves,0,3.0,1.0,16.0,11.0,6.0,2.0,4.0,4.0,3.0,0.0,3,1961.35
2700,2023-09-16,2023-24,Aston Villa,Crystal Palace,1,3.0,1.0,16.0,6.0,5.0,3.0,4.0,13.0,5.0,0.0,3,1828.66
2700,2023-09-16,2023-24,Crystal Palace,Aston Villa,0,1.0,3.0,6.0,16.0,3.0,5.0,2.0,9.0,3.0,0.0,0,1768.2
2701,2023-09-16,2023-24,Fulham,Luton,1,1.0,0.0,13.0,7.0,2.0,2.0,6.0,6.0,2.0,0.0,3,1736.47
2701,2023-09-16,2023-24,Luton,Fulham,0,0.0,1.0,7.0,13.0,2.0,2.0,2.0,14.0,2.0,0.0,0,1592.95
2702,2023-09-16,2023-24,Man United,Brighton,1,1.0,3.0,14.0,10.0,4.0,8.0,8.0,8.0,2.0,0.0,0,1860.99
2702,2023-09-16,2023-24,Brighton,Man United,0,3.0,1.0,10.0,14.0,8.0,4.0,1.0,9.0,2.0,0.0,3,1839.81
2703,2023-09-16,2023-24,Tottenham,Sheffield United,1,2.0,1.0,28.0,7.0,10.0,5.0,15.0,13.0,6.0,0.0,3,1846.95
2703,2023-09-16,2023-24,Sheffield United,Tottenham,0,1.0,2.0,7.0,28.0,5.0,10.0,2.0,14.0,5.0,1.0,0,1630.78
2704,2023-09-16,2023-24,West Ham,Man City,1,1.0,3.0,6.0,29.0,3.0,15.0,4.0,7.0,3.0,0.0,0,1807.55
2704,2023-09-16,2023-24,Man City,West Ham,0,3.0,1.0,29.0,6.0,15.0,3.0,11.0,11.0,2.0,0.0,3,2087.37
2705,2023-09-16,2023-24,Newcastle,Brentford,1,1.0,0.0,9.0,11.0,2.0,2.0,8.0,8.0,3.0,0.0,3,1865.73
2705,2023-09-16,2023-24,Brentford,Newcastle,0,0.0,1.0,11.0,9.0,2.0,2.0,3.0,12.0,5.0,0.0,0,1826.36
2706,2023-09-17,2023-24,Bournemouth,Chelsea,1,0.0,0.0,13.0,14.0,4.0,6.0,1.0,15.0,1.0,0.0,1,1659.03
2706,2023-09-17,2023-24,Chelsea,Bournemouth,0,0.0,0.0,14.0,13.0,6.0,4.0,7.0,20.0,5.0,0.0,1,1774.23
2707,2023-09-17,2023-24,Everton,Arsenal,1,0.0,1.0,8.0,13.0,1.0,4.0,1.0,12.0,1.0,0.0,0,1682.16
2707,2023-09-17,2023-24,Arsenal,Everton,0,1.0,0.0,13.0,8.0,4.0,1.0,11.0,10.0,1.0,0.0,3,1928.77
2708,2023-09-18,2023-24,Nott'm Forest,Burnley,1,1.0,1.0,14.0,10.0,4.0,3.0,5.0,16.0,2.0,0.0,1,1687.4
2708,2023-09-18,2023-24,Burnley,Nott'm Forest,0,1.0,1.0,10.0,14.0,3.0,4.0,4.0,10.0,3.0,1.0,1,1703.0
2709,2023-09-23,2023-24,Crystal Palace,Fulham,1,0.0,0.0,7.0,10.0,3.0,5.0,3.0,10.0,3.0,0.0,1,1768.2
2709,2023-09-23,2023-24,Fulham,Crystal Palace,0,0.0,0.0,10.0,7.0,5.0,3.0,2.0,15.0,2.0,0.0,1,1736.47
2710,2023-09-23,2023-24,Luton,Wolves,1,1.0,1.0,20.0,3.0,4.0,3.0,10.0,12.0,0.0,0.0,1,1592.95
2710,2023-09-23,2023-24,Wolves,Luton,0,1.0,1.0,3.0,20.0,3.0,4.0,1.0,17.0,2.0,1.0,1,1708.19
2711,2023-09-23,2023-24,Man City,Nott'm Forest,1,2.0,0.0,7.0,10.0,4.0,3.0,6.0,5.0,3.0,1.0,3,2087.37
2711,2023-09-23,2023-24,Nott'm Forest,Man City,0,0.0,2.0,10.0,7.0,3.0,4.0,6.0,17.0,7.0,0.0,0,1687.4
2712,2023-09-23,2023-24,Brentford,Everton,1,1.0,3.0,12.0,18.0,2.0,6.0,1.0,9.0,2.0,0.0,0,1826.36
2712,2023-09-23,2023-24,Everton,Brentford,0,3.0,1.0,18.0,12.0,6.0,2.0,4.0,12.0,2.0,0.0,3,1682.16
2713,2023-09-23,2023-24,Burnley,Man United,1,0.0,1.0,12.0,11.0,4.0,4.0,9.0,6.0,1.0,0.0,0,1703.0
2713,2023-09-23,2023-24,Man United,Burnley,0,1.0,0.0,11.0,12.0,4.0,4.0,5.0,12.0,2.0,0.0,3,1860.99
2714,2023-09-24,2023-24,Arsenal,Tottenham,1,2.0,2.0,13.0,13.0,6.0,5.0,11.0,12.0,3.0,0.0,1,1928.77
2714,2023-09-24,2023-24,Tottenham,Arsenal,0,2.0,2.0,13.0,13.0,5.0,6.0,4.0,19.0,4.0,0.0,1,1846.95
2715,2023-09-24,2023-24,Brighton,Bournemouth,1,3.0,1.0,13.0,12.0,4.0,4.0,4.0,12.0,3.0,0.0,3,1839.81
2715,2023-09-24,2023-24,Bournemouth,Brighton,0,1.0,3.0,12.0,13.0,4.0,4.0,4.0,17.0,3.0,0.0,0,1659.03
2716,2023-09-24,2023-24,Chelsea,Aston Villa,1,0.0,1.0,10.0,15.0,4.0,7.0,5.0,9.0,2.0,0.0,0,1774.23
2716,2023-09-24,2023-24,Aston Villa,Chelsea,0,1.0,0.0,15.0,10.0,7.0,4.0,11.0,11.0,3.0,0.0,3,1828.66
2717,2023-09-24,2023-24,Liverpool,West Ham,1,3.0,1.0,22.0,11.0,7.0,4.0,7.0,12.0,0.0,0.0,3,1961.35
2717,2023-09-24,2023-24,West Ham,Liverpool,0,1.0,3.0,11.0,22.0,4.0,7.0,4.0,13.0,2.0,0.0,0,1807.55
2718,2023-09-24,2023-24,Sheffield United,Newcastle,1,0.0,8.0,9.0,22.0,1.0,15.0,2.0,12.0,3.0,0.0,0,1630.78
2718,2023-09-24,2023-24,Newcastle,Sheffield United,0,8.0,0.0,22.0,9.0,15.0,1.0,6.0,8.0,0.0,0.0,3,1865.73
2719,2023-09-30,2023-24,Aston Villa,Brighton,1,6.0,1.0,19.0,11.0,9.0,3.0,1.0,19.0,4.0,0.0,3,1828.66
2719,2023-09-30,2023-24,Brighton,Aston Villa,0,1.0,6.0,11.0,19.0,3.0,9.0,3.0,21.0,4.0,0.0,0,1839.81
2720,2023-09-30,2023-24,Bournemouth,Arsenal,1,0.0,4.0,8.0,15.0,1.0,8.0,6.0,11.0,0.0,0.0,0,1659.03
2720,2023-09-30,2023-24,Arsenal,Bournemouth,0,4.0,0.0,15.0,8.0,8.0,1.0,6.0,10.0,1.0,0.0,3,1928.77
2721,2023-09-30,2023-24,Everton,Luton,1,1.0,2.0,23.0,9.0,5.0,2.0,3.0,8.0,0.0,0.0,0,1682.16
2721,2023-09-30,2023-24,Luton,Everton,0,2.0,1.0,9.0,23.0,2.0,5.0,6.0,10.0,1.0,0.0,3,1592.95
2722,2023-09-30,2023-24,Man United,Crystal Palace,1,0.0,1.0,19.0,8.0,4.0,2.0,10.0,10.0,3.0,0.0,0,1860.99
2722,2023-09-30,2023-24,Crystal Palace,Man United,0,1.0,0.0,8.0,19.0,2.0,4.0,4.0,8.0,2.0,0.0,3,1768.2
2723,2023-09-30,2023-24,Newcastle,Burnley,1,2.0,0.0,20.0,8.0,8.0,2.0,5.0,7.0,1.0,0.0,3,1865.73
2723,2023-09-30,2023-24,Burnley,Newcastle,0,0.0,2.0,8.0,20.0,2.0,8.0,3.0,15.0,3.0,0.0,0,1703.0
2724,2023-09-30,2023-24,West Ham,Sheffield United,1,2.0,0.0,20.0,16.0,9.0,2.0,7.0,6.0,1.0,0.0,3,1807.55
2724,2023-09-30,2023-24,Sheffield United,West Ham,0,0.0,2.0,16.0,20.0,2.0,9.0,4.0,9.0,1.0,0.0,0,1630.78
2725,2023-09-30,2023-24,Wolves,Man City,1,2.0,1.0,3.0,23.0,1.0,8.0,0.0,18.0,5.0,0.0,3,1708.19
2725,2023-09-30,2023-24,Man City,Wolves,0,1.0,2.0,23.0,3.0,8.0,1.0,6.0,12.0,4.0,0.0,0,2087.37
2726,2023-09-30,2023-24,Tottenham,Liverpool,1,2.0,1.0,24.0,12.0,8.0,4.0,12.0,11.0,5.0,0.0,3,1846.95
2726,2023-09-30,2023-24,Liverpool,Tottenham,0,1.0,2.0,12.0,24.0,4.0,8.0,5.0,17.0,4.0,2.0,0,1961.35
2727,2023-10-01,2023-24,Nott'm Forest,Brentford,1,1.0,1.0,6.0,18.0,1.0,5.0,1.0,6.0,1.0,1.0,1,1677.86
2727,2023-10-01,2023-24,Brentford,Nott'm Forest,0,1.0,1.0,18.0,6.0,5.0,1.0,11.0,10.0,2.0,0.0,1,1795.03
2728,2023-10-02,2023-24,Fulham,Chelsea,1,0.0,2.0,10.0,11.0,3.0,4.0,8.0,15.0,1.0,0.0,0,1734.7
2728,2023-10-02,2023-24,Chelsea,Fulham,0,2.0,0.0,11.0,10.0,4.0,3.0,1.0,12.0,4.0,0.0,3,1756.81
2729,2023-10-03,2023-24,Luton,Burnley,1,1.0,2.0,18.0,14.0,3.0,4.0,7.0,14.0,4.0,0.0,0,1595.82
2729,2023-10-03,2023-24,Burnley,Luton,0,2.0,1.0,14.0,18.0,4.0,3.0,6.0,6.0,2.0,0.0,3,1686.62
2730,2023-10-07,2023-24,Everton,Bournemouth,1,3.0,0.0,25.0,11.0,8.0,4.0,8.0,14.0,1.0,0.0,3,1677.28
2730,2023-10-07,2023-24,Bournemouth,Everton,0,0.0,3.0,11.0,25.0,4.0,8.0,7.0,15.0,2.0,0.0,0,1643.41
2731,2023-10-07,2023-24,Luton,Tottenham,1,0.0,1.0,12.0,15.0,2.0,4.0,5.0,16.0,2.0,0.0,0,1595.82
2731,2023-10-07,2023-24,Tottenham,Luton,0,1.0,0.0,15.0,12.0,4.0,2.0,6.0,7.0,1.0,1.0,3,1855.45
2732,2023-10-07,2023-24,Burnley,Chelsea,1,1.0,4.0,10.0,9.0,3.0,5.0,7.0,11.0,2.0,0.0,0,1686.62
2732,2023-10-07,2023-24,Chelsea,Burnley,0,4.0,1.0,9.0,10.0,5.0,3.0,3.0,8.0,4.0,0.0,3,1756.81
2733,2023-10-07,2023-24,Man United,Brentford,1,2.0,1.0,21.0,11.0,8.0,3.0,7.0,10.0,0.0,0.0,3,1829.97
2733,2023-10-07,2023-24,Brentford,Man United,0,1.0,2.0,11.0,21.0,3.0,8.0,5.0,17.0,5.0,0.0,0,1795.03
2734,2023-10-07,2023-24,Crystal Palace,Nott'm Forest,1,0.0,0.0,8.0,16.0,2.0,5.0,3.0,7.0,0.0,0.0,1,1762.86
2734,2023-10-07,2023-24,Nott'm Forest,Crystal Palace,0,0.0,0.0,16.0,8.0,5.0,2.0,7.0,12.0,1.0,0.0,1,1677.86
2735,2023-10-07,2023-24,Fulham,Sheffield United,1,3.0,1.0,20.0,5.0,6.0,2.0,9.0,8.0,1.0,0.0,3,1734.7
2735,2023-10-07,2023-24,Sheffield United,Fulham,0,1.0,3.0,5.0,20.0,2.0,6.0,4.0,10.0,2.0,0.0,0,1606.31
2736,2023-10-08,2023-24,Wolves,Aston Villa,1,1.0,1.0,8.0,18.0,3.0,4.0,2.0,19.0,2.0,1.0,1,1709.83
2736,2023-10-08,2023-24,Aston Villa,Wolves,0,1.0,1.0,18.0,8.0,4.0,3.0,10.0,9.0,2.0,0.0,1,1838.96
2737,2023-10-08,2023-24,Arsenal,Man City,1,1.0,0.0,12.0,4.0,2.0,1.0,5.0,8.0,2.0,0.0,3,1932.64
2737,2023-10-08,2023-24,Man City,Arsenal,0,0.0,1.0,4.0,12.0,1.0,2.0,4.0,7.0,3.0,0.0,0,2070.05
2738,2023-10-08,2023-24,Brighton,Liverpool,1,2.0,2.0,14.0,14.0,3.0,4.0,8.0,12.0,1.0,0.0,1,1818.51
2738,2023-10-08,2023-24,Liverpool,Brighton,0,2.0,2.0,14.0,14.0,4.0,3.0,1.0,20.0,2.0,0.0,1,1955.67
2739,2023-10-08,2023-24,West Ham,Newcastle,1,2.0,2.0,5.0,10.0,3.0,3.0,4.0,11.0,3.0,0.0,1,1796.58
2739,2023-10-08,2023-24,Newcastle,West Ham,0,2.0,2.0,10.0,5.0,3.0,3.0,2.0,18.0,3.0,0.0,1,1879.94
2740,2023-10-21,2023-24,Liverpool,Everton,1,2.0,0.0,26.0,6.0,6.0,1.0,12.0,9.0,1.0,0.0,3,1954.83
2740,2023-10-21,2023-24,Everton,Liverpool,0,0.0,2.0,6.0,26.0,1.0,6.0,4.0,9.0,1.0,1.0,0,1687.64
2741,2023-10-21,2023-24,Bournemouth,Wolves,1,1.0,2.0,7.0,20.0,4.0,7.0,3.0,15.0,2.0,1.0,0,1633.03
2741,2023-10-21,2023-24,Wolves,Bournemouth,0,2.0,1.0,20.0,7.0,7.0,4.0,12.0,10.0,6.0,0.0,3,1712.22
2742,2023-10-21,2023-24,Man City,Brighton,1,2.0,1.0,10.0,5.0,6.0,3.0,2.0,9.0,2.0,1.0,3,2065.78
2742,2023-10-21,2023-24,Brighton,Man City,0,1.0,2.0,5.0,10.0,3.0,6.0,2.0,11.0,2.0,0.0,0,1819.86
2743,2023-10-21,2023-24,Brentford,Burnley,1,3.0,0.0,23.0,6.0,10.0,1.0,5.0,14.0,5.0,0.0,3,1786.79
2743,2023-10-21,2023-24,Burnley,Brentford,0,0.0,3.0,6.0,23.0,1.0,10.0,5.0,12.0,2.0,1.0,0,1680.67
2744,2023-10-21,2023-24,Sheffield United,Man United,1,1.0,2.0,12.0,14.0,6.0,5.0,5.0,12.0,3.0,0.0,0,1600.39
2744,2023-10-21,2023-24,Man United,Sheffield United,0,2.0,1.0,14.0,12.0,5.0,6.0,4.0,10.0,1.0,0.0,3,1823.07
2745,2023-10-21,2023-24,Nott'm Forest,Luton,1,2.0,2.0,19.0,13.0,8.0,4.0,4.0,12.0,3.0,0.0,1,1683.49
2745,2023-10-21,2023-24,Luton,Nott'm Forest,0,2.0,2.0,13.0,19.0,4.0,8.0,2.0,11.0,0.0,0.0,1,1585.72
2746,2023-10-21,2023-24,Chelsea,Arsenal,1,2.0,2.0,11.0,13.0,5.0,3.0,2.0,7.0,3.0,0.0,1,1782.08
2746,2023-10-21,2023-24,Arsenal,Chelsea,0,2.0,2.0,13.0,11.0,3.0,5.0,7.0,14.0,3.0,0.0,1,1932.4
2747,2023-10-21,2023-24,Newcastle,Crystal Palace,1,4.0,0.0,10.0,17.0,7.0,3.0,6.0,7.0,2.0,0.0,3,1887.51
2747,2023-10-21,2023-24,Crystal Palace,Newcastle,0,0.0,4.0,17.0,10.0,3.0,7.0,8.0,12.0,3.0,0.0,0,1759.27
2748,2023-10-22,2023-24,Aston Villa,West Ham,1,4.0,1.0,15.0,14.0,7.0,4.0,8.0,9.0,0.0,0.0,3,1836.85
2748,2023-10-22,2023-24,West Ham,Aston Villa,0,1.0,4.0,14.0,15.0,4.0,7.0,7.0,15.0,1.0,0.0,0,1805.91
2749,2023-10-23,2023-24,Tottenham,Fulham,1,2.0,0.0,15.0,10.0,5.0,3.0,3.0,10.0,2.0,0.0,3,1858.57
2749,2023-10-23,2023-24,Fulham,Tottenham,0,0.0,2.0,10.0,15.0,3.0,5.0,5.0,14.0,0.0,0.0,0,1728.23
2750,2023-10-27,2023-24,Crystal Palace,Tottenham,1,1.0,2.0,13.0,10.0,3.0,1.0,11.0,19.0,2.0,0.0,0,1759.27
2750,2023-10-27,2023-24,Tottenham,Crystal Palace,0,2.0,1.0,10.0,13.0,1.0,3.0,2.0,11.0,1.0,0.0,3,1858.57
2751,2023-10-28,2023-24,Chelsea,Brentford,1,0.0,2.0,17.0,7.0,2.0,5.0,10.0,12.0,1.0,0.0,0,1782.08
2751,2023-10-28,2023-24,Brentford,Chelsea,0,2.0,0.0,7.0,17.0,5.0,2.0,1.0,7.0,4.0,0.0,3,1786.79
2752,2023-10-28,2023-24,Arsenal,Sheffield United,1,5.0,0.0,13.0,2.0,8.0,0.0,6.0,9.0,0.0,0.0,3,1932.4
2752,2023-10-28,2023-24,Sheffield United,Arsenal,0,0.0,5.0,2.0,13.0,0.0,8.0,1.0,13.0,3.0,0.0,0,1600.39
2753,2023-10-28,2023-24,Bournemouth,Burnley,1,2.0,1.0,13.0,6.0,6.0,3.0,10.0,9.0,2.0,0.0,3,1633.03
2753,2023-10-28,2023-24,Burnley,Bournemouth,0,1.0,2.0,6.0,13.0,3.0,6.0,5.0,12.0,3.0,0.0,0,1680.67
2754,2023-10-28,2023-24,Wolves,Newcastle,1,2.0,2.0,11.0,13.0,6.0,5.0,8.0,13.0,1.0,0.0,1,1712.22
2754,2023-10-28,2023-24,Newcastle,Wolves,0,2.0,2.0,13.0,11.0,5.0,6.0,7.0,15.0,4.0,0.0,1,1887.51
2755,2023-10-29,2023-24,Aston Villa,Luton,1,3.0,1.0,17.0,7.0,6.0,1.0,6.0,11.0,3.0,0.0,3,1836.85
2755,2023-10-29,2023-24,Luton,Aston Villa,0,1.0,3.0,7.0,17.0,1.0,6.0,4.0,10.0,2.0,0.0,0,1585.72
2756,2023-10-29,2023-24,West Ham,Everton,1,0.0,1.0,12.0,10.0,2.0,4.0,4.0,7.0,4.0,0.0,0,1805.91
2756,2023-10-29,2023-24,Everton,West Ham,0,1.0,0.0,10.0,12.0,4.0,2.0,3.0,11.0,1.0,0.0,3,1687.64
2757,2023-10-29,2023-24,Brighton,Fulham,1,1.0,1.0,18.0,10.0,7.0,5.0,7.0,12.0,0.0,0.0,1,1819.86
2757,2023-10-29,2023-24,Fulham,Brighton,0,1.0,1.0,10.0,18.0,5.0,7.0,3.0,8.0,3.0,0.0,1,1728.23
2758,2023-10-29,2023-24,Man United,Man City,1,0.0,3.0,7.0,21.0,3.0,10.0,7.0,9.0,4.0,0.0,0,1823.07
2758,2023-10-29,2023-24,Man City,Man United,0,3.0,0.0,21.0,7.0,10.0,3.0,12.0,4.0,1.0,0.0,3,2065.78
2759,2023-10-29,2023-24,Liverpool,Nott'm Forest,1,3.0,0.0,21.0,9.0,8.0,1.0,8.0,9.0,2.0,0.0,3,1954.83
2759,2023-10-29,2023-24,Nott'm Forest,Liverpool,0,0.0,3.0,9.0,21.0,1.0,8.0,3.0,13.0,3.0,0.0,0,1683.49
2760,2023-11-04,2023-24,Fulham,Man United,1,0.0,1.0,18.0,12.0,3.0,5.0,9.0,9.0,5.0,0.0,0,1727.69
2760,2023-11-04,2023-24,Man United,Fulham,0,1.0,0.0,12.0,18.0,5.0,3.0,4.0,15.0,2.0,0.0,3,1823.92
2761,2023-11-04,2023-24,Brentford,West Ham,1,3.0,2.0,16.0,12.0,4.0,2.0,4.0,12.0,1.0,0.0,3,1808.19
2761,2023-11-04,2023-24,West Ham,Brentford,0,2.0,3.0,12.0,16.0,2.0,4.0,3.0,14.0,4.0,0.0,0,1773.47
2762,2023-11-04,2023-24,Burnley,Crystal Palace,1,0.0,2.0,17.0,4.0,5.0,3.0,12.0,9.0,0.0,0.0,0,1665.83
2762,2023-11-04,2023-24,Crystal Palace,Burnley,0,2.0,0.0,4.0,17.0,3.0,5.0,1.0,12.0,5.0,0.0,3,1745.74
2763,2023-11-04,2023-24,Everton,Brighton,1,1.0,1.0,10.0,7.0,4.0,2.0,3.0,15.0,4.0,0.0,1,1697.61
2763,2023-11-04,2023-24,Brighton,Everton,0,1.0,1.0,7.0,10.0,2.0,4.0,3.0,5.0,2.0,0.0,1,1818.9
2764,2023-11-04,2023-24,Man City,Bournemouth,1,6.0,1.0,21.0,5.0,8.0,1.0,12.0,8.0,0.0,0.0,3,2076.81
2764,2023-11-04,2023-24,Bournemouth,Man City,0,1.0,6.0,5.0,21.0,1.0,8.0,1.0,9.0,1.0,0.0,0,1634.7
2765,2023-11-04,2023-24,Sheffield United,Wolves,1,2.0,1.0,11.0,10.0,2.0,3.0,4.0,13.0,2.0,0.0,3,1594.48
2765,2023-11-04,2023-24,Wolves,Sheffield United,0,1.0,2.0,10.0,11.0,3.0,2.0,4.0,10.0,3.0,0.0,0,1723.58
2766,2023-11-04,2023-24,Newcastle,Arsenal,1,1.0,0.0,9.0,14.0,2.0,1.0,0.0,14.0,5.0,0.0,3,1881.87
2766,2023-11-04,2023-24,Arsenal,Newcastle,0,0.0,1.0,14.0,9.0,1.0,2.0,11.0,9.0,1.0,0.0,0,1938.42
2767,2023-11-05,2023-24,Nott'm Forest,Aston Villa,1,2.0,0.0,5.0,13.0,3.0,3.0,0.0,6.0,1.0,0.0,3,1677.31
2767,2023-11-05,2023-24,Aston Villa,Nott'm Forest,0,0.0,2.0,13.0,5.0,3.0,3.0,10.0,9.0,1.0,0.0,0,1860.01
2768,2023-11-05,2023-24,Luton,Liverpool,1,1.0,1.0,8.0,24.0,5.0,6.0,4.0,7.0,1.0,0.0,1,1587.7
2768,2023-11-05,2023-24,Liverpool,Luton,0,1.0,1.0,24.0,8.0,6.0,5.0,7.0,13.0,1.0,0.0,1,1963.41
2769,2023-11-06,2023-24,Tottenham,Chelsea,1,1.0,4.0,8.0,17.0,5.0,8.0,1.0,12.0,1.0,2.0,0,1871.06
2769,2023-11-06,2023-24,Chelsea,Tottenham,0,4.0,1.0,17.0,8.0,8.0,5.0,6.0,21.0,5.0,0.0,3,1772.83
2770,2023-11-11,2023-24,Wolves,Tottenham,1,2.0,1.0,17.0,6.0,4.0,2.0,11.0,19.0,4.0,0.0,3,1723.58
2770,2023-11-11,2023-24,Tottenham,Wolves,0,1.0,2.0,6.0,17.0,2.0,4.0,3.0,15.0,3.0,0.0,0,1871.06
2771,2023-11-11,2023-24,Arsenal,Burnley,1,3.0,1.0,16.0,8.0,6.0,5.0,3.0,8.0,0.0,1.0,3,1938.42
2771,2023-11-11,2023-24,Burnley,Arsenal,0,1.0,3.0,8.0,16.0,5.0,6.0,3.0,9.0,1.0,0.0,0,1665.83
2772,2023-11-11,2023-24,Crystal Palace,Everton,1,2.0,3.0,13.0,8.0,4.0,4.0,9.0,9.0,1.0,0.0,0,1745.74
2772,2023-11-11,2023-24,Everton,Crystal Palace,0,3.0,2.0,8.0,13.0,4.0,4.0,2.0,18.0,4.0,0.0,3,1697.61
2773,2023-11-11,2023-24,Man United,Luton,1,1.0,0.0,15.0,10.0,4.0,4.0,11.0,9.0,0.0,0.0,3,1823.92
2773,2023-11-11,2023-24,Luton,Man United,0,0.0,1.0,10.0,15.0,4.0,4.0,3.0,11.0,2.0,0.0,0,1587.7
2774,2023-11-11,2023-24,Bournemouth,Newcastle,1,2.0,0.0,19.0,8.0,10.0,5.0,6.0,10.0,2.0,0.0,3,1634.7
2774,2023-11-11,2023-24,Newcastle,Bournemouth,0,0.0,2.0,8.0,19.0,5.0,10.0,5.0,4.0,1.0,0.0,0,1881.87
2775,2023-11-12,2023-24,Aston Villa,Fulham,1,3.0,1.0,12.0,9.0,6.0,5.0,2.0,4.0,2.0,0.0,3,1860.01
2775,2023-11-12,2023-24,Fulham,Aston Villa,0,1.0,3.0,9.0,12.0,5.0,6.0,2.0,17.0,5.0,0.0,0,1727.69
2776,2023-11-12,2023-24,Brighton,Sheffield United,1,1.0,1.0,11.0,9.0,6.0,1.0,6.0,13.0,3.0,1.0,1,1818.9
2776,2023-11-12,2023-24,Sheffield United,Brighton,0,1.0,1.0,9.0,11.0,1.0,6.0,3.0,16.0,2.0,0.0,1,1594.48
2777,2023-11-12,2023-24,Liverpool,Brentford,1,3.0,0.0,17.0,16.0,10.0,3.0,6.0,16.0,1.0,0.0,3,1963.41
2777,2023-11-12,2023-24,Brentford,Liverpool,0,0.0,3.0,16.0,17.0,3.0,10.0,8.0,12.0,2.0,0.0,0,1808.19
2778,2023-11-12,2023-24,West Ham,Nott'm Forest,1,3.0,2.0,16.0,10.0,6.0,5.0,9.0,9.0,2.0,0.0,3,1773.47
2778,2023-11-12,2023-24,Nott'm Forest,West Ham,0,2.0,3.0,10.0,16.0,5.0,6.0,4.0,12.0,2.0,0.0,0,1677.31
2779,2023-11-12,2023-24,Chelsea,Man City,1,4.0,4.0,17.0,15.0,9.0,10.0,3.0,12.0,5.0,0.0,1,1772.83
2779,2023-11-12,2023-24,Man City,Chelsea,0,4.0,4.0,15.0,17.0,10.0,9.0,3.0,15.0,3.0,0.0,1,2076.81
2780,2023-11-25,2023-24,Man City,Liverpool,1,1.0,1.0,16.0,8.0,5.0,3.0,9.0,9.0,1.0,0.0,1,2067.92
2780,2023-11-25,2023-24,Liverpool,Man City,0,1.0,1.0,8.0,16.0,3.0,5.0,6.0,11.0,3.0,0.0,1,1942.72
2781,2023-11-25,2023-24,Burnley,West Ham,1,1.0,2.0,11.0,11.0,5.0,3.0,4.0,11.0,1.0,0.0,0,1647.58
2781,2023-11-25,2023-24,West Ham,Burnley,0,2.0,1.0,11.0,11.0,3.0,5.0,5.0,7.0,3.0,0.0,3,1769.92
2782,2023-11-25,2023-24,Brentford,Arsenal,1,0.0,1.0,9.0,15.0,3.0,4.0,1.0,9.0,1.0,0.0,0,1801.99
2782,2023-11-25,2023-24,Arsenal,Brentford,0,1.0,0.0,15.0,9.0,4.0,3.0,8.0,7.0,1.0,0.0,3,1930.78
2783,2023-11-25,2023-24,Luton,Crystal Palace,1,2.0,1.0,8.0,16.0,3.0,8.0,4.0,15.0,6.0,0.0,3,1587.15
2783,2023-11-25,2023-24,Crystal Palace,Luton,0,1.0,2.0,16.0,8.0,8.0,3.0,5.0,12.0,1.0,0.0,0,1739.61
2784,2023-11-25,2023-24,Nott'm Forest,Brighton,1,2.0,3.0,18.0,11.0,5.0,5.0,6.0,12.0,2.0,0.0,0,1683.02
2784,2023-11-25,2023-24,Brighton,Nott'm Forest,0,3.0,2.0,11.0,18.0,5.0,5.0,4.0,7.0,4.0,1.0,3,1813.35
2785,2023-11-25,2023-24,Sheffield United,Bournemouth,1,1.0,3.0,10.0,23.0,2.0,11.0,4.0,6.0,4.0,0.0,0,1605.86
2785,2023-11-25,2023-24,Bournemouth,Sheffield United,0,3.0,1.0,23.0,10.0,11.0,2.0,7.0,8.0,1.0,0.0,3,1646.11
2786,2023-11-25,2023-24,Newcastle,Chelsea,1,4.0,1.0,14.0,7.0,5.0,4.0,4.0,13.0,4.0,0.0,3,1856.05
2786,2023-11-25,2023-24,Chelsea,Newcastle,0,1.0,4.0,7.0,14.0,4.0,5.0,2.0,19.0,4.0,1.0,0,1793.81
2787,2023-11-26,2023-24,Tottenham,Aston Villa,1,1.0,2.0,18.0,15.0,8.0,5.0,9.0,11.0,0.0,0.0,0,1834.69
2787,2023-11-26,2023-24,Aston Villa,Tottenham,0,2.0,1.0,15.0,18.0,5.0,8.0,3.0,13.0,4.0,0.0,3,1846.18
2788,2023-11-26,2023-24,Everton,Man United,1,0.0,3.0,24.0,9.0,6.0,4.0,6.0,10.0,3.0,0.0,0,1705.2
2788,2023-11-26,2023-24,Man United,Everton,0,3.0,0.0,9.0,24.0,4.0,6.0,5.0,8.0,0.0,0.0,3,1816.62
2789,2023-11-27,2023-24,Fulham,Wolves,1,3.0,2.0,12.0,10.0,6.0,6.0,6.0,13.0,2.0,0.0,3,1709.99
2789,2023-11-27,2023-24,Wolves,Fulham,0,2.0,3.0,10.0,12.0,6.0,6.0,2.0,13.0,2.0,0.0,0,1718.2
2790,2023-12-02,2023-24,Arsenal,Wolves,1,2.0,1.0,19.0,6.0,6.0,3.0,4.0,10.0,1.0,0.0,3,1947.97
2790,2023-12-02,2023-24,Wolves,Arsenal,0,1.0,2.0,6.0,19.0,3.0,6.0,0.0,10.0,2.0,0.0,0,1716.16
2791,2023-12-02,2023-24,Brentford,Luton,1,3.0,1.0,27.0,7.0,6.0,1.0,7.0,10.0,1.0,0.0,3,1801.11
2791,2023-12-02,2023-24,Luton,Brentford,0,1.0,3.0,7.0,27.0,1.0,6.0,5.0,8.0,2.0,0.0,0,1603.06
2792,2023-12-02,2023-24,Burnley,Sheffield United,1,5.0,0.0,19.0,6.0,7.0,3.0,6.0,9.0,2.0,0.0,3,1646.47
2792,2023-12-02,2023-24,Sheffield United,Burnley,0,0.0,5.0,6.0,19.0,3.0,7.0,1.0,12.0,5.0,1.0,0,1598.98
2793,2023-12-02,2023-24,Nott'm Forest,Everton,1,0.0,1.0,13.0,12.0,2.0,3.0,4.0,15.0,1.0,0.0,0,1682.15
2793,2023-12-02,2023-24,Everton,Nott'm Forest,0,1.0,0.0,12.0,13.0,3.0,2.0,3.0,14.0,0.0,0.0,3,1699.07
2794,2023-12-02,2023-24,Newcastle,Man United,1,1.0,0.0,22.0,8.0,4.0,1.0,7.0,6.0,1.0,0.0,3,1872.55
2794,2023-12-02,2023-24,Man United,Newcastle,0,0.0,1.0,8.0,22.0,1.0,4.0,3.0,13.0,2.0,0.0,0,1831.3
2795,2023-12-03,2023-24,Liverpool,Fulham,1,4.0,3.0,26.0,9.0,12.0,5.0,3.0,6.0,0.0,0.0,3,1953.79
2795,2023-12-03,2023-24,Fulham,Liverpool,0,3.0,4.0,9.0,26.0,5.0,12.0,4.0,7.0,0.0,0.0,0,1722.1
2796,2023-12-03,2023-24,West Ham,Crystal Palace,1,1.0,1.0,9.0,9.0,3.0,2.0,2.0,17.0,2.0,0.0,1,1782.53
2796,2023-12-03,2023-24,Crystal Palace,West Ham,0,1.0,1.0,9.0,9.0,2.0,3.0,3.0,7.0,0.0,0.0,1,1733.78
2797,2023-12-03,2023-24,Bournemouth,Aston Villa,1,2.0,2.0,15.0,11.0,7.0,3.0,7.0,16.0,5.0,0.0,1,1663.06
2797,2023-12-03,2023-24,Aston Villa,Bournemouth,0,2.0,2.0,11.0,15.0,3.0,7.0,7.0,12.0,3.0,0.0,1,1860.94
2798,2023-12-03,2023-24,Chelsea,Brighton,1,3.0,2.0,8.0,18.0,5.0,9.0,5.0,16.0,3.0,1.0,3,1789.71
2798,2023-12-03,2023-24,Brighton,Chelsea,0,2.0,3.0,18.0,8.0,9.0,5.0,8.0,12.0,5.0,0.0,0,1828.2
2799,2023-12-03,2023-24,Man City,Tottenham,1,3.0,3.0,18.0,8.0,4.0,4.0,10.0,14.0,4.0,0.0,1,2070.27
2799,2023-12-03,2023-24,Tottenham,Man City,0,3.0,3.0,8.0,18.0,4.0,4.0,8.0,14.0,4.0,0.0,1,1830.81
2800,2023-12-05,2023-24,Wolves,Burnley,1,1.0,0.0,7.0,12.0,4.0,3.0,6.0,11.0,2.0,0.0,3,1716.16
2800,2023-12-05,2023-24,Burnley,Wolves,0,0.0,1.0,12.0,7.0,3.0,4.0,8.0,15.0,4.0,0.0,0,1646.47
2801,2023-12-05,2023-24,Luton,Arsenal,1,3.0,4.0,6.0,23.0,4.0,9.0,3.0,14.0,2.0,0.0,0,1603.06
2801,2023-12-05,2023-24,Arsenal,Luton,0,4.0,3.0,23.0,6.0,9.0,4.0,8.0,7.0,1.0,0.0,3,1947.97
2802,2023-12-06,2023-24,Fulham,Nott'm Forest,1,5.0,0.0,14.0,4.0,6.0,1.0,6.0,7.0,0.0,0.0,3,1722.1
2802,2023-12-06,2023-24,Nott'm Forest,Fulham,0,0.0,5.0,4.0,14.0,1.0,6.0,1.0,10.0,1.0,0.0,0,1682.15
2803,2023-12-06,2023-24,Crystal Palace,Bournemouth,1,0.0,2.0,16.0,11.0,3.0,4.0,3.0,10.0,1.0,0.0,0,1733.78
2803,2023-12-06,2023-24,Bournemouth,Crystal Palace,0,2.0,0.0,11.0,16.0,4.0,3.0,9.0,17.0,3.0,0.0,3,1663.06
2804,2023-12-06,2023-24,Brighton,Brentford,1,2.0,1.0,18.0,8.0,7.0,2.0,7.0,10.0,3.0,0.0,3,1828.2
2804,2023-12-06,2023-24,Brentford,Brighton,0,1.0,2.0,8.0,18.0,2.0,7.0,3.0,8.0,1.0,0.0,0,1801.11
2805,2023-12-06,2023-24,Man United,Chelsea,1,2.0,1.0,28.0,13.0,9.0,3.0,12.0,12.0,4.0,0.0,3,1831.3
2805,2023-12-06,2023-24,Chelsea,Man United,0,1.0,2.0,13.0,28.0,3.0,9.0,4.0,12.0,0.0,0.0,0,1789.71
2806,2023-12-06,2023-24,Aston Villa,Man City,1,1.0,0.0,22.0,2.0,7.0,2.0,6.0,13.0,2.0,0.0,3,1860.94
2806,2023-12-06,2023-24,Man City,Aston Villa,0,0.0,1.0,2.0,22.0,2.0,7.0,0.0,13.0,2.0,0.0,0,2070.27
2807,2023-12-06,2023-24,Sheffield United,Liverpool,1,0.0,2.0,6.0,15.0,1.0,8.0,2.0,12.0,2.0,0.0,0,1598.98
2807,2023-12-06,2023-24,Liverpool,Sheffield United,0,2.0,0.0,15.0,6.0,8.0,1.0,12.0,8.0,3.0,0.0,3,1953.79
2808,2023-12-07,2023-24,Everton,Newcastle,1,3.0,0.0,21.0,13.0,6.0,3.0,5.0,18.0,3.0,0.0,3,1699.07
2808,2023-12-07,2023-24,Newcastle,Everton,0,0.0,3.0,13.0,21.0,3.0,6.0,2.0,8.0,0.0,0.0,0,1872.55
2809,2023-12-07,2023-24,Tottenham,West Ham,1,1.0,2.0,23.0,11.0,7.0,5.0,8.0,11.0,3.0,0.0,0,1830.81
2809,2023-12-07,2023-24,West Ham,Tottenham,0,2.0,1.0,11.0,23.0,5.0,7.0,4.0,12.0,3.0,0.0,3,1782.53
2810,2023-12-09,2023-24,Crystal Palace,Liverpool,1,1.0,2.0,8.0,14.0,4.0,2.0,6.0,17.0,5.0,1.0,0,1733.78
2810,2023-12-09,2023-24,Liverpool,Crystal Palace,0,2.0,1.0,14.0,8.0,2.0,4.0,5.0,17.0,2.0,0.0,3,1953.79
2811,2023-12-09,2023-24,Brighton,Burnley,1,1.0,1.0,29.0,6.0,11.0,3.0,9.0,5.0,0.0,0.0,1,1828.2
2811,2023-12-09,2023-24,Burnley,Brighton,0,1.0,1.0,6.0,29.0,3.0,11.0,1.0,8.0,4.0,0.0,1,1646.47
2812,2023-12-09,2023-24,Man United,Bournemouth,1,0.0,3.0,20.0,10.0,3.0,4.0,10.0,7.0,3.0,0.0,0,1831.3
2812,2023-12-09,2023-24,Bournemouth,Man United,0,3.0,0.0,10.0,20.0,4.0,3.0,4.0,10.0,1.0,0.0,3,1663.06
2813,2023-12-09,2023-24,Sheffield United,Brentford,1,1.0,0.0,9.0,10.0,4.0,4.0,3.0,14.0,5.0,0.0,3,1598.98
2813,2023-12-09,2023-24,Brentford,Sheffield United,0,0.0,1.0,10.0,9.0,4.0,4.0,4.0,13.0,1.0,0.0,0,1801.11
2814,2023-12-09,2023-24,Wolves,Nott'm Forest,1,1.0,1.0,10.0,8.0,4.0,2.0,4.0,9.0,0.0,0.0,1,1716.16
2814,2023-12-09,2023-24,Nott'm Forest,Wolves,0,1.0,1.0,8.0,10.0,2.0,4.0,3.0,11.0,1.0,0.0,1,1682.15
2815,2023-12-09,2023-24,Aston Villa,Arsenal,1,1.0,0.0,10.0,12.0,3.0,5.0,3.0,16.0,4.0,0.0,3,1860.94
2815,2023-12-09,2023-24,Arsenal,Aston Villa,0,0.0,1.0,12.0,10.0,5.0,3.0,3.0,11.0,2.0,0.0,0,1947.97
2816,2023-12-10,2023-24,Everton,Chelsea,1,2.0,0.0,9.0,16.0,5.0,4.0,4.0,12.0,2.0,0.0,3,1699.07
2816,2023-12-10,2023-24,Chelsea,Everton,0,0.0,2.0,16.0,9.0,4.0,5.0,8.0,12.0,2.0,0.0,0,1789.71
2817,2023-12-10,2023-24,Fulham,West Ham,1,5.0,0.0,14.0,9.0,8.0,5.0,3.0,5.0,2.0,0.0,3,1722.1
2817,2023-12-10,2023-24,West Ham,Fulham,0,0.0,5.0,9.0,14.0,5.0,8.0,6.0,10.0,1.0,0.0,0,1782.53
2818,2023-12-10,2023-24,Luton,Man City,1,1.0,2.0,4.0,18.0,2.0,6.0,6.0,16.0,2.0,0.0,0,1603.06
2818,2023-12-10,2023-24,Man City,Luton,0,2.0,1.0,18.0,4.0,6.0,2.0,3.0,6.0,1.0,0.0,3,2070.27
2819,2023-12-10,2023-24,Tottenham,Newcastle,1,4.0,1.0,23.0,9.0,12.0,3.0,3.0,10.0,1.0,0.0,3,1830.81
2819,2023-12-10,2023-24,Newcastle,Tottenham,0,1.0,4.0,9.0,23.0,3.0,12.0,6.0,12.0,3.0,0.0,0,1872.55
2820,2023-12-15,2023-24,Nott'm Forest,Tottenham,1,0.0,2.0,15.0,12.0,1.0,6.0,6.0,16.0,2.0,0.0,0,1655.74
2820,2023-12-15,2023-24,Tottenham,Nott'm Forest,0,2.0,0.0,12.0,15.0,6.0,1.0,4.0,11.0,4.0,1.0,3,1831.21
2821,2023-12-16,2023-24,Chelsea,Sheffield United,1,2.0,0.0,15.0,6.0,6.0,1.0,7.0,9.0,1.0,0.0,3,1771.25
2821,2023-12-16,2023-24,Sheffield United,Chelsea,0,0.0,2.0,6.0,15.0,1.0,6.0,6.0,14.0,3.0,0.0,0,1587.78
2822,2023-12-16,2023-24,Man City,Crystal Palace,1,2.0,2.0,19.0,5.0,9.0,2.0,6.0,12.0,1.0,0.0,1,2045.39
2822,2023-12-16,2023-24,Crystal Palace,Man City,0,2.0,2.0,5.0,19.0,2.0,9.0,1.0,9.0,1.0,0.0,1,1708.63
2823,2023-12-16,2023-24,Newcastle,Fulham,1,3.0,0.0,27.0,6.0,10.0,4.0,5.0,7.0,0.0,0.0,3,1827.07
2823,2023-12-16,2023-24,Fulham,Newcastle,0,0.0,3.0,6.0,27.0,4.0,10.0,1.0,12.0,2.0,1.0,0,1741.84
2824,2023-12-16,2023-24,Burnley,Everton,1,0.0,2.0,14.0,9.0,2.0,6.0,8.0,9.0,0.0,0.0,0,1651.03
2824,2023-12-16,2023-24,Everton,Burnley,0,2.0,0.0,9.0,14.0,6.0,2.0,6.0,8.0,1.0,0.0,3,1730.72
2825,2023-12-17,2023-24,Arsenal,Brighton,1,2.0,0.0,26.0,6.0,9.0,1.0,10.0,11.0,1.0,0.0,3,1933.94
2825,2023-12-17,2023-24,Brighton,Arsenal,0,0.0,2.0,6.0,26.0,1.0,9.0,1.0,9.0,3.0,0.0,0,1817.04
2826,2023-12-17,2023-24,Brentford,Aston Villa,1,1.0,2.0,4.0,15.0,3.0,5.0,7.0,19.0,6.0,1.0,0,1778.42
2826,2023-12-17,2023-24,Aston Villa,Brentford,0,2.0,1.0,15.0,4.0,5.0,3.0,12.0,6.0,4.0,1.0,3,1860.02
2827,2023-12-17,2023-24,West Ham,Wolves,1,3.0,0.0,13.0,14.0,4.0,3.0,6.0,12.0,3.0,0.0,3,1771.72
2827,2023-12-17,2023-24,Wolves,West Ham,0,0.0,3.0,14.0,13.0,3.0,4.0,6.0,15.0,1.0,0.0,0,1707.74
2828,2023-12-17,2023-24,Liverpool,Man United,1,0.0,0.0,34.0,6.0,8.0,1.0,12.0,13.0,2.0,0.0,1,1941.32
2828,2023-12-17,2023-24,Man United,Liverpool,0,0.0,0.0,6.0,34.0,1.0,8.0,0.0,8.0,4.0,1.0,1,1794.65
2829,2023-12-21,2023-24,Crystal Palace,Brighton,1,1.0,1.0,11.0,18.0,3.0,6.0,3.0,12.0,5.0,0.0,1,1708.63
2829,2023-12-21,2023-24,Brighton,Crystal Palace,0,1.0,1.0,18.0,11.0,6.0,3.0,1.0,11.0,2.0,0.0,1,1817.04
2830,2023-12-22,2023-24,Aston Villa,Sheffield United,1,1.0,1.0,12.0,5.0,4.0,2.0,9.0,11.0,3.0,0.0,1,1860.02
2830,2023-12-22,2023-24,Sheffield United,Aston Villa,0,1.0,1.0,5.0,12.0,2.0,4.0,1.0,16.0,3.0,0.0,1,1587.78
2831,2023-12-23,2023-24,Luton,Newcastle,1,1.0,0.0,16.0,15.0,5.0,2.0,6.0,11.0,2.0,0.0,3,1587.58
2831,2023-12-23,2023-24,Newcastle,Luton,0,0.0,1.0,15.0,16.0,2.0,5.0,7.0,5.0,1.0,0.0,0,1827.07
2832,2023-12-23,2023-24,West Ham,Man United,1,2.0,0.0,12.0,11.0,5.0,3.0,4.0,13.0,2.0,0.0,3,1771.72
2832,2023-12-23,2023-24,Man United,West Ham,0,0.0,2.0,11.0,12.0,3.0,5.0,4.0,15.0,3.0,0.0,0,1794.65
2833,2023-12-23,2023-24,Fulham,Burnley,1,0.0,2.0,19.0,7.0,5.0,2.0,8.0,5.0,2.0,0.0,0,1741.84
2833,2023-12-23,2023-24,Burnley,Fulham,0,2.0,0.0,7.0,19.0,2.0,5.0,6.0,17.0,1.0,0.0,3,1651.03
2834,2023-12-23,2023-24,Tottenham,Everton,1,2.0,1.0,13.0,18.0,6.0,8.0,3.0,6.0,1.0,0.0,3,1831.21
2834,2023-12-23,2023-24,Everton,Tottenham,0,1.0,2.0,18.0,13.0,8.0,6.0,8.0,18.0,4.0,0.0,0,1730.72
2835,2023-12-23,2023-24,Liverpool,Arsenal,1,1.0,1.0,13.0,13.0,3.0,2.0,4.0,13.0,2.0,0.0,1,1941.32
2835,2023-12-23,2023-24,Arsenal,Liverpool,0,1.0,1.0,13.0,13.0,2.0,3.0,5.0,14.0,5.0,0.0,1,1933.94
2836,2023-12-23,2023-24,Nott'm Forest,Bournemouth,1,2.0,3.0,11.0,18.0,5.0,7.0,6.0,10.0,0.0,1.0,0,1655.74
2836,2023-12-23,2023-24,Bournemouth,Nott'm Forest,0,3.0,2.0,18.0,11.0,7.0,5.0,6.0,10.0,3.0,0.0,3,1697.19
2837,2023-12-24,2023-24,Wolves,Chelsea,1,2.0,1.0,14.0,16.0,6.0,5.0,10.0,11.0,3.0,0.0,3,1707.74
2837,2023-12-24,2023-24,Chelsea,Wolves,0,1.0,2.0,16.0,14.0,5.0,6.0,6.0,9.0,5.0,0.0,0,1771.25
2838,2023-12-26,2023-24,Newcastle,Nott'm Forest,1,1.0,3.0,19.0,15.0,7.0,6.0,10.0,10.0,3.0,0.0,0,1827.07
2838,2023-12-26,2023-24,Nott'm Forest,Newcastle,0,3.0,1.0,15.0,19.0,6.0,7.0,2.0,11.0,3.0,0.0,3,1655.74
2839,2023-12-26,2023-24,Bournemouth,Fulham,1,3.0,0.0,16.0,8.0,4.0,3.0,6.0,10.0,0.0,0.0,3,1697.19
2839,2023-12-26,2023-24,Fulham,Bournemouth,0,0.0,3.0,8.0,16.0,3.0,4.0,5.0,10.0,2.0,0.0,0,1741.84
2840,2023-12-26,2023-24,Sheffield United,Luton,1,2.0,3.0,21.0,12.0,6.0,4.0,9.0,13.0,5.0,0.0,0,1587.78
2840,2023-12-26,2023-24,Luton,Sheffield United,0,3.0,2.0,12.0,21.0,4.0,6.0,4.0,13.0,0.0,0.0,3,1587.58
2841,2023-12-26,2023-24,Burnley,Liverpool,1,0.0,2.0,9.0,19.0,0.0,10.0,4.0,7.0,2.0,0.0,0,1651.03
2841,2023-12-26,2023-24,Liverpool,Burnley,0,2.0,0.0,19.0,9.0,10.0,0.0,4.0,10.0,1.0,0.0,3,1941.32
2842,2023-12-26,2023-24,Man United,Aston Villa,1,3.0,2.0,13.0,10.0,7.0,4.0,3.0,10.0,1.0,0.0,3,1794.65
2842,2023-12-26,2023-24,Aston Villa,Man United,0,2.0,3.0,10.0,13.0,4.0,7.0,6.0,10.0,3.0,0.0,0,1860.02
2843,2023-12-27,2023-24,Brentford,Wolves,1,1.0,4.0,14.0,11.0,4.0,5.0,8.0,5.0,1.0,0.0,0,1778.42
2843,2023-12-27,2023-24,Wolves,Brentford,0,4.0,1.0,11.0,14.0,5.0,4.0,2.0,14.0,1.0,0.0,3,1707.74
2844,2023-12-27,2023-24,Chelsea,Crystal Palace,1,2.0,1.0,9.0,13.0,4.0,5.0,4.0,13.0,3.0,0.0,3,1771.25
2844,2023-12-27,2023-24,Crystal Palace,Chelsea,0,1.0,2.0,13.0,9.0,5.0,4.0,3.0,16.0,2.0,0.0,0,1708.63
2845,2023-12-27,2023-24,Everton,Man City,1,1.0,3.0,7.0,23.0,2.0,9.0,8.0,13.0,4.0,0.0,0,1730.72
2845,2023-12-27,2023-24,Man City,Everton,0,3.0,1.0,23.0,7.0,9.0,2.0,4.0,5.0,2.0,0.0,3,2045.39
2846,2023-12-28,2023-24,Brighton,Tottenham,1,4.0,2.0,15.0,19.0,9.0,3.0,7.0,18.0,3.0,0.0,3,1817.04
2846,2023-12-28,2023-24,Tottenham,Brighton,0,2.0,4.0,19.0,15.0,3.0,9.0,6.0,6.0,2.0,0.0,0,1831.21
2847,2023-12-28,2023-24,Arsenal,West Ham,1,0.0,2.0,30.0,6.0,8.0,3.0,10.0,8.0,2.0,0.0,0,1933.94
2847,2023-12-28,2023-24,West Ham,Arsenal,0,2.0,0.0,6.0,30.0,3.0,8.0,3.0,8.0,0.0,0.0,3,1771.72
2848,2023-12-30,2023-24,Luton,Chelsea,1,2.0,3.0,15.0,12.0,6.0,8.0,7.0,14.0,2.0,0.0,0,1587.58
2848,2023-12-30,2023-24,Chelsea,Luton,0,3.0,2.0,12.0,15.0,8.0,6.0,2.0,21.0,2.0,0.0,3,1771.25
2849,2023-12-30,2023-24,Aston Villa,Burnley,1,3.0,2.0,19.0,9.0,7.0,5.0,6.0,9.0,4.0,0.0,3,1860.02
2849,2023-12-30,2023-24,Burnley,Aston Villa,0,2.0,3.0,9.0,19.0,5.0,7.0,2.0,14.0,1.0,1.0,0,1651.03
2850,2023-12-30,2023-24,Crystal Palace,Brentford,1,3.0,1.0,13.0,9.0,6.0,4.0,7.0,14.0,0.0,0.0,3,1708.63
2850,2023-12-30,2023-24,Brentford,Crystal Palace,0,1.0,3.0,9.0,13.0,4.0,6.0,4.0,10.0,1.0,0.0,0,1778.42
2851,2023-12-30,2023-24,Man City,Sheffield United,1,2.0,0.0,18.0,4.0,4.0,2.0,12.0,5.0,1.0,0.0,3,2045.39
2851,2023-12-30,2023-24,Sheffield United,Man City,0,0.0,2.0,4.0,18.0,2.0,4.0,2.0,6.0,1.0,0.0,0,1587.78
2852,2023-12-30,2023-24,Wolves,Everton,1,3.0,0.0,12.0,10.0,6.0,0.0,5.0,9.0,2.0,0.0,3,1707.74
2852,2023-12-30,2023-24,Everton,Wolves,0,0.0,3.0,10.0,12.0,0.0,6.0,2.0,14.0,3.0,0.0,0,1730.72
2853,2023-12-30,2023-24,Nott'm Forest,Man United,1,2.0,1.0,8.0,10.0,2.0,5.0,4.0,9.0,2.0,0.0,3,1655.74
2853,2023-12-30,2023-24,Man United,Nott'm Forest,0,1.0,2.0,10.0,8.0,5.0,2.0,5.0,11.0,4.0,0.0,0,1794.65
2854,2023-12-31,2023-24,Fulham,Arsenal,1,2.0,1.0,15.0,13.0,4.0,3.0,5.0,11.0,4.0,0.0,3,1741.84
2854,2023-12-31,2023-24,Arsenal,Fulham,0,1.0,2.0,13.0,15.0,3.0,4.0,4.0,10.0,1.0,0.0,0,1933.94
2855,2023-12-31,2023-24,Tottenham,Bournemouth,1,3.0,1.0,12.0,24.0,6.0,4.0,4.0,9.0,3.0,0.0,3,1831.21
2855,2023-12-31,2023-24,Bournemouth,Tottenham,0,1.0,3.0,24.0,12.0,4.0,6.0,13.0,18.0,3.0,0.0,0,1697.19
2856,2024-01-01,2023-24,Liverpool,Newcastle,1,4.0,2.0,34.0,5.0,15.0,3.0,7.0,16.0,3.0,0.0,3,1938.96
2856,2024-01-01,2023-24,Newcastle,Liverpool,0,2.0,4.0,5.0,34.0,3.0,15.0,3.0,15.0,5.0,0.0,0,1802.78
2857,2024-01-02,2023-24,West Ham,Brighton,1,0.0,0.0,6.0,22.0,2.0,8.0,2.0,4.0,1.0,0.0,1,1808.97
2857,2024-01-02,2023-24,Brighton,West Ham,0,0.0,0.0,22.0,6.0,8.0,2.0,0.0,6.0,0.0,0.0,1,1820.64
2858,2024-01-12,2023-24,Burnley,Luton,1,1.0,1.0,13.0,14.0,7.0,5.0,2.0,7.0,1.0,0.0,1,1650.16
2858,2024-01-12,2023-24,Luton,Burnley,0,1.0,1.0,14.0,13.0,5.0,7.0,8.0,12.0,0.0,0.0,1,1604.56
2859,2024-01-13,2023-24,Chelsea,Fulham,1,1.0,0.0,17.0,14.0,3.0,4.0,6.0,13.0,5.0,0.0,3,1777.53
2859,2024-01-13,2023-24,Fulham,Chelsea,0,0.0,1.0,14.0,17.0,4.0,3.0,4.0,9.0,1.0,0.0,0,1717.38
2860,2024-01-13,2023-24,Newcastle,Man City,1,2.0,3.0,12.0,27.0,5.0,11.0,3.0,7.0,1.0,0.0,0,1802.78
2860,2024-01-13,2023-24,Man City,Newcastle,0,3.0,2.0,27.0,12.0,11.0,5.0,13.0,7.0,2.0,0.0,3,2042.04
2861,2024-01-14,2023-24,Everton,Aston Villa,1,0.0,0.0,10.0,16.0,2.0,5.0,4.0,13.0,1.0,0.0,1,1721.11
2861,2024-01-14,2023-24,Aston Villa,Everton,0,0.0,0.0,16.0,10.0,5.0,2.0,5.0,14.0,4.0,0.0,1,1854.15
2862,2024-01-14,2023-24,Man United,Tottenham,1,2.0,2.0,9.0,16.0,2.0,6.0,8.0,8.0,2.0,0.0,1,1787.94
2862,2024-01-14,2023-24,Tottenham,Man United,0,2.0,2.0,16.0,9.0,6.0,2.0,13.0,5.0,1.0,0.0,1,1837.71
2863,2024-01-20,2023-24,Arsenal,Crystal Palace,1,5.0,0.0,21.0,12.0,6.0,5.0,6.0,8.0,0.0,0.0,3,1910.55
2863,2024-01-20,2023-24,Crystal Palace,Arsenal,0,0.0,5.0,12.0,21.0,5.0,6.0,7.0,12.0,0.0,0.0,0,1723.29
2864,2024-01-20,2023-24,Brentford,Nott'm Forest,1,3.0,2.0,11.0,12.0,5.0,3.0,6.0,10.0,1.0,0.0,3,1740.89
2864,2024-01-20,2023-24,Nott'm Forest,Brentford,0,2.0,3.0,12.0,11.0,3.0,5.0,4.0,14.0,3.0,0.0,0,1669.96
2865,2024-01-21,2023-24,Sheffield United,West Ham,1,2.0,2.0,21.0,16.0,6.0,5.0,4.0,11.0,3.0,1.0,1,1580.96
2865,2024-01-21,2023-24,West Ham,Sheffield United,0,2.0,2.0,16.0,21.0,5.0,6.0,1.0,10.0,1.0,1.0,1,1807.66
2866,2024-01-21,2023-24,Bournemouth,Liverpool,1,0.0,4.0,11.0,14.0,1.0,7.0,8.0,9.0,1.0,0.0,0,1711.89
2866,2024-01-21,2023-24,Liverpool,Bournemouth,0,4.0,0.0,14.0,11.0,7.0,1.0,5.0,12.0,2.0,0.0,3,1944.01
2867,2024-01-22,2023-24,Brighton,Wolves,1,0.0,0.0,11.0,8.0,4.0,3.0,8.0,10.0,1.0,0.0,1,1821.95
2867,2024-01-22,2023-24,Wolves,Brighton,0,0.0,0.0,8.0,11.0,3.0,4.0,2.0,13.0,4.0,0.0,1,1738.8
2868,2024-01-30,2023-24,Nott'm Forest,Arsenal,1,1.0,2.0,9.0,19.0,3.0,3.0,2.0,6.0,0.0,0.0,0,1669.96
2868,2024-01-30,2023-24,Arsenal,Nott'm Forest,0,2.0,1.0,19.0,9.0,3.0,3.0,11.0,7.0,1.0,0.0,3,1910.55
2869,2024-01-30,2023-24,Fulham,Everton,1,0.0,0.0,25.0,21.0,6.0,4.0,15.0,6.0,1.0,0.0,1,1712.25
2869,2024-01-30,2023-24,Everton,Fulham,0,0.0,0.0,21.0,25.0,4.0,6.0,6.0,13.0,2.0,0.0,1,1723.25
2870,2024-01-30,2023-24,Luton,Brighton,1,4.0,0.0,18.0,9.0,8.0,2.0,7.0,13.0,2.0,0.0,3,1607.44
2870,2024-01-30,2023-24,Brighton,Luton,0,0.0,4.0,9.0,18.0,2.0,8.0,4.0,14.0,2.0,0.0,0,1821.95
2871,2024-01-30,2023-24,Crystal Palace,Sheffield United,1,3.0,2.0,12.0,9.0,4.0,5.0,11.0,8.0,1.0,0.0,3,1723.29
2871,2024-01-30,2023-24,Sheffield United,Crystal Palace,0,2.0,3.0,9.0,12.0,5.0,4.0,1.0,18.0,4.0,0.0,0,1580.96
2872,2024-01-30,2023-24,Aston Villa,Newcastle,1,1.0,3.0,12.0,14.0,6.0,5.0,8.0,14.0,4.0,0.0,0,1852.02
2872,2024-01-30,2023-24,Newcastle,Aston Villa,0,3.0,1.0,14.0,12.0,5.0,6.0,7.0,12.0,1.0,0.0,3,1794.1
2873,2024-01-31,2023-24,Man City,Burnley,1,3.0,1.0,14.0,8.0,4.0,3.0,7.0,3.0,2.0,0.0,3,2045.67
2873,2024-01-31,2023-24,Burnley,Man City,0,1.0,3.0,8.0,14.0,3.0,4.0,3.0,13.0,2.0,0.0,0,1647.28
2874,2024-01-31,2023-24,Tottenham,Brentford,1,3.0,2.0,19.0,9.0,5.0,5.0,5.0,13.0,2.0,0.0,3,1837.93
2874,2024-01-31,2023-24,Brentford,Tottenham,0,2.0,3.0,9.0,19.0,5.0,5.0,3.0,15.0,3.0,0.0,0,1740.89
2875,2024-01-31,2023-24,Liverpool,Chelsea,1,4.0,1.0,28.0,4.0,13.0,3.0,8.0,15.0,2.0,0.0,3,1944.01
2875,2024-01-31,2023-24,Chelsea,Liverpool,0,1.0,4.0,4.0,28.0,3.0,13.0,1.0,16.0,4.0,0.0,0,1782.66
2876,2024-02-01,2023-24,West Ham,Bournemouth,1,1.0,1.0,9.0,9.0,3.0,4.0,1.0,13.0,1.0,0.0,1,1803.15
2876,2024-02-01,2023-24,Bournemouth,West Ham,0,1.0,1.0,9.0,9.0,4.0,3.0,5.0,11.0,3.0,0.0,1,1704.17
2877,2024-02-01,2023-24,Wolves,Man United,1,3.0,4.0,16.0,21.0,7.0,8.0,4.0,10.0,2.0,0.0,0,1742.64
2877,2024-02-01,2023-24,Man United,Wolves,0,4.0,3.0,21.0,16.0,8.0,7.0,5.0,10.0,5.0,0.0,3,1787.71
2878,2024-02-03,2023-24,Everton,Tottenham,1,2.0,2.0,14.0,9.0,5.0,6.0,9.0,8.0,3.0,0.0,1,1724.58
2878,2024-02-03,2023-24,Tottenham,Everton,0,2.0,2.0,9.0,14.0,6.0,5.0,5.0,14.0,0.0,0.0,1,1842.18
2879,2024-02-03,2023-24,Brighton,Crystal Palace,1,4.0,1.0,13.0,7.0,6.0,5.0,3.0,8.0,1.0,0.0,3,1794.08
2879,2024-02-03,2023-24,Crystal Palace,Brighton,0,1.0,4.0,7.0,13.0,5.0,6.0,2.0,14.0,3.0,0.0,0,1720.75
2880,2024-02-03,2023-24,Burnley,Fulham,1,2.0,2.0,12.0,15.0,4.0,7.0,2.0,11.0,2.0,0.0,1,1646.1
2880,2024-02-03,2023-24,Fulham,Burnley,0,2.0,2.0,15.0,12.0,7.0,4.0,13.0,7.0,2.0,0.0,1,1710.92
2881,2024-02-03,2023-24,Newcastle,Luton,1,4.0,4.0,19.0,11.0,6.0,8.0,8.0,13.0,2.0,0.0,1,1809.53
2881,2024-02-03,2023-24,Luton,Newcastle,0,4.0,4.0,11.0,19.0,8.0,6.0,2.0,16.0,2.0,0.0,1,1631.46
2882,2024-02-03,2023-24,Sheffield United,Aston Villa,1,0.0,5.0,10.0,14.0,5.0,10.0,3.0,10.0,1.0,0.0,0,1581.74
2882,2024-02-03,2023-24,Aston Villa,Sheffield United,0,5.0,0.0,14.0,10.0,10.0,5.0,4.0,7.0,0.0,0.0,3,1836.58
2883,2024-02-04,2023-24,Bournemouth,Nott'm Forest,1,1.0,1.0,9.0,8.0,2.0,6.0,11.0,19.0,3.0,1.0,1,1704.17
2883,2024-02-04,2023-24,Nott'm Forest,Bournemouth,0,1.0,1.0,8.0,9.0,6.0,2.0,6.0,12.0,2.0,0.0,1,1661.52
2884,2024-02-04,2023-24,Chelsea,Wolves,1,2.0,4.0,15.0,14.0,6.0,7.0,10.0,15.0,3.0,0.0,0,1777.44
2884,2024-02-04,2023-24,Wolves,Chelsea,0,4.0,2.0,14.0,15.0,7.0,6.0,1.0,11.0,2.0,0.0,3,1742.64
2885,2024-02-04,2023-24,Man United,West Ham,1,3.0,0.0,12.0,22.0,5.0,3.0,5.0,10.0,0.0,0.0,3,1787.71
2885,2024-02-04,2023-24,West Ham,Man United,0,0.0,3.0,22.0,12.0,3.0,5.0,8.0,5.0,1.0,0.0,0,1803.15
2886,2024-02-04,2023-24,Arsenal,Liverpool,1,3.0,1.0,15.0,10.0,7.0,1.0,2.0,11.0,6.0,0.0,3,1920.36
2886,2024-02-04,2023-24,Liverpool,Arsenal,0,1.0,3.0,10.0,15.0,1.0,7.0,4.0,11.0,2.0,1.0,0,1956.96
2887,2024-02-05,2023-24,Brentford,Man City,1,1.0,3.0,9.0,25.0,3.0,15.0,8.0,2.0,1.0,0.0,0,1741.56
2887,2024-02-05,2023-24,Man City,Brentford,0,3.0,1.0,25.0,9.0,15.0,3.0,13.0,4.0,0.0,0.0,3,2046.85
2888,2024-02-10,2023-24,Man City,Everton,1,2.0,0.0,19.0,5.0,3.0,1.0,9.0,6.0,0.0,0.0,3,2046.85
2888,2024-02-10,2023-24,Everton,Man City,0,0.0,2.0,5.0,19.0,1.0,3.0,0.0,11.0,2.0,0.0,0,1724.58
2889,2024-02-10,2023-24,Liverpool,Burnley,1,3.0,1.0,25.0,9.0,10.0,4.0,9.0,11.0,3.0,0.0,3,1956.96
2889,2024-02-10,2023-24,Burnley,Liverpool,0,1.0,3.0,9.0,25.0,4.0,10.0,3.0,13.0,2.0,0.0,0,1646.1
2890,2024-02-10,2023-24,Tottenham,Brighton,1,2.0,1.0,16.0,6.0,6.0,3.0,9.0,14.0,2.0,0.0,3,1842.18
2890,2024-02-10,2023-24,Brighton,Tottenham,0,1.0,2.0,6.0,16.0,3.0,6.0,6.0,13.0,3.0,0.0,0,1794.08
2891,2024-02-10,2023-24,Fulham,Bournemouth,1,3.0,1.0,7.0,25.0,6.0,4.0,1.0,11.0,1.0,0.0,3,1710.92
2891,2024-02-10,2023-24,Bournemouth,Fulham,0,1.0,3.0,25.0,7.0,4.0,6.0,14.0,11.0,2.0,0.0,0,1704.17
2892,2024-02-10,2023-24,Nott'm Forest,Newcastle,1,2.0,3.0,13.0,7.0,3.0,5.0,4.0,9.0,1.0,0.0,0,1661.52
2892,2024-02-10,2023-24,Newcastle,Nott'm Forest,0,3.0,2.0,7.0,13.0,5.0,3.0,4.0,6.0,2.0,0.0,3,1809.53
2893,2024-02-10,2023-24,Wolves,Brentford,1,0.0,2.0,17.0,9.0,5.0,6.0,7.0,11.0,2.0,0.0,0,1742.64
2893,2024-02-10,2023-24,Brentford,Wolves,0,2.0,0.0,9.0,17.0,6.0,5.0,4.0,9.0,3.0,0.0,3,1741.56
2894,2024-02-10,2023-24,Luton,Sheffield United,1,1.0,3.0,20.0,7.0,5.0,3.0,13.0,7.0,1.0,0.0,0,1631.46
2894,2024-02-10,2023-24,Sheffield United,Luton,0,3.0,1.0,7.0,20.0,3.0,5.0,1.0,12.0,2.0,0.0,3,1581.74
2895,2024-02-11,2023-24,West Ham,Arsenal,1,0.0,6.0,5.0,25.0,1.0,12.0,2.0,17.0,4.0,0.0,0,1803.15
2895,2024-02-11,2023-24,Arsenal,West Ham,0,6.0,0.0,25.0,5.0,12.0,1.0,6.0,11.0,0.0,0.0,3,1920.36
2896,2024-02-11,2023-24,Aston Villa,Man United,1,1.0,2.0,23.0,17.0,10.0,5.0,10.0,9.0,3.0,0.0,0,1836.58
2896,2024-02-11,2023-24,Man United,Aston Villa,0,2.0,1.0,17.0,23.0,5.0,10.0,8.0,7.0,2.0,0.0,3,1787.71
2897,2024-02-12,2023-24,Crystal Palace,Chelsea,1,1.0,3.0,13.0,14.0,4.0,5.0,1.0,14.0,2.0,0.0,0,1720.75
2897,2024-02-12,2023-24,Chelsea,Crystal Palace,0,3.0,1.0,14.0,13.0,5.0,4.0,7.0,7.0,2.0,0.0,3,1777.44
2898,2024-02-17,2023-24,Tottenham,Wolves,1,1.0,2.0,15.0,12.0,4.0,7.0,10.0,8.0,0.0,0.0,0,1846.06
2898,2024-02-17,2023-24,Wolves,Tottenham,0,2.0,1.0,12.0,15.0,7.0,4.0,4.0,13.0,1.0,0.0,3,1735.65
2899,2024-02-17,2023-24,Man City,Chelsea,1,1.0,1.0,31.0,9.0,5.0,6.0,12.0,7.0,1.0,0.0,1,2053.2
2899,2024-02-17,2023-24,Chelsea,Man City,0,1.0,1.0,9.0,31.0,6.0,5.0,1.0,12.0,3.0,0.0,1,1774.07
2900,2024-02-17,2023-24,Brentford,Liverpool,1,1.0,4.0,15.0,15.0,6.0,8.0,1.0,4.0,2.0,0.0,0,1751.81
2900,2024-02-17,2023-24,Liverpool,Brentford,0,4.0,1.0,15.0,15.0,8.0,6.0,6.0,18.0,1.0,0.0,3,1948.84
2901,2024-02-17,2023-24,Burnley,Arsenal,1,0.0,5.0,8.0,16.0,0.0,7.0,4.0,11.0,2.0,0.0,0,1644.39
2901,2024-02-17,2023-24,Arsenal,Burnley,0,5.0,0.0,16.0,8.0,7.0,0.0,6.0,8.0,1.0,0.0,3,1944.81
2902,2024-02-17,2023-24,Fulham,Aston Villa,1,1.0,2.0,15.0,12.0,4.0,3.0,4.0,11.0,5.0,0.0,0,1719.99
2902,2024-02-17,2023-24,Aston Villa,Fulham,0,2.0,1.0,12.0,15.0,3.0,4.0,4.0,6.0,2.0,0.0,3,1834.22
2903,2024-02-17,2023-24,Newcastle,Bournemouth,1,2.0,2.0,17.0,12.0,5.0,7.0,4.0,9.0,1.0,0.0,1,1809.64
2903,2024-02-17,2023-24,Bournemouth,Newcastle,0,2.0,2.0,12.0,17.0,7.0,5.0,2.0,22.0,3.0,0.0,1,1696.6
2904,2024-02-17,2023-24,Nott'm Forest,West Ham,1,2.0,0.0,19.0,10.0,8.0,3.0,5.0,13.0,4.0,0.0,3,1658.76
2904,2024-02-17,2023-24,West Ham,Nott'm Forest,0,0.0,2.0,10.0,19.0,3.0,8.0,3.0,15.0,4.0,1.0,0,1773.71
2905,2024-02-18,2023-24,Sheffield United,Brighton,1,0.0,5.0,6.0,24.0,1.0,10.0,5.0,3.0,1.0,1.0,0,1589.72
2905,2024-02-18,2023-24,Brighton,Sheffield United,0,5.0,0.0,24.0,6.0,10.0,1.0,10.0,5.0,4.0,0.0,3,1797.19
2906,2024-02-18,2023-24,Luton,Man United,1,1.0,2.0,22.0,21.0,4.0,9.0,8.0,7.0,3.0,0.0,0,1621.88
2906,2024-02-18,2023-24,Man United,Luton,0,2.0,1.0,21.0,22.0,9.0,4.0,6.0,21.0,5.0,0.0,3,1818.22
2907,2024-02-19,2023-24,Everton,Crystal Palace,1,1.0,1.0,19.0,10.0,4.0,4.0,3.0,8.0,0.0,0.0,1,1724.62
2907,2024-02-19,2023-24,Crystal Palace,Everton,0,1.0,1.0,10.0,19.0,4.0,4.0,6.0,12.0,2.0,0.0,1,1700.97
2908,2024-02-20,2023-24,Man City,Brentford,1,1.0,0.0,25.0,6.0,11.0,2.0,10.0,12.0,2.0,0.0,3,2053.2
2908,2024-02-20,2023-24,Brentford,Man City,0,0.0,1.0,6.0,25.0,2.0,11.0,1.0,6.0,4.0,0.0,0,1751.81
2909,2024-02-21,2023-24,Liverpool,Luton,1,4.0,1.0,29.0,12.0,13.0,3.0,13.0,15.0,1.0,0.0,3,1948.84
2909,2024-02-21,2023-24,Luton,Liverpool,0,1.0,4.0,12.0,29.0,3.0,13.0,4.0,14.0,4.0,0.0,0,1621.88
2910,2024-02-24,2023-24,Aston Villa,Nott'm Forest,1,4.0,2.0,16.0,10.0,6.0,3.0,7.0,7.0,1.0,0.0,3,1834.22
2910,2024-02-24,2023-24,Nott'm Forest,Aston Villa,0,2.0,4.0,10.0,16.0,3.0,6.0,2.0,16.0,2.0,0.0,0,1658.76
2911,2024-02-24,2023-24,Brighton,Everton,1,1.0,1.0,23.0,6.0,7.0,3.0,11.0,9.0,2.0,1.0,1,1797.19
2911,2024-02-24,2023-24,Everton,Brighton,0,1.0,1.0,6.0,23.0,3.0,7.0,3.0,14.0,3.0,0.0,1,1724.62
2912,2024-02-24,2023-24,Crystal Palace,Burnley,1,3.0,0.0,15.0,2.0,6.0,0.0,12.0,8.0,3.0,0.0,3,1700.97
2912,2024-02-24,2023-24,Burnley,Crystal Palace,0,0.0,3.0,2.0,15.0,0.0,6.0,3.0,13.0,1.0,1.0,0,1644.39
2913,2024-02-24,2023-24,Man United,Fulham,1,1.0,2.0,21.0,17.0,9.0,5.0,10.0,6.0,2.0,0.0,0,1818.22
2913,2024-02-24,2023-24,Fulham,Man United,0,2.0,1.0,17.0,21.0,5.0,9.0,9.0,11.0,5.0,0.0,3,1719.99
2914,2024-02-24,2023-24,Bournemouth,Man City,1,0.0,1.0,13.0,15.0,4.0,6.0,3.0,14.0,2.0,0.0,0,1696.6
2914,2024-02-24,2023-24,Man City,Bournemouth,0,1.0,0.0,15.0,13.0,6.0,4.0,8.0,6.0,2.0,0.0,3,2053.2
2915,2024-02-24,2023-24,Arsenal,Newcastle,1,4.0,1.0,18.0,3.0,8.0,2.0,9.0,15.0,1.0,0.0,3,1944.81
2915,2024-02-24,2023-24,Newcastle,Arsenal,0,1.0,4.0,3.0,18.0,2.0,8.0,0.0,6.0,0.0,0.0,0,1809.64
2916,2024-02-25,2023-24,Wolves,Sheffield United,1,1.0,0.0,13.0,12.0,2.0,4.0,5.0,8.0,2.0,0.0,3,1735.65
2916,2024-02-25,2023-24,Sheffield United,Wolves,0,0.0,1.0,12.0,13.0,4.0,2.0,6.0,4.0,1.0,0.0,0,1589.72
2917,2024-02-26,2023-24,West Ham,Brentford,1,4.0,2.0,17.0,14.0,6.0,8.0,1.0,5.0,1.0,0.0,3,1773.71
2917,2024-02-26,2023-24,Brentford,West Ham,0,2.0,4.0,14.0,17.0,8.0,6.0,7.0,9.0,2.0,0.0,0,1751.81
2918,2024-03-02,2023-24,Everton,West Ham,1,1.0,3.0,22.0,12.0,11.0,5.0,4.0,9.0,1.0,0.0,0,1724.86
2918,2024-03-02,2023-24,West Ham,Everton,0,3.0,1.0,12.0,22.0,5.0,11.0,5.0,6.0,2.0,0.0,3,1768.29
2919,2024-03-02,2023-24,Brentford,Chelsea,1,2.0,2.0,14.0,17.0,5.0,6.0,0.0,10.0,3.0,0.0,1,1732.08
2919,2024-03-02,2023-24,Chelsea,Brentford,0,2.0,2.0,17.0,14.0,6.0,5.0,6.0,9.0,1.0,0.0,1,1780.22
2920,2024-03-02,2023-24,Tottenham,Crystal Palace,1,3.0,1.0,14.0,4.0,6.0,1.0,11.0,7.0,1.0,0.0,3,1832.72
2920,2024-03-02,2023-24,Crystal Palace,Tottenham,0,1.0,3.0,4.0,14.0,1.0,6.0,1.0,16.0,2.0,0.0,0,1710.93
2921,2024-03-02,2023-24,Fulham,Brighton,1,3.0,0.0,12.0,15.0,5.0,5.0,2.0,16.0,1.0,0.0,3,1724.17
2921,2024-03-02,2023-24,Brighton,Fulham,0,0.0,3.0,15.0,12.0,5.0,5.0,6.0,10.0,2.0,0.0,0,1801.61
2922,2024-03-02,2023-24,Luton,Aston Villa,1,2.0,3.0,13.0,12.0,5.0,8.0,8.0,8.0,1.0,0.0,0,1613.98
2922,2024-03-02,2023-24,Aston Villa,Luton,0,3.0,2.0,12.0,13.0,8.0,5.0,6.0,19.0,4.0,0.0,3,1843.88
2923,2024-03-02,2023-24,Newcastle,Wolves,1,3.0,0.0,14.0,12.0,7.0,3.0,3.0,8.0,0.0,0.0,3,1797.59
2923,2024-03-02,2023-24,Wolves,Newcastle,0,0.0,3.0,12.0,14.0,3.0,7.0,5.0,11.0,1.0,0.0,0,1749.7
2924,2024-03-02,2023-24,Nott'm Forest,Liverpool,1,0.0,1.0,8.0,22.0,2.0,2.0,3.0,11.0,2.0,0.0,0,1666.19
2924,2024-03-02,2023-24,Liverpool,Nott'm Forest,0,1.0,0.0,22.0,8.0,2.0,2.0,12.0,12.0,2.0,0.0,3,1957.48
2925,2024-03-03,2023-24,Burnley,Bournemouth,1,0.0,2.0,20.0,10.0,6.0,3.0,7.0,8.0,2.0,0.0,0,1627.76
2925,2024-03-03,2023-24,Bournemouth,Burnley,0,2.0,0.0,10.0,20.0,3.0,6.0,2.0,13.0,4.0,0.0,3,1697.8
2926,2024-03-03,2023-24,Man City,Man United,1,3.0,1.0,27.0,3.0,8.0,1.0,15.0,5.0,0.0,0.0,3,2048.0
2926,2024-03-03,2023-24,Man United,Man City,0,1.0,3.0,3.0,27.0,1.0,8.0,2.0,10.0,1.0,0.0,0,1809.47
2927,2024-03-04,2023-24,Sheffield United,Arsenal,1,0.0,6.0,4.0,22.0,0.0,10.0,0.0,11.0,1.0,0.0,0,1575.9
2927,2024-03-04,2023-24,Arsenal,Sheffield United,0,6.0,0.0,22.0,4.0,10.0,0.0,7.0,4.0,0.0,0.0,3,1951.69
2928,2024-03-09,2023-24,Man United,Everton,1,2.0,0.0,15.0,23.0,8.0,6.0,5.0,13.0,1.0,0.0,3,1809.47
2928,2024-03-09,2023-24,Everton,Man United,0,0.0,2.0,23.0,15.0,6.0,8.0,8.0,11.0,2.0,0.0,0,1724.86
2929,2024-03-09,2023-24,Bournemouth,Sheffield United,1,2.0,2.0,32.0,13.0,12.0,9.0,10.0,12.0,3.0,0.0,1,1697.8
2929,2024-03-09,2023-24,Sheffield United,Bournemouth,0,2.0,2.0,13.0,32.0,9.0,12.0,3.0,11.0,5.0,0.0,1,1575.9
2930,2024-03-09,2023-24,Crystal Palace,Luton,1,1.0,1.0,21.0,8.0,4.0,2.0,8.0,20.0,2.0,0.0,1,1710.93
2930,2024-03-09,2023-24,Luton,Crystal Palace,0,1.0,1.0,8.0,21.0,2.0,4.0,6.0,11.0,3.0,0.0,1,1613.98
2931,2024-03-09,2023-24,Wolves,Fulham,1,2.0,1.0,8.0,23.0,3.0,6.0,3.0,7.0,2.0,0.0,3,1749.7
2931,2024-03-09,2023-24,Fulham,Wolves,0,1.0,2.0,23.0,8.0,6.0,3.0,4.0,11.0,2.0,0.0,0,1724.17
2932,2024-03-09,2023-24,Arsenal,Brentford,1,2.0,1.0,17.0,9.0,6.0,4.0,10.0,9.0,2.0,0.0,3,1951.69
2932,2024-03-09,2023-24,Brentford,Arsenal,0,1.0,2.0,9.0,17.0,4.0,6.0,4.0,10.0,4.0,0.0,0,1732.08
2933,2024-03-10,2023-24,Aston Villa,Tottenham,1,0.0,4.0,10.0,9.0,1.0,5.0,6.0,11.0,0.0,1.0,0,1843.88
2933,2024-03-10,2023-24,Tottenham,Aston Villa,0,4.0,0.0,9.0,10.0,5.0,1.0,4.0,15.0,2.0,0.0,3,1832.72
2934,2024-03-10,2023-24,Brighton,Nott'm Forest,1,1.0,0.0,10.0,9.0,3.0,4.0,6.0,14.0,4.0,0.0,3,1801.61
2934,2024-03-10,2023-24,Nott'm Forest,Brighton,0,0.0,1.0,9.0,10.0,4.0,3.0,3.0,14.0,4.0,0.0,0,1666.19
2935,2024-03-10,2023-24,West Ham,Burnley,1,2.0,2.0,22.0,11.0,4.0,4.0,4.0,11.0,2.0,0.0,1,1768.29
2935,2024-03-10,2023-24,Burnley,West Ham,0,2.0,2.0,11.0,22.0,4.0,4.0,4.0,18.0,4.0,0.0,1,1627.76
2936,2024-03-10,2023-24,Liverpool,Man City,1,1.0,1.0,19.0,10.0,6.0,6.0,7.0,6.0,0.0,0.0,1,1957.48
2936,2024-03-10,2023-24,Man City,Liverpool,0,1.0,1.0,10.0,19.0,6.0,6.0,4.0,10.0,3.0,0.0,1,2048.0
2937,2024-03-11,2023-24,Chelsea,Newcastle,1,3.0,2.0,12.0,11.0,8.0,3.0,0.0,12.0,3.0,0.0,3,1780.22
2937,2024-03-11,2023-24,Newcastle,Chelsea,0,2.0,3.0,11.0,12.0,3.0,8.0,4.0,7.0,1.0,0.0,0,1797.59
2938,2024-03-13,2023-24,Bournemouth,Luton,1,4.0,3.0,24.0,8.0,10.0,4.0,11.0,16.0,1.0,0.0,3,1697.8
2938,2024-03-13,2023-24,Luton,Bournemouth,0,3.0,4.0,8.0,24.0,4.0,10.0,3.0,11.0,2.0,0.0,0,1613.98
2939,2024-03-16,2023-24,Burnley,Brentford,1,2.0,1.0,17.0,9.0,6.0,5.0,5.0,14.0,2.0,0.0,3,1624.47
2939,2024-03-16,2023-24,Brentford,Burnley,0,1.0,2.0,9.0,17.0,5.0,6.0,4.0,17.0,4.0,1.0,0,1731.64
2940,2024-03-16,2023-24,Luton,Nott'm Forest,1,1.0,1.0,10.0,16.0,4.0,6.0,6.0,10.0,1.0,0.0,1,1611.21
2940,2024-03-16,2023-24,Nott'm Forest,Luton,0,1.0,1.0,16.0,10.0,6.0,4.0,7.0,17.0,2.0,0.0,1,1661.09
2941,2024-03-16,2023-24,Fulham,Tottenham,1,3.0,0.0,16.0,14.0,7.0,5.0,4.0,9.0,2.0,0.0,3,1734.47
2941,2024-03-16,2023-24,Tottenham,Fulham,0,0.0,3.0,14.0,16.0,5.0,7.0,5.0,10.0,3.0,0.0,0,1858.81
2942,2024-03-17,2023-24,West Ham,Aston Villa,1,1.0,1.0,13.0,13.0,5.0,5.0,7.0,13.0,3.0,0.0,1,1791.08
2942,2024-03-17,2023-24,Aston Villa,West Ham,0,1.0,1.0,13.0,13.0,5.0,5.0,11.0,12.0,3.0,0.0,1,1836.8
2943,2024-03-30,2023-24,Tottenham,Luton,1,2.0,1.0,17.0,7.0,4.0,3.0,3.0,16.0,2.0,0.0,3,1858.81
2943,2024-03-30,2023-24,Luton,Tottenham,0,1.0,2.0,7.0,17.0,3.0,4.0,6.0,14.0,4.0,0.0,0,1611.21
2944,2024-03-30,2023-24,Aston Villa,Wolves,1,2.0,0.0,11.0,13.0,5.0,3.0,5.0,11.0,3.0,0.0,3,1836.8
2944,2024-03-30,2023-24,Wolves,Aston Villa,0,0.0,2.0,13.0,11.0,3.0,5.0,4.0,19.0,4.0,0.0,0,1748.54
2945,2024-03-30,2023-24,Newcastle,West Ham,1,4.0,3.0,24.0,10.0,9.0,4.0,3.0,9.0,1.0,1.0,3,1801.73
2945,2024-03-30,2023-24,West Ham,Newcastle,0,3.0,4.0,10.0,24.0,4.0,9.0,4.0,8.0,1.0,0.0,0,1791.08
2946,2024-03-30,2023-24,Bournemouth,Everton,1,2.0,1.0,11.0,7.0,4.0,3.0,9.0,14.0,1.0,0.0,3,1709.96
2946,2024-03-30,2023-24,Everton,Bournemouth,0,1.0,2.0,7.0,11.0,3.0,4.0,8.0,11.0,2.0,0.0,0,1708.61
2947,2024-03-30,2023-24,Chelsea,Burnley,1,2.0,2.0,33.0,18.0,13.0,7.0,12.0,12.0,2.0,0.0,1,1789.41
2947,2024-03-30,2023-24,Burnley,Chelsea,0,2.0,2.0,18.0,33.0,7.0,13.0,4.0,7.0,2.0,1.0,1,1624.47
2948,2024-03-30,2023-24,Nott'm Forest,Crystal Palace,1,1.0,1.0,12.0,10.0,5.0,3.0,4.0,14.0,1.0,0.0,1,1661.09
2948,2024-03-30,2023-24,Crystal Palace,Nott'm Forest,0,1.0,1.0,10.0,12.0,3.0,5.0,6.0,12.0,1.0,0.0,1,1703.25
2949,2024-03-30,2023-24,Sheffield United,Fulham,1,3.0,3.0,8.0,24.0,4.0,9.0,2.0,10.0,4.0,0.0,1,1578.46
2949,2024-03-30,2023-24,Fulham,Sheffield United,0,3.0,3.0,24.0,8.0,9.0,4.0,15.0,13.0,1.0,0.0,1,1734.47
2950,2024-03-30,2023-24,Brentford,Man United,1,1.0,1.0,31.0,11.0,5.0,5.0,14.0,7.0,2.0,0.0,1,1731.64
2950,2024-03-30,2023-24,Man United,Brentford,0,1.0,1.0,11.0,31.0,5.0,5.0,4.0,14.0,2.0,0.0,1,1814.69
2951,2024-03-31,2023-24,Liverpool,Brighton,1,2.0,1.0,30.0,9.0,8.0,3.0,8.0,20.0,5.0,0.0,3,1967.72
2951,2024-03-31,2023-24,Brighton,Liverpool,0,1.0,2.0,9.0,30.0,3.0,8.0,4.0,6.0,3.0,0.0,0,1775.9
2952,2024-03-31,2023-24,Man City,Arsenal,1,0.0,0.0,12.0,6.0,1.0,2.0,7.0,9.0,0.0,0.0,1,2052.31
2952,2024-03-31,2023-24,Arsenal,Man City,0,0.0,0.0,6.0,12.0,2.0,1.0,4.0,20.0,2.0,0.0,1,1956.66
2953,2024-04-02,2023-24,Newcastle,Everton,1,1.0,1.0,18.0,10.0,6.0,3.0,7.0,9.0,0.0,0.0,1,1808.21
2953,2024-04-02,2023-24,Everton,Newcastle,0,1.0,1.0,10.0,18.0,3.0,6.0,3.0,14.0,3.0,0.0,1,1701.78
2954,2024-04-02,2023-24,Nott'm Forest,Fulham,1,3.0,1.0,16.0,18.0,4.0,3.0,3.0,7.0,0.0,0.0,3,1660.84
2954,2024-04-02,2023-24,Fulham,Nott'm Forest,0,1.0,3.0,18.0,16.0,3.0,4.0,8.0,8.0,0.0,0.0,0,1748.07
2955,2024-04-02,2023-24,Bournemouth,Crystal Palace,1,1.0,0.0,11.0,3.0,6.0,2.0,9.0,13.0,3.0,0.0,3,1716.79
2955,2024-04-02,2023-24,Crystal Palace,Bournemouth,0,0.0,1.0,3.0,11.0,2.0,6.0,2.0,14.0,2.0,0.0,0,1703.35
2956,2024-04-02,2023-24,Burnley,Wolves,1,1.0,1.0,13.0,8.0,6.0,2.0,7.0,10.0,0.0,0.0,1,1639.1
2956,2024-04-02,2023-24,Wolves,Burnley,0,1.0,1.0,8.0,13.0,2.0,6.0,4.0,12.0,2.0,0.0,1,1741.85
2957,2024-04-02,2023-24,West Ham,Tottenham,1,1.0,1.0,11.0,13.0,4.0,4.0,9.0,13.0,1.0,0.0,1,1784.58
2957,2024-04-02,2023-24,Tottenham,West Ham,0,1.0,1.0,13.0,11.0,4.0,4.0,5.0,9.0,4.0,0.0,1,1843.99
2958,2024-04-03,2023-24,Arsenal,Luton,1,2.0,0.0,13.0,5.0,4.0,1.0,3.0,12.0,1.0,0.0,3,1960.57
2958,2024-04-03,2023-24,Luton,Arsenal,0,0.0,2.0,5.0,13.0,1.0,4.0,1.0,8.0,1.0,0.0,0,1609.06
2959,2024-04-03,2023-24,Brentford,Brighton,1,0.0,0.0,5.0,24.0,2.0,6.0,1.0,9.0,1.0,0.0,1,1723.56
2959,2024-04-03,2023-24,Brighton,Brentford,0,0.0,0.0,24.0,5.0,6.0,2.0,5.0,12.0,1.0,0.0,1,1773.14
2960,2024-04-03,2023-24,Man City,Aston Villa,1,4.0,1.0,25.0,8.0,11.0,3.0,2.0,6.0,1.0,0.0,3,2048.41
2960,2024-04-03,2023-24,Aston Villa,Man City,0,1.0,4.0,8.0,25.0,3.0,11.0,3.0,13.0,2.0,0.0,0,1843.52
2961,2024-04-04,2023-24,Liverpool,Sheffield United,1,3.0,1.0,29.0,8.0,9.0,3.0,13.0,6.0,0.0,0.0,3,1970.48
2961,2024-04-04,2023-24,Sheffield United,Liverpool,0,1.0,3.0,8.0,29.0,3.0,9.0,1.0,9.0,1.0,0.0,0,1581.97
2962,2024-04-04,2023-24,Chelsea,Man United,1,4.0,3.0,28.0,19.0,10.0,5.0,12.0,7.0,3.0,0.0,3,1784.18
2962,2024-04-04,2023-24,Man United,Chelsea,0,3.0,4.0,19.0,28.0,5.0,10.0,3.0,15.0,0.0,0.0,0,1813.36
2963,2024-04-06,2023-24,Everton,Burnley,1,1.0,0.0,12.0,6.0,3.0,1.0,3.0,11.0,2.0,0.0,3,1701.78
2963,2024-04-06,2023-24,Burnley,Everton,0,0.0,1.0,6.0,12.0,1.0,3.0,5.0,13.0,1.0,1.0,0,1639.1
2964,2024-04-06,2023-24,Crystal Palace,Man City,1,2.0,4.0,7.0,18.0,4.0,8.0,2.0,13.0,1.0,0.0,0,1703.35
2964,2024-04-06,2023-24,Man City,Crystal Palace,0,4.0,2.0,18.0,7.0,8.0,4.0,9.0,3.0,1.0,0.0,3,2048.41
2965,2024-04-06,2023-24,Aston Villa,Brentford,1,3.0,3.0,11.0,8.0,3.0,3.0,11.0,15.0,2.0,0.0,1,1843.52
2965,2024-04-06,2023-24,Brentford,Aston Villa,0,3.0,3.0,8.0,11.0,3.0,3.0,3.0,11.0,2.0,0.0,1,1723.56
2966,2024-04-06,2023-24,Fulham,Newcastle,1,0.0,1.0,14.0,12.0,4.0,5.0,14.0,10.0,1.0,0.0,0,1748.07
2966,2024-04-06,2023-24,Newcastle,Fulham,0,1.0,0.0,12.0,14.0,5.0,4.0,3.0,13.0,2.0,0.0,3,1808.21
2967,2024-04-06,2023-24,Wolves,West Ham,1,1.0,2.0,14.0,11.0,7.0,4.0,4.0,15.0,5.0,0.0,0,1741.85
2967,2024-04-06,2023-24,West Ham,Wolves,0,2.0,1.0,11.0,14.0,4.0,7.0,4.0,7.0,2.0,0.0,3,1784.58
2968,2024-04-06,2023-24,Brighton,Arsenal,1,0.0,3.0,10.0,20.0,2.0,7.0,8.0,14.0,1.0,0.0,0,1773.14
2968,2024-04-06,2023-24,Arsenal,Brighton,0,3.0,0.0,20.0,10.0,7.0,2.0,7.0,13.0,2.0,0.0,3,1960.57
2969,2024-04-06,2023-24,Luton,Bournemouth,1,2.0,1.0,19.0,8.0,9.0,1.0,7.0,7.0,0.0,0.0,3,1609.06
2969,2024-04-06,2023-24,Bournemouth,Luton,0,1.0,2.0,8.0,19.0,1.0,9.0,2.0,14.0,0.0,0.0,0,1716.79
2970,2024-04-07,2023-24,Man United,Liverpool,1,2.0,2.0,9.0,28.0,5.0,7.0,6.0,9.0,5.0,0.0,1,1813.36
2970,2024-04-07,2023-24,Liverpool,Man United,0,2.0,2.0,28.0,9.0,7.0,5.0,11.0,10.0,2.0,0.0,1,1970.48
2971,2024-04-07,2023-24,Sheffield United,Chelsea,1,2.0,2.0,11.0,6.0,6.0,3.0,7.0,12.0,4.0,0.0,1,1581.97
2971,2024-04-07,2023-24,Chelsea,Sheffield United,0,2.0,2.0,6.0,11.0,3.0,6.0,6.0,10.0,2.0,0.0,1,1784.18
2972,2024-04-07,2023-24,Tottenham,Nott'm Forest,1,3.0,1.0,17.0,13.0,7.0,6.0,12.0,11.0,2.0,0.0,3,1843.99
2972,2024-04-07,2023-24,Nott'm Forest,Tottenham,0,1.0,3.0,13.0,17.0,6.0,7.0,2.0,12.0,3.0,0.0,0,1660.84
2973,2024-04-13,2023-24,Newcastle,Tottenham,1,4.0,0.0,18.0,11.0,5.0,2.0,16.0,14.0,0.0,0.0,3,1808.21
2973,2024-04-13,2023-24,Tottenham,Newcastle,0,0.0,4.0,11.0,18.0,2.0,5.0,3.0,12.0,4.0,0.0,0,1843.99
2974,2024-04-13,2023-24,Brentford,Sheffield United,1,2.0,0.0,9.0,8.0,5.0,2.0,3.0,8.0,3.0,0.0,3,1723.56
2974,2024-04-13,2023-24,Sheffield United,Brentford,0,0.0,2.0,8.0,9.0,2.0,5.0,6.0,11.0,1.0,0.0,0,1581.97
2975,2024-04-13,2023-24,Burnley,Brighton,1,1.0,1.0,11.0,20.0,3.0,8.0,4.0,18.0,1.0,0.0,1,1639.1
2975,2024-04-13,2023-24,Brighton,Burnley,0,1.0,1.0,20.0,11.0,8.0,3.0,5.0,8.0,2.0,0.0,1,1773.14
2976,2024-04-13,2023-24,Man City,Luton,1,5.0,1.0,33.0,4.0,13.0,2.0,12.0,7.0,1.0,0.0,3,2048.41
2976,2024-04-13,2023-24,Luton,Man City,0,1.0,5.0,4.0,33.0,2.0,13.0,1.0,6.0,0.0,0.0,0,1609.06
2977,2024-04-13,2023-24,Nott'm Forest,Wolves,1,2.0,2.0,18.0,11.0,9.0,4.0,10.0,15.0,2.0,0.0,1,1660.84
2977,2024-04-13,2023-24,Wolves,Nott'm Forest,0,2.0,2.0,11.0,18.0,4.0,9.0,1.0,10.0,3.0,0.0,1,1741.85
2978,2024-04-13,2023-24,Bournemouth,Man United,1,2.0,2.0,20.0,8.0,5.0,2.0,7.0,13.0,4.0,0.0,1,1716.79
2978,2024-04-13,2023-24,Man United,Bournemouth,0,2.0,2.0,8.0,20.0,2.0,5.0,2.0,14.0,0.0,0.0,1,1813.36
2979,2024-04-14,2023-24,Liverpool,Crystal Palace,1,0.0,1.0,21.0,8.0,6.0,5.0,11.0,10.0,1.0,0.0,0,1970.48
2979,2024-04-14,2023-24,Crystal Palace,Liverpool,0,1.0,0.0,8.0,21.0,5.0,6.0,1.0,10.0,1.0,0.0,3,1703.35
2980,2024-04-14,2023-24,West Ham,Fulham,1,0.0,2.0,15.0,18.0,4.0,10.0,8.0,6.0,1.0,0.0,0,1784.58
2980,2024-04-14,2023-24,Fulham,West Ham,0,2.0,0.0,18.0,15.0,10.0,4.0,3.0,13.0,2.0,0.0,3,1748.07
2981,2024-04-14,2023-24,Arsenal,Aston Villa,1,0.0,2.0,18.0,11.0,4.0,2.0,4.0,12.0,3.0,0.0,0,1960.57
2981,2024-04-14,2023-24,Aston Villa,Arsenal,0,2.0,0.0,11.0,18.0,2.0,4.0,6.0,7.0,1.0,0.0,3,1843.52
2982,2024-04-15,2023-24,Chelsea,Everton,1,6.0,0.0,14.0,10.0,10.0,2.0,4.0,5.0,1.0,0.0,3,1779.1
2982,2024-04-15,2023-24,Everton,Chelsea,0,0.0,6.0,10.0,14.0,2.0,10.0,8.0,21.0,4.0,0.0,0,1702.99
2983,2024-04-20,2023-24,Sheffield United,Burnley,1,1.0,4.0,18.0,16.0,11.0,9.0,11.0,10.0,1.0,0.0,0,1571.93
2983,2024-04-20,2023-24,Burnley,Sheffield United,0,4.0,1.0,16.0,18.0,9.0,11.0,2.0,9.0,0.0,0.0,3,1629.41
2984,2024-04-20,2023-24,Wolves,Arsenal,1,0.0,2.0,5.0,24.0,3.0,9.0,1.0,14.0,3.0,0.0,0,1723.57
2984,2024-04-20,2023-24,Arsenal,Wolves,0,2.0,0.0,24.0,5.0,9.0,3.0,2.0,9.0,2.0,0.0,3,1940.7
2985,2024-04-20,2023-24,Luton,Brentford,1,1.0,5.0,6.0,21.0,3.0,9.0,4.0,13.0,1.0,0.0,0,1607.52
2985,2024-04-20,2023-24,Brentford,Luton,0,5.0,1.0,21.0,6.0,9.0,3.0,9.0,9.0,2.0,0.0,3,1724.74
2986,2024-04-21,2023-24,Everton,Nott'm Forest,1,2.0,0.0,7.0,8.0,4.0,3.0,6.0,15.0,3.0,0.0,3,1702.99
2986,2024-04-21,2023-24,Nott'm Forest,Everton,0,0.0,2.0,8.0,7.0,3.0,4.0,4.0,9.0,2.0,0.0,0,1661.41
2987,2024-04-21,2023-24,Aston Villa,Bournemouth,1,3.0,1.0,14.0,14.0,4.0,6.0,8.0,8.0,1.0,0.0,3,1846.46
2987,2024-04-21,2023-24,Bournemouth,Aston Villa,0,1.0,3.0,14.0,14.0,6.0,4.0,4.0,14.0,3.0,0.0,0,1706.73
2988,2024-04-21,2023-24,Crystal Palace,West Ham,1,5.0,2.0,18.0,4.0,7.0,1.0,4.0,9.0,3.0,0.0,3,1700.9
2988,2024-04-21,2023-24,West Ham,Crystal Palace,0,2.0,5.0,4.0,18.0,1.0,7.0,0.0,9.0,2.0,0.0,0,1764.64
2989,2024-04-21,2023-24,Fulham,Liverpool,1,1.0,3.0,12.0,14.0,5.0,7.0,1.0,5.0,3.0,0.0,0,1735.09
2989,2024-04-21,2023-24,Liverpool,Fulham,0,3.0,1.0,14.0,12.0,7.0,5.0,4.0,11.0,0.0,0.0,3,1922.76
2990,2024-04-23,2023-24,Arsenal,Chelsea,1,5.0,0.0,27.0,7.0,10.0,1.0,4.0,12.0,2.0,0.0,3,1940.7
2990,2024-04-23,2023-24,Chelsea,Arsenal,0,0.0,5.0,7.0,27.0,1.0,10.0,2.0,11.0,2.0,0.0,0,1779.1
2991,2024-04-24,2023-24,Wolves,Bournemouth,1,0.0,1.0,15.0,21.0,4.0,6.0,8.0,10.0,4.0,0.0,0,1723.57
2991,2024-04-24,2023-24,Bournemouth,Wolves,0,1.0,0.0,21.0,15.0,6.0,4.0,12.0,17.0,1.0,1.0,3,1706.73
2992,2024-04-24,2023-24,Crystal Palace,Newcastle,1,2.0,0.0,20.0,7.0,7.0,2.0,7.0,10.0,3.0,0.0,3,1700.9
2992,2024-04-24,2023-24,Newcastle,Crystal Palace,0,0.0,2.0,7.0,20.0,2.0,7.0,2.0,15.0,3.0,0.0,0,1818.04
2993,2024-04-24,2023-24,Everton,Liverpool,1,2.0,0.0,16.0,23.0,6.0,7.0,4.0,6.0,0.0,0.0,3,1702.99
2993,2024-04-24,2023-24,Liverpool,Everton,0,0.0,2.0,23.0,16.0,7.0,6.0,13.0,13.0,3.0,0.0,0,1922.76
2994,2024-04-24,2023-24,Man United,Sheffield United,1,4.0,2.0,25.0,10.0,13.0,4.0,9.0,7.0,0.0,0.0,3,1799.7
2994,2024-04-24,2023-24,Sheffield United,Man United,0,2.0,4.0,10.0,25.0,4.0,13.0,4.0,9.0,1.0,0.0,0,1571.93
2995,2024-04-25,2023-24,Brighton,Man City,1,0.0,4.0,7.0,14.0,3.0,6.0,4.0,10.0,2.0,0.0,0,1754.88
2995,2024-04-25,2023-24,Man City,Brighton,0,4.0,0.0,14.0,7.0,6.0,3.0,4.0,3.0,0.0,0.0,3,2050.41
2996,2024-04-27,2023-24,West Ham,Liverpool,1,2.0,2.0,11.0,28.0,8.0,8.0,5.0,8.0,0.0,0.0,1,1764.64
2996,2024-04-27,2023-24,Liverpool,West Ham,0,2.0,2.0,28.0,11.0,8.0,8.0,8.0,10.0,2.0,0.0,1,1922.76
2997,2024-04-27,2023-24,Fulham,Crystal Palace,1,1.0,1.0,9.0,14.0,2.0,4.0,5.0,11.0,0.0,0.0,1,1735.09
2997,2024-04-27,2023-24,Crystal Palace,Fulham,0,1.0,1.0,14.0,9.0,4.0,2.0,9.0,15.0,2.0,0.0,1,1700.9
2998,2024-04-27,2023-24,Man United,Burnley,1,1.0,1.0,27.0,16.0,10.0,7.0,6.0,7.0,1.0,0.0,1,1799.7
2998,2024-04-27,2023-24,Burnley,Man United,0,1.0,1.0,16.0,27.0,7.0,10.0,5.0,11.0,3.0,0.0,1,1629.41
2999,2024-04-27,2023-24,Newcastle,Sheffield United,1,5.0,1.0,20.0,15.0,7.0,5.0,4.0,9.0,0.0,0.0,3,1818.04
2999,2024-04-27,2023-24,Sheffield United,Newcastle,0,1.0,5.0,15.0,20.0,5.0,7.0,5.0,10.0,0.0,0.0,0,1571.93
3000,2024-04-27,2023-24,Wolves,Luton,1,2.0,1.0,13.0,9.0,5.0,6.0,4.0,14.0,3.0,0.0,3,1723.57
3000,2024-04-27,2023-24,Luton,Wolves,0,1.0,2.0,9.0,13.0,6.0,5.0,4.0,14.0,1.0,0.0,0,1607.52
3001,2024-04-27,2023-24,Everton,Brentford,1,1.0,0.0,18.0,10.0,1.0,4.0,6.0,10.0,1.0,0.0,3,1702.99
3001,2024-04-27,2023-24,Brentford,Everton,0,0.0,1.0,10.0,18.0,4.0,1.0,6.0,12.0,2.0,0.0,0,1724.74
3002,2024-04-27,2023-24,Aston Villa,Chelsea,1,2.0,2.0,9.0,21.0,4.0,5.0,2.0,13.0,3.0,0.0,1,1846.46
3002,2024-04-27,2023-24,Chelsea,Aston Villa,0,2.0,2.0,21.0,9.0,5.0,4.0,4.0,14.0,5.0,0.0,1,1779.1
3003,2024-04-28,2023-24,Bournemouth,Brighton,1,3.0,0.0,15.0,13.0,6.0,1.0,8.0,14.0,2.0,0.0,3,1706.73
3003,2024-04-28,2023-24,Brighton,Bournemouth,0,0.0,3.0,13.0,15.0,1.0,6.0,2.0,10.0,2.0,0.0,0,1754.88
3004,2024-04-28,2023-24,Tottenham,Arsenal,1,2.0,3.0,14.0,9.0,2.0,3.0,8.0,12.0,2.0,0.0,0,1824.92
3004,2024-04-28,2023-24,Arsenal,Tottenham,0,3.0,2.0,9.0,14.0,3.0,2.0,6.0,16.0,1.0,0.0,3,1940.7
3005,2024-04-28,2023-24,Nott'm Forest,Man City,1,0.0,2.0,14.0,11.0,2.0,5.0,4.0,8.0,0.0,0.0,0,1661.41
3005,2024-04-28,2023-24,Man City,Nott'm Forest,0,2.0,0.0,11.0,14.0,5.0,2.0,5.0,6.0,0.0,0.0,3,2050.41
3006,2024-05-02,2023-24,Chelsea,Tottenham,1,2.0,0.0,16.0,19.0,5.0,3.0,4.0,12.0,0.0,0.0,3,1780.29
3006,2024-05-02,2023-24,Tottenham,Chelsea,0,0.0,2.0,19.0,16.0,3.0,5.0,9.0,16.0,1.0,0.0,0,1812.33
3007,2024-05-03,2023-24,Luton,Everton,1,1.0,1.0,18.0,10.0,5.0,3.0,8.0,14.0,1.0,0.0,1,1584.42
3007,2024-05-03,2023-24,Everton,Luton,0,1.0,1.0,10.0,18.0,3.0,5.0,7.0,12.0,3.0,0.0,1,1717.96
3008,2024-05-04,2023-24,Arsenal,Bournemouth,1,3.0,0.0,25.0,7.0,9.0,2.0,6.0,16.0,2.0,0.0,3,1945.49
3008,2024-05-04,2023-24,Bournemouth,Arsenal,0,0.0,3.0,7.0,25.0,2.0,9.0,1.0,12.0,3.0,0.0,0,1717.85
3009,2024-05-04,2023-24,Brentford,Fulham,1,0.0,0.0,7.0,15.0,3.0,3.0,7.0,3.0,1.0,0.0,1,1723.67
3009,2024-05-04,2023-24,Fulham,Brentford,0,0.0,0.0,15.0,7.0,3.0,3.0,6.0,6.0,1.0,0.0,1,1720.62
3010,2024-05-04,2023-24,Burnley,Newcastle,1,1.0,4.0,17.0,23.0,5.0,11.0,4.0,8.0,2.0,0.0,0,1642.13
3010,2024-05-04,2023-24,Newcastle,Burnley,0,4.0,1.0,23.0,17.0,11.0,5.0,11.0,8.0,2.0,0.0,3,1802.54
3011,2024-05-04,2023-24,Sheffield United,Nott'm Forest,1,1.0,3.0,17.0,15.0,5.0,4.0,5.0,9.0,0.0,1.0,0,1544.85
3011,2024-05-04,2023-24,Nott'm Forest,Sheffield United,0,3.0,1.0,15.0,17.0,4.0,5.0,3.0,7.0,1.0,0.0,3,1644.14
3012,2024-05-04,2023-24,Man City,Wolves,1,5.0,1.0,20.0,2.0,12.0,1.0,6.0,4.0,0.0,0.0,3,2046.36
3012,2024-05-04,2023-24,Wolves,Man City,0,1.0,5.0,2.0,20.0,1.0,12.0,0.0,17.0,4.0,0.0,0,1705.41
3013,2024-05-05,2023-24,Brighton,Aston Villa,1,1.0,0.0,15.0,2.0,8.0,1.0,7.0,13.0,2.0,0.0,3,1729.74
3013,2024-05-05,2023-24,Aston Villa,Brighton,0,0.0,1.0,2.0,15.0,1.0,8.0,3.0,10.0,1.0,0.0,0,1835.85
3014,2024-05-05,2023-24,Chelsea,West Ham,1,5.0,0.0,25.0,13.0,14.0,2.0,8.0,12.0,1.0,0.0,3,1780.29
3014,2024-05-05,2023-24,West Ham,Chelsea,0,0.0,5.0,13.0,25.0,2.0,14.0,6.0,10.0,3.0,0.0,0,1744.92
3015,2024-05-05,2023-24,Liverpool,Tottenham,1,4.0,2.0,25.0,11.0,13.0,6.0,8.0,14.0,1.0,0.0,3,1902.74
3015,2024-05-05,2023-24,Tottenham,Liverpool,0,2.0,4.0,11.0,25.0,6.0,13.0,3.0,12.0,4.0,0.0,0,1812.33
3016,2024-05-06,2023-24,Crystal Palace,Man United,1,4.0,0.0,18.0,7.0,10.0,2.0,6.0,12.0,1.0,0.0,3,1723.38
3016,2024-05-06,2023-24,Man United,Crystal Palace,0,0.0,4.0,7.0,18.0,2.0,10.0,3.0,8.0,1.0,0.0,0,1790.74
3017,2024-05-11,2023-24,Fulham,Man City,1,0.0,4.0,1.0,16.0,1.0,9.0,1.0,9.0,1.0,1.0,0,1720.62
3017,2024-05-11,2023-24,Man City,Fulham,0,4.0,0.0,16.0,1.0,9.0,1.0,7.0,6.0,0.0,0.0,3,2046.36
3018,2024-05-11,2023-24,Bournemouth,Brentford,1,1.0,2.0,13.0,11.0,4.0,5.0,3.0,16.0,2.0,0.0,0,1717.85
3018,2024-05-11,2023-24,Brentford,Bournemouth,0,2.0,1.0,11.0,13.0,5.0,4.0,8.0,12.0,2.0,0.0,3,1723.67
3019,2024-05-11,2023-24,Everton,Sheffield United,1,1.0,0.0,15.0,13.0,6.0,1.0,3.0,6.0,1.0,0.0,3,1717.96
3019,2024-05-11,2023-24,Sheffield United,Everton,0,0.0,1.0,13.0,15.0,1.0,6.0,6.0,11.0,2.0,0.0,0,1544.85
3020,2024-05-11,2023-24,Newcastle,Brighton,1,1.0,1.0,18.0,15.0,7.0,4.0,8.0,9.0,3.0,0.0,1,1802.54
3020,2024-05-11,2023-24,Brighton,Newcastle,0,1.0,1.0,15.0,18.0,4.0,7.0,4.0,16.0,4.0,0.0,1,1729.74
3021,2024-05-11,2023-24,Tottenham,Burnley,1,2.0,1.0,21.0,7.0,9.0,3.0,9.0,10.0,3.0,0.0,3,1812.33
3021,2024-05-11,2023-24,Burnley,Tottenham,0,1.0,2.0,7.0,21.0,3.0,9.0,3.0,14.0,5.0,0.0,0,1642.13
3022,2024-05-11,2023-24,West Ham,Luton,1,3.0,1.0,24.0,4.0,8.0,1.0,7.0,9.0,1.0,0.0,3,1744.92
3022,2024-05-11,2023-24,Luton,West Ham,0,1.0,3.0,4.0,24.0,1.0,8.0,6.0,15.0,3.0,0.0,0,1584.42
3023,2024-05-11,2023-24,Wolves,Crystal Palace,1,1.0,3.0,13.0,13.0,7.0,3.0,8.0,13.0,3.0,0.0,0,1705.41
3023,2024-05-11,2023-24,Crystal Palace,Wolves,0,3.0,1.0,13.0,13.0,3.0,7.0,3.0,12.0,2.0,1.0,3,1723.38
3024,2024-05-11,2023-24,Nott'm Forest,Chelsea,1,2.0,3.0,20.0,12.0,4.0,5.0,5.0,14.0,2.0,0.0,0,1644.14
3024,2024-05-11,2023-24,Chelsea,Nott'm Forest,0,3.0,2.0,12.0,20.0,5.0,4.0,6.0,8.0,3.0,0.0,3,1780.29
3025,2024-05-12,2023-24,Man United,Arsenal,1,0.0,1.0,14.0,11.0,2.0,5.0,4.0,5.0,0.0,0.0,0,1790.74
3025,2024-05-12,2023-24,Arsenal,Man United,0,1.0,0.0,11.0,14.0,5.0,2.0,7.0,6.0,2.0,0.0,3,1945.49
3026,2024-05-13,2023-24,Aston Villa,Liverpool,1,3.0,3.0,19.0,14.0,5.0,7.0,5.0,11.0,1.0,0.0,1,1835.85
3026,2024-05-13,2023-24,Liverpool,Aston Villa,0,3.0,3.0,14.0,19.0,7.0,5.0,4.0,15.0,1.0,0.0,1,1902.74
3027,2024-05-14,2023-24,Tottenham,Man City,1,0.0,2.0,10.0,8.0,5.0,5.0,7.0,14.0,3.0,0.0,0,1812.33
3027,2024-05-14,2023-24,Man City,Tottenham,0,2.0,0.0,8.0,10.0,5.0,5.0,4.0,11.0,3.0,0.0,3,2046.36
3028,2024-05-15,2023-24,Brighton,Chelsea,1,1.0,2.0,12.0,13.0,2.0,6.0,4.0,13.0,2.0,0.0,0,1732.68
3028,2024-05-15,2023-24,Chelsea,Brighton,0,2.0,1.0,13.0,12.0,6.0,2.0,6.0,14.0,2.0,1.0,3,1798.52
3029,2024-05-15,2023-24,Man United,Newcastle,1,3.0,2.0,17.0,21.0,8.0,8.0,9.0,16.0,3.0,0.0,3,1759.74
3029,2024-05-15,2023-24,Newcastle,Man United,0,2.0,3.0,21.0,17.0,8.0,8.0,9.0,7.0,3.0,0.0,0,1798.56
3030,2024-05-19,2023-24,Arsenal,Everton,1,2.0,1.0,26.0,5.0,5.0,2.0,8.0,8.0,4.0,0.0,3,1944.71
3030,2024-05-19,2023-24,Everton,Arsenal,0,1.0,2.0,5.0,26.0,2.0,5.0,1.0,11.0,3.0,0.0,0,1709.04
3031,2024-05-19,2023-24,Brentford,Newcastle,1,2.0,4.0,10.0,12.0,5.0,7.0,3.0,15.0,4.0,0.0,0,1721.75
3031,2024-05-19,2023-24,Newcastle,Brentford,0,4.0,2.0,12.0,10.0,7.0,5.0,0.0,11.0,4.0,0.0,3,1798.56
3032,2024-05-19,2023-24,Brighton,Man United,1,0.0,2.0,17.0,11.0,3.0,4.0,7.0,10.0,1.0,0.0,0,1732.68
3032,2024-05-19,2023-24,Man United,Brighton,0,2.0,0.0,11.0,17.0,4.0,3.0,5.0,9.0,3.0,0.0,3,1759.74
3033,2024-05-19,2023-24,Burnley,Nott'm Forest,1,1.0,2.0,20.0,12.0,3.0,6.0,4.0,11.0,1.0,0.0,0,1620.34
3033,2024-05-19,2023-24,Nott'm Forest,Burnley,0,2.0,1.0,12.0,20.0,6.0,3.0,3.0,5.0,0.0,0.0,3,1638.63
3034,2024-05-19,2023-24,Chelsea,Bournemouth,1,2.0,1.0,16.0,22.0,6.0,5.0,6.0,5.0,2.0,0.0,3,1798.52
3034,2024-05-19,2023-24,Bournemouth,Chelsea,0,1.0,2.0,22.0,16.0,5.0,6.0,5.0,9.0,3.0,0.0,0,1695.08
3035,2024-05-19,2023-24,Crystal Palace,Aston Villa,1,5.0,0.0,15.0,8.0,9.0,2.0,2.0,10.0,1.0,0.0,3,1742.57
3035,2024-05-19,2023-24,Aston Villa,Crystal Palace,0,0.0,5.0,8.0,15.0,2.0,9.0,4.0,8.0,4.0,0.0,0,1787.57
3036,2024-05-19,2023-24,Liverpool,Wolves,1,2.0,0.0,36.0,4.0,14.0,3.0,10.0,14.0,1.0,0.0,3,1897.34
3036,2024-05-19,2023-24,Wolves,Liverpool,0,0.0,2.0,4.0,36.0,3.0,14.0,2.0,11.0,1.0,1.0,0,1681.21
3037,2024-05-19,2023-24,Luton,Fulham,1,2.0,4.0,15.0,15.0,6.0,7.0,4.0,15.0,5.0,0.0,0,1572.35
3037,2024-05-19,2023-24,Fulham,Luton,0,4.0,2.0,15.0,15.0,7.0,6.0,4.0,20.0,4.0,0.0,3,1707.9
3038,2024-05-19,2023-24,Man City,West Ham,1,3.0,1.0,28.0,3.0,12.0,2.0,11.0,3.0,0.0,0.0,3,2048.74
3038,2024-05-19,2023-24,West Ham,Man City,0,1.0,3.0,3.0,28.0,2.0,12.0,2.0,12.0,1.0,0.0,0,1728.07
3039,2024-05-19,2023-24,Sheffield United,Tottenham,1,0.0,3.0,6.0,18.0,1.0,9.0,2.0,11.0,2.0,0.0,0,1522.76
3039,2024-05-19,2023-24,Tottenham,Sheffield United,0,3.0,0.0,18.0,6.0,9.0,1.0,6.0,9.0,0.0,0.0,3,1784.97
3040,2024-08-16,2024-25,Man United,Fulham,1,1.0,0.0,14.0,10.0,5.0,2.0,7.0,12.0,2.0,0.0,3,1779.04
3040,2024-08-16,2024-25,Fulham,Man United,0,0.0,1.0,10.0,14.0,2.0,5.0,8.0,10.0,3.0,0.0,0,1716.28
3041,2024-08-17,2024-25,Everton,Brighton,1,0.0,3.0,9.0,10.0,1.0,5.0,1.0,8.0,1.0,1.0,0,1706.85
3041,2024-08-17,2024-25,Brighton,Everton,0,3.0,0.0,10.0,9.0,5.0,1.0,5.0,8.0,1.0,0.0,3,1713.16
3042,2024-08-17,2024-25,Arsenal,Wolves,1,2.0,0.0,18.0,9.0,6.0,3.0,8.0,17.0,2.0,0.0,3,1946.9
3042,2024-08-17,2024-25,Wolves,Arsenal,0,0.0,2.0,9.0,18.0,3.0,6.0,2.0,14.0,2.0,0.0,0,1677.86
3043,2024-08-17,2024-25,Ipswich,Liverpool,1,0.0,2.0,7.0,18.0,2.0,5.0,2.0,9.0,3.0,0.0,0,1568.33
3043,2024-08-17,2024-25,Liverpool,Ipswich,0,2.0,0.0,18.0,7.0,5.0,2.0,10.0,18.0,1.0,0.0,3,1900.69
3044,2024-08-17,2024-25,Nott'm Forest,Bournemouth,1,1.0,1.0,14.0,13.0,8.0,4.0,2.0,17.0,1.0,0.0,1,1647.71
3044,2024-08-17,2024-25,Bournemouth,Nott'm Forest,0,1.0,1.0,13.0,14.0,4.0,8.0,6.0,8.0,3.0,0.0,1,1691.12
3045,2024-08-17,2024-25,Newcastle,Southampton,1,1.0,0.0,3.0,19.0,1.0,4.0,3.0,15.0,2.0,1.0,3,1801.8
3045,2024-08-17,2024-25,Southampton,Newcastle,0,0.0,1.0,19.0,3.0,4.0,1.0,12.0,16.0,4.0,0.0,0,1599.6
3046,2024-08-17,2024-25,West Ham,Aston Villa,1,1.0,2.0,14.0,15.0,3.0,3.0,5.0,18.0,1.0,0.0,0,1726.24
3046,2024-08-17,2024-25,Aston Villa,West Ham,0,2.0,1.0,15.0,14.0,3.0,3.0,3.0,11.0,2.0,0.0,3,1770.44
3047,2024-08-18,2024-25,Brentford,Crystal Palace,1,2.0,1.0,9.0,14.0,5.0,6.0,4.0,6.0,1.0,0.0,3,1711.08
3047,2024-08-18,2024-25,Crystal Palace,Brentford,0,1.0,2.0,14.0,9.0,6.0,5.0,7.0,15.0,5.0,0.0,0,1759.71
3048,2024-08-18,2024-25,Chelsea,Man City,1,0.0,2.0,10.0,11.0,3.0,5.0,4.0,12.0,1.0,0.0,0,1810.12
3048,2024-08-18,2024-25,Man City,Chelsea,0,2.0,0.0,11.0,10.0,5.0,3.0,3.0,9.0,1.0,0.0,3,2050.57
3049,2024-08-19,2024-25,Leicester,Tottenham,1,1.0,1.0,7.0,15.0,3.0,7.0,2.0,11.0,1.0,0.0,1,1643.67
3049,2024-08-19,2024-25,Tottenham,Leicester,0,1.0,1.0,15.0,7.0,7.0,3.0,13.0,12.0,1.0,0.0,1,1790.56
3050,2024-08-24,2024-25,Brighton,Man United,1,2.0,1.0,14.0,11.0,5.0,4.0,4.0,9.0,1.0,0.0,3,1713.16
3050,2024-08-24,2024-25,Man United,Brighton,0,1.0,2.0,11.0,14.0,4.0,5.0,4.0,13.0,2.0,0.0,0,1779.04
3051,2024-08-24,2024-25,Crystal Palace,West Ham,1,0.0,2.0,14.0,18.0,2.0,3.0,3.0,9.0,1.0,0.0,0,1759.71
3051,2024-08-24,2024-25,West Ham,Crystal Palace,0,2.0,0.0,18.0,14.0,3.0,2.0,3.0,17.0,1.0,0.0,3,1726.24
3052,2024-08-24,2024-25,Fulham,Leicester,1,2.0,1.0,18.0,10.0,6.0,4.0,7.0,14.0,2.0,0.0,3,1716.28
3052,2024-08-24,2024-25,Leicester,Fulham,0,1.0,2.0,10.0,18.0,4.0,6.0,5.0,13.0,2.0,0.0,0,1643.67
3053,2024-08-24,2024-25,Man City,Ipswich,1,4.0,1.0,14.0,1.0,5.0,1.0,10.0,4.0,2.0,0.0,3,2050.57
3053,2024-08-24,2024-25,Ipswich,Man City,0,1.0,4.0,1.0,14.0,1.0,5.0,1.0,15.0,3.0,0.0,0,1568.33
3054,2024-08-24,2024-25,Southampton,Nott'm Forest,1,0.0,1.0,5.0,23.0,1.0,8.0,4.0,14.0,3.0,0.0,0,1599.6
3054,2024-08-24,2024-25,Nott'm Forest,Southampton,0,1.0,0.0,23.0,5.0,8.0,1.0,10.0,14.0,3.0,0.0,3,1647.71
3055,2024-08-24,2024-25,Tottenham,Everton,1,4.0,0.0,13.0,10.0,7.0,1.0,12.0,11.0,0.0,0.0,3,1790.56
3055,2024-08-24,2024-25,Everton,Tottenham,0,0.0,4.0,10.0,13.0,1.0,7.0,5.0,15.0,0.0,0.0,0,1706.85
3056,2024-08-24,2024-25,Aston Villa,Arsenal,1,0.0,2.0,11.0,9.0,3.0,4.0,4.0,8.0,1.0,0.0,0,1770.44
3056,2024-08-24,2024-25,Arsenal,Aston Villa,0,2.0,0.0,9.0,11.0,4.0,3.0,1.0,15.0,3.0,0.0,3,1946.9
3057,2024-08-25,2024-25,Liverpool,Brentford,1,2.0,0.0,19.0,8.0,8.0,2.0,9.0,10.0,2.0,0.0,3,1900.69
3057,2024-08-25,2024-25,Brentford,Liverpool,0,0.0,2.0,8.0,19.0,2.0,8.0,4.0,7.0,3.0,0.0,0,1711.08
3058,2024-08-25,2024-25,Bournemouth,Newcastle,1,1.0,1.0,16.0,14.0,4.0,5.0,8.0,19.0,2.0,0.0,1,1691.12
3058,2024-08-25,2024-25,Newcastle,Bournemouth,0,1.0,1.0,14.0,16.0,5.0,4.0,9.0,8.0,2.0,0.0,1,1801.8
3059,2024-08-25,2024-25,Wolves,Chelsea,1,2.0,6.0,12.0,14.0,4.0,8.0,5.0,13.0,2.0,0.0,0,1677.86
3059,2024-08-25,2024-25,Chelsea,Wolves,0,6.0,2.0,14.0,12.0,8.0,4.0,5.0,13.0,3.0,0.0,3,1810.12
3060,2024-08-31,2024-25,Arsenal,Brighton,1,1.0,1.0,11.0,22.0,7.0,4.0,3.0,12.0,3.0,1.0,1,1946.9
3060,2024-08-31,2024-25,Brighton,Arsenal,0,1.0,1.0,22.0,11.0,4.0,7.0,7.0,7.0,2.0,0.0,1,1713.16
3061,2024-08-31,2024-25,Brentford,Southampton,1,3.0,1.0,20.0,18.0,7.0,6.0,2.0,10.0,2.0,0.0,3,1711.08
3061,2024-08-31,2024-25,Southampton,Brentford,0,1.0,3.0,18.0,20.0,6.0,7.0,8.0,7.0,1.0,0.0,0,1599.6
3062,2024-08-31,2024-25,Everton,Bournemouth,1,2.0,3.0,18.0,17.0,8.0,7.0,8.0,6.0,2.0,0.0,0,1706.85
3062,2024-08-31,2024-25,Bournemouth,Everton,0,3.0,2.0,17.0,18.0,7.0,8.0,4.0,1.0,1.0,0.0,3,1691.12
3063,2024-08-31,2024-25,Ipswich,Fulham,1,1.0,1.0,11.0,9.0,4.0,4.0,8.0,15.0,2.0,0.0,1,1568.33
3063,2024-08-31,2024-25,Fulham,Ipswich,0,1.0,1.0,9.0,11.0,4.0,4.0,6.0,15.0,3.0,0.0,1,1716.28
3064,2024-08-31,2024-25,Leicester,Aston Villa,1,1.0,2.0,9.0,10.0,3.0,5.0,1.0,13.0,4.0,0.0,0,1643.67
3064,2024-08-31,2024-25,Aston Villa,Leicester,0,2.0,1.0,10.0,9.0,5.0,3.0,4.0,21.0,5.0,0.0,3,1770.44
3065,2024-08-31,2024-25,Nott'm Forest,Wolves,1,1.0,1.0,16.0,11.0,5.0,3.0,7.0,15.0,3.0,0.0,1,1647.71
3065,2024-08-31,2024-25,Wolves,Nott'm Forest,0,1.0,1.0,11.0,16.0,3.0,5.0,3.0,18.0,4.0,0.0,1,1677.86
3066,2024-08-31,2024-25,West Ham,Man City,1,1.0,3.0,10.0,23.0,2.0,8.0,3.0,10.0,3.0,0.0,0,1726.24
3066,2024-08-31,2024-25,Man City,West Ham,0,3.0,1.0,23.0,10.0,8.0,2.0,11.0,3.0,2.0,0.0,3,2050.57
3067,2024-09-01,2024-25,Chelsea,Crystal Palace,1,1.0,1.0,13.0,9.0,7.0,3.0,4.0,9.0,4.0,0.0,1,1818.39
3067,2024-09-01,2024-25,Crystal Palace,Chelsea,0,1.0,1.0,9.0,13.0,3.0,7.0,5.0,13.0,2.0,0.0,1,1737.58
3068,2024-09-01,2024-25,Newcastle,Tottenham,1,2.0,1.0,9.0,20.0,3.0,6.0,7.0,16.0,4.0,0.0,3,1803.01
3068,2024-09-01,2024-25,Tottenham,Newcastle,0,1.0,2.0,20.0,9.0,6.0,3.0,12.0,13.0,4.0,0.0,0,1796.9
3069,2024-09-01,2024-25,Man United,Liverpool,1,0.0,3.0,8.0,11.0,3.0,3.0,5.0,7.0,4.0,0.0,0,1776.54
3069,2024-09-01,2024-25,Liverpool,Man United,0,3.0,0.0,11.0,8.0,3.0,3.0,2.0,7.0,1.0,0.0,3,1908.05
3070,2024-09-14,2024-25,Crystal Palace,Leicester,1,2.0,2.0,20.0,9.0,4.0,4.0,5.0,11.0,0.0,0.0,1,1737.58
3070,2024-09-14,2024-25,Leicester,Crystal Palace,0,2.0,2.0,9.0,20.0,4.0,4.0,2.0,15.0,3.0,0.0,1,1635.53
3071,2024-09-14,2024-25,Fulham,West Ham,1,1.0,1.0,21.0,11.0,5.0,3.0,3.0,15.0,2.0,0.0,1,1713.83
3071,2024-09-14,2024-25,West Ham,Fulham,0,1.0,1.0,11.0,21.0,3.0,5.0,2.0,18.0,3.0,0.0,1,1729.66
3072,2024-09-14,2024-25,Brighton,Ipswich,1,0.0,0.0,21.0,6.0,6.0,1.0,9.0,14.0,4.0,0.0,1,1744.24
3072,2024-09-14,2024-25,Ipswich,Brighton,0,0.0,0.0,6.0,21.0,1.0,6.0,2.0,16.0,3.0,0.0,1,1567.4
3073,2024-09-14,2024-25,Southampton,Man United,1,0.0,3.0,6.0,20.0,4.0,10.0,0.0,11.0,1.0,1.0,0,1583.9
3073,2024-09-14,2024-25,Man United,Southampton,0,3.0,0.0,20.0,6.0,10.0,4.0,7.0,14.0,4.0,0.0,3,1776.54
3074,2024-09-14,2024-25,Man City,Brentford,1,2.0,1.0,18.0,8.0,7.0,5.0,12.0,9.0,3.0,0.0,3,2060.21
3074,2024-09-14,2024-25,Brentford,Man City,0,1.0,2.0,8.0,18.0,5.0,7.0,3.0,3.0,1.0,0.0,0,1720.59
3075,2024-09-14,2024-25,Aston Villa,Everton,1,3.0,2.0,17.0,6.0,8.0,2.0,6.0,10.0,1.0,0.0,3,1777.81
3075,2024-09-14,2024-25,Everton,Aston Villa,0,2.0,3.0,6.0,17.0,2.0,8.0,2.0,12.0,4.0,0.0,0,1673.04
3076,2024-09-14,2024-25,Bournemouth,Chelsea,1,0.0,1.0,19.0,10.0,7.0,3.0,6.0,16.0,6.0,0.0,0,1702.65
3076,2024-09-14,2024-25,Chelsea,Bournemouth,0,1.0,0.0,10.0,19.0,3.0,7.0,3.0,9.0,8.0,0.0,3,1818.39
3077,2024-09-14,2024-25,Liverpool,Nott'm Forest,1,0.0,1.0,14.0,5.0,5.0,3.0,7.0,15.0,4.0,0.0,0,1908.05
3077,2024-09-14,2024-25,Nott'm Forest,Liverpool,0,1.0,0.0,5.0,14.0,3.0,5.0,2.0,6.0,4.0,0.0,3,1654.59
3078,2024-09-15,2024-25,Tottenham,Arsenal,1,0.0,1.0,15.0,7.0,5.0,4.0,7.0,13.0,5.0,0.0,0,1790.58
3078,2024-09-15,2024-25,Arsenal,Tottenham,0,1.0,0.0,7.0,15.0,4.0,5.0,6.0,10.0,3.0,0.0,3,1950.36
3079,2024-09-15,2024-25,Wolves,Newcastle,1,1.0,2.0,12.0,14.0,5.0,6.0,4.0,17.0,3.0,0.0,0,1664.87
3079,2024-09-15,2024-25,Newcastle,Wolves,0,2.0,1.0,14.0,12.0,6.0,5.0,7.0,6.0,3.0,0.0,3,1809.33
3080,2024-09-21,2024-25,Leicester,Everton,1,1.0,1.0,12.0,16.0,2.0,5.0,6.0,11.0,1.0,0.0,1,1639.8
3080,2024-09-21,2024-25,Everton,Leicester,0,1.0,1.0,16.0,12.0,5.0,2.0,1.0,12.0,2.0,0.0,1,1668.79
3081,2024-09-21,2024-25,West Ham,Chelsea,1,0.0,3.0,15.0,12.0,7.0,5.0,6.0,17.0,5.0,0.0,0,1730.72
3081,2024-09-21,2024-25,Chelsea,West Ham,0,3.0,0.0,12.0,15.0,5.0,7.0,5.0,9.0,2.0,0.0,3,1821.04
3082,2024-09-21,2024-25,Fulham,Newcastle,1,3.0,1.0,22.0,15.0,11.0,4.0,6.0,16.0,6.0,0.0,3,1712.78
3082,2024-09-21,2024-25,Newcastle,Fulham,0,1.0,3.0,15.0,22.0,4.0,11.0,0.0,8.0,0.0,0.0,0,1809.33
3083,2024-09-21,2024-25,Aston Villa,Wolves,1,3.0,1.0,9.0,10.0,4.0,4.0,6.0,11.0,3.0,0.0,3,1782.06
3083,2024-09-21,2024-25,Wolves,Aston Villa,0,1.0,3.0,10.0,9.0,4.0,4.0,5.0,16.0,6.0,0.0,0,1664.87
3084,2024-09-21,2024-25,Liverpool,Bournemouth,1,3.0,0.0,19.0,19.0,13.0,6.0,3.0,10.0,1.0,0.0,3,1903.09
3084,2024-09-21,2024-25,Bournemouth,Liverpool,0,0.0,3.0,19.0,19.0,6.0,13.0,9.0,12.0,4.0,0.0,0,1696.31
3085,2024-09-21,2024-25,Tottenham,Brentford,1,3.0,1.0,23.0,6.0,10.0,6.0,9.0,11.0,3.0,0.0,3,1790.58
3085,2024-09-21,2024-25,Brentford,Tottenham,0,1.0,3.0,6.0,23.0,6.0,10.0,4.0,9.0,1.0,0.0,0,1719.39
3086,2024-09-21,2024-25,Crystal Palace,Man United,1,0.0,0.0,9.0,15.0,4.0,6.0,4.0,7.0,3.0,0.0,1,1737.0
3086,2024-09-21,2024-25,Man United,Crystal Palace,0,0.0,0.0,15.0,9.0,6.0,4.0,11.0,12.0,1.0,0.0,1,1774.5
3087,2024-09-21,2024-25,Southampton,Ipswich,1,1.0,1.0,11.0,13.0,3.0,6.0,2.0,16.0,4.0,0.0,1,1575.78
3087,2024-09-21,2024-25,Ipswich,Southampton,0,1.0,1.0,13.0,11.0,6.0,3.0,10.0,16.0,4.0,0.0,1,1573.19
3088,2024-09-22,2024-25,Brighton,Nott'm Forest,1,2.0,2.0,14.0,4.0,3.0,3.0,9.0,12.0,3.0,0.0,1,1738.45
3088,2024-09-22,2024-25,Nott'm Forest,Brighton,0,2.0,2.0,4.0,14.0,3.0,3.0,1.0,11.0,4.0,1.0,1,1669.72
3089,2024-09-22,2024-25,Man City,Arsenal,1,2.0,2.0,33.0,5.0,11.0,3.0,8.0,7.0,3.0,0.0,1,2061.4
3089,2024-09-22,2024-25,Arsenal,Man City,0,2.0,2.0,5.0,33.0,3.0,11.0,2.0,10.0,4.0,1.0,1,1950.36
3090,2024-09-28,2024-25,Everton,Crystal Palace,1,2.0,1.0,8.0,17.0,2.0,5.0,5.0,13.0,2.0,0.0,3,1668.79
3090,2024-09-28,2024-25,Crystal Palace,Everton,0,1.0,2.0,17.0,8.0,5.0,2.0,8.0,11.0,1.0,0.0,0,1737.0
3091,2024-09-28,2024-25,Nott'm Forest,Fulham,1,0.0,1.0,11.0,14.0,1.0,2.0,6.0,11.0,2.0,0.0,0,1669.72
3091,2024-09-28,2024-25,Fulham,Nott'm Forest,0,1.0,0.0,14.0,11.0,2.0,1.0,5.0,15.0,4.0,0.0,3,1712.78
3092,2024-09-28,2024-25,Newcastle,Man City,1,1.0,1.0,11.0,16.0,4.0,6.0,5.0,14.0,4.0,0.0,1,1809.33
3092,2024-09-28,2024-25,Man City,Newcastle,0,1.0,1.0,16.0,11.0,6.0,4.0,6.0,10.0,4.0,0.0,1,2061.4
3093,2024-09-28,2024-25,Arsenal,Leicester,1,4.0,2.0,36.0,5.0,16.0,3.0,17.0,11.0,2.0,0.0,3,1950.36
3093,2024-09-28,2024-25,Leicester,Arsenal,0,2.0,4.0,5.0,36.0,3.0,16.0,0.0,6.0,4.0,0.0,0,1639.8
3094,2024-09-28,2024-25,Brentford,West Ham,1,1.0,1.0,8.0,19.0,3.0,3.0,7.0,2.0,2.0,0.0,1,1719.39
3094,2024-09-28,2024-25,West Ham,Brentford,0,1.0,1.0,19.0,8.0,3.0,3.0,7.0,11.0,3.0,0.0,1,1730.72
3095,2024-09-28,2024-25,Chelsea,Brighton,1,4.0,2.0,15.0,15.0,7.0,5.0,8.0,11.0,3.0,0.0,3,1821.04
3095,2024-09-28,2024-25,Brighton,Chelsea,0,2.0,4.0,15.0,15.0,5.0,7.0,2.0,8.0,2.0,0.0,0,1738.45
3096,2024-09-28,2024-25,Wolves,Liverpool,1,1.0,2.0,8.0,10.0,3.0,6.0,2.0,16.0,2.0,0.0,0,1664.87
3096,2024-09-28,2024-25,Liverpool,Wolves,0,2.0,1.0,10.0,8.0,6.0,3.0,10.0,8.0,3.0,0.0,3,1903.09
3097,2024-09-29,2024-25,Ipswich,Aston Villa,1,2.0,2.0,15.0,7.0,5.0,3.0,10.0,10.0,4.0,0.0,1,1573.19
3097,2024-09-29,2024-25,Aston Villa,Ipswich,0,2.0,2.0,7.0,15.0,3.0,5.0,0.0,14.0,1.0,0.0,1,1782.06
3098,2024-09-29,2024-25,Man United,Tottenham,1,0.0,3.0,11.0,24.0,2.0,10.0,5.0,16.0,5.0,1.0,0,1774.5
3098,2024-09-29,2024-25,Tottenham,Man United,0,3.0,0.0,24.0,11.0,10.0,2.0,3.0,14.0,3.0,0.0,3,1790.58
3099,2024-09-30,2024-25,Bournemouth,Southampton,1,3.0,1.0,14.0,9.0,6.0,3.0,7.0,19.0,2.0,0.0,3,1696.31
3099,2024-09-30,2024-25,Southampton,Bournemouth,0,1.0,3.0,9.0,14.0,3.0,6.0,4.0,12.0,5.0,0.0,0,1575.78
3100,2024-10-05,2024-25,Leicester,Bournemouth,1,1.0,0.0,6.0,17.0,2.0,2.0,0.0,12.0,4.0,0.0,3,1640.82
3100,2024-10-05,2024-25,Bournemouth,Leicester,0,0.0,1.0,17.0,6.0,2.0,2.0,9.0,14.0,1.0,0.0,0,1701.15
3101,2024-10-05,2024-25,Crystal Palace,Liverpool,1,0.0,1.0,9.0,16.0,5.0,4.0,3.0,7.0,4.0,0.0,0,1731.7
3101,2024-10-05,2024-25,Liverpool,Crystal Palace,0,1.0,0.0,16.0,9.0,4.0,5.0,8.0,15.0,2.0,0.0,3,1925.49
3102,2024-10-05,2024-25,Arsenal,Southampton,1,3.0,1.0,29.0,8.0,6.0,2.0,13.0,10.0,0.0,0.0,3,1964.94
3102,2024-10-05,2024-25,Southampton,Arsenal,0,1.0,3.0,8.0,29.0,2.0,6.0,1.0,9.0,3.0,0.0,0,1572.33
3103,2024-10-05,2024-25,Man City,Fulham,1,3.0,2.0,20.0,11.0,7.0,4.0,8.0,4.0,2.0,0.0,3,2050.6
3103,2024-10-05,2024-25,Fulham,Man City,0,2.0,3.0,11.0,20.0,4.0,7.0,3.0,10.0,1.0,0.0,0,1737.39
3104,2024-10-05,2024-25,West Ham,Ipswich,1,4.0,1.0,23.0,9.0,13.0,2.0,5.0,12.0,0.0,0.0,3,1723.84
3104,2024-10-05,2024-25,Ipswich,West Ham,0,1.0,4.0,9.0,23.0,2.0,13.0,5.0,6.0,1.0,0.0,0,1582.58
3105,2024-10-05,2024-25,Everton,Newcastle,1,0.0,0.0,8.0,14.0,2.0,3.0,0.0,12.0,1.0,0.0,1,1681.41
3105,2024-10-05,2024-25,Newcastle,Everton,0,0.0,0.0,14.0,8.0,3.0,2.0,10.0,8.0,2.0,0.0,1,1810.56
3106,2024-10-05,2024-25,Brentford,Wolves,1,5.0,3.0,19.0,17.0,12.0,6.0,10.0,9.0,2.0,0.0,3,1714.49
3106,2024-10-05,2024-25,Wolves,Brentford,0,3.0,5.0,17.0,19.0,6.0,12.0,3.0,10.0,3.0,0.0,0,1654.28
3107,2024-10-06,2024-25,Aston Villa,Man United,1,0.0,0.0,11.0,10.0,1.0,4.0,6.0,12.0,1.0,0.0,1,1794.3
3107,2024-10-06,2024-25,Man United,Aston Villa,0,0.0,0.0,10.0,11.0,4.0,1.0,3.0,11.0,5.0,0.0,1,1757.0
3108,2024-10-06,2024-25,Chelsea,Nott'm Forest,1,1.0,1.0,22.0,16.0,8.0,9.0,11.0,12.0,6.0,0.0,1,1842.41
3108,2024-10-06,2024-25,Nott'm Forest,Chelsea,0,1.0,1.0,16.0,22.0,9.0,8.0,3.0,11.0,2.0,1.0,1,1668.51
3109,2024-10-06,2024-25,Brighton,Tottenham,1,3.0,2.0,11.0,13.0,4.0,3.0,4.0,14.0,2.0,0.0,3,1732.53
3109,2024-10-06,2024-25,Tottenham,Brighton,0,2.0,3.0,13.0,11.0,3.0,4.0,7.0,10.0,2.0,0.0,0,1814.53
3110,2024-10-19,2024-25,Tottenham,West Ham,1,4.0,1.0,22.0,11.0,7.0,4.0,13.0,10.0,1.0,0.0,3,1817.91
3110,2024-10-19,2024-25,West Ham,Tottenham,0,1.0,4.0,11.0,22.0,4.0,7.0,5.0,15.0,3.0,1.0,0,1738.91
3111,2024-10-19,2024-25,Fulham,Aston Villa,1,1.0,3.0,10.0,14.0,4.0,5.0,6.0,8.0,3.0,1.0,0,1745.25
3111,2024-10-19,2024-25,Aston Villa,Fulham,0,3.0,1.0,14.0,10.0,5.0,4.0,11.0,11.0,3.0,1.0,3,1809.55
3112,2024-10-19,2024-25,Ipswich,Everton,1,0.0,2.0,13.0,11.0,2.0,8.0,5.0,12.0,1.0,0.0,0,1585.93
3112,2024-10-19,2024-25,Everton,Ipswich,0,2.0,0.0,11.0,13.0,8.0,2.0,8.0,10.0,1.0,0.0,3,1692.6
3113,2024-10-19,2024-25,Man United,Brentford,1,2.0,1.0,23.0,8.0,11.0,2.0,9.0,14.0,2.0,0.0,3,1772.52
3113,2024-10-19,2024-25,Brentford,Man United,0,1.0,2.0,8.0,23.0,2.0,11.0,2.0,5.0,2.0,0.0,0,1730.89
3114,2024-10-19,2024-25,Newcastle,Brighton,1,0.0,1.0,21.0,10.0,6.0,5.0,9.0,11.0,2.0,0.0,0,1817.79
3114,2024-10-19,2024-25,Brighton,Newcastle,0,1.0,0.0,10.0,21.0,5.0,6.0,4.0,9.0,2.0,0.0,3,1750.22
3115,2024-10-19,2024-25,Southampton,Leicester,1,2.0,3.0,14.0,18.0,7.0,4.0,10.0,10.0,5.0,1.0,0,1580.39
3115,2024-10-19,2024-25,Leicester,Southampton,0,3.0,2.0,18.0,14.0,4.0,7.0,6.0,10.0,3.0,0.0,3,1658.03
3116,2024-10-19,2024-25,Bournemouth,Arsenal,1,2.0,0.0,13.0,6.0,4.0,1.0,7.0,12.0,1.0,0.0,3,1702.37
3116,2024-10-19,2024-25,Arsenal,Bournemouth,0,0.0,2.0,6.0,13.0,1.0,4.0,4.0,11.0,1.0,1.0,0,1981.59
3117,2024-10-20,2024-25,Wolves,Man City,1,1.0,2.0,3.0,22.0,2.0,7.0,1.0,8.0,4.0,0.0,0,1656.29
3117,2024-10-20,2024-25,Man City,Wolves,0,2.0,1.0,22.0,3.0,7.0,2.0,18.0,5.0,1.0,0.0,3,2062.18
3118,2024-10-20,2024-25,Liverpool,Chelsea,1,2.0,1.0,9.0,12.0,5.0,2.0,1.0,12.0,4.0,0.0,3,1943.17
3118,2024-10-20,2024-25,Chelsea,Liverpool,0,1.0,2.0,12.0,9.0,2.0,5.0,6.0,13.0,3.0,0.0,0,1848.47
3119,2024-10-21,2024-25,Nott'm Forest,Crystal Palace,1,1.0,0.0,20.0,20.0,6.0,7.0,6.0,9.0,2.0,0.0,3,1683.7
3119,2024-10-21,2024-25,Crystal Palace,Nott'm Forest,0,0.0,1.0,20.0,20.0,7.0,6.0,6.0,12.0,3.0,0.0,0,1736.3
3120,2024-10-25,2024-25,Leicester,Nott'm Forest,1,1.0,3.0,11.0,20.0,1.0,5.0,6.0,16.0,5.0,0.0,0,1658.03
3120,2024-10-25,2024-25,Nott'm Forest,Leicester,0,3.0,1.0,20.0,11.0,5.0,1.0,7.0,9.0,2.0,0.0,3,1683.7
3121,2024-10-26,2024-25,Aston Villa,Bournemouth,1,1.0,1.0,18.0,11.0,8.0,3.0,9.0,12.0,7.0,0.0,1,1809.55
3121,2024-10-26,2024-25,Bournemouth,Aston Villa,0,1.0,1.0,11.0,18.0,3.0,8.0,7.0,14.0,6.0,0.0,1,1702.37
3122,2024-10-26,2024-25,Brentford,Ipswich,1,4.0,3.0,20.0,11.0,9.0,5.0,5.0,7.0,0.0,0.0,3,1730.89
3122,2024-10-26,2024-25,Ipswich,Brentford,0,3.0,4.0,11.0,20.0,5.0,9.0,5.0,10.0,1.0,1.0,0,1585.93
3123,2024-10-26,2024-25,Brighton,Wolves,1,2.0,2.0,19.0,14.0,6.0,7.0,9.0,12.0,3.0,0.0,1,1750.22
3123,2024-10-26,2024-25,Wolves,Brighton,0,2.0,2.0,14.0,19.0,7.0,6.0,6.0,10.0,3.0,0.0,1,1656.29
3124,2024-10-26,2024-25,Man City,Southampton,1,1.0,0.0,22.0,5.0,8.0,2.0,12.0,9.0,1.0,0.0,3,2062.18
3124,2024-10-26,2024-25,Southampton,Man City,0,0.0,1.0,5.0,22.0,2.0,8.0,1.0,9.0,3.0,0.0,0,1580.39
3125,2024-10-26,2024-25,Everton,Fulham,1,1.0,1.0,10.0,14.0,5.0,3.0,4.0,8.0,1.0,0.0,1,1692.6
3125,2024-10-26,2024-25,Fulham,Everton,0,1.0,1.0,14.0,10.0,3.0,5.0,2.0,8.0,0.0,0.0,1,1745.25
3126,2024-10-27,2024-25,Chelsea,Newcastle,1,2.0,1.0,17.0,11.0,7.0,3.0,7.0,13.0,6.0,0.0,3,1848.47
3126,2024-10-27,2024-25,Newcastle,Chelsea,0,1.0,2.0,11.0,17.0,3.0,7.0,4.0,16.0,3.0,0.0,0,1817.79
3127,2024-10-27,2024-25,Crystal Palace,Tottenham,1,1.0,0.0,14.0,11.0,6.0,3.0,8.0,16.0,4.0,0.0,3,1736.3
3127,2024-10-27,2024-25,Tottenham,Crystal Palace,0,0.0,1.0,11.0,14.0,3.0,6.0,8.0,12.0,4.0,0.0,0,1817.91
3128,2024-10-27,2024-25,West Ham,Man United,1,2.0,1.0,12.0,18.0,3.0,5.0,6.0,6.0,5.0,0.0,3,1738.91
3128,2024-10-27,2024-25,Man United,West Ham,0,1.0,2.0,18.0,12.0,5.0,3.0,5.0,7.0,1.0,0.0,0,1772.52
3129,2024-10-27,2024-25,Arsenal,Liverpool,1,2.0,2.0,9.0,9.0,3.0,4.0,1.0,14.0,2.0,0.0,1,1981.59
3129,2024-10-27,2024-25,Liverpool,Arsenal,0,2.0,2.0,9.0,9.0,4.0,3.0,3.0,14.0,2.0,0.0,1,1943.17
3130,2024-11-02,2024-25,Newcastle,Arsenal,1,1.0,0.0,9.0,10.0,4.0,1.0,4.0,16.0,4.0,0.0,3,1808.85
3130,2024-11-02,2024-25,Arsenal,Newcastle,0,0.0,1.0,10.0,9.0,1.0,4.0,6.0,18.0,4.0,0.0,0,1969.05
3131,2024-11-02,2024-25,Liverpool,Brighton,1,2.0,1.0,16.0,13.0,8.0,5.0,10.0,10.0,1.0,0.0,3,1964.46
3131,2024-11-02,2024-25,Brighton,Liverpool,0,1.0,2.0,13.0,16.0,5.0,8.0,7.0,18.0,1.0,0.0,0,1764.42
3132,2024-11-02,2024-25,Ipswich,Leicester,1,1.0,1.0,14.0,20.0,2.0,6.0,4.0,11.0,4.0,1.0,1,1580.44
3132,2024-11-02,2024-25,Leicester,Ipswich,0,1.0,1.0,20.0,14.0,6.0,2.0,6.0,10.0,2.0,0.0,1,1660.33
3133,2024-11-02,2024-25,Wolves,Crystal Palace,1,2.0,2.0,11.0,19.0,6.0,7.0,3.0,7.0,1.0,0.0,1,1666.71
3133,2024-11-02,2024-25,Crystal Palace,Wolves,0,2.0,2.0,19.0,11.0,7.0,6.0,6.0,9.0,2.0,0.0,1,1744.99
3134,2024-11-02,2024-25,Nott'm Forest,West Ham,1,3.0,0.0,19.0,4.0,6.0,2.0,11.0,7.0,1.0,0.0,3,1711.75
3134,2024-11-02,2024-25,West Ham,Nott'm Forest,0,0.0,3.0,4.0,19.0,2.0,6.0,6.0,9.0,2.0,1.0,0,1746.26
3135,2024-11-02,2024-25,Southampton,Everton,1,1.0,0.0,9.0,16.0,2.0,5.0,3.0,14.0,4.0,0.0,3,1579.82
3135,2024-11-02,2024-25,Everton,Southampton,0,0.0,1.0,16.0,9.0,5.0,2.0,6.0,18.0,2.0,0.0,0,1708.98
3136,2024-11-02,2024-25,Bournemouth,Man City,1,2.0,1.0,12.0,18.0,6.0,4.0,3.0,11.0,2.0,0.0,3,1733.11
3136,2024-11-02,2024-25,Man City,Bournemouth,0,1.0,2.0,18.0,12.0,4.0,6.0,10.0,6.0,1.0,0.0,0,2073.82
3137,2024-11-03,2024-25,Tottenham,Aston Villa,1,4.0,1.0,16.0,12.0,6.0,1.0,6.0,14.0,2.0,0.0,3,1825.84
3137,2024-11-03,2024-25,Aston Villa,Tottenham,0,1.0,4.0,12.0,16.0,1.0,6.0,4.0,14.0,0.0,0.0,0,1830.11
3138,2024-11-03,2024-25,Man United,Chelsea,1,1.0,1.0,11.0,12.0,4.0,3.0,4.0,19.0,6.0,0.0,1,1777.36
3138,2024-11-03,2024-25,Chelsea,Man United,0,1.0,1.0,12.0,11.0,3.0,4.0,8.0,14.0,2.0,0.0,1,1862.51
3139,2024-11-04,2024-25,Fulham,Brentford,1,2.0,1.0,26.0,5.0,12.0,2.0,11.0,3.0,2.0,0.0,3,1742.29
3139,2024-11-04,2024-25,Brentford,Fulham,0,1.0,2.0,5.0,26.0,2.0,12.0,3.0,10.0,1.0,0.0,0,1736.28
3140,2024-11-09,2024-25,Brentford,Bournemouth,1,3.0,2.0,12.0,15.0,6.0,3.0,6.0,8.0,2.0,0.0,3,1736.28
3140,2024-11-09,2024-25,Bournemouth,Brentford,0,2.0,3.0,15.0,12.0,3.0,6.0,4.0,16.0,4.0,0.0,0,1733.11
3141,2024-11-09,2024-25,Crystal Palace,Fulham,1,0.0,2.0,13.0,17.0,5.0,7.0,1.0,10.0,1.0,1.0,0,1744.99
3141,2024-11-09,2024-25,Fulham,Crystal Palace,0,2.0,0.0,17.0,13.0,7.0,5.0,8.0,11.0,1.0,0.0,3,1742.29
3142,2024-11-09,2024-25,West Ham,Everton,1,0.0,0.0,11.0,18.0,6.0,4.0,7.0,10.0,1.0,0.0,1,1746.26
3142,2024-11-09,2024-25,Everton,West Ham,0,0.0,0.0,18.0,11.0,4.0,6.0,6.0,9.0,2.0,0.0,1,1708.98
3143,2024-11-09,2024-25,Wolves,Southampton,1,2.0,0.0,8.0,9.0,4.0,0.0,1.0,14.0,1.0,0.0,3,1666.71
3143,2024-11-09,2024-25,Southampton,Wolves,0,0.0,2.0,9.0,8.0,0.0,4.0,9.0,12.0,4.0,0.0,0,1579.82
3144,2024-11-09,2024-25,Brighton,Man City,1,2.0,1.0,10.0,15.0,4.0,6.0,0.0,12.0,3.0,0.0,3,1764.42
3144,2024-11-09,2024-25,Man City,Brighton,0,1.0,2.0,15.0,10.0,6.0,4.0,4.0,10.0,3.0,0.0,0,2073.82
3145,2024-11-09,2024-25,Liverpool,Aston Villa,1,2.0,0.0,14.0,12.0,5.0,2.0,2.0,11.0,0.0,0.0,3,1964.46
3145,2024-11-09,2024-25,Aston Villa,Liverpool,0,0.0,2.0,12.0,14.0,2.0,5.0,9.0,15.0,3.0,0.0,0,1830.11
3146,2024-11-10,2024-25,Nott'm Forest,Newcastle,1,1.0,3.0,9.0,17.0,3.0,6.0,4.0,13.0,1.0,0.0,0,1711.75
3146,2024-11-10,2024-25,Newcastle,Nott'm Forest,0,3.0,1.0,17.0,9.0,6.0,3.0,5.0,6.0,1.0,0.0,3,1808.85
3147,2024-11-10,2024-25,Man United,Leicester,1,3.0,0.0,13.0,6.0,3.0,5.0,1.0,9.0,0.0,0.0,3,1777.36
3147,2024-11-10,2024-25,Leicester,Man United,0,0.0,3.0,6.0,13.0,5.0,3.0,5.0,5.0,1.0,0.0,0,1660.33
3148,2024-11-10,2024-25,Chelsea,Arsenal,1,1.0,1.0,17.0,13.0,3.0,3.0,4.0,12.0,4.0,0.0,1,1862.51
3148,2024-11-10,2024-25,Arsenal,Chelsea,0,1.0,1.0,13.0,17.0,3.0,3.0,3.0,12.0,2.0,0.0,1,1969.05
3149,2024-11-10,2024-25,Tottenham,Ipswich,1,1.0,2.0,17.0,8.0,5.0,3.0,12.0,10.0,1.0,0.0,0,1825.84
3149,2024-11-10,2024-25,Ipswich,Tottenham,0,2.0,1.0,8.0,17.0,3.0,5.0,2.0,19.0,5.0,0.0,3,1580.44
3150,2024-11-23,2024-25,Leicester,Chelsea,1,1.0,2.0,4.0,16.0,1.0,7.0,2.0,15.0,4.0,0.0,0,1644.4
3150,2024-11-23,2024-25,Chelsea,Leicester,0,2.0,1.0,16.0,4.0,7.0,1.0,9.0,12.0,3.0,0.0,3,1854.22
3151,2024-11-23,2024-25,Arsenal,Nott'm Forest,1,3.0,0.0,19.0,7.0,7.0,0.0,8.0,10.0,3.0,0.0,3,1943.19
3151,2024-11-23,2024-25,Nott'm Forest,Arsenal,0,0.0,3.0,7.0,19.0,0.0,7.0,1.0,1.0,2.0,0.0,0,1705.01
3152,2024-11-23,2024-25,Aston Villa,Crystal Palace,1,2.0,2.0,17.0,13.0,5.0,6.0,10.0,10.0,3.0,0.0,1,1796.74
3152,2024-11-23,2024-25,Crystal Palace,Aston Villa,0,2.0,2.0,13.0,17.0,6.0,5.0,1.0,11.0,2.0,0.0,1,1721.79
3153,2024-11-23,2024-25,Bournemouth,Brighton,1,1.0,2.0,19.0,6.0,5.0,4.0,7.0,13.0,2.0,0.0,0,1731.57
3153,2024-11-23,2024-25,Brighton,Bournemouth,0,2.0,1.0,6.0,19.0,4.0,5.0,0.0,10.0,2.0,1.0,3,1765.95
3154,2024-11-23,2024-25,Everton,Brentford,1,0.0,0.0,27.0,9.0,5.0,2.0,10.0,8.0,0.0,0.0,1,1693.07
3154,2024-11-23,2024-25,Brentford,Everton,0,0.0,0.0,9.0,27.0,2.0,5.0,4.0,10.0,0.0,1.0,1,1727.7
3155,2024-11-23,2024-25,Fulham,Wolves,1,1.0,4.0,10.0,10.0,3.0,5.0,7.0,14.0,3.0,0.0,0,1753.02
3155,2024-11-23,2024-25,Wolves,Fulham,0,4.0,1.0,10.0,10.0,5.0,3.0,2.0,14.0,0.0,0.0,3,1664.36
3156,2024-11-23,2024-25,Man City,Tottenham,1,0.0,4.0,23.0,9.0,5.0,7.0,9.0,19.0,4.0,0.0,0,2018.32
3156,2024-11-23,2024-25,Tottenham,Man City,0,4.0,0.0,9.0,23.0,7.0,5.0,3.0,9.0,2.0,0.0,3,1803.9
3157,2024-11-24,2024-25,Southampton,Liverpool,1,2.0,3.0,7.0,27.0,5.0,11.0,3.0,11.0,3.0,0.0,0,1574.02
3157,2024-11-24,2024-25,Liverpool,Southampton,0,3.0,2.0,27.0,7.0,11.0,5.0,10.0,9.0,4.0,0.0,3,1971.55
3158,2024-11-24,2024-25,Ipswich,Man United,1,1.0,1.0,11.0,11.0,6.0,4.0,4.0,11.0,0.0,0.0,1,1586.77
3158,2024-11-24,2024-25,Man United,Ipswich,0,1.0,1.0,11.0,11.0,4.0,6.0,3.0,10.0,0.0,0.0,1,1778.55
3159,2024-11-25,2024-25,Newcastle,West Ham,1,0.0,2.0,18.0,15.0,2.0,6.0,8.0,11.0,1.0,0.0,0,1820.42
3159,2024-11-25,2024-25,West Ham,Newcastle,0,2.0,0.0,15.0,18.0,6.0,2.0,3.0,8.0,0.0,0.0,3,1721.82
3160,2024-11-29,2024-25,Brighton,Southampton,1,1.0,1.0,22.0,10.0,5.0,2.0,7.0,20.0,2.0,0.0,1,1765.95
3160,2024-11-29,2024-25,Southampton,Brighton,0,1.0,1.0,10.0,22.0,2.0,5.0,6.0,16.0,4.0,0.0,1,1574.02
3161,2024-11-30,2024-25,Brentford,Leicester,1,4.0,1.0,13.0,7.0,6.0,3.0,5.0,9.0,1.0,0.0,3,1727.7
3161,2024-11-30,2024-25,Leicester,Brentford,0,1.0,4.0,7.0,13.0,3.0,6.0,4.0,10.0,1.0,0.0,0,1644.4
3162,2024-11-30,2024-25,Crystal Palace,Newcastle,1,1.0,1.0,16.0,1.0,4.0,0.0,8.0,12.0,3.0,0.0,1,1721.79
3162,2024-11-30,2024-25,Newcastle,Crystal Palace,0,1.0,1.0,1.0,16.0,0.0,4.0,9.0,11.0,3.0,0.0,1,1820.42
3163,2024-11-30,2024-25,Nott'm Forest,Ipswich,1,1.0,0.0,12.0,7.0,5.0,3.0,8.0,5.0,1.0,0.0,3,1705.01
3163,2024-11-30,2024-25,Ipswich,Nott'm Forest,0,0.0,1.0,7.0,12.0,3.0,5.0,7.0,16.0,3.0,0.0,0,1586.77
3164,2024-11-30,2024-25,Wolves,Bournemouth,1,2.0,4.0,10.0,12.0,3.0,8.0,3.0,13.0,4.0,0.0,0,1664.36
3164,2024-11-30,2024-25,Bournemouth,Wolves,0,4.0,2.0,12.0,10.0,8.0,3.0,4.0,11.0,1.0,0.0,3,1731.57
3165,2024-11-30,2024-25,West Ham,Arsenal,1,2.0,5.0,12.0,16.0,5.0,7.0,2.0,10.0,4.0,0.0,0,1721.82
3165,2024-11-30,2024-25,Arsenal,West Ham,0,5.0,2.0,16.0,12.0,7.0,5.0,10.0,13.0,1.0,0.0,3,1943.19
3166,2024-12-01,2024-25,Chelsea,Aston Villa,1,3.0,0.0,17.0,10.0,8.0,4.0,3.0,21.0,2.0,0.0,3,1871.19
3166,2024-12-01,2024-25,Aston Villa,Chelsea,0,0.0,3.0,10.0,17.0,4.0,8.0,4.0,6.0,2.0,0.0,0,1798.8
3167,2024-12-01,2024-25,Man United,Everton,1,4.0,0.0,11.0,8.0,5.0,2.0,2.0,12.0,2.0,0.0,3,1783.57
3167,2024-12-01,2024-25,Everton,Man United,0,0.0,4.0,8.0,11.0,2.0,5.0,2.0,12.0,3.0,0.0,0,1698.64
3168,2024-12-01,2024-25,Tottenham,Fulham,1,1.0,1.0,8.0,14.0,3.0,6.0,7.0,4.0,0.0,0.0,1,1834.32
3168,2024-12-01,2024-25,Fulham,Tottenham,0,1.0,1.0,14.0,8.0,6.0,3.0,11.0,14.0,1.0,1.0,1,1738.84
3169,2024-12-01,2024-25,Liverpool,Man City,1,2.0,0.0,18.0,8.0,7.0,2.0,7.0,9.0,1.0,0.0,3,1986.96
3169,2024-12-01,2024-25,Man City,Liverpool,0,0.0,2.0,8.0,18.0,2.0,7.0,4.0,8.0,3.0,0.0,0,1988.89
3170,2024-12-03,2024-25,Ipswich,Crystal Palace,1,0.0,1.0,9.0,13.0,2.0,3.0,4.0,14.0,2.0,0.0,0,1592.8
3170,2024-12-03,2024-25,Crystal Palace,Ipswich,0,1.0,0.0,13.0,9.0,3.0,2.0,7.0,13.0,4.0,0.0,3,1732.7
3171,2024-12-03,2024-25,Leicester,West Ham,1,3.0,1.0,8.0,31.0,6.0,10.0,3.0,9.0,2.0,0.0,3,1638.75
3171,2024-12-03,2024-25,West Ham,Leicester,0,1.0,3.0,31.0,8.0,10.0,6.0,9.0,7.0,2.0,0.0,0,1738.15
3172,2024-12-04,2024-25,Everton,Wolves,1,4.0,0.0,13.0,6.0,4.0,2.0,3.0,10.0,2.0,0.0,3,1698.64
3172,2024-12-04,2024-25,Wolves,Everton,0,0.0,4.0,6.0,13.0,2.0,4.0,4.0,8.0,0.0,0.0,0,1679.43
3173,2024-12-04,2024-25,Man City,Nott'm Forest,1,3.0,0.0,17.0,12.0,7.0,3.0,8.0,7.0,2.0,0.0,3,1988.89
3173,2024-12-04,2024-25,Nott'm Forest,Man City,0,0.0,3.0,12.0,17.0,3.0,7.0,2.0,15.0,4.0,0.0,0,1711.94
3174,2024-12-04,2024-25,Newcastle,Liverpool,1,3.0,3.0,17.0,16.0,6.0,5.0,5.0,9.0,2.0,0.0,1,1809.46
3174,2024-12-04,2024-25,Liverpool,Newcastle,0,3.0,3.0,16.0,17.0,5.0,6.0,6.0,17.0,5.0,0.0,1,1986.96
3175,2024-12-04,2024-25,Southampton,Chelsea,1,1.0,5.0,6.0,26.0,4.0,13.0,5.0,7.0,1.0,1.0,0,1585.16
3175,2024-12-04,2024-25,Chelsea,Southampton,0,5.0,1.0,26.0,6.0,13.0,4.0,7.0,14.0,0.0,0.0,3,1871.19
3176,2024-12-04,2024-25,Arsenal,Man United,1,2.0,0.0,14.0,5.0,6.0,2.0,13.0,12.0,1.0,0.0,3,1977.47
3176,2024-12-04,2024-25,Man United,Arsenal,0,0.0,2.0,5.0,14.0,2.0,6.0,0.0,8.0,3.0,0.0,0,1783.57
3177,2024-12-04,2024-25,Aston Villa,Brentford,1,3.0,1.0,20.0,9.0,10.0,1.0,10.0,11.0,2.0,0.0,3,1798.8
3177,2024-12-04,2024-25,Brentford,Aston Villa,0,1.0,3.0,9.0,20.0,1.0,10.0,5.0,15.0,2.0,0.0,0,1742.68
3178,2024-12-05,2024-25,Fulham,Brighton,1,3.0,1.0,6.0,13.0,2.0,3.0,5.0,7.0,2.0,0.0,3,1738.84
3178,2024-12-05,2024-25,Brighton,Fulham,0,1.0,3.0,13.0,6.0,3.0,2.0,6.0,8.0,2.0,0.0,0,1774.88
3179,2024-12-05,2024-25,Bournemouth,Tottenham,1,1.0,0.0,21.0,12.0,8.0,4.0,5.0,15.0,2.0,0.0,3,1741.2
3179,2024-12-05,2024-25,Tottenham,Bournemouth,0,0.0,1.0,12.0,21.0,4.0,8.0,9.0,8.0,2.0,0.0,0,1834.32
3180,2024-12-07,2024-25,Aston Villa,Southampton,1,1.0,0.0,18.0,4.0,5.0,0.0,14.0,18.0,1.0,0.0,3,1798.8
3180,2024-12-07,2024-25,Southampton,Aston Villa,0,0.0,1.0,4.0,18.0,0.0,5.0,1.0,15.0,3.0,0.0,0,1585.16
3181,2024-12-07,2024-25,Brentford,Newcastle,1,4.0,2.0,11.0,16.0,8.0,3.0,3.0,10.0,3.0,0.0,3,1742.68
3181,2024-12-07,2024-25,Newcastle,Brentford,0,2.0,4.0,16.0,11.0,3.0,8.0,4.0,7.0,0.0,0.0,0,1809.46
3182,2024-12-07,2024-25,Crystal Palace,Man City,1,2.0,2.0,12.0,12.0,3.0,4.0,6.0,4.0,1.0,0.0,1,1732.7
3182,2024-12-07,2024-25,Man City,Crystal Palace,0,2.0,2.0,12.0,12.0,4.0,3.0,8.0,10.0,0.0,1.0,1,1988.89
3183,2024-12-07,2024-25,Man United,Nott'm Forest,1,2.0,3.0,17.0,11.0,7.0,3.0,5.0,10.0,0.0,0.0,0,1783.57
3183,2024-12-07,2024-25,Nott'm Forest,Man United,0,3.0,2.0,11.0,17.0,3.0,7.0,3.0,13.0,2.0,0.0,3,1711.94
3184,2024-12-08,2024-25,Fulham,Arsenal,1,1.0,1.0,2.0,12.0,2.0,4.0,0.0,10.0,4.0,0.0,1,1738.84
3184,2024-12-08,2024-25,Arsenal,Fulham,0,1.0,1.0,12.0,2.0,4.0,2.0,6.0,9.0,2.0,0.0,1,1977.47
3185,2024-12-08,2024-25,Ipswich,Bournemouth,1,1.0,2.0,18.0,22.0,5.0,6.0,6.0,9.0,2.0,0.0,0,1592.8
3185,2024-12-08,2024-25,Bournemouth,Ipswich,0,2.0,1.0,22.0,18.0,6.0,5.0,13.0,13.0,1.0,0.0,3,1741.2
3186,2024-12-08,2024-25,Leicester,Brighton,1,2.0,2.0,10.0,16.0,3.0,7.0,5.0,9.0,1.0,0.0,1,1638.75
3186,2024-12-08,2024-25,Brighton,Leicester,0,2.0,2.0,16.0,10.0,7.0,3.0,5.0,10.0,2.0,0.0,1,1774.88
3187,2024-12-08,2024-25,Tottenham,Chelsea,1,3.0,4.0,13.0,17.0,5.0,8.0,5.0,17.0,2.0,0.0,0,1834.32
3187,2024-12-08,2024-25,Chelsea,Tottenham,0,4.0,3.0,17.0,13.0,8.0,5.0,10.0,11.0,2.0,0.0,3,1871.19
3188,2024-12-09,2024-25,West Ham,Wolves,1,2.0,1.0,19.0,19.0,4.0,5.0,11.0,12.0,5.0,0.0,3,1738.15
3188,2024-12-09,2024-25,Wolves,West Ham,0,1.0,2.0,19.0,19.0,5.0,4.0,0.0,17.0,4.0,0.0,0,1679.43
3189,2024-12-14,2024-25,Arsenal,Everton,1,0.0,0.0,13.0,2.0,5.0,0.0,8.0,6.0,0.0,0.0,1,1977.47
3189,2024-12-14,2024-25,Everton,Arsenal,0,0.0,0.0,2.0,13.0,0.0,5.0,2.0,9.0,3.0,0.0,1,1698.64
3190,2024-12-14,2024-25,Liverpool,Fulham,1,2.0,2.0,16.0,12.0,4.0,3.0,5.0,10.0,3.0,1.0,1,1986.96
3190,2024-12-14,2024-25,Fulham,Liverpool,0,2.0,2.0,12.0,16.0,3.0,4.0,4.0,7.0,4.0,0.0,1,1738.84
3191,2024-12-14,2024-25,Newcastle,Leicester,1,4.0,0.0,27.0,4.0,11.0,1.0,5.0,7.0,3.0,0.0,3,1809.46
3191,2024-12-14,2024-25,Leicester,Newcastle,0,0.0,4.0,4.0,27.0,1.0,11.0,2.0,16.0,3.0,0.0,0,1638.75
3192,2024-12-14,2024-25,Wolves,Ipswich,1,1.0,2.0,16.0,10.0,6.0,5.0,7.0,13.0,0.0,1.0,0,1679.43
3192,2024-12-14,2024-25,Ipswich,Wolves,0,2.0,1.0,10.0,16.0,5.0,6.0,3.0,9.0,2.0,0.0,3,1592.8
3193,2024-12-14,2024-25,Nott'm Forest,Aston Villa,1,2.0,1.0,17.0,8.0,6.0,2.0,4.0,12.0,0.0,0.0,3,1711.94
3193,2024-12-14,2024-25,Aston Villa,Nott'm Forest,0,1.0,2.0,8.0,17.0,2.0,6.0,3.0,6.0,1.0,0.0,0,1798.8
3194,2024-12-15,2024-25,Brighton,Crystal Palace,1,1.0,3.0,17.0,13.0,5.0,5.0,8.0,11.0,1.0,0.0,0,1765.46
3194,2024-12-15,2024-25,Crystal Palace,Brighton,0,3.0,1.0,13.0,17.0,5.0,5.0,5.0,15.0,4.0,0.0,3,1745.68
3195,2024-12-15,2024-25,Man City,Man United,1,1.0,2.0,10.0,10.0,3.0,3.0,8.0,5.0,1.0,0.0,0,1966.65
3195,2024-12-15,2024-25,Man United,Man City,0,2.0,1.0,10.0,10.0,3.0,3.0,2.0,14.0,1.0,0.0,3,1785.76
3196,2024-12-15,2024-25,Chelsea,Brentford,1,2.0,1.0,26.0,9.0,8.0,4.0,8.0,11.0,0.0,1.0,3,1896.25
3196,2024-12-15,2024-25,Brentford,Chelsea,0,1.0,2.0,9.0,26.0,4.0,8.0,5.0,7.0,2.0,0.0,0,1749.33
3197,2024-12-15,2024-25,Southampton,Tottenham,1,0.0,5.0,9.0,18.0,3.0,9.0,2.0,8.0,1.0,0.0,0,1579.6
3197,2024-12-15,2024-25,Tottenham,Southampton,0,5.0,0.0,18.0,9.0,9.0,3.0,5.0,15.0,3.0,0.0,3,1812.92
3198,2024-12-16,2024-25,Bournemouth,West Ham,1,1.0,1.0,29.0,16.0,9.0,3.0,12.0,6.0,0.0,0.0,1,1757.7
3198,2024-12-16,2024-25,West Ham,Bournemouth,0,1.0,1.0,16.0,29.0,3.0,9.0,6.0,11.0,2.0,0.0,1,1732.55
3199,2024-12-21,2024-25,Brentford,Nott'm Forest,1,0.0,2.0,7.0,10.0,3.0,6.0,9.0,9.0,3.0,0.0,0,1749.33
3199,2024-12-21,2024-25,Nott'm Forest,Brentford,0,2.0,0.0,10.0,7.0,6.0,3.0,5.0,14.0,4.0,0.0,3,1731.5
3200,2024-12-21,2024-25,West Ham,Brighton,1,1.0,1.0,11.0,12.0,4.0,6.0,8.0,14.0,2.0,0.0,1,1732.55
3200,2024-12-21,2024-25,Brighton,West Ham,0,1.0,1.0,12.0,11.0,6.0,4.0,4.0,20.0,2.0,0.0,1,1765.46
3201,2024-12-21,2024-25,Aston Villa,Man City,1,2.0,1.0,11.0,12.0,6.0,6.0,5.0,14.0,3.0,0.0,3,1803.11
3201,2024-12-21,2024-25,Man City,Aston Villa,0,1.0,2.0,12.0,11.0,6.0,6.0,4.0,7.0,3.0,0.0,0,1966.65
3202,2024-12-21,2024-25,Crystal Palace,Arsenal,1,1.0,5.0,15.0,14.0,6.0,6.0,3.0,9.0,2.0,0.0,0,1745.68
3202,2024-12-21,2024-25,Arsenal,Crystal Palace,0,5.0,1.0,14.0,15.0,6.0,6.0,3.0,8.0,2.0,0.0,3,1975.82
3203,2024-12-21,2024-25,Ipswich,Newcastle,1,0.0,4.0,10.0,15.0,2.0,7.0,2.0,9.0,2.0,0.0,0,1595.27
3203,2024-12-21,2024-25,Newcastle,Ipswich,0,4.0,0.0,15.0,10.0,7.0,2.0,1.0,7.0,0.0,0.0,3,1809.88
3204,2024-12-22,2024-25,Everton,Chelsea,1,0.0,0.0,5.0,12.0,4.0,5.0,2.0,20.0,4.0,0.0,1,1711.92
3204,2024-12-22,2024-25,Chelsea,Everton,0,0.0,0.0,12.0,5.0,5.0,4.0,5.0,12.0,1.0,0.0,1,1896.25
3205,2024-12-22,2024-25,Fulham,Southampton,1,0.0,0.0,16.0,5.0,5.0,1.0,6.0,8.0,1.0,0.0,1,1766.95
3205,2024-12-22,2024-25,Southampton,Fulham,0,0.0,0.0,5.0,16.0,1.0,5.0,5.0,15.0,3.0,0.0,1,1579.6
3206,2024-12-22,2024-25,Leicester,Wolves,1,0.0,3.0,9.0,8.0,5.0,4.0,6.0,15.0,2.0,0.0,0,1648.95
3206,2024-12-22,2024-25,Wolves,Leicester,0,3.0,0.0,8.0,9.0,4.0,5.0,1.0,16.0,0.0,0.0,3,1652.57
3207,2024-12-22,2024-25,Man United,Bournemouth,1,0.0,3.0,23.0,10.0,7.0,5.0,13.0,11.0,1.0,0.0,0,1785.76
3207,2024-12-22,2024-25,Bournemouth,Man United,0,3.0,0.0,10.0,23.0,5.0,7.0,1.0,11.0,3.0,0.0,3,1757.7
3208,2024-12-22,2024-25,Tottenham,Liverpool,1,3.0,6.0,9.0,24.0,5.0,12.0,7.0,7.0,1.0,0.0,0,1812.92
3208,2024-12-22,2024-25,Liverpool,Tottenham,0,6.0,3.0,24.0,9.0,12.0,5.0,5.0,9.0,2.0,0.0,3,1991.39
3209,2024-12-26,2024-25,Southampton,West Ham,1,0.0,1.0,18.0,16.0,5.0,2.0,2.0,15.0,1.0,0.0,0,1579.6
3209,2024-12-26,2024-25,West Ham,Southampton,0,1.0,0.0,16.0,18.0,2.0,5.0,2.0,8.0,2.0,0.0,3,1732.55
3210,2024-12-26,2024-25,Wolves,Man United,1,2.0,0.0,7.0,11.0,4.0,4.0,4.0,12.0,2.0,0.0,3,1652.57
3210,2024-12-26,2024-25,Man United,Wolves,0,0.0,2.0,11.0,7.0,4.0,4.0,4.0,12.0,2.0,1.0,0,1785.76
3211,2024-12-26,2024-25,Man City,Everton,1,1.0,1.0,24.0,8.0,5.0,3.0,8.0,5.0,1.0,0.0,1,1966.65
3211,2024-12-26,2024-25,Everton,Man City,0,1.0,1.0,8.0,24.0,3.0,5.0,5.0,10.0,4.0,0.0,1,1711.92
3212,2024-12-26,2024-25,Bournemouth,Crystal Palace,1,0.0,0.0,18.0,10.0,4.0,4.0,5.0,13.0,2.0,0.0,1,1757.7
3212,2024-12-26,2024-25,Crystal Palace,Bournemouth,0,0.0,0.0,10.0,18.0,4.0,4.0,2.0,12.0,2.0,0.0,1,1745.68
3213,2024-12-26,2024-25,Chelsea,Fulham,1,1.0,2.0,12.0,14.0,8.0,7.0,3.0,13.0,1.0,0.0,0,1896.25
3213,2024-12-26,2024-25,Fulham,Chelsea,0,2.0,1.0,14.0,12.0,7.0,8.0,1.0,13.0,3.0,0.0,3,1766.95
3214,2024-12-26,2024-25,Newcastle,Aston Villa,1,3.0,0.0,22.0,4.0,8.0,1.0,9.0,15.0,2.0,0.0,3,1809.88
3214,2024-12-26,2024-25,Aston Villa,Newcastle,0,0.0,3.0,4.0,22.0,1.0,8.0,6.0,10.0,1.0,1.0,0,1803.11
3215,2024-12-26,2024-25,Nott'm Forest,Tottenham,1,1.0,0.0,10.0,13.0,3.0,4.0,2.0,12.0,3.0,0.0,3,1704.634605263158
3215,2024-12-26,2024-25,Tottenham,Nott'm Forest,0,0.0,1.0,13.0,10.0,4.0,3.0,7.0,13.0,2.0,1.0,0,1812.92
3216,2024-12-26,2024-25,Liverpool,Leicester,1,3.0,1.0,19.0,4.0,7.0,1.0,14.0,17.0,3.0,0.0,3,1991.39
3216,2024-12-26,2024-25,Leicester,Liverpool,0,1.0,3.0,4.0,19.0,1.0,7.0,1.0,5.0,2.0,0.0,0,1648.95
3217,2024-12-27,2024-25,Brighton,Brentford,1,0.0,0.0,24.0,8.0,7.0,3.0,5.0,6.0,0.0,0.0,1,1765.46
3217,2024-12-27,2024-25,Brentford,Brighton,0,0.0,0.0,8.0,24.0,3.0,7.0,3.0,12.0,2.0,0.0,1,1749.33
3218,2024-12-27,2024-25,Arsenal,Ipswich,1,1.0,0.0,13.0,3.0,5.0,0.0,5.0,7.0,1.0,0.0,3,1975.82
3218,2024-12-27,2024-25,Ipswich,Arsenal,0,0.0,1.0,3.0,13.0,0.0,5.0,1.0,12.0,1.0,0.0,0,1595.27
3219,2024-12-29,2024-25,Leicester,Man City,1,0.0,2.0,11.0,14.0,4.0,5.0,4.0,11.0,2.0,0.0,0,1648.95
3219,2024-12-29,2024-25,Man City,Leicester,0,2.0,0.0,14.0,11.0,5.0,4.0,4.0,6.0,1.0,0.0,3,1966.65
3220,2024-12-29,2024-25,Crystal Palace,Southampton,1,2.0,1.0,19.0,7.0,10.0,3.0,8.0,18.0,2.0,0.0,3,1745.68
3220,2024-12-29,2024-25,Southampton,Crystal Palace,0,1.0,2.0,7.0,19.0,3.0,10.0,7.0,19.0,3.0,0.0,0,1579.6
3221,2024-12-29,2024-25,Everton,Nott'm Forest,1,0.0,2.0,13.0,11.0,2.0,7.0,5.0,13.0,4.0,0.0,0,1711.92
3221,2024-12-29,2024-25,Nott'm Forest,Everton,0,2.0,0.0,11.0,13.0,7.0,2.0,4.0,10.0,1.0,0.0,3,1703.598947368421
3222,2024-12-29,2024-25,Fulham,Bournemouth,1,2.0,2.0,11.0,16.0,6.0,9.0,1.0,7.0,1.0,0.0,1,1766.95
3222,2024-12-29,2024-25,Bournemouth,Fulham,0,2.0,2.0,16.0,11.0,9.0,6.0,7.0,16.0,3.0,0.0,1,1757.7
3223,2024-12-29,2024-25,Tottenham,Wolves,1,2.0,2.0,13.0,11.0,3.0,3.0,5.0,9.0,1.0,0.0,1,1812.92
3223,2024-12-29,2024-25,Wolves,Tottenham,0,2.0,2.0,11.0,13.0,3.0,3.0,5.0,10.0,2.0,0.0,1,1652.57
3224,2024-12-29,2024-25,West Ham,Liverpool,1,0.0,5.0,7.0,22.0,0.0,13.0,3.0,7.0,0.0,0.0,0,1732.55
3224,2024-12-29,2024-25,Liverpool,West Ham,0,5.0,0.0,22.0,7.0,13.0,0.0,6.0,10.0,0.0,0.0,3,1991.39
3225,2024-12-30,2024-25,Aston Villa,Brighton,1,2.0,2.0,20.0,13.0,4.0,4.0,12.0,9.0,2.0,0.0,1,1803.11
3225,2024-12-30,2024-25,Brighton,Aston Villa,0,2.0,2.0,13.0,20.0,4.0,4.0,3.0,14.0,3.0,0.0,1,1765.46
3226,2024-12-30,2024-25,Ipswich,Chelsea,1,2.0,0.0,9.0,20.0,6.0,5.0,4.0,9.0,4.0,0.0,3,1595.27
3226,2024-12-30,2024-25,Chelsea,Ipswich,0,0.0,2.0,20.0,9.0,5.0,6.0,7.0,5.0,4.0,0.0,0,1896.25
3227,2024-12-30,2024-25,Man United,Newcastle,1,0.0,2.0,10.0,12.0,0.0,4.0,2.0,13.0,1.0,0.0,0,1785.76
3227,2024-12-30,2024-25,Newcastle,Man United,0,2.0,0.0,12.0,10.0,4.0,0.0,3.0,8.0,1.0,0.0,3,1809.88
3228,2025-01-01,2024-25,Brentford,Arsenal,1,1.0,3.0,5.0,14.0,2.0,5.0,4.0,6.0,1.0,0.0,0,1734.68
3228,2025-01-01,2024-25,Arsenal,Brentford,0,3.0,1.0,14.0,5.0,5.0,2.0,3.0,8.0,2.0,0.0,3,1985.34
3229,2025-01-04,2024-25,Crystal Palace,Chelsea,1,1.0,1.0,13.0,15.0,6.0,1.0,6.0,9.0,0.0,0.0,1,1756.65
3229,2025-01-04,2024-25,Chelsea,Crystal Palace,0,1.0,1.0,15.0,13.0,1.0,6.0,6.0,12.0,2.0,0.0,1,1864.35
3230,2025-01-04,2024-25,Tottenham,Newcastle,1,1.0,2.0,13.0,14.0,4.0,4.0,9.0,11.0,1.0,0.0,0,1799.63
3230,2025-01-04,2024-25,Newcastle,Tottenham,0,2.0,1.0,14.0,13.0,4.0,4.0,10.0,15.0,4.0,0.0,3,1840.6
3231,2025-01-04,2024-25,Bournemouth,Everton,1,1.0,0.0,19.0,9.0,8.0,0.0,9.0,15.0,2.0,0.0,3,1773.64
3231,2025-01-04,2024-25,Everton,Bournemouth,0,0.0,1.0,9.0,19.0,0.0,8.0,3.0,14.0,2.0,0.0,0,1709.6
3232,2025-01-04,2024-25,Southampton,Brentford,1,0.0,5.0,8.0,20.0,1.0,11.0,2.0,10.0,2.0,0.0,0,1569.21
3232,2025-01-04,2024-25,Brentford,Southampton,0,5.0,0.0,20.0,8.0,11.0,1.0,2.0,4.0,0.0,0.0,3,1734.68
3233,2025-01-04,2024-25,Man City,West Ham,1,4.0,1.0,10.0,17.0,7.0,4.0,7.0,8.0,2.0,0.0,3,1940.05
3233,2025-01-04,2024-25,West Ham,Man City,0,1.0,4.0,17.0,10.0,4.0,7.0,1.0,13.0,1.0,0.0,0,1731.69
3234,2025-01-04,2024-25,Brighton,Arsenal,1,1.0,1.0,11.0,9.0,4.0,3.0,2.0,17.0,2.0,0.0,1,1753.26
3234,2025-01-04,2024-25,Arsenal,Brighton,0,1.0,1.0,9.0,11.0,3.0,4.0,5.0,14.0,3.0,0.0,1,1985.34
3235,2025-01-04,2024-25,Aston Villa,Leicester,1,2.0,1.0,13.0,4.0,5.0,2.0,7.0,10.0,0.0,0.0,3,1799.41
3235,2025-01-04,2024-25,Leicester,Aston Villa,0,1.0,2.0,4.0,13.0,2.0,5.0,2.0,11.0,1.0,0.0,0,1627.46
3236,2025-01-05,2024-25,Fulham,Ipswich,1,2.0,2.0,15.0,7.0,4.0,3.0,9.0,10.0,1.0,0.0,1,1771.66
3236,2025-01-05,2024-25,Ipswich,Fulham,0,2.0,2.0,7.0,15.0,3.0,4.0,2.0,14.0,5.0,0.0,1,1605.54
3237,2025-01-05,2024-25,Liverpool,Man United,1,2.0,2.0,19.0,13.0,6.0,4.0,6.0,10.0,2.0,0.0,1,2009.38
3237,2025-01-05,2024-25,Man United,Liverpool,0,2.0,2.0,13.0,19.0,4.0,6.0,9.0,13.0,4.0,0.0,1,1756.4
3238,2025-01-06,2024-25,Wolves,Nott'm Forest,1,0.0,3.0,13.0,11.0,6.0,3.0,5.0,10.0,1.0,0.0,0,1686.93
3238,2025-01-06,2024-25,Nott'm Forest,Wolves,0,3.0,0.0,11.0,13.0,3.0,6.0,3.0,8.0,2.0,0.0,3,1766.36
3239,2025-01-14,2024-25,West Ham,Fulham,1,3.0,2.0,4.0,21.0,3.0,5.0,0.0,9.0,3.0,0.0,3,1731.69
3239,2025-01-14,2024-25,Fulham,West Ham,0,2.0,3.0,21.0,4.0,5.0,3.0,3.0,18.0,3.0,0.0,0,1771.66
3240,2025-01-14,2024-25,Nott'm Forest,Liverpool,1,1.0,1.0,6.0,23.0,3.0,7.0,0.0,7.0,2.0,0.0,1,1766.36
3240,2025-01-14,2024-25,Liverpool,Nott'm Forest,0,1.0,1.0,23.0,6.0,7.0,3.0,9.0,10.0,1.0,0.0,1,2009.38
3241,2025-01-14,2024-25,Brentford,Man City,1,2.0,2.0,18.0,21.0,6.0,8.0,4.0,4.0,0.0,0.0,1,1734.68
3241,2025-01-14,2024-25,Man City,Brentford,0,2.0,2.0,21.0,18.0,8.0,6.0,5.0,4.0,0.0,0.0,1,1940.05
3242,2025-01-14,2024-25,Chelsea,Bournemouth,1,2.0,2.0,26.0,7.0,10.0,3.0,9.0,15.0,2.0,0.0,1,1864.35
3242,2025-01-14,2024-25,Bournemouth,Chelsea,0,2.0,2.0,7.0,26.0,3.0,10.0,3.0,16.0,3.0,0.0,1,1773.64
3243,2025-01-15,2024-25,Everton,Aston Villa,1,0.0,1.0,10.0,11.0,3.0,3.0,8.0,17.0,2.0,0.0,0,1704.53
3243,2025-01-15,2024-25,Aston Villa,Everton,0,1.0,0.0,11.0,10.0,3.0,3.0,5.0,10.0,1.0,0.0,3,1802.28
3244,2025-01-15,2024-25,Leicester,Crystal Palace,1,0.0,2.0,21.0,9.0,4.0,4.0,4.0,7.0,0.0,0.0,0,1624.59
3244,2025-01-15,2024-25,Crystal Palace,Leicester,0,2.0,0.0,9.0,21.0,4.0,4.0,3.0,6.0,0.0,0.0,3,1757.97
3245,2025-01-15,2024-25,Newcastle,Wolves,1,3.0,0.0,17.0,13.0,5.0,7.0,4.0,10.0,0.0,0.0,3,1848.97
3245,2025-01-15,2024-25,Wolves,Newcastle,0,0.0,3.0,13.0,17.0,7.0,5.0,2.0,13.0,2.0,0.0,0,1673.98
3246,2025-01-15,2024-25,Arsenal,Tottenham,1,2.0,1.0,14.0,10.0,4.0,2.0,10.0,16.0,3.0,0.0,3,1985.78
3246,2025-01-15,2024-25,Tottenham,Arsenal,0,1.0,2.0,10.0,14.0,2.0,4.0,4.0,9.0,1.0,0.0,0,1791.26
3247,2025-01-16,2024-25,Ipswich,Brighton,1,0.0,2.0,5.0,11.0,3.0,5.0,1.0,13.0,2.0,0.0,0,1611.27
3247,2025-01-16,2024-25,Brighton,Ipswich,0,2.0,0.0,11.0,5.0,5.0,3.0,9.0,14.0,2.0,0.0,3,1757.93
3248,2025-01-16,2024-25,Man United,Southampton,1,3.0,1.0,23.0,13.0,9.0,5.0,5.0,7.0,1.0,0.0,3,1763.57
3248,2025-01-16,2024-25,Southampton,Man United,0,1.0,3.0,13.0,23.0,5.0,9.0,4.0,10.0,3.0,0.0,0,1557.1
3249,2025-01-18,2024-25,Newcastle,Bournemouth,1,1.0,4.0,13.0,19.0,5.0,10.0,7.0,7.0,1.0,0.0,0,1848.97
3249,2025-01-18,2024-25,Bournemouth,Newcastle,0,4.0,1.0,19.0,13.0,10.0,5.0,6.0,18.0,6.0,0.0,3,1782.62
3250,2025-01-18,2024-25,Arsenal,Aston Villa,1,2.0,2.0,18.0,8.0,6.0,4.0,10.0,10.0,2.0,0.0,1,1985.78
3250,2025-01-18,2024-25,Aston Villa,Arsenal,0,2.0,2.0,8.0,18.0,4.0,6.0,1.0,18.0,3.0,0.0,1,1802.28
3251,2025-01-18,2024-25,Brentford,Liverpool,1,0.0,2.0,11.0,37.0,6.0,8.0,2.0,6.0,2.0,0.0,0,1745.59
3251,2025-01-18,2024-25,Liverpool,Brentford,0,2.0,0.0,37.0,11.0,8.0,6.0,15.0,14.0,3.0,0.0,3,1997.82
3252,2025-01-18,2024-25,West Ham,Crystal Palace,1,0.0,2.0,7.0,12.0,0.0,7.0,2.0,13.0,1.0,1.0,0,1734.95
3252,2025-01-18,2024-25,Crystal Palace,West Ham,0,2.0,0.0,12.0,7.0,7.0,0.0,4.0,10.0,0.0,0.0,3,1757.97
3253,2025-01-18,2024-25,Leicester,Fulham,1,0.0,2.0,8.0,17.0,4.0,2.0,5.0,8.0,3.0,0.0,0,1624.59
3253,2025-01-18,2024-25,Fulham,Leicester,0,2.0,0.0,17.0,8.0,2.0,4.0,2.0,8.0,1.0,0.0,3,1758.53
3254,2025-01-19,2024-25,Everton,Tottenham,1,3.0,2.0,12.0,11.0,6.0,6.0,3.0,14.0,2.0,0.0,3,1704.53
3254,2025-01-19,2024-25,Tottenham,Everton,0,2.0,3.0,11.0,12.0,6.0,6.0,8.0,14.0,1.0,0.0,0,1791.26
3255,2025-01-19,2024-25,Man United,Brighton,1,1.0,3.0,10.0,6.0,1.0,3.0,4.0,13.0,3.0,0.0,0,1763.57
3255,2025-01-19,2024-25,Brighton,Man United,0,3.0,1.0,6.0,10.0,3.0,1.0,2.0,12.0,3.0,0.0,3,1757.93
3256,2025-01-19,2024-25,Nott'm Forest,Southampton,1,3.0,2.0,14.0,10.0,5.0,4.0,2.0,4.0,0.0,0.0,3,1783.71
3256,2025-01-19,2024-25,Southampton,Nott'm Forest,0,2.0,3.0,10.0,14.0,4.0,5.0,8.0,18.0,4.0,0.0,0,1557.1
3257,2025-01-19,2024-25,Ipswich,Man City,1,0.0,6.0,8.0,17.0,4.0,9.0,4.0,4.0,0.0,0.0,0,1611.27
3257,2025-01-19,2024-25,Man City,Ipswich,0,6.0,0.0,17.0,8.0,9.0,4.0,7.0,7.0,1.0,0.0,3,1940.29
3258,2025-01-20,2024-25,Chelsea,Wolves,1,3.0,1.0,19.0,9.0,7.0,4.0,3.0,8.0,4.0,0.0,3,1859.11
3258,2025-01-20,2024-25,Wolves,Chelsea,0,1.0,3.0,9.0,19.0,4.0,7.0,6.0,14.0,2.0,0.0,0,1673.98
3259,2025-01-25,2024-25,Liverpool,Ipswich,1,4.0,1.0,16.0,3.0,6.0,3.0,3.0,10.0,0.0,0.0,3,1997.82
3259,2025-01-25,2024-25,Ipswich,Liverpool,0,1.0,4.0,3.0,16.0,3.0,6.0,4.0,11.0,2.0,0.0,0,1611.27
3260,2025-01-25,2024-25,Bournemouth,Nott'm Forest,1,5.0,0.0,16.0,18.0,10.0,4.0,3.0,9.0,2.0,0.0,3,1782.62
3260,2025-01-25,2024-25,Nott'm Forest,Bournemouth,0,0.0,5.0,18.0,16.0,4.0,10.0,9.0,12.0,3.0,0.0,0,1783.71
3261,2025-01-25,2024-25,Brighton,Everton,1,0.0,1.0,16.0,3.0,1.0,1.0,9.0,8.0,3.0,0.0,0,1757.93
3261,2025-01-25,2024-25,Everton,Brighton,0,1.0,0.0,3.0,16.0,1.0,1.0,1.0,11.0,4.0,0.0,3,1704.53
3262,2025-01-25,2024-25,Wolves,Arsenal,1,0.0,1.0,9.0,9.0,4.0,3.0,1.0,20.0,0.0,1.0,0,1673.98
3262,2025-01-25,2024-25,Arsenal,Wolves,0,1.0,0.0,9.0,9.0,3.0,4.0,5.0,10.0,1.0,1.0,3,1985.78
3263,2025-01-25,2024-25,Man City,Chelsea,1,3.0,1.0,15.0,10.0,6.0,4.0,2.0,6.0,3.0,0.0,3,1940.29
3263,2025-01-25,2024-25,Chelsea,Man City,0,1.0,3.0,10.0,15.0,4.0,6.0,4.0,8.0,2.0,0.0,0,1859.11
3264,2025-01-25,2024-25,Southampton,Newcastle,1,1.0,3.0,12.0,17.0,5.0,9.0,3.0,10.0,1.0,0.0,0,1557.1
3264,2025-01-25,2024-25,Newcastle,Southampton,0,3.0,1.0,17.0,12.0,9.0,5.0,8.0,5.0,0.0,0.0,3,1848.97
3265,2025-01-26,2024-25,Crystal Palace,Brentford,1,1.0,2.0,16.0,13.0,5.0,6.0,4.0,8.0,2.0,0.0,0,1757.97
3265,2025-01-26,2024-25,Brentford,Crystal Palace,0,2.0,1.0,13.0,16.0,6.0,5.0,7.0,11.0,2.0,0.0,3,1745.59
3266,2025-01-26,2024-25,Tottenham,Leicester,1,1.0,2.0,15.0,12.0,6.0,3.0,6.0,6.0,1.0,0.0,0,1791.26
3266,2025-01-26,2024-25,Leicester,Tottenham,0,2.0,1.0,12.0,15.0,3.0,6.0,4.0,16.0,5.0,0.0,3,1624.59
3267,2025-01-26,2024-25,Aston Villa,West Ham,1,1.0,1.0,14.0,14.0,4.0,4.0,4.0,13.0,2.0,0.0,1,1802.28
3267,2025-01-26,2024-25,West Ham,Aston Villa,0,1.0,1.0,14.0,14.0,4.0,4.0,3.0,16.0,3.0,0.0,1,1734.95
3268,2025-01-26,2024-25,Fulham,Man United,1,0.0,1.0,9.0,4.0,3.0,1.0,3.0,7.0,0.0,0.0,0,1758.53
3268,2025-01-26,2024-25,Man United,Fulham,0,1.0,0.0,4.0,9.0,1.0,3.0,0.0,9.0,1.0,0.0,3,1763.57
3269,2025-02-01,2024-25,Nott'm Forest,Brighton,1,7.0,0.0,14.0,10.0,9.0,5.0,4.0,8.0,1.0,0.0,3,1773.07
3269,2025-02-01,2024-25,Brighton,Nott'm Forest,0,0.0,7.0,10.0,14.0,5.0,9.0,6.0,13.0,3.0,0.0,0,1769.32
3270,2025-02-01,2024-25,Bournemouth,Liverpool,1,0.0,2.0,14.0,19.0,3.0,7.0,3.0,15.0,2.0,0.0,0,1817.39
3270,2025-02-01,2024-25,Liverpool,Bournemouth,0,2.0,0.0,19.0,14.0,7.0,3.0,3.0,9.0,3.0,0.0,3,1996.88
3271,2025-02-01,2024-25,Everton,Leicester,1,4.0,0.0,13.0,9.0,7.0,1.0,5.0,7.0,0.0,0.0,3,1719.11
3271,2025-02-01,2024-25,Leicester,Everton,0,0.0,4.0,9.0,13.0,1.0,7.0,6.0,13.0,0.0,0.0,0,1622.28
3272,2025-02-01,2024-25,Ipswich,Southampton,1,1.0,2.0,15.0,9.0,6.0,4.0,1.0,11.0,0.0,0.0,0,1597.46
3272,2025-02-01,2024-25,Southampton,Ipswich,0,2.0,1.0,9.0,15.0,4.0,6.0,2.0,14.0,3.0,0.0,3,1548.53
3273,2025-02-01,2024-25,Newcastle,Fulham,1,1.0,2.0,11.0,15.0,4.0,4.0,4.0,10.0,4.0,0.0,0,1839.71
3273,2025-02-01,2024-25,Fulham,Newcastle,0,2.0,1.0,15.0,11.0,4.0,4.0,7.0,15.0,4.0,0.0,3,1758.32
3274,2025-02-01,2024-25,Wolves,Aston Villa,1,2.0,0.0,8.0,10.0,5.0,3.0,5.0,20.0,2.0,0.0,3,1664.06
3274,2025-02-01,2024-25,Aston Villa,Wolves,0,0.0,2.0,10.0,8.0,3.0,5.0,8.0,13.0,3.0,0.0,0,1810.13
3275,2025-02-02,2024-25,Man United,Crystal Palace,1,0.0,2.0,17.0,11.0,2.0,3.0,11.0,12.0,3.0,0.0,0,1773.39
3275,2025-02-02,2024-25,Crystal Palace,Man United,0,2.0,0.0,11.0,17.0,3.0,2.0,0.0,13.0,1.0,0.0,3,1769.54
3276,2025-02-02,2024-25,Arsenal,Man City,1,5.0,1.0,12.0,7.0,7.0,4.0,5.0,6.0,2.0,0.0,3,1990.55
3276,2025-02-02,2024-25,Man City,Arsenal,0,1.0,5.0,7.0,12.0,4.0,7.0,2.0,7.0,0.0,0.0,0,1947.53
3277,2025-02-02,2024-25,Brentford,Tottenham,1,0.0,2.0,20.0,13.0,4.0,2.0,10.0,4.0,0.0,0.0,0,1752.4
3277,2025-02-02,2024-25,Tottenham,Brentford,0,2.0,0.0,13.0,20.0,2.0,4.0,3.0,11.0,1.0,0.0,3,1775.76
3278,2025-02-03,2024-25,Chelsea,West Ham,1,2.0,1.0,22.0,14.0,3.0,5.0,4.0,11.0,3.0,0.0,3,1857.31
3278,2025-02-03,2024-25,West Ham,Chelsea,0,1.0,2.0,14.0,22.0,5.0,3.0,3.0,10.0,1.0,0.0,0,1727.7
3279,2025-02-12,2024-25,Everton,Liverpool,1,2.0,2.0,10.0,6.0,3.0,4.0,2.0,9.0,2.0,1.0,1,1719.11
3279,2025-02-12,2024-25,Liverpool,Everton,0,2.0,2.0,6.0,10.0,4.0,3.0,3.0,20.0,2.0,1.0,1,1996.88
3280,2025-02-14,2024-25,Brighton,Chelsea,1,3.0,0.0,13.0,8.0,5.0,0.0,2.0,12.0,1.0,0.0,3,1769.32
3280,2025-02-14,2024-25,Chelsea,Brighton,0,0.0,3.0,8.0,13.0,0.0,5.0,9.0,15.0,2.0,0.0,0,1857.31
3281,2025-02-15,2024-25,Leicester,Arsenal,1,0.0,2.0,6.0,11.0,2.0,5.0,3.0,9.0,2.0,0.0,0,1611.02
3281,2025-02-15,2024-25,Arsenal,Leicester,0,2.0,0.0,11.0,6.0,5.0,2.0,7.0,10.0,1.0,0.0,3,1999.49
3282,2025-02-15,2024-25,Aston Villa,Ipswich,1,1.0,1.0,25.0,4.0,6.0,3.0,16.0,7.0,0.0,0.0,1,1793.17
3282,2025-02-15,2024-25,Ipswich,Aston Villa,0,1.0,1.0,4.0,25.0,3.0,6.0,1.0,11.0,3.0,1.0,1,1584.51
3283,2025-02-15,2024-25,Fulham,Nott'm Forest,1,2.0,1.0,24.0,8.0,10.0,2.0,8.0,13.0,0.0,0.0,3,1767.26
3283,2025-02-15,2024-25,Nott'm Forest,Fulham,0,1.0,2.0,8.0,24.0,2.0,10.0,4.0,8.0,0.0,0.0,0,1788.28
3284,2025-02-15,2024-25,Man City,Newcastle,1,4.0,0.0,11.0,3.0,7.0,1.0,7.0,5.0,0.0,0.0,3,1926.48
3284,2025-02-15,2024-25,Newcastle,Man City,0,0.0,4.0,3.0,11.0,1.0,7.0,4.0,13.0,1.0,0.0,0,1826.18
3285,2025-02-15,2024-25,Southampton,Bournemouth,1,1.0,3.0,11.0,14.0,4.0,7.0,4.0,13.0,1.0,0.0,0,1556.9
3285,2025-02-15,2024-25,Bournemouth,Southampton,0,3.0,1.0,14.0,11.0,7.0,4.0,6.0,15.0,3.0,0.0,3,1808.38
3286,2025-02-15,2024-25,West Ham,Brentford,1,0.0,1.0,13.0,14.0,3.0,5.0,9.0,10.0,1.0,0.0,0,1721.72
3286,2025-02-15,2024-25,Brentford,West Ham,0,1.0,0.0,14.0,13.0,5.0,3.0,2.0,13.0,1.0,0.0,3,1738.05
3287,2025-02-15,2024-25,Crystal Palace,Everton,1,1.0,2.0,17.0,11.0,6.0,6.0,6.0,9.0,0.0,0.0,0,1780.71
3287,2025-02-15,2024-25,Everton,Crystal Palace,0,2.0,1.0,11.0,17.0,6.0,6.0,2.0,12.0,1.0,0.0,3,1731.52
3288,2025-02-16,2024-25,Liverpool,Wolves,1,2.0,1.0,10.0,16.0,3.0,4.0,4.0,15.0,2.0,0.0,3,1995.58
3288,2025-02-16,2024-25,Wolves,Liverpool,0,1.0,2.0,16.0,10.0,4.0,3.0,3.0,13.0,2.0,0.0,0,1676.43
3289,2025-02-16,2024-25,Tottenham,Man United,1,1.0,0.0,22.0,16.0,7.0,6.0,10.0,13.0,1.0,0.0,3,1785.53
3289,2025-02-16,2024-25,Man United,Tottenham,0,0.0,1.0,16.0,22.0,6.0,7.0,5.0,9.0,2.0,0.0,0,1757.62
3290,2025-02-19,2024-25,Aston Villa,Liverpool,1,2.0,2.0,9.0,17.0,4.0,3.0,6.0,8.0,1.0,0.0,1,1793.17
3290,2025-02-19,2024-25,Liverpool,Aston Villa,0,2.0,2.0,17.0,9.0,3.0,4.0,8.0,6.0,0.0,0.0,1,1995.58
3291,2025-02-21,2024-25,Leicester,Brentford,1,0.0,4.0,8.0,14.0,3.0,6.0,5.0,10.0,4.0,0.0,0,1611.02
3291,2025-02-21,2024-25,Brentford,Leicester,0,4.0,0.0,14.0,8.0,6.0,3.0,6.0,10.0,0.0,0.0,3,1738.05
3292,2025-02-22,2024-25,Everton,Man United,1,2.0,2.0,9.0,9.0,8.0,3.0,7.0,12.0,4.0,0.0,1,1731.52
3292,2025-02-22,2024-25,Man United,Everton,0,2.0,2.0,9.0,9.0,3.0,8.0,9.0,9.0,1.0,0.0,1,1757.62
3293,2025-02-22,2024-25,Arsenal,West Ham,1,0.0,1.0,20.0,5.0,2.0,2.0,2.0,16.0,1.0,1.0,0,1999.49
3293,2025-02-22,2024-25,West Ham,Arsenal,0,1.0,0.0,5.0,20.0,2.0,2.0,0.0,15.0,3.0,0.0,3,1721.72
3294,2025-02-22,2024-25,Bournemouth,Wolves,1,0.0,1.0,8.0,13.0,3.0,5.0,6.0,17.0,3.0,1.0,0,1808.38
3294,2025-02-22,2024-25,Wolves,Bournemouth,0,1.0,0.0,13.0,8.0,5.0,3.0,7.0,9.0,3.0,0.0,3,1676.43
3295,2025-02-22,2024-25,Fulham,Crystal Palace,1,0.0,2.0,10.0,10.0,0.0,5.0,7.0,10.0,1.0,0.0,0,1767.26
3295,2025-02-22,2024-25,Crystal Palace,Fulham,0,2.0,0.0,10.0,10.0,5.0,0.0,7.0,7.0,3.0,0.0,3,1780.71
3296,2025-02-22,2024-25,Ipswich,Tottenham,1,1.0,4.0,17.0,10.0,5.0,6.0,4.0,15.0,2.0,0.0,0,1584.51
3296,2025-02-22,2024-25,Tottenham,Ipswich,0,4.0,1.0,10.0,17.0,6.0,5.0,4.0,14.0,1.0,0.0,3,1785.53
3297,2025-02-22,2024-25,Southampton,Brighton,1,0.0,4.0,6.0,18.0,1.0,12.0,5.0,11.0,2.0,0.0,0,1556.9
3297,2025-02-22,2024-25,Brighton,Southampton,0,4.0,0.0,18.0,6.0,12.0,1.0,6.0,12.0,0.0,0.0,3,1765.52
3298,2025-02-22,2024-25,Aston Villa,Chelsea,1,2.0,1.0,12.0,15.0,6.0,7.0,2.0,15.0,1.0,0.0,3,1793.17
3298,2025-02-22,2024-25,Chelsea,Aston Villa,0,1.0,2.0,15.0,12.0,7.0,6.0,3.0,16.0,3.0,0.0,0,1842.71
3299,2025-02-23,2024-25,Newcastle,Nott'm Forest,1,4.0,3.0,13.0,17.0,5.0,5.0,7.0,11.0,1.0,0.0,3,1826.18
3299,2025-02-23,2024-25,Nott'm Forest,Newcastle,0,3.0,4.0,17.0,13.0,5.0,5.0,6.0,13.0,4.0,0.0,0,1788.28
3300,2025-02-23,2024-25,Man City,Liverpool,1,0.0,2.0,16.0,8.0,5.0,4.0,7.0,3.0,0.0,0.0,0,1926.48
3300,2025-02-23,2024-25,Liverpool,Man City,0,2.0,0.0,8.0,16.0,4.0,5.0,5.0,10.0,0.0,0.0,3,1995.58
3301,2025-02-25,2024-25,Brighton,Bournemouth,1,2.0,1.0,11.0,19.0,4.0,5.0,1.0,12.0,2.0,0.0,3,1765.52
3301,2025-02-25,2024-25,Bournemouth,Brighton,0,1.0,2.0,19.0,11.0,5.0,4.0,9.0,14.0,1.0,0.0,0,1808.38
3302,2025-02-25,2024-25,Crystal Palace,Aston Villa,1,4.0,1.0,19.0,6.0,6.0,2.0,3.0,19.0,3.0,0.0,3,1780.71
3302,2025-02-25,2024-25,Aston Villa,Crystal Palace,0,1.0,4.0,6.0,19.0,2.0,6.0,8.0,10.0,1.0,0.0,0,1793.17
3303,2025-02-25,2024-25,Wolves,Fulham,1,1.0,2.0,18.0,11.0,5.0,5.0,7.0,8.0,1.0,0.0,0,1676.43
3303,2025-02-25,2024-25,Fulham,Wolves,0,2.0,1.0,11.0,18.0,5.0,5.0,5.0,15.0,3.0,0.0,3,1767.26
3304,2025-02-25,2024-25,Chelsea,Southampton,1,4.0,0.0,19.0,7.0,10.0,2.0,4.0,6.0,1.0,0.0,3,1842.71
3304,2025-02-25,2024-25,Southampton,Chelsea,0,0.0,4.0,7.0,19.0,2.0,10.0,2.0,9.0,2.0,0.0,0,1556.9
3305,2025-02-26,2024-25,Brentford,Everton,1,1.0,1.0,12.0,14.0,3.0,4.0,2.0,3.0,2.0,0.0,1,1738.05
3305,2025-02-26,2024-25,Everton,Brentford,0,1.0,1.0,14.0,12.0,4.0,3.0,5.0,6.0,1.0,0.0,1,1731.52
3306,2025-02-26,2024-25,Man United,Ipswich,1,3.0,2.0,10.0,12.0,6.0,3.0,5.0,9.0,4.0,1.0,3,1757.62
3306,2025-02-26,2024-25,Ipswich,Man United,0,2.0,3.0,12.0,10.0,3.0,6.0,6.0,16.0,4.0,0.0,0,1584.51
3307,2025-02-26,2024-25,Nott'm Forest,Arsenal,1,0.0,0.0,6.0,13.0,2.0,1.0,3.0,10.0,1.0,0.0,1,1788.28
3307,2025-02-26,2024-25,Arsenal,Nott'm Forest,0,0.0,0.0,13.0,6.0,1.0,2.0,11.0,17.0,1.0,0.0,1,1999.49
3308,2025-02-26,2024-25,Tottenham,Man City,1,0.0,1.0,11.0,12.0,6.0,5.0,8.0,12.0,3.0,0.0,0,1785.53
3308,2025-02-26,2024-25,Man City,Tottenham,0,1.0,0.0,12.0,11.0,5.0,6.0,3.0,15.0,0.0,0.0,3,1926.48
3309,2025-02-26,2024-25,Liverpool,Newcastle,1,2.0,0.0,12.0,3.0,3.0,0.0,4.0,12.0,0.0,0.0,3,1995.58
3309,2025-02-26,2024-25,Newcastle,Liverpool,0,0.0,2.0,3.0,12.0,0.0,3.0,2.0,11.0,1.0,0.0,0,1826.18
3310,2025-02-27,2024-25,West Ham,Leicester,1,2.0,0.0,8.0,10.0,2.0,2.0,3.0,12.0,0.0,0.0,3,1721.72
3310,2025-02-27,2024-25,Leicester,West Ham,0,0.0,2.0,10.0,8.0,2.0,2.0,3.0,6.0,0.0,0.0,0,1611.02
3311,2025-03-08,2024-25,Nott'm Forest,Man City,1,1.0,0.0,9.0,14.0,4.0,3.0,3.0,9.0,3.0,0.0,3,1776.99
3311,2025-03-08,2024-25,Man City,Nott'm Forest,0,0.0,1.0,14.0,9.0,3.0,4.0,2.0,7.0,2.0,0.0,0,1919.0
3312,2025-03-08,2024-25,Brighton,Fulham,1,2.0,1.0,9.0,6.0,4.0,1.0,3.0,6.0,0.0,0.0,3,1778.49
3312,2025-03-08,2024-25,Fulham,Brighton,0,1.0,2.0,6.0,9.0,1.0,4.0,7.0,12.0,2.0,0.0,0,1765.68
3313,2025-03-08,2024-25,Crystal Palace,Ipswich,1,1.0,0.0,19.0,15.0,4.0,8.0,5.0,8.0,4.0,0.0,3,1793.05
3313,2025-03-08,2024-25,Ipswich,Crystal Palace,0,0.0,1.0,15.0,19.0,8.0,4.0,4.0,7.0,3.0,0.0,0,1577.69
3314,2025-03-08,2024-25,Liverpool,Southampton,1,3.0,1.0,28.0,6.0,7.0,4.0,6.0,10.0,2.0,0.0,3,2004.54
3314,2025-03-08,2024-25,Southampton,Liverpool,0,1.0,3.0,6.0,28.0,4.0,7.0,4.0,9.0,1.0,0.0,0,1537.95
3315,2025-03-08,2024-25,Brentford,Aston Villa,1,0.0,1.0,13.0,12.0,3.0,4.0,6.0,10.0,2.0,0.0,0,1753.66
3315,2025-03-08,2024-25,Aston Villa,Brentford,0,1.0,0.0,12.0,13.0,4.0,3.0,5.0,5.0,2.0,0.0,3,1783.92
3316,2025-03-08,2024-25,Wolves,Everton,1,1.0,1.0,11.0,12.0,3.0,4.0,5.0,11.0,2.0,0.0,1,1677.75
3316,2025-03-08,2024-25,Everton,Wolves,0,1.0,1.0,12.0,11.0,4.0,3.0,5.0,16.0,2.0,0.0,1,1740.51
3317,2025-03-09,2024-25,Chelsea,Leicester,1,1.0,0.0,20.0,3.0,7.0,3.0,12.0,12.0,1.0,0.0,3,1835.33
3317,2025-03-09,2024-25,Leicester,Chelsea,0,0.0,1.0,3.0,20.0,3.0,7.0,2.0,13.0,0.0,0.0,0,1589.38
3318,2025-03-09,2024-25,Tottenham,Bournemouth,1,2.0,2.0,12.0,17.0,4.0,8.0,3.0,15.0,3.0,0.0,1,1790.23
3318,2025-03-09,2024-25,Bournemouth,Tottenham,0,2.0,2.0,17.0,12.0,8.0,4.0,6.0,16.0,3.0,0.0,1,1790.53
3319,2025-03-09,2024-25,Man United,Arsenal,1,1.0,1.0,10.0,17.0,6.0,6.0,2.0,8.0,0.0,0.0,1,1753.38
3319,2025-03-09,2024-25,Arsenal,Man United,0,1.0,1.0,17.0,10.0,6.0,6.0,9.0,11.0,1.0,0.0,1,1979.18
3320,2025-03-10,2024-25,West Ham,Newcastle,1,0.0,1.0,9.0,9.0,2.0,3.0,3.0,7.0,0.0,0.0,0,1731.25
3320,2025-03-10,2024-25,Newcastle,West Ham,0,1.0,0.0,9.0,9.0,3.0,2.0,4.0,15.0,1.0,0.0,3,1816.95
3321,2025-03-15,2024-25,Everton,West Ham,1,1.0,1.0,13.0,10.0,5.0,5.0,6.0,12.0,1.0,0.0,1,1752.95
3321,2025-03-15,2024-25,West Ham,Everton,0,1.0,1.0,10.0,13.0,5.0,5.0,5.0,8.0,2.0,0.0,1,1737.13
3322,2025-03-15,2024-25,Ipswich,Nott'm Forest,1,2.0,4.0,11.0,11.0,4.0,6.0,6.0,4.0,1.0,0.0,0,1588.03
3322,2025-03-15,2024-25,Nott'm Forest,Ipswich,0,4.0,2.0,11.0,11.0,6.0,4.0,3.0,13.0,1.0,0.0,3,1800.2
3323,2025-03-15,2024-25,Man City,Brighton,1,2.0,2.0,11.0,15.0,3.0,3.0,4.0,10.0,2.0,0.0,1,1921.52
3323,2025-03-15,2024-25,Brighton,Man City,0,2.0,2.0,15.0,11.0,3.0,3.0,5.0,10.0,5.0,0.0,1,1797.78
3324,2025-03-15,2024-25,Southampton,Wolves,1,1.0,2.0,10.0,5.0,3.0,3.0,5.0,12.0,0.0,0.0,0,1550.01
3324,2025-03-15,2024-25,Wolves,Southampton,0,2.0,1.0,5.0,10.0,3.0,3.0,1.0,13.0,0.0,0.0,3,1691.03
3325,2025-03-15,2024-25,Bournemouth,Brentford,1,1.0,2.0,17.0,10.0,5.0,4.0,4.0,13.0,3.0,0.0,0,1804.71
3325,2025-03-15,2024-25,Brentford,Bournemouth,0,2.0,1.0,10.0,17.0,4.0,5.0,3.0,7.0,0.0,0.0,3,1758.22
3326,2025-03-16,2024-25,Arsenal,Chelsea,1,1.0,0.0,12.0,8.0,4.0,2.0,5.0,10.0,3.0,0.0,3,1995.4
3326,2025-03-16,2024-25,Chelsea,Arsenal,0,0.0,1.0,8.0,12.0,2.0,4.0,4.0,13.0,3.0,0.0,0,1853.27
3327,2025-03-16,2024-25,Fulham,Tottenham,1,2.0,0.0,13.0,12.0,4.0,4.0,6.0,13.0,0.0,0.0,3,1772.11
3327,2025-03-16,2024-25,Tottenham,Fulham,0,0.0,2.0,12.0,13.0,4.0,4.0,5.0,10.0,0.0,0.0,0,1805.86
3328,2025-03-16,2024-25,Leicester,Man United,1,0.0,3.0,11.0,18.0,3.0,5.0,6.0,6.0,2.0,0.0,0,1600.19
3328,2025-03-16,2024-25,Man United,Leicester,0,3.0,0.0,18.0,11.0,5.0,3.0,4.0,6.0,0.0,0.0,3,1785.17
3329,2025-04-01,2024-25,Arsenal,Fulham,1,2.0,1.0,17.0,9.0,4.0,3.0,5.0,2.0,1.0,0.0,3,1998.97
3329,2025-04-01,2024-25,Fulham,Arsenal,0,1.0,2.0,9.0,17.0,3.0,4.0,4.0,10.0,2.0,0.0,0,1782.73
3330,2025-04-01,2024-25,Wolves,West Ham,1,1.0,0.0,9.0,10.0,2.0,1.0,1.0,16.0,4.0,0.0,3,1696.67
3330,2025-04-01,2024-25,West Ham,Wolves,0,0.0,1.0,10.0,9.0,1.0,2.0,2.0,12.0,2.0,0.0,0,1739.05
3331,2025-04-01,2024-25,Nott'm Forest,Man United,1,1.0,0.0,8.0,23.0,2.0,6.0,3.0,5.0,1.0,0.0,3,1806.07
3331,2025-04-01,2024-25,Man United,Nott'm Forest,0,0.0,1.0,23.0,8.0,6.0,2.0,10.0,12.0,3.0,0.0,0,1793.3
3332,2025-04-02,2024-25,Bournemouth,Ipswich,1,1.0,2.0,24.0,10.0,7.0,2.0,8.0,14.0,1.0,0.0,0,1794.07
3332,2025-04-02,2024-25,Ipswich,Bournemouth,0,2.0,1.0,10.0,24.0,2.0,7.0,3.0,15.0,2.0,0.0,3,1582.15
3333,2025-04-02,2024-25,Brighton,Aston Villa,1,0.0,3.0,11.0,8.0,4.0,5.0,4.0,16.0,1.0,0.0,0,1802.44
3333,2025-04-02,2024-25,Aston Villa,Brighton,0,3.0,0.0,8.0,11.0,5.0,4.0,0.0,11.0,3.0,0.0,3,1821.52
3334,2025-04-02,2024-25,Man City,Leicester,1,2.0,0.0,18.0,2.0,5.0,0.0,5.0,11.0,1.0,0.0,3,1916.85
3334,2025-04-02,2024-25,Leicester,Man City,0,0.0,2.0,2.0,18.0,0.0,5.0,0.0,8.0,4.0,0.0,0,1592.07
3335,2025-04-02,2024-25,Newcastle,Brentford,1,2.0,1.0,21.0,12.0,4.0,3.0,4.0,12.0,1.0,0.0,3,1836.78
3335,2025-04-02,2024-25,Brentford,Newcastle,0,1.0,2.0,12.0,21.0,3.0,4.0,5.0,12.0,1.0,0.0,0,1768.86
3336,2025-04-02,2024-25,Southampton,Crystal Palace,1,1.0,1.0,8.0,9.0,2.0,3.0,2.0,14.0,2.0,0.0,1,1544.37
3336,2025-04-02,2024-25,Crystal Palace,Southampton,0,1.0,1.0,9.0,8.0,3.0,2.0,2.0,9.0,1.0,0.0,1,1808.43
3337,2025-04-02,2024-25,Liverpool,Everton,1,1.0,0.0,17.0,5.0,3.0,0.0,11.0,7.0,2.0,0.0,3,2014.81
3337,2025-04-02,2024-25,Everton,Liverpool,0,0.0,1.0,5.0,17.0,0.0,3.0,5.0,11.0,2.0,0.0,0,1751.03
3338,2025-04-03,2024-25,Chelsea,Tottenham,1,1.0,0.0,11.0,8.0,5.0,2.0,4.0,7.0,5.0,0.0,3,1849.7
3338,2025-04-03,2024-25,Tottenham,Chelsea,0,0.0,1.0,8.0,11.0,2.0,5.0,6.0,16.0,5.0,0.0,0,1795.24
3339,2025-04-05,2024-25,Ipswich,Wolves,1,1.0,2.0,6.0,22.0,2.0,7.0,4.0,12.0,2.0,0.0,0,1582.15
3339,2025-04-05,2024-25,Wolves,Ipswich,0,2.0,1.0,22.0,6.0,7.0,2.0,8.0,16.0,2.0,0.0,3,1696.67
3340,2025-04-05,2024-25,Crystal Palace,Brighton,1,2.0,1.0,8.0,11.0,3.0,5.0,2.0,12.0,0.0,2.0,3,1808.43
3340,2025-04-05,2024-25,Brighton,Crystal Palace,0,1.0,2.0,11.0,8.0,5.0,3.0,4.0,13.0,1.0,1.0,0,1802.44
3341,2025-04-05,2024-25,Aston Villa,Nott'm Forest,1,2.0,1.0,17.0,19.0,8.0,3.0,4.0,7.0,2.0,0.0,3,1821.52
3341,2025-04-05,2024-25,Nott'm Forest,Aston Villa,0,1.0,2.0,19.0,17.0,3.0,8.0,4.0,15.0,2.0,0.0,0,1806.07
3342,2025-04-05,2024-25,West Ham,Bournemouth,1,2.0,2.0,9.0,11.0,3.0,4.0,4.0,13.0,2.0,0.0,1,1739.05
3342,2025-04-05,2024-25,Bournemouth,West Ham,0,2.0,2.0,11.0,9.0,4.0,3.0,7.0,13.0,2.0,0.0,1,1794.07
3343,2025-04-05,2024-25,Everton,Arsenal,1,1.0,1.0,5.0,14.0,2.0,5.0,3.0,17.0,3.0,0.0,1,1751.03
3343,2025-04-05,2024-25,Arsenal,Everton,0,1.0,1.0,14.0,5.0,5.0,2.0,8.0,13.0,1.0,0.0,1,1998.97
3344,2025-04-06,2024-25,Brentford,Chelsea,1,0.0,0.0,9.0,21.0,2.0,5.0,3.0,12.0,1.0,0.0,1,1768.86
3344,2025-04-06,2024-25,Chelsea,Brentford,0,0.0,0.0,21.0,9.0,5.0,2.0,6.0,12.0,3.0,0.0,1,1849.7
3345,2025-04-06,2024-25,Fulham,Liverpool,1,3.0,2.0,12.0,14.0,6.0,6.0,4.0,10.0,3.0,0.0,3,1782.73
3345,2025-04-06,2024-25,Liverpool,Fulham,0,2.0,3.0,14.0,12.0,6.0,6.0,4.0,9.0,0.0,0.0,0,2014.81
3346,2025-04-06,2024-25,Tottenham,Southampton,1,3.0,1.0,13.0,12.0,8.0,4.0,4.0,16.0,1.0,0.0,3,1795.24
3346,2025-04-06,2024-25,Southampton,Tottenham,0,1.0,3.0,12.0,13.0,4.0,8.0,1.0,20.0,1.0,0.0,0,1544.37
3347,2025-04-06,2024-25,Man United,Man City,1,0.0,0.0,13.0,9.0,2.0,5.0,5.0,13.0,3.0,0.0,1,1793.3
3347,2025-04-06,2024-25,Man City,Man United,0,0.0,0.0,9.0,13.0,5.0,2.0,3.0,9.0,2.0,0.0,1,1916.85
3348,2025-04-07,2024-25,Leicester,Newcastle,1,0.0,3.0,7.0,16.0,2.0,5.0,12.0,8.0,2.0,0.0,0,1592.07
3348,2025-04-07,2024-25,Newcastle,Leicester,0,3.0,0.0,16.0,7.0,5.0,2.0,2.0,9.0,0.0,0.0,3,1836.78
3349,2025-04-12,2024-25,Man City,Crystal Palace,1,5.0,2.0,21.0,8.0,9.0,3.0,1.0,10.0,2.0,0.0,3,1916.85
3349,2025-04-12,2024-25,Crystal Palace,Man City,0,2.0,5.0,8.0,21.0,3.0,9.0,4.0,16.0,3.0,0.0,0,1808.43
3350,2025-04-12,2024-25,Brighton,Leicester,1,2.0,2.0,21.0,15.0,7.0,6.0,3.0,9.0,2.0,0.0,1,1802.44
3350,2025-04-12,2024-25,Leicester,Brighton,0,2.0,2.0,15.0,21.0,6.0,7.0,6.0,11.0,5.0,0.0,1,1592.07
3351,2025-04-12,2024-25,Nott'm Forest,Everton,1,0.0,1.0,10.0,13.0,5.0,5.0,1.0,9.0,0.0,0.0,0,1806.07
3351,2025-04-12,2024-25,Everton,Nott'm Forest,0,1.0,0.0,13.0,10.0,5.0,5.0,7.0,13.0,3.0,0.0,3,1751.03
3352,2025-04-12,2024-25,Southampton,Aston Villa,1,0.0,3.0,7.0,25.0,2.0,10.0,2.0,11.0,3.0,0.0,0,1544.37
3352,2025-04-12,2024-25,Aston Villa,Southampton,0,3.0,0.0,25.0,7.0,10.0,2.0,14.0,4.0,1.0,0.0,3,1821.52
3353,2025-04-12,2024-25,Arsenal,Brentford,1,1.0,1.0,14.0,3.0,3.0,2.0,13.0,7.0,1.0,0.0,1,1998.97
3353,2025-04-12,2024-25,Brentford,Arsenal,0,1.0,1.0,3.0,14.0,2.0,3.0,5.0,9.0,3.0,0.0,1,1768.86
3354,2025-04-13,2024-25,Chelsea,Ipswich,1,2.0,2.0,34.0,13.0,9.0,4.0,15.0,11.0,2.0,0.0,1,1849.7
3354,2025-04-13,2024-25,Ipswich,Chelsea,0,2.0,2.0,13.0,34.0,4.0,9.0,4.0,7.0,2.0,0.0,1,1582.15
3355,2025-04-13,2024-25,Liverpool,West Ham,1,2.0,1.0,15.0,11.0,6.0,4.0,10.0,15.0,0.0,0.0,3,2014.81
3355,2025-04-13,2024-25,West Ham,Liverpool,0,1.0,2.0,11.0,15.0,4.0,6.0,3.0,8.0,2.0,0.0,0,1739.05
3356,2025-04-13,2024-25,Wolves,Tottenham,1,4.0,2.0,13.0,11.0,5.0,4.0,1.0,12.0,1.0,0.0,3,1696.67
3356,2025-04-13,2024-25,Tottenham,Wolves,0,2.0,4.0,11.0,13.0,4.0,5.0,4.0,15.0,2.0,0.0,0,1795.24
3357,2025-04-13,2024-25,Newcastle,Man United,1,4.0,1.0,13.0,9.0,6.0,5.0,7.0,7.0,0.0,0.0,3,1836.78
3357,2025-04-13,2024-25,Man United,Newcastle,0,1.0,4.0,9.0,13.0,5.0,6.0,2.0,9.0,2.0,0.0,0,1793.3
3358,2025-04-14,2024-25,Bournemouth,Fulham,1,1.0,0.0,12.0,12.0,3.0,7.0,6.0,11.0,3.0,0.0,3,1794.07
3358,2025-04-14,2024-25,Fulham,Bournemouth,0,0.0,1.0,12.0,12.0,7.0,3.0,9.0,10.0,2.0,0.0,0,1782.73
3359,2025-04-16,2024-25,Newcastle,Crystal Palace,1,5.0,0.0,14.0,11.0,7.0,4.0,5.0,9.0,2.0,0.0,3,1858.42
3359,2025-04-16,2024-25,Crystal Palace,Newcastle,0,0.0,5.0,11.0,14.0,4.0,7.0,4.0,15.0,3.0,0.0,0,1803.7
3360,2025-04-19,2024-25,Brentford,Brighton,1,4.0,2.0,16.0,12.0,8.0,3.0,4.0,7.0,3.0,0.0,3,1773.41
3360,2025-04-19,2024-25,Brighton,Brentford,0,2.0,4.0,12.0,16.0,3.0,8.0,8.0,11.0,3.0,1.0,0,1776.22
3361,2025-04-19,2024-25,Crystal Palace,Bournemouth,1,0.0,0.0,5.0,15.0,0.0,4.0,5.0,13.0,3.0,1.0,1,1803.7
3361,2025-04-19,2024-25,Bournemouth,Crystal Palace,0,0.0,0.0,15.0,5.0,4.0,0.0,4.0,10.0,4.0,0.0,1,1788.55
3362,2025-04-19,2024-25,Everton,Man City,1,0.0,2.0,8.0,12.0,3.0,7.0,2.0,7.0,4.0,0.0,0,1766.83
3362,2025-04-19,2024-25,Man City,Everton,0,2.0,0.0,12.0,8.0,7.0,3.0,5.0,6.0,0.0,0.0,3,1925.22
3363,2025-04-19,2024-25,West Ham,Southampton,1,1.0,1.0,12.0,15.0,4.0,4.0,2.0,14.0,2.0,0.0,1,1730.92
3363,2025-04-19,2024-25,Southampton,West Ham,0,1.0,1.0,15.0,12.0,4.0,4.0,5.0,13.0,1.0,0.0,1,1543.48
3364,2025-04-19,2024-25,Aston Villa,Newcastle,1,4.0,1.0,23.0,10.0,9.0,3.0,7.0,9.0,1.0,0.0,3,1844.73
3364,2025-04-19,2024-25,Newcastle,Aston Villa,0,1.0,4.0,10.0,23.0,3.0,9.0,7.0,12.0,3.0,0.0,0,1858.42
3365,2025-04-20,2024-25,Fulham,Chelsea,1,1.0,2.0,6.0,13.0,1.0,8.0,6.0,13.0,1.0,0.0,0,1787.51
3365,2025-04-20,2024-25,Chelsea,Fulham,0,2.0,1.0,13.0,6.0,8.0,1.0,4.0,9.0,3.0,0.0,3,1849.31
3366,2025-04-20,2024-25,Ipswich,Arsenal,1,0.0,4.0,4.0,24.0,0.0,7.0,0.0,10.0,0.0,1.0,0,1598.5
3366,2025-04-20,2024-25,Arsenal,Ipswich,0,4.0,0.0,24.0,4.0,7.0,0.0,12.0,7.0,0.0,0.0,3,2000.47
3367,2025-04-20,2024-25,Man United,Wolves,1,0.0,1.0,12.0,4.0,2.0,2.0,9.0,11.0,2.0,0.0,0,1784.0
3367,2025-04-20,2024-25,Wolves,Man United,0,1.0,0.0,4.0,12.0,2.0,2.0,2.0,18.0,3.0,0.0,3,1724.77
3368,2025-04-20,2024-25,Leicester,Liverpool,1,0.0,1.0,5.0,28.0,0.0,10.0,1.0,11.0,1.0,0.0,0,1591.92
3368,2025-04-20,2024-25,Liverpool,Leicester,0,1.0,0.0,28.0,5.0,10.0,0.0,13.0,7.0,2.0,0.0,3,2007.41
3369,2025-04-21,2024-25,Tottenham,Nott'm Forest,1,1.0,2.0,22.0,4.0,6.0,3.0,7.0,11.0,1.0,0.0,0,1778.63
3369,2025-04-21,2024-25,Nott'm Forest,Tottenham,0,2.0,1.0,4.0,22.0,3.0,6.0,1.0,12.0,4.0,0.0,3,1796.89
3370,2025-04-22,2024-25,Man City,Aston Villa,1,2.0,1.0,14.0,7.0,6.0,3.0,10.0,9.0,3.0,0.0,3,1925.22
3370,2025-04-22,2024-25,Aston Villa,Man City,0,1.0,2.0,7.0,14.0,3.0,6.0,2.0,10.0,3.0,0.0,0,1844.73
3371,2025-04-23,2024-25,Arsenal,Crystal Palace,1,2.0,2.0,12.0,15.0,6.0,4.0,3.0,4.0,1.0,0.0,1,2000.47
3371,2025-04-23,2024-25,Crystal Palace,Arsenal,0,2.0,2.0,15.0,12.0,4.0,6.0,6.0,6.0,1.0,0.0,1,1803.7
3372,2025-04-26,2024-25,Newcastle,Ipswich,1,3.0,0.0,25.0,4.0,5.0,0.0,11.0,9.0,1.0,0.0,3,1858.42
3372,2025-04-26,2024-25,Ipswich,Newcastle,0,0.0,3.0,4.0,25.0,0.0,5.0,2.0,9.0,2.0,1.0,0,1598.5
3373,2025-04-26,2024-25,Brighton,West Ham,1,3.0,2.0,16.0,12.0,9.0,4.0,8.0,7.0,1.0,0.0,3,1776.22
3373,2025-04-26,2024-25,West Ham,Brighton,0,2.0,3.0,12.0,16.0,4.0,9.0,1.0,9.0,1.0,0.0,0,1730.92
3374,2025-04-26,2024-25,Wolves,Leicester,1,3.0,0.0,20.0,8.0,6.0,2.0,4.0,7.0,1.0,0.0,3,1724.77
3374,2025-04-26,2024-25,Leicester,Wolves,0,0.0,3.0,8.0,20.0,2.0,6.0,2.0,17.0,4.0,0.0,0,1591.92
3375,2025-04-26,2024-25,Southampton,Fulham,1,1.0,2.0,7.0,26.0,3.0,5.0,0.0,10.0,1.0,0.0,0,1543.48
3375,2025-04-26,2024-25,Fulham,Southampton,0,2.0,1.0,26.0,7.0,5.0,3.0,13.0,12.0,1.0,0.0,3,1787.51
3376,2025-04-26,2024-25,Chelsea,Everton,1,1.0,0.0,10.0,6.0,7.0,3.0,10.0,11.0,0.0,0.0,3,1849.31
3376,2025-04-26,2024-25,Everton,Chelsea,0,0.0,1.0,6.0,10.0,3.0,7.0,2.0,11.0,0.0,0.0,0,1766.83
3377,2025-04-27,2024-25,Bournemouth,Man United,1,1.0,1.0,8.0,25.0,1.0,6.0,5.0,11.0,4.0,1.0,1,1788.55
3377,2025-04-27,2024-25,Man United,Bournemouth,0,1.0,1.0,25.0,8.0,6.0,1.0,10.0,12.0,2.0,0.0,1,1784.0
3378,2025-04-27,2024-25,Liverpool,Tottenham,1,5.0,1.0,25.0,8.0,8.0,3.0,8.0,16.0,2.0,0.0,3,2007.41
3378,2025-04-27,2024-25,Tottenham,Liverpool,0,1.0,5.0,8.0,25.0,3.0,8.0,2.0,9.0,1.0,0.0,0,1778.63
3379,2025-05-01,2024-25,Nott'm Forest,Brentford,1,0.0,2.0,14.0,11.0,5.0,3.0,4.0,10.0,3.0,0.0,0,1810.1
3379,2025-05-01,2024-25,Brentford,Nott'm Forest,0,2.0,0.0,11.0,14.0,3.0,5.0,5.0,12.0,5.0,0.0,3,1786.69
3380,2025-05-02,2024-25,Man City,Wolves,1,1.0,0.0,9.0,6.0,2.0,1.0,4.0,7.0,0.0,0.0,3,1941.68
3380,2025-05-02,2024-25,Wolves,Man City,0,0.0,1.0,6.0,9.0,1.0,2.0,5.0,11.0,0.0,0.0,0,1745.77
3381,2025-05-03,2024-25,Aston Villa,Fulham,1,1.0,0.0,10.0,11.0,3.0,3.0,5.0,6.0,0.0,0.0,3,1855.61
3381,2025-05-03,2024-25,Fulham,Aston Villa,0,0.0,1.0,11.0,10.0,3.0,3.0,3.0,17.0,5.0,0.0,0,1787.45
3382,2025-05-03,2024-25,Everton,Ipswich,1,2.0,2.0,8.0,12.0,3.0,5.0,3.0,12.0,4.0,0.0,1,1758.6
3382,2025-05-03,2024-25,Ipswich,Everton,0,2.0,2.0,12.0,8.0,5.0,3.0,3.0,15.0,4.0,0.0,1,1596.27
3383,2025-05-03,2024-25,Leicester,Southampton,1,2.0,0.0,14.0,8.0,4.0,2.0,7.0,12.0,1.0,0.0,3,1588.48
3383,2025-05-03,2024-25,Southampton,Leicester,0,0.0,2.0,8.0,14.0,2.0,4.0,7.0,13.0,3.0,0.0,0,1549.61
3384,2025-05-03,2024-25,Arsenal,Bournemouth,1,1.0,2.0,13.0,9.0,4.0,2.0,2.0,7.0,0.0,0.0,0,1997.35
3384,2025-05-03,2024-25,Bournemouth,Arsenal,0,2.0,1.0,9.0,13.0,2.0,4.0,3.0,16.0,2.0,0.0,3,1792.29
3385,2025-05-04,2024-25,Brighton,Newcastle,1,1.0,1.0,5.0,13.0,2.0,5.0,1.0,15.0,2.0,0.0,1,1776.41
3385,2025-05-04,2024-25,Newcastle,Brighton,0,1.0,1.0,13.0,5.0,5.0,2.0,4.0,10.0,1.0,0.0,1,1864.93
3386,2025-05-04,2024-25,Brentford,Man United,1,4.0,3.0,12.0,14.0,6.0,5.0,7.0,8.0,0.0,0.0,3,1786.69
3386,2025-05-04,2024-25,Man United,Brentford,0,3.0,4.0,14.0,12.0,5.0,6.0,4.0,10.0,2.0,0.0,0,1785.17
3387,2025-05-04,2024-25,Chelsea,Liverpool,1,3.0,1.0,17.0,11.0,7.0,2.0,3.0,10.0,2.0,0.0,3,1865.62
3387,2025-05-04,2024-25,Liverpool,Chelsea,0,1.0,3.0,11.0,17.0,2.0,7.0,6.0,11.0,2.0,0.0,0,2017.22
3388,2025-05-04,2024-25,West Ham,Tottenham,1,1.0,1.0,11.0,7.0,2.0,2.0,1.0,18.0,2.0,0.0,1,1723.31
3388,2025-05-04,2024-25,Tottenham,West Ham,0,1.0,1.0,7.0,11.0,2.0,2.0,3.0,15.0,2.0,0.0,1,1780.19
3389,2025-05-05,2024-25,Crystal Palace,Nott'm Forest,1,1.0,1.0,20.0,12.0,3.0,4.0,7.0,9.0,3.0,0.0,1,1800.8
3389,2025-05-05,2024-25,Nott'm Forest,Crystal Palace,0,1.0,1.0,12.0,20.0,4.0,3.0,4.0,15.0,8.0,0.0,1,1810.1
3390,2025-05-10,2024-25,Fulham,Everton,1,1.0,3.0,18.0,11.0,6.0,7.0,5.0,15.0,1.0,0.0,0,1787.45
3390,2025-05-10,2024-25,Everton,Fulham,0,3.0,1.0,11.0,18.0,7.0,6.0,5.0,9.0,0.0,0.0,3,1758.6
3391,2025-05-10,2024-25,Ipswich,Brentford,1,0.0,1.0,11.0,15.0,4.0,5.0,5.0,6.0,2.0,0.0,0,1596.27
3391,2025-05-10,2024-25,Brentford,Ipswich,0,1.0,0.0,15.0,11.0,5.0,4.0,6.0,12.0,4.0,0.0,3,1786.69
3392,2025-05-10,2024-25,Southampton,Man City,1,0.0,0.0,2.0,26.0,0.0,5.0,1.0,9.0,2.0,0.0,1,1549.61
3392,2025-05-10,2024-25,Man City,Southampton,0,0.0,0.0,26.0,2.0,5.0,0.0,15.0,8.0,0.0,0.0,1,1941.68
3393,2025-05-10,2024-25,Wolves,Brighton,1,0.0,2.0,10.0,7.0,3.0,2.0,7.0,8.0,1.0,0.0,0,1745.77
3393,2025-05-10,2024-25,Brighton,Wolves,0,2.0,0.0,7.0,10.0,2.0,3.0,4.0,12.0,1.0,0.0,3,1776.41
3394,2025-05-10,2024-25,Bournemouth,Aston Villa,1,0.0,1.0,10.0,6.0,4.0,3.0,10.0,19.0,4.0,0.0,0,1792.29
3394,2025-05-10,2024-25,Aston Villa,Bournemouth,0,1.0,0.0,6.0,10.0,3.0,4.0,0.0,12.0,3.0,1.0,3,1855.61
3395,2025-05-11,2024-25,Tottenham,Crystal Palace,1,0.0,2.0,8.0,23.0,1.0,10.0,4.0,12.0,1.0,0.0,0,1780.19
3395,2025-05-11,2024-25,Crystal Palace,Tottenham,0,2.0,0.0,23.0,8.0,10.0,1.0,8.0,10.0,1.0,0.0,3,1800.8
3396,2025-05-11,2024-25,Liverpool,Arsenal,1,2.0,2.0,14.0,15.0,5.0,7.0,3.0,13.0,1.0,0.0,1,2017.22
3396,2025-05-11,2024-25,Arsenal,Liverpool,0,2.0,2.0,15.0,14.0,7.0,5.0,1.0,10.0,1.0,1.0,1,1997.35
3397,2025-05-11,2024-25,Newcastle,Chelsea,1,2.0,0.0,15.0,10.0,6.0,3.0,2.0,9.0,4.0,0.0,3,1864.93
3397,2025-05-11,2024-25,Chelsea,Newcastle,0,0.0,2.0,10.0,15.0,3.0,6.0,8.0,13.0,2.0,1.0,0,1865.62
3398,2025-05-11,2024-25,Man United,West Ham,1,0.0,2.0,20.0,9.0,5.0,4.0,8.0,3.0,0.0,0.0,0,1785.17
3398,2025-05-11,2024-25,West Ham,Man United,0,2.0,0.0,9.0,20.0,4.0,5.0,5.0,13.0,1.0,0.0,3,1723.31
3399,2025-05-11,2024-25,Nott'm Forest,Leicester,1,2.0,2.0,15.0,10.0,4.0,6.0,4.0,11.0,3.0,0.0,1,1810.1
3399,2025-05-11,2024-25,Leicester,Nott'm Forest,0,2.0,2.0,10.0,15.0,6.0,4.0,4.0,11.0,3.0,0.0,1,1588.48
3400,2025-05-16,2024-25,Aston Villa,Tottenham,1,2.0,0.0,18.0,3.0,7.0,1.0,9.0,5.0,1.0,0.0,3,1877.14
3400,2025-05-16,2024-25,Tottenham,Aston Villa,0,0.0,2.0,3.0,18.0,1.0,7.0,1.0,12.0,2.0,0.0,0,1784.55
3401,2025-05-16,2024-25,Chelsea,Man United,1,1.0,0.0,11.0,4.0,3.0,1.0,7.0,10.0,1.0,0.0,3,1880.42
3401,2025-05-16,2024-25,Man United,Chelsea,0,0.0,1.0,4.0,11.0,1.0,3.0,2.0,14.0,6.0,0.0,0,1797.14
3402,2025-05-18,2024-25,Everton,Southampton,1,2.0,0.0,13.0,6.0,5.0,2.0,4.0,6.0,1.0,0.0,3,1776.2
3402,2025-05-18,2024-25,Southampton,Everton,0,0.0,2.0,6.0,13.0,2.0,5.0,5.0,10.0,1.0,0.0,0,1557.66
3403,2025-05-18,2024-25,West Ham,Nott'm Forest,1,1.0,2.0,16.0,10.0,5.0,5.0,8.0,14.0,6.0,0.0,0,1747.89
3403,2025-05-18,2024-25,Nott'm Forest,West Ham,0,2.0,1.0,10.0,16.0,5.0,5.0,7.0,7.0,3.0,0.0,3,1799.76
3404,2025-05-18,2024-25,Brentford,Fulham,1,2.0,3.0,11.0,16.0,6.0,7.0,5.0,12.0,4.0,0.0,0,1820.23
3404,2025-05-18,2024-25,Fulham,Brentford,0,3.0,2.0,16.0,11.0,7.0,6.0,3.0,8.0,4.0,0.0,3,1776.09
3405,2025-05-18,2024-25,Leicester,Ipswich,1,2.0,0.0,9.0,20.0,3.0,2.0,2.0,15.0,1.0,0.0,3,1611.09
3405,2025-05-18,2024-25,Ipswich,Leicester,0,0.0,2.0,20.0,9.0,2.0,3.0,2.0,12.0,0.0,0.0,0,1605.94
3406,2025-05-18,2024-25,Arsenal,Newcastle,1,1.0,0.0,12.0,14.0,4.0,5.0,10.0,9.0,3.0,0.0,3,1985.45
3406,2025-05-18,2024-25,Newcastle,Arsenal,0,0.0,1.0,14.0,12.0,5.0,4.0,7.0,9.0,3.0,0.0,0,1882.33
3407,2025-05-19,2024-25,Brighton,Liverpool,1,3.0,2.0,25.0,18.0,12.0,5.0,3.0,9.0,1.0,0.0,3,1797.83
3407,2025-05-19,2024-25,Liverpool,Brighton,0,2.0,3.0,18.0,25.0,5.0,12.0,3.0,8.0,0.0,0.0,0,2008.67
3408,2025-05-20,2024-25,Crystal Palace,Wolves,1,4.0,2.0,14.0,12.0,10.0,3.0,0.0,14.0,1.0,0.0,3,1820.28
3408,2025-05-20,2024-25,Wolves,Crystal Palace,0,2.0,4.0,12.0,14.0,3.0,10.0,10.0,8.0,2.0,0.0,0,1739.45
3409,2025-05-20,2024-25,Man City,Bournemouth,1,3.0,1.0,12.0,8.0,5.0,2.0,3.0,7.0,1.0,1.0,3,1945.1
3409,2025-05-20,2024-25,Bournemouth,Man City,0,1.0,3.0,8.0,12.0,2.0,5.0,1.0,13.0,3.0,1.0,0,1806.69
3410,2025-05-25,2024-25,Man United,Aston Villa,1,2.0,0.0,25.0,6.0,10.0,1.0,4.0,10.0,2.0,0.0,3,1797.14
3410,2025-05-25,2024-25,Aston Villa,Man United,0,0.0,2.0,6.0,25.0,1.0,10.0,3.0,10.0,2.0,1.0,0,1877.14
3411,2025-05-25,2024-25,Bournemouth,Leicester,1,2.0,0.0,20.0,3.0,7.0,0.0,6.0,19.0,0.0,0.0,3,1806.69
3411,2025-05-25,2024-25,Leicester,Bournemouth,0,0.0,2.0,3.0,20.0,0.0,7.0,1.0,16.0,2.0,0.0,0,1611.09
3412,2025-05-25,2024-25,Fulham,Man City,1,0.0,2.0,13.0,20.0,3.0,5.0,1.0,11.0,0.0,0.0,0,1776.09
3412,2025-05-25,2024-25,Man City,Fulham,0,2.0,0.0,20.0,13.0,5.0,3.0,6.0,5.0,0.0,0.0,3,1945.1
3413,2025-05-25,2024-25,Ipswich,West Ham,1,1.0,3.0,14.0,10.0,4.0,6.0,4.0,10.0,1.0,0.0,0,1605.94
3413,2025-05-25,2024-25,West Ham,Ipswich,0,3.0,1.0,10.0,14.0,6.0,4.0,0.0,9.0,1.0,0.0,3,1747.89
3414,2025-05-25,2024-25,Liverpool,Crystal Palace,1,1.0,1.0,14.0,8.0,3.0,5.0,11.0,7.0,1.0,1.0,1,2008.67
3414,2025-05-25,2024-25,Crystal Palace,Liverpool,0,1.0,1.0,8.0,14.0,5.0,3.0,0.0,10.0,0.0,0.0,1,1820.28
3415,2025-05-25,2024-25,Nott'm Forest,Chelsea,1,0.0,1.0,10.0,6.0,2.0,2.0,7.0,10.0,2.0,0.0,0,1799.76
3415,2025-05-25,2024-25,Chelsea,Nott'm Forest,0,1.0,0.0,6.0,10.0,2.0,2.0,4.0,11.0,2.0,0.0,3,1880.42
3416,2025-05-25,2024-25,Southampton,Arsenal,1,1.0,2.0,7.0,23.0,2.0,8.0,5.0,7.0,0.0,0.0,0,1557.66
3416,2025-05-25,2024-25,Arsenal,Southampton,0,2.0,1.0,23.0,7.0,8.0,2.0,8.0,8.0,0.0,0.0,3,1985.45
3417,2025-05-25,2024-25,Tottenham,Brighton,1,1.0,4.0,4.0,23.0,2.0,8.0,2.0,13.0,3.0,0.0,0,1784.55
3417,2025-05-25,2024-25,Brighton,Tottenham,0,4.0,1.0,23.0,4.0,8.0,2.0,11.0,8.0,1.0,0.0,3,1797.83
3418,2025-05-25,2024-25,Wolves,Brentford,1,1.0,1.0,18.0,13.0,6.0,7.0,8.0,7.0,2.0,0.0,1,1739.45
3418,2025-05-25,2024-25,Brentford,Wolves,0,1.0,1.0,13.0,18.0,7.0,6.0,3.0,9.0,1.0,0.0,1,1820.23
3419,2025-05-25,2024-25,Newcastle,Everton,1,0.0,1.0,17.0,14.0,6.0,6.0,12.0,12.0,1.0,0.0,0,1882.33
3419,2025-05-25,2024-25,Everton,Newcastle,0,1.0,0.0,14.0,17.0,6.0,6.0,3.0,9.0,4.0,0.0,3,1776.2
3420,2025-08-15,2025-26,Liverpool,Bournemouth,1,4.0,2.0,19.0,10.0,10.0,3.0,6.0,7.0,1.0,0.0,3,1993.42
3420,2025-08-15,2025-26,Bournemouth,Liverpool,0,2.0,4.0,10.0,19.0,3.0,10.0,7.0,10.0,2.0,0.0,0,1808.1
3421,2025-08-16,2025-26,Aston Villa,Newcastle,1,0.0,0.0,3.0,16.0,3.0,3.0,3.0,13.0,1.0,1.0,1,1872.84
3421,2025-08-16,2025-26,Newcastle,Aston Villa,0,0.0,0.0,16.0,3.0,3.0,3.0,6.0,11.0,1.0,0.0,1,1868.55
3422,2025-08-16,2025-26,Brighton,Fulham,1,1.0,1.0,10.0,7.0,4.0,2.0,4.0,16.0,3.0,0.0,1,1827.13
3422,2025-08-16,2025-26,Fulham,Brighton,0,1.0,1.0,7.0,10.0,2.0,4.0,3.0,15.0,3.0,0.0,1,1781.72
3423,2025-08-16,2025-26,Sunderland,West Ham,1,3.0,0.0,10.0,12.0,5.0,4.0,5.0,8.0,0.0,0.0,3,1547.1
3423,2025-08-16,2025-26,West Ham,Sunderland,0,0.0,3.0,12.0,10.0,4.0,5.0,7.0,10.0,1.0,0.0,0,1750.13
3424,2025-08-16,2025-26,Tottenham,Burnley,1,3.0,0.0,16.0,14.0,6.0,4.0,6.0,14.0,0.0,0.0,3,1774.01
3424,2025-08-16,2025-26,Burnley,Tottenham,0,0.0,3.0,14.0,16.0,4.0,6.0,5.0,8.0,0.0,0.0,0,1729.6
3425,2025-08-16,2025-26,Wolves,Man City,1,0.0,4.0,9.0,15.0,3.0,4.0,4.0,13.0,1.0,0.0,0,1735.76
3425,2025-08-16,2025-26,Man City,Wolves,0,4.0,0.0,15.0,9.0,4.0,3.0,6.0,7.0,2.0,0.0,3,1959.94
3426,2025-08-17,2025-26,Chelsea,Crystal Palace,1,0.0,0.0,19.0,12.0,3.0,4.0,11.0,10.0,2.0,0.0,1,1902.8
3426,2025-08-17,2025-26,Crystal Palace,Chelsea,0,0.0,0.0,12.0,19.0,4.0,3.0,2.0,12.0,3.0,0.0,1,1835.04
3427,2025-08-17,2025-26,Nott'm Forest,Brentford,1,3.0,1.0,11.0,10.0,5.0,3.0,5.0,7.0,1.0,0.0,3,1802.87
3427,2025-08-17,2025-26,Brentford,Nott'm Forest,0,1.0,3.0,10.0,11.0,3.0,5.0,5.0,15.0,2.0,0.0,0,1811.27
3428,2025-08-17,2025-26,Man United,Arsenal,1,0.0,1.0,22.0,9.0,7.0,3.0,3.0,10.0,1.0,0.0,0,1799.46
3428,2025-08-17,2025-26,Arsenal,Man United,0,1.0,0.0,9.0,22.0,3.0,7.0,4.0,19.0,4.0,0.0,3,1993.34
3429,2025-08-18,2025-26,Leeds,Everton,1,1.0,0.0,21.0,7.0,3.0,1.0,7.0,6.0,0.0,0.0,3,1722.36
3429,2025-08-18,2025-26,Everton,Leeds,0,0.0,1.0,7.0,21.0,1.0,3.0,2.0,8.0,2.0,0.0,0,1793.98
3430,2025-08-22,2025-26,West Ham,Chelsea,1,1.0,5.0,12.0,12.0,4.0,7.0,7.0,7.0,0.0,0.0,0,1736.23
3430,2025-08-22,2025-26,Chelsea,West Ham,0,5.0,1.0,12.0,12.0,7.0,4.0,5.0,10.0,1.0,0.0,3,1899.28
3431,2025-08-23,2025-26,Man City,Tottenham,1,0.0,2.0,10.0,12.0,4.0,5.0,7.0,7.0,1.0,0.0,0,1965.54
3431,2025-08-23,2025-26,Tottenham,Man City,0,2.0,0.0,12.0,10.0,5.0,4.0,2.0,12.0,4.0,0.0,3,1781.09
3432,2025-08-23,2025-26,Bournemouth,Wolves,1,1.0,0.0,14.0,6.0,4.0,1.0,8.0,13.0,2.0,0.0,3,1804.18
3432,2025-08-23,2025-26,Wolves,Bournemouth,0,0.0,1.0,6.0,14.0,1.0,4.0,3.0,16.0,4.0,1.0,0,1730.16
3433,2025-08-23,2025-26,Brentford,Aston Villa,1,1.0,0.0,9.0,17.0,2.0,2.0,2.0,11.0,1.0,0.0,3,1802.74
3433,2025-08-23,2025-26,Aston Villa,Brentford,0,0.0,1.0,17.0,9.0,2.0,2.0,9.0,9.0,2.0,0.0,0,1871.01
3434,2025-08-23,2025-26,Burnley,Sunderland,1,2.0,0.0,7.0,9.0,2.0,1.0,4.0,9.0,0.0,0.0,3,1722.52
3434,2025-08-23,2025-26,Sunderland,Burnley,0,0.0,2.0,9.0,7.0,1.0,2.0,3.0,5.0,1.0,0.0,0,1561.0
3435,2025-08-23,2025-26,Arsenal,Leeds,1,5.0,0.0,18.0,3.0,5.0,1.0,2.0,8.0,0.0,0.0,3,1999.67
3435,2025-08-23,2025-26,Leeds,Arsenal,0,0.0,5.0,3.0,18.0,1.0,5.0,2.0,11.0,2.0,0.0,0,1732.69
3436,2025-08-24,2025-26,Crystal Palace,Nott'm Forest,1,1.0,1.0,8.0,9.0,4.0,1.0,1.0,11.0,3.0,0.0,1,1838.56
3436,2025-08-24,2025-26,Nott'm Forest,Crystal Palace,0,1.0,1.0,9.0,8.0,1.0,4.0,3.0,11.0,3.0,0.0,1,1811.4
3437,2025-08-24,2025-26,Everton,Brighton,1,2.0,0.0,11.0,13.0,3.0,4.0,2.0,7.0,4.0,0.0,3,1783.65
3437,2025-08-24,2025-26,Brighton,Everton,0,0.0,2.0,13.0,11.0,4.0,3.0,2.0,15.0,3.0,0.0,0,1824.19
3438,2025-08-24,2025-26,Fulham,Man United,1,1.0,1.0,13.0,10.0,4.0,3.0,9.0,12.0,1.0,0.0,1,1784.66
3438,2025-08-24,2025-26,Man United,Fulham,0,1.0,1.0,10.0,13.0,3.0,4.0,6.0,10.0,1.0,0.0,1,1793.13
3439,2025-08-25,2025-26,Newcastle,Liverpool,1,2.0,3.0,10.0,5.0,3.0,4.0,7.0,17.0,2.0,1.0,0,1870.38
3439,2025-08-25,2025-26,Liverpool,Newcastle,0,3.0,2.0,5.0,10.0,4.0,3.0,1.0,15.0,3.0,0.0,3,1997.34
3440,2025-08-30,2025-26,Sunderland,Brentford,1,2.0,1.0,12.0,7.0,3.0,4.0,3.0,11.0,3.0,0.0,3,1556.63
3440,2025-08-30,2025-26,Brentford,Sunderland,0,1.0,2.0,7.0,12.0,4.0,3.0,4.0,12.0,2.0,0.0,0,1812.98
3441,2025-08-30,2025-26,Chelsea,Fulham,1,2.0,0.0,13.0,11.0,6.0,3.0,6.0,11.0,2.0,0.0,3,1906.4
3441,2025-08-30,2025-26,Fulham,Chelsea,0,0.0,2.0,11.0,13.0,3.0,6.0,4.0,17.0,2.0,0.0,0,1783.19
3442,2025-08-30,2025-26,Man United,Burnley,1,3.0,2.0,26.0,6.0,6.0,3.0,7.0,9.0,1.0,0.0,3,1794.61
3442,2025-08-30,2025-26,Burnley,Man United,0,2.0,3.0,6.0,26.0,3.0,6.0,1.0,9.0,5.0,0.0,0,1726.89
3443,2025-08-30,2025-26,Wolves,Everton,1,2.0,3.0,12.0,10.0,4.0,4.0,2.0,15.0,0.0,0.0,0,1723.84
3443,2025-08-30,2025-26,Everton,Wolves,0,3.0,2.0,10.0,12.0,4.0,4.0,2.0,10.0,1.0,0.0,3,1793.09
3444,2025-08-30,2025-26,Leeds,Newcastle,1,0.0,0.0,10.0,8.0,1.0,2.0,5.0,10.0,1.0,0.0,1,1730.05
3444,2025-08-30,2025-26,Newcastle,Leeds,0,0.0,0.0,8.0,10.0,2.0,1.0,5.0,15.0,1.0,0.0,1,1862.28
3445,2025-08-30,2025-26,Tottenham,Bournemouth,1,0.0,1.0,5.0,20.0,1.0,6.0,0.0,17.0,2.0,0.0,0,1797.16
3445,2025-08-30,2025-26,Bournemouth,Tottenham,0,1.0,0.0,20.0,5.0,6.0,1.0,8.0,13.0,4.0,0.0,3,1810.51
3446,2025-08-31,2025-26,Brighton,Man City,1,2.0,1.0,12.0,12.0,7.0,3.0,3.0,16.0,2.0,0.0,3,1814.75
3446,2025-08-31,2025-26,Man City,Brighton,0,1.0,2.0,12.0,12.0,3.0,7.0,2.0,14.0,2.0,0.0,0,1949.47
3447,2025-08-31,2025-26,Nott'm Forest,West Ham,1,0.0,3.0,11.0,12.0,3.0,8.0,9.0,14.0,0.0,0.0,0,1813.85
3447,2025-08-31,2025-26,West Ham,Nott'm Forest,0,3.0,0.0,12.0,11.0,8.0,3.0,7.0,6.0,0.0,0.0,3,1729.11
3448,2025-08-31,2025-26,Liverpool,Arsenal,1,1.0,0.0,9.0,11.0,3.0,1.0,3.0,7.0,2.0,0.0,3,2005.43
3448,2025-08-31,2025-26,Arsenal,Liverpool,0,0.0,1.0,11.0,9.0,1.0,3.0,8.0,10.0,2.0,0.0,0,2002.31
3449,2025-08-31,2025-26,Aston Villa,Crystal Palace,1,0.0,3.0,13.0,6.0,4.0,4.0,10.0,7.0,2.0,0.0,0,1860.77
3449,2025-08-31,2025-26,Crystal Palace,Aston Villa,0,3.0,0.0,6.0,13.0,4.0,4.0,1.0,14.0,3.0,0.0,3,1836.1
3450,2025-09-13,2025-26,Newcastle,Wolves,1,1.0,0.0,16.0,8.0,4.0,3.0,10.0,10.0,1.0,0.0,3,1860.23
3450,2025-09-13,2025-26,Wolves,Newcastle,0,0.0,1.0,8.0,16.0,3.0,4.0,4.0,17.0,4.0,0.0,0,1714.11
3451,2025-09-13,2025-26,West Ham,Tottenham,1,0.0,3.0,7.0,14.0,4.0,5.0,2.0,8.0,0.0,1.0,0,1743.05
3451,2025-09-13,2025-26,Tottenham,West Ham,0,3.0,0.0,14.0,7.0,5.0,4.0,13.0,7.0,1.0,0.0,3,1785.82
3452,2025-09-13,2025-26,Arsenal,Nott'm Forest,1,3.0,0.0,16.0,5.0,5.0,1.0,8.0,8.0,1.0,0.0,3,1994.11
3452,2025-09-13,2025-26,Nott'm Forest,Arsenal,0,0.0,3.0,5.0,16.0,1.0,5.0,4.0,11.0,1.0,0.0,0,1799.91
3453,2025-09-13,2025-26,Bournemouth,Brighton,1,2.0,1.0,13.0,6.0,5.0,2.0,4.0,16.0,4.0,0.0,3,1821.84
3453,2025-09-13,2025-26,Brighton,Bournemouth,0,1.0,2.0,6.0,13.0,2.0,5.0,4.0,10.0,4.0,0.0,0,1826.86
3454,2025-09-13,2025-26,Crystal Palace,Sunderland,1,0.0,0.0,14.0,6.0,6.0,0.0,5.0,10.0,1.0,0.0,1,1848.49
3454,2025-09-13,2025-26,Sunderland,Crystal Palace,0,0.0,0.0,6.0,14.0,0.0,6.0,3.0,8.0,1.0,0.0,1,1571.75
3455,2025-09-13,2025-26,Everton,Aston Villa,1,0.0,0.0,20.0,7.0,2.0,1.0,10.0,17.0,3.0,0.0,1,1802.82
3455,2025-09-13,2025-26,Aston Villa,Everton,0,0.0,0.0,7.0,20.0,1.0,2.0,3.0,15.0,3.0,0.0,1,1848.38
3456,2025-09-13,2025-26,Fulham,Leeds,1,1.0,0.0,5.0,10.0,3.0,3.0,3.0,20.0,1.0,0.0,3,1778.02
3456,2025-09-13,2025-26,Leeds,Fulham,0,0.0,1.0,10.0,5.0,3.0,3.0,3.0,15.0,2.0,0.0,0,1732.1
3457,2025-09-13,2025-26,Brentford,Chelsea,1,2.0,2.0,7.0,16.0,4.0,6.0,5.0,13.0,3.0,0.0,1,1797.86
3457,2025-09-13,2025-26,Chelsea,Brentford,0,2.0,2.0,16.0,7.0,6.0,4.0,6.0,9.0,2.0,0.0,1,1911.56
3458,2025-09-14,2025-26,Burnley,Liverpool,1,0.0,1.0,3.0,27.0,0.0,4.0,1.0,9.0,0.0,0.0,0,1720.4
3458,2025-09-14,2025-26,Liverpool,Burnley,0,1.0,0.0,27.0,3.0,4.0,0.0,13.0,9.0,2.0,0.0,3,2013.64
3459,2025-09-14,2025-26,Man City,Man United,1,3.0,0.0,13.0,12.0,6.0,2.0,2.0,8.0,0.0,0.0,3,1937.35
3459,2025-09-14,2025-26,Man United,Man City,0,0.0,3.0,12.0,13.0,2.0,6.0,4.0,8.0,0.0,0.0,0,1801.09
3460,2025-09-20,2025-26,Liverpool,Everton,1,2.0,1.0,11.0,9.0,3.0,2.0,5.0,11.0,2.0,0.0,3,2017.78
3460,2025-09-20,2025-26,Everton,Liverpool,0,1.0,2.0,9.0,11.0,2.0,3.0,4.0,10.0,3.0,0.0,0,1802.4
3461,2025-09-20,2025-26,Brighton,Tottenham,1,2.0,2.0,12.0,11.0,4.0,3.0,2.0,10.0,1.0,0.0,1,1818.43
3461,2025-09-20,2025-26,Tottenham,Brighton,0,2.0,2.0,11.0,12.0,3.0,4.0,10.0,13.0,2.0,0.0,1,1796.32
3462,2025-09-20,2025-26,Burnley,Nott'm Forest,1,1.0,1.0,12.0,17.0,5.0,8.0,4.0,12.0,1.0,0.0,1,1716.26
3462,2025-09-20,2025-26,Nott'm Forest,Burnley,0,1.0,1.0,17.0,12.0,8.0,5.0,5.0,11.0,1.0,0.0,1,1796.15
3463,2025-09-20,2025-26,West Ham,Crystal Palace,1,1.0,2.0,8.0,18.0,3.0,3.0,8.0,15.0,3.0,0.0,0,1732.56
3463,2025-09-20,2025-26,Crystal Palace,West Ham,0,2.0,1.0,18.0,8.0,3.0,3.0,8.0,5.0,3.0,0.0,3,1841.01
3464,2025-09-20,2025-26,Wolves,Leeds,1,1.0,3.0,16.0,6.0,6.0,4.0,4.0,11.0,1.0,0.0,0,1709.43
3464,2025-09-20,2025-26,Leeds,Wolves,0,3.0,1.0,6.0,16.0,4.0,6.0,0.0,9.0,1.0,0.0,3,1725.06
3465,2025-09-20,2025-26,Man United,Chelsea,1,2.0,1.0,11.0,5.0,4.0,1.0,5.0,13.0,0.0,1.0,3,1796.2
3465,2025-09-20,2025-26,Chelsea,Man United,0,1.0,2.0,5.0,11.0,1.0,4.0,5.0,14.0,5.0,1.0,0,1910.03
3466,2025-09-20,2025-26,Fulham,Brentford,1,3.0,1.0,14.0,8.0,3.0,3.0,2.0,11.0,4.0,0.0,3,1785.07
3466,2025-09-20,2025-26,Brentford,Fulham,0,1.0,3.0,8.0,14.0,3.0,3.0,10.0,13.0,1.0,0.0,0,1799.4
3467,2025-09-21,2025-26,Bournemouth,Newcastle,1,0.0,0.0,11.0,4.0,2.0,1.0,5.0,7.0,2.0,0.0,1,1830.27
3467,2025-09-21,2025-26,Newcastle,Bournemouth,0,0.0,0.0,4.0,11.0,1.0,2.0,2.0,10.0,1.0,0.0,1,1864.91
3468,2025-09-21,2025-26,Sunderland,Aston Villa,1,1.0,1.0,14.0,12.0,4.0,2.0,6.0,14.0,2.0,1.0,1,1579.23
3468,2025-09-21,2025-26,Aston Villa,Sunderland,0,1.0,1.0,12.0,14.0,2.0,4.0,5.0,8.0,1.0,0.0,1,1848.8
3469,2025-09-21,2025-26,Arsenal,Man City,1,1.0,1.0,12.0,5.0,3.0,3.0,11.0,11.0,1.0,0.0,1,1997.87
3469,2025-09-21,2025-26,Man City,Arsenal,0,1.0,1.0,5.0,12.0,3.0,3.0,2.0,10.0,2.0,0.0,1,1942.24
3470,2025-09-27,2025-26,Leeds,Bournemouth,1,2.0,2.0,19.0,12.0,8.0,5.0,7.0,12.0,2.0,0.0,1,1736.33
3470,2025-09-27,2025-26,Bournemouth,Leeds,0,2.0,2.0,12.0,19.0,5.0,8.0,4.0,13.0,2.0,0.0,1,1829.54
3471,2025-09-27,2025-26,Brentford,Man United,1,3.0,1.0,10.0,14.0,8.0,6.0,4.0,14.0,2.0,0.0,3,1790.7
3471,2025-09-27,2025-26,Man United,Brentford,0,1.0,3.0,14.0,10.0,6.0,8.0,2.0,10.0,2.0,0.0,0,1807.74
3472,2025-09-27,2025-26,Chelsea,Brighton,1,1.0,3.0,13.0,12.0,3.0,3.0,5.0,9.0,3.0,1.0,0,1898.49
3472,2025-09-27,2025-26,Brighton,Chelsea,0,3.0,1.0,12.0,13.0,3.0,3.0,7.0,16.0,5.0,0.0,3,1816.11
3473,2025-09-27,2025-26,Man City,Burnley,1,5.0,1.0,21.0,9.0,8.0,2.0,10.0,5.0,1.0,0.0,3,1945.45
3473,2025-09-27,2025-26,Burnley,Man City,0,1.0,5.0,9.0,21.0,2.0,8.0,2.0,7.0,3.0,0.0,0,1716.83
3474,2025-09-27,2025-26,Nott'm Forest,Sunderland,1,0.0,1.0,22.0,11.0,6.0,3.0,7.0,11.0,4.0,0.0,0,1795.58
3474,2025-09-27,2025-26,Sunderland,Nott'm Forest,0,1.0,0.0,11.0,22.0,3.0,6.0,4.0,6.0,2.0,0.0,3,1584.63
3475,2025-09-27,2025-26,Tottenham,Wolves,1,1.0,1.0,10.0,9.0,3.0,3.0,10.0,9.0,3.0,0.0,1,1798.64
3475,2025-09-27,2025-26,Wolves,Tottenham,0,1.0,1.0,9.0,10.0,3.0,3.0,9.0,11.0,2.0,0.0,1,1698.16
3476,2025-09-27,2025-26,Crystal Palace,Liverpool,1,2.0,1.0,16.0,20.0,7.0,4.0,2.0,10.0,1.0,0.0,3,1849.62
3476,2025-09-27,2025-26,Liverpool,Crystal Palace,0,1.0,2.0,20.0,16.0,4.0,7.0,6.0,8.0,3.0,0.0,0,2021.18
3477,2025-09-28,2025-26,Aston Villa,Fulham,1,3.0,1.0,9.0,11.0,4.0,4.0,2.0,10.0,1.0,0.0,3,1843.4
3477,2025-09-28,2025-26,Fulham,Aston Villa,0,1.0,3.0,11.0,9.0,4.0,4.0,8.0,13.0,4.0,0.0,0,1793.76
3478,2025-09-28,2025-26,Newcastle,Arsenal,1,1.0,2.0,8.0,20.0,3.0,7.0,7.0,8.0,2.0,0.0,0,1865.64
3478,2025-09-28,2025-26,Arsenal,Newcastle,0,2.0,1.0,20.0,8.0,7.0,3.0,12.0,9.0,1.0,0.0,3,1994.66
3479,2025-09-29,2025-26,Everton,West Ham,1,1.0,1.0,12.0,14.0,6.0,3.0,3.0,7.0,3.0,0.0,1,1799.0
3479,2025-09-29,2025-26,West Ham,Everton,0,1.0,1.0,14.0,12.0,3.0,6.0,5.0,16.0,4.0,0.0,1,1723.94
3480,2025-10-03,2025-26,Bournemouth,Fulham,1,3.0,1.0,11.0,12.0,6.0,4.0,4.0,8.0,0.0,0.0,3,1828.59
3480,2025-10-03,2025-26,Fulham,Bournemouth,0,1.0,3.0,12.0,11.0,4.0,6.0,3.0,10.0,1.0,0.0,0,1786.82
3481,2025-10-04,2025-26,Leeds,Tottenham,1,1.0,2.0,16.0,9.0,4.0,3.0,4.0,10.0,2.0,0.0,0,1737.28
3481,2025-10-04,2025-26,Tottenham,Leeds,0,2.0,1.0,9.0,16.0,3.0,4.0,1.0,12.0,3.0,0.0,3,1794.32
3482,2025-10-04,2025-26,Arsenal,West Ham,1,2.0,0.0,21.0,4.0,5.0,0.0,8.0,14.0,0.0,0.0,3,2002.69
3482,2025-10-04,2025-26,West Ham,Arsenal,0,0.0,2.0,4.0,21.0,0.0,5.0,3.0,14.0,2.0,0.0,0,1727.65
3483,2025-10-04,2025-26,Man United,Sunderland,1,2.0,0.0,15.0,8.0,6.0,3.0,2.0,10.0,1.0,0.0,3,1798.97
3483,2025-10-04,2025-26,Sunderland,Man United,0,0.0,2.0,8.0,15.0,3.0,6.0,3.0,12.0,4.0,0.0,0,1601.15
3484,2025-10-04,2025-26,Chelsea,Liverpool,1,2.0,1.0,12.0,12.0,6.0,2.0,7.0,9.0,0.0,0.0,3,1884.61
3484,2025-10-04,2025-26,Liverpool,Chelsea,0,1.0,2.0,12.0,12.0,2.0,6.0,2.0,8.0,2.0,0.0,0,2008.08
3485,2025-10-05,2025-26,Everton,Crystal Palace,1,2.0,1.0,14.0,15.0,7.0,8.0,2.0,13.0,2.0,0.0,3,1795.3
3485,2025-10-05,2025-26,Crystal Palace,Everton,0,1.0,2.0,15.0,14.0,8.0,7.0,4.0,16.0,3.0,0.0,0,1862.73
3486,2025-10-05,2025-26,Wolves,Brighton,1,1.0,1.0,6.0,17.0,3.0,6.0,2.0,13.0,2.0,0.0,1,1702.47
3486,2025-10-05,2025-26,Brighton,Wolves,0,1.0,1.0,17.0,6.0,6.0,3.0,8.0,9.0,4.0,0.0,1,1830.0
3487,2025-10-05,2025-26,Aston Villa,Burnley,1,2.0,1.0,15.0,5.0,7.0,2.0,6.0,9.0,3.0,0.0,3,1850.35
3487,2025-10-05,2025-26,Burnley,Aston Villa,0,1.0,2.0,5.0,15.0,2.0,7.0,4.0,15.0,1.0,0.0,0,1713.64
3488,2025-10-05,2025-26,Brentford,Man City,1,0.0,1.0,6.0,10.0,1.0,4.0,3.0,10.0,3.0,0.0,0,1799.47
3488,2025-10-05,2025-26,Man City,Brentford,0,1.0,0.0,10.0,6.0,4.0,1.0,2.0,6.0,2.0,0.0,3,1948.64
3489,2025-10-05,2025-26,Newcastle,Nott'm Forest,1,2.0,0.0,18.0,5.0,9.0,4.0,8.0,16.0,0.0,0.0,3,1857.6
3489,2025-10-05,2025-26,Nott'm Forest,Newcastle,0,0.0,2.0,5.0,18.0,4.0,9.0,1.0,15.0,4.0,0.0,0,1779.05
3490,2025-10-18,2025-26,Nott'm Forest,Chelsea,1,0.0,3.0,12.0,17.0,2.0,6.0,5.0,13.0,2.0,0.0,0,1772.84
3490,2025-10-18,2025-26,Chelsea,Nott'm Forest,0,3.0,0.0,17.0,12.0,6.0,2.0,2.0,16.0,2.0,1.0,3,1896.42
3491,2025-10-18,2025-26,Brighton,Newcastle,1,2.0,1.0,13.0,16.0,5.0,3.0,8.0,9.0,0.0,0.0,3,1828.08
3491,2025-10-18,2025-26,Newcastle,Brighton,0,1.0,2.0,16.0,13.0,3.0,5.0,4.0,9.0,1.0,0.0,0,1863.81
3492,2025-10-18,2025-26,Burnley,Leeds,1,2.0,0.0,4.0,19.0,3.0,4.0,1.0,10.0,2.0,0.0,3,1708.77
3492,2025-10-18,2025-26,Leeds,Burnley,0,0.0,2.0,19.0,4.0,4.0,3.0,5.0,7.0,1.0,0.0,0,1727.2
3493,2025-10-18,2025-26,Crystal Palace,Bournemouth,1,3.0,3.0,20.0,8.0,7.0,5.0,6.0,8.0,1.0,0.0,1,1852.51
3493,2025-10-18,2025-26,Bournemouth,Crystal Palace,0,3.0,3.0,8.0,20.0,5.0,7.0,5.0,16.0,4.0,0.0,1,1835.74
3494,2025-10-18,2025-26,Man City,Everton,1,2.0,0.0,19.0,5.0,7.0,1.0,11.0,8.0,0.0,0.0,3,1956.13
3494,2025-10-18,2025-26,Everton,Man City,0,0.0,2.0,5.0,19.0,1.0,7.0,3.0,14.0,2.0,0.0,0,1805.51
3495,2025-10-18,2025-26,Sunderland,Wolves,1,2.0,0.0,8.0,16.0,2.0,3.0,3.0,5.0,0.0,0.0,3,1597.46
3495,2025-10-18,2025-26,Wolves,Sunderland,0,0.0,2.0,16.0,8.0,3.0,2.0,2.0,12.0,0.0,0.0,0,1704.39
3496,2025-10-18,2025-26,Fulham,Arsenal,1,0.0,1.0,9.0,16.0,0.0,5.0,6.0,11.0,0.0,0.0,0,1779.66
3496,2025-10-18,2025-26,Arsenal,Fulham,0,1.0,0.0,16.0,9.0,5.0,0.0,10.0,4.0,0.0,0.0,3,2005.23
3497,2025-10-19,2025-26,Tottenham,Aston Villa,1,1.0,2.0,9.0,8.0,3.0,2.0,6.0,11.0,2.0,0.0,0,1804.41
3497,2025-10-19,2025-26,Aston Villa,Tottenham,0,2.0,1.0,8.0,9.0,2.0,3.0,6.0,7.0,0.0,0.0,3,1855.22
3498,2025-10-19,2025-26,Liverpool,Man United,1,1.0,2.0,19.0,12.0,6.0,4.0,9.0,8.0,0.0,0.0,0,1996.27
3498,2025-10-19,2025-26,Man United,Liverpool,0,2.0,1.0,12.0,19.0,4.0,6.0,4.0,14.0,2.0,0.0,3,1802.67
3499,2025-10-20,2025-26,West Ham,Brentford,1,0.0,2.0,7.0,22.0,1.0,7.0,6.0,10.0,1.0,0.0,0,1725.11
3499,2025-10-20,2025-26,Brentford,West Ham,0,2.0,0.0,22.0,7.0,7.0,1.0,10.0,10.0,1.0,0.0,3,1791.99
3500,2025-10-24,2025-26,Leeds,West Ham,1,2.0,1.0,13.0,9.0,5.0,3.0,3.0,12.0,3.0,0.0,3,1718.39
3500,2025-10-24,2025-26,West Ham,Leeds,0,1.0,2.0,9.0,13.0,3.0,5.0,4.0,11.0,3.0,0.0,0,1715.31
3501,2025-10-25,2025-26,Chelsea,Sunderland,1,1.0,2.0,16.0,10.0,7.0,4.0,9.0,15.0,1.0,0.0,0,1904.61
3501,2025-10-25,2025-26,Sunderland,Chelsea,0,2.0,1.0,10.0,16.0,4.0,7.0,1.0,13.0,1.0,0.0,3,1608.8
3502,2025-10-25,2025-26,Newcastle,Fulham,1,2.0,1.0,18.0,12.0,7.0,5.0,4.0,11.0,0.0,0.0,3,1854.51
3502,2025-10-25,2025-26,Fulham,Newcastle,0,1.0,2.0,12.0,18.0,5.0,7.0,3.0,18.0,2.0,0.0,0,1774.1
3503,2025-10-25,2025-26,Man United,Brighton,1,4.0,2.0,13.0,17.0,9.0,5.0,1.0,4.0,2.0,0.0,3,1818.9
3503,2025-10-25,2025-26,Brighton,Man United,0,2.0,4.0,17.0,13.0,5.0,9.0,6.0,13.0,2.0,0.0,0,1837.38
3504,2025-10-25,2025-26,Brentford,Liverpool,1,3.0,2.0,17.0,18.0,8.0,5.0,5.0,7.0,3.0,0.0,3,1801.79
3504,2025-10-25,2025-26,Liverpool,Brentford,0,2.0,3.0,18.0,17.0,5.0,8.0,4.0,10.0,2.0,0.0,0,1980.04
3505,2025-10-26,2025-26,Arsenal,Crystal Palace,1,1.0,0.0,10.0,7.0,3.0,1.0,4.0,6.0,0.0,0.0,3,2010.8
3505,2025-10-26,2025-26,Crystal Palace,Arsenal,0,0.0,1.0,7.0,10.0,1.0,3.0,3.0,11.0,0.0,0.0,0,1850.34
3506,2025-10-26,2025-26,Aston Villa,Man City,1,1.0,0.0,9.0,18.0,3.0,4.0,5.0,8.0,1.0,0.0,3,1865.49
3506,2025-10-26,2025-26,Man City,Aston Villa,0,0.0,1.0,18.0,9.0,4.0,3.0,6.0,16.0,4.0,0.0,0,1960.71
3507,2025-10-26,2025-26,Bournemouth,Nott'm Forest,1,2.0,0.0,13.0,8.0,5.0,4.0,6.0,17.0,3.0,0.0,3,1837.92
3507,2025-10-26,2025-26,Nott'm Forest,Bournemouth,0,0.0,2.0,8.0,13.0,4.0,5.0,4.0,7.0,1.0,0.0,0,1764.65
3508,2025-10-26,2025-26,Wolves,Burnley,1,2.0,3.0,15.0,11.0,7.0,7.0,5.0,12.0,1.0,0.0,0,1693.05
3508,2025-10-26,2025-26,Burnley,Wolves,0,3.0,2.0,11.0,15.0,7.0,7.0,3.0,7.0,0.0,0.0,3,1717.58
3509,2025-10-26,2025-26,Everton,Tottenham,1,0.0,3.0,12.0,7.0,2.0,4.0,9.0,9.0,2.0,0.0,0,1800.93
3509,2025-10-26,2025-26,Tottenham,Everton,0,3.0,0.0,7.0,12.0,4.0,2.0,8.0,8.0,0.0,0.0,3,1794.14
3510,2025-11-01,2025-26,Burnley,Arsenal,1,0.0,2.0,3.0,12.0,0.0,8.0,1.0,10.0,2.0,0.0,0,1728.6
3510,2025-11-01,2025-26,Arsenal,Burnley,0,2.0,0.0,12.0,3.0,8.0,0.0,6.0,13.0,1.0,0.0,3,2015.19
3511,2025-11-01,2025-26,Brighton,Leeds,1,3.0,0.0,14.0,5.0,7.0,2.0,4.0,10.0,0.0,0.0,3,1828.57
3511,2025-11-01,2025-26,Leeds,Brighton,0,0.0,3.0,5.0,14.0,2.0,7.0,7.0,7.0,1.0,0.0,0,1726.59
3512,2025-11-01,2025-26,Liverpool,Aston Villa,1,2.0,0.0,16.0,10.0,4.0,3.0,1.0,13.0,2.0,0.0,3,1966.76
3512,2025-11-01,2025-26,Aston Villa,Liverpool,0,0.0,2.0,10.0,16.0,3.0,4.0,4.0,11.0,3.0,0.0,0,1876.5
3513,2025-11-01,2025-26,Crystal Palace,Brentford,1,2.0,0.0,9.0,6.0,2.0,2.0,6.0,7.0,0.0,0.0,3,1845.95
3513,2025-11-01,2025-26,Brentford,Crystal Palace,0,0.0,2.0,6.0,9.0,2.0,2.0,5.0,11.0,3.0,0.0,0,1815.07
3514,2025-11-01,2025-26,Tottenham,Chelsea,1,0.0,1.0,3.0,15.0,1.0,9.0,6.0,14.0,4.0,0.0,0,1806.04
3514,2025-11-01,2025-26,Chelsea,Tottenham,0,1.0,0.0,15.0,3.0,9.0,1.0,5.0,12.0,2.0,0.0,3,1886.89
3515,2025-11-01,2025-26,Nott'm Forest,Man United,1,2.0,2.0,17.0,18.0,3.0,7.0,8.0,10.0,1.0,0.0,1,1758.31
3515,2025-11-01,2025-26,Man United,Nott'm Forest,0,2.0,2.0,18.0,17.0,7.0,3.0,5.0,7.0,1.0,0.0,1,1827.71
3516,2025-11-01,2025-26,Fulham,Wolves,1,3.0,0.0,19.0,5.0,6.0,2.0,10.0,13.0,1.0,0.0,3,1767.93
3516,2025-11-01,2025-26,Wolves,Fulham,0,0.0,3.0,5.0,19.0,2.0,6.0,1.0,14.0,3.0,1.0,0,1682.03
3517,2025-11-02,2025-26,West Ham,Newcastle,1,3.0,1.0,15.0,12.0,9.0,4.0,7.0,5.0,1.0,0.0,3,1707.1
3517,2025-11-02,2025-26,Newcastle,West Ham,0,1.0,3.0,12.0,15.0,4.0,9.0,6.0,10.0,2.0,0.0,0,1860.67
3518,2025-11-02,2025-26,Man City,Bournemouth,1,3.0,1.0,15.0,8.0,8.0,5.0,10.0,8.0,2.0,0.0,3,1949.7
3518,2025-11-02,2025-26,Bournemouth,Man City,0,1.0,3.0,8.0,15.0,5.0,8.0,4.0,11.0,2.0,0.0,0,1844.26
3519,2025-11-03,2025-26,Sunderland,Everton,1,1.0,1.0,17.0,8.0,3.0,2.0,4.0,10.0,3.0,0.0,1,1626.51
3519,2025-11-03,2025-26,Everton,Sunderland,0,1.0,1.0,8.0,17.0,2.0,3.0,1.0,12.0,2.0,0.0,1,1789.03
3520,2025-11-08,2025-26,Tottenham,Man United,1,2.0,2.0,10.0,5.0,4.0,2.0,5.0,10.0,5.0,0.0,1,1796.64
3520,2025-11-08,2025-26,Man United,Tottenham,0,2.0,2.0,5.0,10.0,2.0,4.0,3.0,8.0,1.0,0.0,1,1827.44
3521,2025-11-08,2025-26,Everton,Fulham,1,2.0,0.0,14.0,8.0,5.0,4.0,7.0,11.0,2.0,0.0,3,1786.16
3521,2025-11-08,2025-26,Fulham,Everton,0,0.0,2.0,8.0,14.0,4.0,5.0,5.0,14.0,2.0,0.0,0,1773.96
3522,2025-11-08,2025-26,West Ham,Burnley,1,3.0,2.0,15.0,16.0,6.0,7.0,7.0,15.0,2.0,0.0,3,1719.73
3522,2025-11-08,2025-26,Burnley,West Ham,0,2.0,3.0,16.0,15.0,7.0,6.0,4.0,13.0,2.0,0.0,0,1724.33
3523,2025-11-08,2025-26,Sunderland,Arsenal,1,2.0,2.0,6.0,17.0,2.0,7.0,2.0,13.0,2.0,0.0,1,1629.38
3523,2025-11-08,2025-26,Arsenal,Sunderland,0,2.0,2.0,17.0,6.0,7.0,2.0,2.0,13.0,1.0,0.0,1,2019.45
3524,2025-11-08,2025-26,Chelsea,Wolves,1,3.0,0.0,20.0,3.0,8.0,0.0,10.0,12.0,1.0,0.0,3,1896.29
3524,2025-11-08,2025-26,Wolves,Chelsea,0,0.0,3.0,3.0,20.0,0.0,8.0,1.0,14.0,2.0,0.0,0,1676.0
3525,2025-11-09,2025-26,Aston Villa,Bournemouth,1,4.0,0.0,16.0,13.0,8.0,4.0,6.0,8.0,2.0,0.0,3,1870.57
3525,2025-11-09,2025-26,Bournemouth,Aston Villa,0,0.0,4.0,13.0,16.0,4.0,8.0,9.0,20.0,2.0,0.0,0,1838.69
3526,2025-11-09,2025-26,Brentford,Newcastle,1,3.0,1.0,15.0,5.0,7.0,1.0,6.0,10.0,2.0,0.0,3,1807.62
3526,2025-11-09,2025-26,Newcastle,Brentford,0,1.0,3.0,5.0,15.0,1.0,7.0,2.0,13.0,1.0,0.0,0,1848.04
3527,2025-11-09,2025-26,Crystal Palace,Brighton,1,0.0,0.0,10.0,7.0,2.0,3.0,4.0,10.0,1.0,0.0,1,1853.39
3527,2025-11-09,2025-26,Brighton,Crystal Palace,0,0.0,0.0,7.0,10.0,3.0,2.0,8.0,12.0,4.0,0.0,1,1834.22
3528,2025-11-09,2025-26,Nott'm Forest,Leeds,1,3.0,1.0,14.0,10.0,6.0,3.0,6.0,10.0,2.0,0.0,3,1758.58
3528,2025-11-09,2025-26,Leeds,Nott'm Forest,0,1.0,3.0,10.0,14.0,3.0,6.0,4.0,11.0,1.0,0.0,0,1720.94
3529,2025-11-09,2025-26,Man City,Liverpool,1,3.0,0.0,14.0,7.0,6.0,1.0,7.0,14.0,2.0,0.0,3,1955.27
3529,2025-11-09,2025-26,Liverpool,Man City,0,0.0,3.0,7.0,14.0,1.0,6.0,7.0,15.0,4.0,0.0,0,1972.69
3530,2025-11-22,2025-26,Fulham,Sunderland,1,1.0,0.0,24.0,4.0,6.0,2.0,7.0,5.0,3.0,0.0,3,1766.01
3530,2025-11-22,2025-26,Sunderland,Fulham,0,0.0,1.0,4.0,24.0,2.0,6.0,4.0,13.0,3.0,0.0,0,1636.78
3531,2025-11-22,2025-26,Burnley,Chelsea,1,0.0,2.0,8.0,15.0,2.0,5.0,1.0,13.0,2.0,0.0,0,1715.91
3531,2025-11-22,2025-26,Chelsea,Burnley,0,2.0,0.0,15.0,8.0,5.0,2.0,9.0,8.0,3.0,0.0,3,1899.62
3532,2025-11-22,2025-26,Bournemouth,West Ham,1,2.0,2.0,28.0,5.0,10.0,2.0,9.0,9.0,3.0,0.0,1,1831.27
3532,2025-11-22,2025-26,West Ham,Bournemouth,0,2.0,2.0,5.0,28.0,2.0,10.0,2.0,10.0,2.0,0.0,1,1728.15
3533,2025-11-22,2025-26,Liverpool,Nott'm Forest,1,0.0,3.0,21.0,15.0,4.0,7.0,8.0,11.0,2.0,0.0,0,1963.91
3533,2025-11-22,2025-26,Nott'm Forest,Liverpool,0,3.0,0.0,15.0,21.0,7.0,4.0,6.0,8.0,0.0,0.0,3,1765.84
3534,2025-11-22,2025-26,Wolves,Crystal Palace,1,0.0,2.0,8.0,10.0,1.0,4.0,1.0,13.0,2.0,0.0,0,1672.68
3534,2025-11-22,2025-26,Crystal Palace,Wolves,0,2.0,0.0,10.0,8.0,4.0,1.0,4.0,9.0,3.0,0.0,3,1851.15
3535,2025-11-22,2025-26,Newcastle,Man City,1,2.0,1.0,9.0,17.0,5.0,4.0,5.0,13.0,1.0,0.0,3,1838.61
3535,2025-11-22,2025-26,Man City,Newcastle,0,1.0,2.0,17.0,9.0,4.0,5.0,9.0,8.0,3.0,0.0,0,1964.05
3536,2025-11-22,2025-26,Brighton,Brentford,1,2.0,1.0,14.0,10.0,5.0,4.0,7.0,10.0,4.0,0.0,3,1836.46
3536,2025-11-22,2025-26,Brentford,Brighton,0,1.0,2.0,10.0,14.0,4.0,5.0,4.0,9.0,2.0,0.0,0,1817.06
3537,2025-11-23,2025-26,Leeds,Aston Villa,1,1.0,2.0,14.0,14.0,5.0,3.0,3.0,18.0,5.0,0.0,0,1713.68
3537,2025-11-23,2025-26,Aston Villa,Leeds,0,2.0,1.0,14.0,14.0,3.0,5.0,3.0,16.0,1.0,0.0,3,1877.99
3538,2025-11-23,2025-26,Arsenal,Tottenham,1,4.0,1.0,17.0,3.0,8.0,2.0,4.0,11.0,1.0,0.0,3,2012.06
3538,2025-11-23,2025-26,Tottenham,Arsenal,0,1.0,4.0,3.0,17.0,2.0,8.0,1.0,15.0,3.0,0.0,0,1795.8
3539,2025-11-24,2025-26,Man United,Everton,1,0.0,1.0,25.0,3.0,6.0,1.0,9.0,12.0,2.0,0.0,0,1828.28
3539,2025-11-24,2025-26,Everton,Man United,0,1.0,0.0,3.0,25.0,1.0,6.0,1.0,9.0,0.0,1.0,3,1794.11
3540,2025-11-29,2025-26,Brentford,Burnley,1,3.0,1.0,14.0,6.0,4.0,2.0,5.0,7.0,0.0,0.0,3,1809.31
3540,2025-11-29,2025-26,Burnley,Brentford,0,1.0,3.0,6.0,14.0,2.0,4.0,6.0,7.0,2.0,0.0,0,1709.33
3541,2025-11-29,2025-26,Man City,Leeds,1,3.0,2.0,18.0,9.0,9.0,4.0,8.0,17.0,4.0,0.0,3,1952.19
3541,2025-11-29,2025-26,Leeds,Man City,0,2.0,3.0,9.0,18.0,4.0,9.0,1.0,11.0,1.0,0.0,0,1706.6
3542,2025-11-29,2025-26,Sunderland,Bournemouth,1,3.0,2.0,12.0,18.0,6.0,6.0,6.0,14.0,5.0,0.0,3,1631.75
3542,2025-11-29,2025-26,Bournemouth,Sunderland,0,2.0,3.0,18.0,12.0,6.0,6.0,3.0,13.0,5.0,1.0,0,1826.9
3543,2025-11-29,2025-26,Everton,Newcastle,1,1.0,4.0,10.0,13.0,2.0,8.0,8.0,4.0,0.0,0.0,0,1806.76
3543,2025-11-29,2025-26,Newcastle,Everton,0,4.0,1.0,13.0,10.0,8.0,2.0,7.0,6.0,0.0,0.0,3,1850.47
3544,2025-11-29,2025-26,Tottenham,Fulham,1,1.0,2.0,14.0,7.0,2.0,3.0,8.0,11.0,3.0,0.0,0,1792.42
3544,2025-11-29,2025-26,Fulham,Tottenham,0,2.0,1.0,7.0,14.0,3.0,2.0,2.0,7.0,2.0,0.0,3,1771.05
3545,2025-11-30,2025-26,Crystal Palace,Man United,1,1.0,2.0,14.0,14.0,3.0,6.0,4.0,14.0,3.0,0.0,0,1857.87
3545,2025-11-30,2025-26,Man United,Crystal Palace,0,2.0,1.0,14.0,14.0,6.0,3.0,4.0,14.0,2.0,0.0,3,1815.63
3546,2025-11-30,2025-26,Aston Villa,Wolves,1,1.0,0.0,16.0,9.0,6.0,4.0,7.0,13.0,0.0,0.0,3,1885.07
3546,2025-11-30,2025-26,Wolves,Aston Villa,0,0.0,1.0,9.0,16.0,4.0,6.0,3.0,21.0,4.0,0.0,0,1665.96
3547,2025-11-30,2025-26,Nott'm Forest,Brighton,1,0.0,2.0,19.0,17.0,3.0,6.0,9.0,11.0,0.0,0.0,0,1782.15
3547,2025-11-30,2025-26,Brighton,Nott'm Forest,0,2.0,0.0,17.0,19.0,6.0,3.0,2.0,10.0,1.0,0.0,3,1844.21
3548,2025-11-30,2025-26,West Ham,Liverpool,1,0.0,2.0,7.0,9.0,0.0,5.0,7.0,12.0,1.0,1.0,0,1732.53
3548,2025-11-30,2025-26,Liverpool,West Ham,0,2.0,0.0,9.0,7.0,5.0,0.0,2.0,14.0,0.0,0.0,3,1947.6
3549,2025-11-30,2025-26,Chelsea,Arsenal,1,1.0,1.0,11.0,8.0,4.0,4.0,3.0,12.0,1.0,1.0,1,1906.2
3549,2025-11-30,2025-26,Arsenal,Chelsea,0,1.0,1.0,8.0,11.0,4.0,4.0,3.0,13.0,6.0,0.0,1,2015.44
3550,2025-12-02,2025-26,Bournemouth,Everton,1,0.0,1.0,5.0,13.0,2.0,3.0,1.0,14.0,3.0,0.0,0,1813.19
3550,2025-12-02,2025-26,Everton,Bournemouth,0,1.0,0.0,13.0,5.0,3.0,2.0,6.0,14.0,3.0,0.0,3,1796.29
3551,2025-12-02,2025-26,Fulham,Man City,1,4.0,5.0,12.0,11.0,6.0,4.0,7.0,9.0,0.0,0.0,0,1783.35
3551,2025-12-02,2025-26,Man City,Fulham,0,5.0,4.0,11.0,12.0,4.0,6.0,2.0,7.0,1.0,0.0,3,1955.13
3552,2025-12-02,2025-26,Newcastle,Tottenham,1,2.0,2.0,19.0,8.0,7.0,2.0,11.0,5.0,0.0,0.0,1,1860.94
3552,2025-12-02,2025-26,Tottenham,Newcastle,0,2.0,2.0,8.0,19.0,2.0,7.0,8.0,12.0,3.0,0.0,1,1780.12
3553,2025-12-03,2025-26,Arsenal,Brentford,1,2.0,0.0,15.0,6.0,7.0,1.0,4.0,7.0,0.0,0.0,3,2014.04
3553,2025-12-03,2025-26,Brentford,Arsenal,0,0.0,2.0,6.0,15.0,1.0,7.0,8.0,9.0,1.0,0.0,0,1815.0
3554,2025-12-03,2025-26,Brighton,Aston Villa,1,3.0,4.0,16.0,14.0,7.0,10.0,5.0,10.0,2.0,0.0,0,1854.15
3554,2025-12-03,2025-26,Aston Villa,Brighton,0,4.0,3.0,14.0,16.0,10.0,7.0,6.0,9.0,2.0,0.0,3,1888.41
3555,2025-12-03,2025-26,Burnley,Crystal Palace,1,0.0,1.0,11.0,3.0,4.0,3.0,3.0,9.0,0.0,0.0,0,1703.63
3555,2025-12-03,2025-26,Crystal Palace,Burnley,0,1.0,0.0,3.0,11.0,3.0,4.0,4.0,8.0,0.0,0.0,3,1845.01
3556,2025-12-03,2025-26,Wolves,Nott'm Forest,1,0.0,1.0,5.0,10.0,1.0,3.0,3.0,19.0,2.0,0.0,0,1662.62
3556,2025-12-03,2025-26,Nott'm Forest,Wolves,0,1.0,0.0,10.0,5.0,3.0,1.0,9.0,11.0,2.0,0.0,3,1772.21
3557,2025-12-03,2025-26,Leeds,Chelsea,1,3.0,1.0,17.0,14.0,5.0,2.0,4.0,10.0,1.0,0.0,3,1703.66
3557,2025-12-03,2025-26,Chelsea,Leeds,0,1.0,3.0,14.0,17.0,2.0,5.0,2.0,13.0,1.0,0.0,0,1907.61
3558,2025-12-03,2025-26,Liverpool,Sunderland,1,1.0,1.0,23.0,9.0,4.0,6.0,7.0,10.0,1.0,0.0,1,1953.41
3558,2025-12-03,2025-26,Sunderland,Liverpool,0,1.0,1.0,9.0,23.0,6.0,4.0,3.0,5.0,1.0,0.0,1,1645.45
3559,2025-12-04,2025-26,Man United,West Ham,1,1.0,1.0,17.0,11.0,4.0,3.0,6.0,13.0,2.0,0.0,1,1828.49
3559,2025-12-04,2025-26,West Ham,Man United,0,1.0,1.0,11.0,17.0,3.0,4.0,6.0,9.0,2.0,0.0,1,1726.72
3560,2025-12-06,2025-26,Man City,Sunderland,1,3.0,0.0,18.0,8.0,6.0,1.0,6.0,9.0,1.0,0.0,3,1962.02
3560,2025-12-06,2025-26,Sunderland,Man City,0,0.0,3.0,8.0,18.0,1.0,6.0,5.0,10.0,0.0,1.0,0,1653.3
3561,2025-12-06,2025-26,Aston Villa,Arsenal,1,2.0,1.0,15.0,15.0,6.0,9.0,3.0,10.0,0.0,0.0,3,1899.15
3561,2025-12-06,2025-26,Arsenal,Aston Villa,0,1.0,2.0,15.0,15.0,9.0,6.0,3.0,8.0,2.0,0.0,0,2017.71
3562,2025-12-06,2025-26,Everton,Nott'm Forest,1,3.0,0.0,11.0,7.0,5.0,3.0,6.0,17.0,4.0,0.0,3,1808.47
3562,2025-12-06,2025-26,Nott'm Forest,Everton,0,0.0,3.0,7.0,11.0,3.0,5.0,3.0,15.0,3.0,0.0,0,1780.79
3563,2025-12-06,2025-26,Tottenham,Brentford,1,2.0,0.0,15.0,4.0,7.0,1.0,7.0,8.0,3.0,0.0,3,1783.96
3563,2025-12-06,2025-26,Brentford,Tottenham,0,0.0,2.0,4.0,15.0,1.0,7.0,6.0,9.0,4.0,0.0,0,1811.33
3564,2025-12-06,2025-26,Newcastle,Burnley,1,2.0,1.0,17.0,9.0,7.0,3.0,9.0,9.0,2.0,0.0,3,1857.09
3564,2025-12-06,2025-26,Burnley,Newcastle,0,1.0,2.0,9.0,17.0,3.0,7.0,9.0,11.0,2.0,1.0,0,1695.93
3565,2025-12-06,2025-26,Leeds,Liverpool,1,3.0,3.0,12.0,16.0,5.0,7.0,5.0,14.0,3.0,0.0,1,1717.58
3565,2025-12-06,2025-26,Liverpool,Leeds,0,3.0,3.0,16.0,12.0,7.0,5.0,4.0,14.0,3.0,0.0,1,1945.56
3566,2025-12-06,2025-26,Bournemouth,Chelsea,1,0.0,0.0,13.0,11.0,5.0,4.0,5.0,15.0,0.0,0.0,1,1801.01
3566,2025-12-06,2025-26,Chelsea,Bournemouth,0,0.0,0.0,11.0,13.0,4.0,5.0,0.0,13.0,2.0,0.0,1,1893.68
3567,2025-12-07,2025-26,Brighton,West Ham,1,1.0,1.0,22.0,14.0,4.0,5.0,10.0,12.0,2.0,0.0,1,1843.41
3567,2025-12-07,2025-26,West Ham,Brighton,0,1.0,1.0,14.0,22.0,5.0,4.0,6.0,8.0,2.0,0.0,1,1731.06
3568,2025-12-07,2025-26,Fulham,Crystal Palace,1,1.0,2.0,12.0,11.0,4.0,5.0,6.0,5.0,0.0,0.0,0,1776.46
3568,2025-12-07,2025-26,Crystal Palace,Fulham,0,2.0,1.0,11.0,12.0,5.0,4.0,4.0,8.0,0.0,0.0,3,1852.71
3569,2025-12-08,2025-26,Wolves,Man United,1,1.0,4.0,8.0,27.0,2.0,10.0,1.0,17.0,3.0,0.0,0,1654.04
3569,2025-12-08,2025-26,Man United,Wolves,0,4.0,1.0,27.0,8.0,10.0,2.0,9.0,12.0,2.0,0.0,3,1824.14
3570,2025-12-13,2025-26,Chelsea,Everton,1,2.0,0.0,17.0,11.0,5.0,2.0,4.0,13.0,1.0,0.0,3,1892.75
3570,2025-12-13,2025-26,Everton,Chelsea,0,0.0,2.0,11.0,17.0,2.0,5.0,7.0,11.0,0.0,0.0,0,1816.0
3571,2025-12-13,2025-26,Liverpool,Brighton,1,2.0,0.0,18.0,14.0,4.0,1.0,2.0,8.0,1.0,0.0,3,1941.07
3571,2025-12-13,2025-26,Brighton,Liverpool,0,0.0,2.0,14.0,18.0,1.0,4.0,2.0,15.0,2.0,0.0,0,1838.82
3572,2025-12-13,2025-26,Burnley,Fulham,1,2.0,3.0,16.0,6.0,8.0,4.0,10.0,8.0,1.0,0.0,0,1691.56
3572,2025-12-13,2025-26,Fulham,Burnley,0,3.0,2.0,6.0,16.0,4.0,8.0,4.0,8.0,2.0,0.0,3,1766.93
3573,2025-12-13,2025-26,Arsenal,Wolves,1,2.0,1.0,16.0,3.0,2.0,2.0,8.0,7.0,0.0,0.0,3,2006.04
3573,2025-12-13,2025-26,Wolves,Arsenal,0,1.0,2.0,3.0,16.0,2.0,2.0,0.0,15.0,4.0,0.0,0,1647.11
3574,2025-12-14,2025-26,Crystal Palace,Man City,1,0.0,3.0,16.0,7.0,4.0,6.0,2.0,9.0,2.0,0.0,0,1862.24
3574,2025-12-14,2025-26,Man City,Crystal Palace,0,3.0,0.0,7.0,16.0,6.0,4.0,2.0,6.0,0.0,0.0,3,1964.16
3575,2025-12-14,2025-26,Nott'm Forest,Tottenham,1,3.0,0.0,15.0,6.0,6.0,1.0,3.0,9.0,1.0,0.0,3,1773.26
3575,2025-12-14,2025-26,Tottenham,Nott'm Forest,0,0.0,3.0,6.0,15.0,1.0,6.0,3.0,13.0,3.0,0.0,0,1793.03
3576,2025-12-14,2025-26,Sunderland,Newcastle,1,1.0,0.0,5.0,6.0,1.0,2.0,3.0,10.0,5.0,0.0,3,1651.16
3576,2025-12-14,2025-26,Newcastle,Sunderland,0,0.0,1.0,6.0,5.0,2.0,1.0,6.0,10.0,4.0,0.0,0,1861.47
3577,2025-12-14,2025-26,West Ham,Aston Villa,1,2.0,3.0,10.0,7.0,3.0,4.0,5.0,18.0,1.0,0.0,0,1735.65
3577,2025-12-14,2025-26,Aston Villa,West Ham,0,3.0,2.0,7.0,10.0,4.0,3.0,3.0,13.0,2.0,0.0,3,1910.82
3578,2025-12-14,2025-26,Brentford,Leeds,1,1.0,1.0,7.0,18.0,2.0,4.0,0.0,8.0,0.0,0.0,1,1802.26
3578,2025-12-14,2025-26,Leeds,Brentford,0,1.0,1.0,18.0,7.0,4.0,2.0,3.0,9.0,0.0,0.0,1,1722.07
3579,2025-12-15,2025-26,Man United,Bournemouth,1,4.0,4.0,25.0,14.0,9.0,9.0,5.0,15.0,2.0,0.0,1,1831.08
3579,2025-12-15,2025-26,Bournemouth,Man United,0,4.0,4.0,14.0,25.0,9.0,9.0,4.0,12.0,3.0,0.0,1,1801.95
3580,2025-12-20,2025-26,Newcastle,Chelsea,1,2.0,2.0,11.0,13.0,5.0,4.0,6.0,13.0,3.0,0.0,1,1847.39
3580,2025-12-20,2025-26,Chelsea,Newcastle,0,2.0,2.0,13.0,11.0,4.0,5.0,4.0,14.0,6.0,0.0,1,1899.0
3581,2025-12-20,2025-26,Bournemouth,Burnley,1,1.0,1.0,16.0,4.0,1.0,1.0,5.0,11.0,1.0,0.0,1,1804.46
3581,2025-12-20,2025-26,Burnley,Bournemouth,0,1.0,1.0,4.0,16.0,1.0,1.0,3.0,11.0,1.0,0.0,1,1682.0
3582,2025-12-20,2025-26,Brighton,Sunderland,1,0.0,0.0,16.0,14.0,4.0,6.0,3.0,11.0,2.0,0.0,1,1833.18
3582,2025-12-20,2025-26,Sunderland,Brighton,0,0.0,0.0,14.0,16.0,6.0,4.0,4.0,15.0,2.0,0.0,1,1665.24
3583,2025-12-20,2025-26,Man City,West Ham,1,3.0,0.0,17.0,7.0,8.0,3.0,6.0,16.0,1.0,0.0,3,1972.95
3583,2025-12-20,2025-26,West Ham,Man City,0,0.0,3.0,7.0,17.0,3.0,8.0,0.0,10.0,1.0,0.0,0,1728.85
3584,2025-12-20,2025-26,Wolves,Brentford,1,0.0,2.0,9.0,7.0,2.0,6.0,3.0,12.0,2.0,0.0,0,1645.46
3584,2025-12-20,2025-26,Brentford,Wolves,0,2.0,0.0,7.0,9.0,6.0,2.0,4.0,15.0,4.0,0.0,3,1798.43
3585,2025-12-20,2025-26,Tottenham,Liverpool,1,1.0,2.0,15.0,8.0,4.0,4.0,2.0,9.0,3.0,2.0,0,1784.18
3585,2025-12-20,2025-26,Liverpool,Tottenham,0,2.0,1.0,8.0,15.0,4.0,4.0,6.0,7.0,3.0,0.0,3,1946.71
3586,2025-12-20,2025-26,Everton,Arsenal,1,0.0,1.0,5.0,13.0,1.0,2.0,2.0,4.0,2.0,0.0,0,1809.74
3586,2025-12-20,2025-26,Arsenal,Everton,0,1.0,0.0,13.0,5.0,2.0,1.0,3.0,5.0,2.0,0.0,3,2007.69
3587,2025-12-20,2025-26,Leeds,Crystal Palace,1,4.0,1.0,20.0,9.0,8.0,3.0,9.0,5.0,1.0,0.0,3,1725.9
3587,2025-12-20,2025-26,Crystal Palace,Leeds,0,1.0,4.0,9.0,20.0,3.0,8.0,5.0,10.0,3.0,0.0,0,1853.44
3588,2025-12-21,2025-26,Aston Villa,Man United,1,2.0,1.0,12.0,15.0,4.0,6.0,5.0,11.0,1.0,0.0,3,1917.62
3588,2025-12-21,2025-26,Man United,Aston Villa,0,1.0,2.0,15.0,12.0,6.0,4.0,5.0,14.0,2.0,0.0,0,1828.57
3589,2025-12-22,2025-26,Fulham,Nott'm Forest,1,1.0,0.0,11.0,12.0,1.0,2.0,1.0,5.0,5.0,0.0,3,1776.48
3589,2025-12-22,2025-26,Nott'm Forest,Fulham,0,0.0,1.0,12.0,11.0,2.0,1.0,5.0,9.0,4.0,0.0,0,1782.11
3590,2025-12-26,2025-26,Man United,Newcastle,1,1.0,0.0,10.0,16.0,4.0,3.0,2.0,9.0,2.0,0.0,3,1822.61
3590,2025-12-26,2025-26,Newcastle,Man United,0,0.0,1.0,16.0,10.0,3.0,4.0,11.0,5.0,1.0,0.0,0,1847.15
3591,2025-12-27,2025-26,Nott'm Forest,Man City,1,1.0,2.0,7.0,16.0,2.0,5.0,5.0,5.0,1.0,0.0,0,1773.66
3591,2025-12-27,2025-26,Man City,Nott'm Forest,0,2.0,1.0,16.0,7.0,5.0,2.0,5.0,13.0,2.0,0.0,3,1975.91
3592,2025-12-27,2025-26,Arsenal,Brighton,1,2.0,1.0,24.0,8.0,6.0,3.0,7.0,7.0,2.0,0.0,3,2013.91
3592,2025-12-27,2025-26,Brighton,Arsenal,0,1.0,2.0,8.0,24.0,3.0,6.0,2.0,13.0,3.0,0.0,0,1827.42
3593,2025-12-27,2025-26,Brentford,Bournemouth,1,4.0,1.0,15.0,20.0,7.0,10.0,2.0,9.0,2.0,0.0,3,1805.82
3593,2025-12-27,2025-26,Bournemouth,Brentford,0,1.0,4.0,20.0,15.0,10.0,7.0,15.0,8.0,2.0,0.0,0,1799.64
3594,2025-12-27,2025-26,Burnley,Everton,1,0.0,0.0,16.0,15.0,0.0,6.0,6.0,8.0,0.0,0.0,1,1686.81
3594,2025-12-27,2025-26,Everton,Burnley,0,0.0,0.0,15.0,16.0,6.0,0.0,5.0,8.0,2.0,0.0,1,1803.52
3595,2025-12-27,2025-26,Liverpool,Wolves,1,2.0,1.0,14.0,9.0,4.0,4.0,6.0,5.0,0.0,0.0,3,1953.84
3595,2025-12-27,2025-26,Wolves,Liverpool,0,1.0,2.0,9.0,14.0,4.0,4.0,4.0,13.0,1.0,0.0,0,1638.08
3596,2025-12-27,2025-26,West Ham,Fulham,1,0.0,1.0,11.0,15.0,2.0,4.0,5.0,8.0,1.0,0.0,0,1725.89
3596,2025-12-27,2025-26,Fulham,West Ham,0,1.0,0.0,15.0,11.0,4.0,2.0,4.0,8.0,3.0,0.0,3,1784.93
3597,2025-12-27,2025-26,Chelsea,Aston Villa,1,1.0,2.0,14.0,11.0,3.0,8.0,6.0,16.0,5.0,0.0,0,1899.24
3597,2025-12-27,2025-26,Aston Villa,Chelsea,0,2.0,1.0,11.0,14.0,8.0,3.0,7.0,8.0,3.0,0.0,3,1923.58
3598,2025-12-28,2025-26,Sunderland,Leeds,1,1.0,1.0,8.0,17.0,3.0,6.0,3.0,7.0,1.0,0.0,1,1671.0
3598,2025-12-28,2025-26,Leeds,Sunderland,0,1.0,1.0,17.0,8.0,6.0,3.0,9.0,9.0,0.0,0.0,1,1737.82
3599,2025-12-28,2025-26,Crystal Palace,Tottenham,1,0.0,1.0,15.0,8.0,2.0,4.0,3.0,7.0,3.0,0.0,0,1841.52
3599,2025-12-28,2025-26,Tottenham,Crystal Palace,0,1.0,0.0,8.0,15.0,4.0,2.0,2.0,5.0,2.0,0.0,3,1777.05
3600,2025-12-30,2025-26,Burnley,Newcastle,1,1.0,3.0,15.0,20.0,4.0,9.0,3.0,9.0,2.0,0.0,0,1688.43
3600,2025-12-30,2025-26,Newcastle,Burnley,0,3.0,1.0,20.0,15.0,9.0,4.0,4.0,3.0,1.0,0.0,3,1838.17
3601,2025-12-30,2025-26,Chelsea,Bournemouth,1,2.0,2.0,17.0,17.0,3.0,6.0,12.0,5.0,1.0,0.0,1,1888.22
3601,2025-12-30,2025-26,Bournemouth,Chelsea,0,2.0,2.0,17.0,17.0,6.0,3.0,3.0,12.0,1.0,0.0,1,1791.53
3602,2025-12-30,2025-26,Nott'm Forest,Everton,1,0.0,2.0,21.0,11.0,6.0,3.0,9.0,11.0,1.0,0.0,0,1767.54
3602,2025-12-30,2025-26,Everton,Nott'm Forest,0,2.0,0.0,11.0,21.0,3.0,6.0,2.0,9.0,0.0,0.0,3,1801.9
3603,2025-12-30,2025-26,West Ham,Brighton,1,2.0,2.0,10.0,16.0,4.0,6.0,5.0,11.0,3.0,0.0,1,1715.87
3603,2025-12-30,2025-26,Brighton,West Ham,0,2.0,2.0,16.0,10.0,6.0,4.0,5.0,18.0,5.0,0.0,1,1823.53
3604,2025-12-30,2025-26,Arsenal,Aston Villa,1,4.0,1.0,22.0,11.0,7.0,3.0,3.0,18.0,2.0,0.0,3,2017.81
3604,2025-12-30,2025-26,Aston Villa,Arsenal,0,1.0,4.0,11.0,22.0,3.0,7.0,3.0,9.0,3.0,0.0,0,1934.6
3605,2025-12-30,2025-26,Man United,Wolves,1,1.0,1.0,15.0,11.0,6.0,4.0,8.0,9.0,0.0,0.0,1,1831.59
3605,2025-12-30,2025-26,Wolves,Man United,0,1.0,1.0,11.0,15.0,4.0,6.0,4.0,12.0,2.0,0.0,1,1636.01
3606,2026-01-01,2025-26,Crystal Palace,Fulham,1,1.0,1.0,11.0,17.0,2.0,5.0,6.0,7.0,0.0,0.0,1,1828.09
3606,2026-01-01,2025-26,Fulham,Crystal Palace,0,1.0,1.0,17.0,11.0,5.0,2.0,3.0,10.0,5.0,0.0,1,1794.96
3607,2026-01-01,2025-26,Liverpool,Leeds,1,0.0,0.0,19.0,4.0,4.0,2.0,8.0,10.0,0.0,0.0,1,1955.9
3607,2026-01-01,2025-26,Leeds,Liverpool,0,0.0,0.0,4.0,19.0,2.0,4.0,3.0,8.0,2.0,0.0,1,1737.62
3608,2026-01-01,2025-26,Brentford,Tottenham,1,0.0,0.0,7.0,9.0,2.0,3.0,3.0,8.0,1.0,0.0,1,1813.94
3608,2026-01-01,2025-26,Tottenham,Brentford,0,0.0,0.0,9.0,7.0,3.0,2.0,1.0,10.0,2.0,0.0,1,1790.48
3609,2026-01-01,2025-26,Sunderland,Man City,1,0.0,0.0,10.0,14.0,4.0,4.0,3.0,9.0,1.0,0.0,1,1671.19
3609,2026-01-01,2025-26,Man City,Sunderland,0,0.0,0.0,14.0,10.0,4.0,4.0,5.0,6.0,1.0,0.0,1,1982.03
3610,2026-01-03,2025-26,Aston Villa,Nott'm Forest,1,3.0,1.0,11.0,10.0,4.0,5.0,4.0,10.0,1.0,0.0,3,1928.51
3610,2026-01-03,2025-26,Nott'm Forest,Aston Villa,0,1.0,3.0,10.0,11.0,5.0,4.0,4.0,20.0,2.0,0.0,0,1756.81
3611,2026-01-03,2025-26,Brighton,Burnley,1,2.0,0.0,15.0,5.0,4.0,3.0,4.0,7.0,0.0,0.0,3,1822.16
3611,2026-01-03,2025-26,Burnley,Brighton,0,0.0,2.0,5.0,15.0,3.0,4.0,4.0,17.0,4.0,0.0,0,1680.96
3612,2026-01-03,2025-26,Wolves,West Ham,1,3.0,0.0,11.0,6.0,8.0,0.0,6.0,11.0,1.0,0.0,3,1642.28
3612,2026-01-03,2025-26,West Ham,Wolves,0,0.0,3.0,6.0,11.0,0.0,8.0,7.0,10.0,0.0,0.0,0,1717.23
3613,2026-01-03,2025-26,Bournemouth,Arsenal,1,2.0,3.0,15.0,12.0,3.0,5.0,7.0,13.0,3.0,0.0,0,1795.75
3613,2026-01-03,2025-26,Arsenal,Bournemouth,0,3.0,2.0,12.0,15.0,5.0,3.0,5.0,8.0,1.0,0.0,3,2023.91
3614,2026-01-04,2025-26,Newcastle,Crystal Palace,1,2.0,0.0,12.0,11.0,7.0,1.0,8.0,5.0,1.0,0.0,3,1845.64
3614,2026-01-04,2025-26,Crystal Palace,Newcastle,0,0.0,2.0,11.0,12.0,1.0,7.0,6.0,12.0,3.0,0.0,0,1825.47
3615,2026-01-04,2025-26,Leeds,Man United,1,1.0,1.0,11.0,15.0,3.0,2.0,6.0,9.0,0.0,0.0,1,1744.27
3615,2026-01-04,2025-26,Man United,Leeds,0,1.0,1.0,15.0,11.0,2.0,3.0,4.0,9.0,1.0,0.0,1,1825.33
3616,2026-01-04,2025-26,Everton,Brentford,1,2.0,4.0,14.0,11.0,6.0,7.0,4.0,9.0,0.0,0.0,0,1812.64
3616,2026-01-04,2025-26,Brentford,Everton,0,4.0,2.0,11.0,14.0,7.0,6.0,5.0,8.0,2.0,0.0,3,1811.58
3617,2026-01-04,2025-26,Fulham,Liverpool,1,2.0,2.0,8.0,10.0,2.0,2.0,3.0,11.0,1.0,0.0,1,1797.58
3617,2026-01-04,2025-26,Liverpool,Fulham,0,2.0,2.0,10.0,8.0,2.0,2.0,8.0,4.0,1.0,0.0,1,1949.26
3618,2026-01-04,2025-26,Man City,Chelsea,1,1.0,1.0,14.0,8.0,3.0,3.0,8.0,12.0,3.0,0.0,1,1975.85
3618,2026-01-04,2025-26,Chelsea,Man City,0,1.0,1.0,8.0,14.0,3.0,3.0,2.0,14.0,3.0,0.0,1,1883.99
3619,2026-01-04,2025-26,Tottenham,Sunderland,1,1.0,1.0,13.0,10.0,5.0,3.0,3.0,10.0,2.0,0.0,1,1792.84
3619,2026-01-04,2025-26,Sunderland,Tottenham,0,1.0,1.0,10.0,13.0,3.0,5.0,5.0,6.0,3.0,0.0,1,1677.37
3620,2026-01-06,2025-26,West Ham,Nott'm Forest,1,1.0,2.0,14.0,13.0,3.0,5.0,6.0,15.0,3.0,0.0,0,1706.8
3620,2026-01-06,2025-26,Nott'm Forest,West Ham,0,2.0,1.0,13.0,14.0,5.0,3.0,5.0,9.0,0.0,0.0,3,1752.64
3621,2026-01-07,2025-26,Bournemouth,Tottenham,1,3.0,2.0,11.0,16.0,3.0,4.0,3.0,19.0,3.0,0.0,3,1790.25
3621,2026-01-07,2025-26,Tottenham,Bournemouth,0,2.0,3.0,16.0,11.0,4.0,3.0,7.0,10.0,3.0,0.0,0,1788.18
3622,2026-01-07,2025-26,Brentford,Sunderland,1,3.0,0.0,18.0,11.0,6.0,3.0,7.0,13.0,2.0,0.0,3,1823.32
3622,2026-01-07,2025-26,Sunderland,Brentford,0,0.0,3.0,11.0,18.0,3.0,6.0,4.0,13.0,1.0,0.0,0,1682.04
3623,2026-01-07,2025-26,Crystal Palace,Aston Villa,1,0.0,0.0,11.0,15.0,5.0,3.0,3.0,8.0,2.0,0.0,1,1817.73
3623,2026-01-07,2025-26,Aston Villa,Crystal Palace,0,0.0,0.0,15.0,11.0,3.0,5.0,5.0,3.0,0.0,0.0,1,1932.68
3624,2026-01-07,2025-26,Everton,Wolves,1,1.0,1.0,13.0,13.0,2.0,4.0,2.0,13.0,1.0,2.0,1,1800.9
3624,2026-01-07,2025-26,Wolves,Everton,0,1.0,1.0,13.0,13.0,4.0,2.0,7.0,15.0,3.0,0.0,1,1652.71
3625,2026-01-07,2025-26,Fulham,Chelsea,1,2.0,1.0,16.0,14.0,5.0,6.0,2.0,11.0,3.0,0.0,3,1800.16
3625,2026-01-07,2025-26,Chelsea,Fulham,0,1.0,2.0,14.0,16.0,6.0,5.0,11.0,6.0,3.0,1.0,0,1888.11
3626,2026-01-07,2025-26,Man City,Brighton,1,1.0,1.0,22.0,6.0,6.0,3.0,6.0,6.0,1.0,0.0,1,1971.74
3626,2026-01-07,2025-26,Brighton,Man City,0,1.0,1.0,6.0,22.0,3.0,6.0,2.0,16.0,6.0,0.0,1,1826.94
3627,2026-01-07,2025-26,Burnley,Man United,1,2.0,2.0,7.0,30.0,1.0,10.0,2.0,9.0,2.0,0.0,1,1676.18
3627,2026-01-07,2025-26,Man United,Burnley,0,2.0,2.0,30.0,7.0,10.0,1.0,6.0,8.0,0.0,0.0,1,1824.72
3628,2026-01-07,2025-26,Newcastle,Leeds,1,4.0,3.0,18.0,14.0,8.0,6.0,8.0,11.0,3.0,0.0,3,1853.37
3628,2026-01-07,2025-26,Leeds,Newcastle,0,3.0,4.0,14.0,18.0,6.0,8.0,4.0,10.0,2.0,0.0,0,1744.87
3629,2026-01-08,2025-26,Arsenal,Liverpool,1,0.0,0.0,9.0,8.0,4.0,0.0,3.0,10.0,2.0,0.0,1,2029.41
3629,2026-01-08,2025-26,Liverpool,Arsenal,0,0.0,0.0,8.0,9.0,0.0,4.0,0.0,9.0,2.0,0.0,1,1946.68
3630,2026-01-17,2025-26,Leeds,Fulham,1,1.0,0.0,14.0,8.0,5.0,1.0,7.0,6.0,1.0,0.0,3,1739.38
3630,2026-01-17,2025-26,Fulham,Leeds,0,0.0,1.0,8.0,14.0,1.0,5.0,3.0,11.0,5.0,0.0,0,1810.96
3631,2026-01-17,2025-26,Chelsea,Brentford,1,2.0,0.0,6.0,15.0,2.0,5.0,3.0,7.0,3.0,0.0,3,1877.3
3631,2026-01-17,2025-26,Brentford,Chelsea,0,0.0,2.0,15.0,6.0,5.0,2.0,9.0,10.0,2.0,0.0,0,1828.1
3632,2026-01-17,2025-26,Man United,Man City,1,2.0,0.0,11.0,7.0,7.0,1.0,1.0,13.0,2.0,0.0,3,1822.23
3632,2026-01-17,2025-26,Man City,Man United,0,0.0,2.0,7.0,11.0,1.0,7.0,6.0,8.0,3.0,0.0,0,1966.45
3633,2026-01-17,2025-26,Liverpool,Burnley,1,1.0,1.0,32.0,7.0,11.0,1.0,9.0,8.0,1.0,0.0,1,1950.57
3633,2026-01-17,2025-26,Burnley,Liverpool,0,1.0,1.0,7.0,32.0,1.0,11.0,1.0,10.0,2.0,0.0,1,1678.67
3634,2026-01-17,2025-26,Nott'm Forest,Arsenal,1,0.0,0.0,6.0,15.0,0.0,3.0,4.0,8.0,1.0,0.0,1,1763.04
3634,2026-01-17,2025-26,Arsenal,Nott'm Forest,0,0.0,0.0,15.0,6.0,3.0,0.0,9.0,14.0,1.0,0.0,1,2025.52
3635,2026-01-17,2025-26,Tottenham,West Ham,1,1.0,2.0,21.0,17.0,6.0,4.0,11.0,12.0,5.0,0.0,0,1779.95
3635,2026-01-17,2025-26,West Ham,Tottenham,0,2.0,1.0,17.0,21.0,4.0,6.0,5.0,17.0,3.0,0.0,3,1696.39
3636,2026-01-17,2025-26,Sunderland,Crystal Palace,1,2.0,1.0,13.0,6.0,7.0,2.0,3.0,8.0,3.0,0.0,3,1677.26
3636,2026-01-17,2025-26,Crystal Palace,Sunderland,0,1.0,2.0,6.0,13.0,2.0,7.0,4.0,15.0,3.0,0.0,0,1819.3
3637,2026-01-18,2025-26,Wolves,Newcastle,1,0.0,0.0,6.0,12.0,2.0,2.0,4.0,14.0,2.0,0.0,1,1658.07
3637,2026-01-18,2025-26,Newcastle,Wolves,0,0.0,0.0,12.0,6.0,2.0,2.0,7.0,8.0,2.0,0.0,1,1858.87
3638,2026-01-18,2025-26,Aston Villa,Everton,1,0.0,1.0,18.0,9.0,5.0,3.0,6.0,15.0,1.0,0.0,0,1931.11
3638,2026-01-18,2025-26,Everton,Aston Villa,0,1.0,0.0,9.0,18.0,3.0,5.0,4.0,13.0,2.0,0.0,3,1795.53
3639,2026-01-19,2025-26,Brighton,Bournemouth,1,1.0,1.0,17.0,11.0,5.0,2.0,11.0,7.0,2.0,0.0,1,1832.24
3639,2026-01-19,2025-26,Bournemouth,Brighton,0,1.0,1.0,11.0,17.0,2.0,5.0,6.0,6.0,3.0,0.0,1,1798.48
3640,2026-01-24,2025-26,West Ham,Sunderland,1,3.0,1.0,13.0,7.0,5.0,2.0,3.0,9.0,2.0,0.0,3,1710.3
3640,2026-01-24,2025-26,Sunderland,West Ham,0,1.0,3.0,7.0,13.0,2.0,5.0,3.0,16.0,4.0,0.0,0,1689.58
3641,2026-01-24,2025-26,Burnley,Tottenham,1,2.0,2.0,9.0,18.0,4.0,11.0,1.0,8.0,1.0,0.0,1,1686.1
3641,2026-01-24,2025-26,Tottenham,Burnley,0,2.0,2.0,18.0,9.0,11.0,4.0,3.0,9.0,0.0,0.0,1,1766.04
3642,2026-01-24,2025-26,Fulham,Brighton,1,2.0,1.0,12.0,13.0,4.0,5.0,6.0,10.0,1.0,0.0,3,1800.63
3642,2026-01-24,2025-26,Brighton,Fulham,0,1.0,2.0,13.0,12.0,5.0,4.0,6.0,6.0,1.0,0.0,0,1829.6
3643,2026-01-24,2025-26,Man City,Wolves,1,2.0,0.0,11.0,11.0,4.0,1.0,4.0,16.0,1.0,0.0,3,1954.07
3643,2026-01-24,2025-26,Wolves,Man City,0,0.0,2.0,11.0,11.0,1.0,4.0,6.0,14.0,3.0,0.0,0,1661.92
3644,2026-01-24,2025-26,Bournemouth,Liverpool,1,3.0,2.0,12.0,14.0,5.0,4.0,3.0,7.0,1.0,0.0,3,1801.12
3644,2026-01-24,2025-26,Liverpool,Bournemouth,0,2.0,3.0,14.0,12.0,4.0,5.0,11.0,7.0,1.0,0.0,0,1943.15
3645,2026-01-25,2025-26,Newcastle,Aston Villa,1,0.0,2.0,15.0,14.0,4.0,8.0,6.0,7.0,1.0,0.0,0,1855.03
3645,2026-01-25,2025-26,Aston Villa,Newcastle,0,2.0,0.0,14.0,15.0,8.0,4.0,5.0,12.0,2.0,0.0,3,1916.01
3646,2026-01-25,2025-26,Arsenal,Man United,1,2.0,3.0,15.0,10.0,4.0,3.0,9.0,11.0,2.0,0.0,0,2020.27
3646,2026-01-25,2025-26,Man United,Arsenal,0,3.0,2.0,10.0,15.0,3.0,4.0,2.0,9.0,0.0,0.0,3,1834.61
3647,2026-01-25,2025-26,Brentford,Nott'm Forest,1,0.0,2.0,10.0,7.0,1.0,2.0,6.0,11.0,1.0,0.0,0,1821.14
3647,2026-01-25,2025-26,Nott'm Forest,Brentford,0,2.0,0.0,7.0,10.0,2.0,1.0,5.0,10.0,0.0,0.0,3,1768.29
3648,2026-01-25,2025-26,Crystal Palace,Chelsea,1,1.0,3.0,13.0,10.0,7.0,6.0,4.0,11.0,2.0,1.0,0,1806.98
3648,2026-01-25,2025-26,Chelsea,Crystal Palace,0,3.0,1.0,10.0,13.0,6.0,7.0,5.0,10.0,2.0,0.0,3,1884.26
3649,2026-01-26,2025-26,Everton,Leeds,1,1.0,1.0,10.0,14.0,3.0,4.0,4.0,9.0,0.0,0.0,1,1810.63
3649,2026-01-26,2025-26,Leeds,Everton,0,1.0,1.0,14.0,10.0,4.0,3.0,4.0,13.0,3.0,0.0,1,1749.71
3650,2026-01-31,2025-26,Wolves,Bournemouth,1,0.0,2.0,17.0,9.0,7.0,4.0,5.0,11.0,3.0,0.0,0,1659.59
3650,2026-01-31,2025-26,Bournemouth,Wolves,0,2.0,0.0,9.0,17.0,4.0,7.0,6.0,15.0,3.0,0.0,3,1813.43
3651,2026-01-31,2025-26,Leeds,Arsenal,1,0.0,4.0,3.0,14.0,1.0,8.0,4.0,10.0,1.0,0.0,0,1753.06
3651,2026-01-31,2025-26,Arsenal,Leeds,0,4.0,0.0,14.0,3.0,8.0,1.0,12.0,7.0,1.0,0.0,3,2004.19
3652,2026-01-31,2025-26,Liverpool,Newcastle,1,4.0,1.0,17.0,8.0,7.0,2.0,7.0,11.0,1.0,0.0,3,1930.83
3652,2026-01-31,2025-26,Newcastle,Liverpool,0,1.0,4.0,8.0,17.0,2.0,7.0,11.0,7.0,3.0,0.0,0,1845.05
3653,2026-01-31,2025-26,Chelsea,West Ham,1,3.0,2.0,14.0,11.0,6.0,6.0,9.0,11.0,3.0,0.0,3,1893.76
3653,2026-01-31,2025-26,West Ham,Chelsea,0,2.0,3.0,11.0,14.0,6.0,6.0,3.0,13.0,2.0,1.0,0,1718.02
3654,2026-01-31,2025-26,Brighton,Everton,1,1.0,1.0,11.0,7.0,2.0,4.0,5.0,13.0,1.0,0.0,1,1820.49
3654,2026-01-31,2025-26,Everton,Brighton,0,1.0,1.0,7.0,11.0,4.0,2.0,2.0,14.0,2.0,0.0,1,1807.29
3655,2026-02-01,2025-26,Aston Villa,Brentford,1,0.0,1.0,27.0,6.0,5.0,2.0,12.0,8.0,0.0,0.0,0,1925.98
3655,2026-02-01,2025-26,Brentford,Aston Villa,0,1.0,0.0,6.0,27.0,2.0,5.0,1.0,8.0,3.0,0.0,3,1808.0
3656,2026-02-01,2025-26,Man United,Fulham,1,3.0,2.0,13.0,14.0,6.0,6.0,3.0,6.0,2.0,0.0,3,1850.7
3656,2026-02-01,2025-26,Fulham,Man United,0,2.0,3.0,14.0,13.0,6.0,6.0,7.0,9.0,1.0,0.0,0,1809.74
3657,2026-02-01,2025-26,Nott'm Forest,Crystal Palace,1,1.0,1.0,9.0,14.0,1.0,3.0,5.0,4.0,1.0,0.0,1,1781.43
3657,2026-02-01,2025-26,Crystal Palace,Nott'm Forest,0,1.0,1.0,14.0,9.0,3.0,1.0,7.0,12.0,3.0,0.0,1,1797.48
3658,2026-02-01,2025-26,Tottenham,Man City,1,2.0,2.0,12.0,15.0,6.0,3.0,3.0,15.0,3.0,0.0,1,1765.46
3658,2026-02-01,2025-26,Man City,Tottenham,0,2.0,2.0,15.0,12.0,3.0,6.0,4.0,12.0,3.0,0.0,1,1956.4
3659,2026-02-02,2025-26,Sunderland,Burnley,1,3.0,0.0,14.0,5.0,5.0,0.0,1.0,12.0,1.0,0.0,3,1681.86
3659,2026-02-02,2025-26,Burnley,Sunderland,0,0.0,3.0,5.0,14.0,0.0,5.0,2.0,10.0,4.0,0.0,0,1686.67
3660,2026-02-06,2025-26,Leeds,Nott'm Forest,1,3.0,1.0,14.0,16.0,5.0,6.0,5.0,9.0,1.0,0.0,3,1748.06
3660,2026-02-06,2025-26,Nott'm Forest,Leeds,0,1.0,3.0,16.0,14.0,6.0,5.0,10.0,12.0,1.0,0.0,0,1780.17
3661,2026-02-07,2025-26,Arsenal,Sunderland,1,3.0,0.0,16.0,5.0,5.0,3.0,5.0,11.0,1.0,0.0,3,2009.18
3661,2026-02-07,2025-26,Sunderland,Arsenal,0,0.0,3.0,5.0,16.0,3.0,5.0,2.0,8.0,2.0,0.0,0,1690.28
3662,2026-02-07,2025-26,Fulham,Everton,1,1.0,2.0,13.0,16.0,3.0,3.0,6.0,11.0,1.0,0.0,0,1802.56
3662,2026-02-07,2025-26,Everton,Fulham,0,2.0,1.0,16.0,13.0,3.0,3.0,6.0,12.0,5.0,0.0,3,1809.36
3663,2026-02-07,2025-26,Man United,Tottenham,1,2.0,0.0,23.0,7.0,10.0,1.0,7.0,12.0,1.0,0.0,3,1857.87
3663,2026-02-07,2025-26,Tottenham,Man United,0,0.0,2.0,7.0,23.0,1.0,10.0,0.0,11.0,2.0,1.0,0,1769.06
3664,2026-02-07,2025-26,Bournemouth,Aston Villa,1,1.0,1.0,20.0,7.0,9.0,4.0,11.0,4.0,1.0,0.0,1,1820.8
3664,2026-02-07,2025-26,Aston Villa,Bournemouth,0,1.0,1.0,7.0,20.0,4.0,9.0,4.0,11.0,1.0,0.0,1,1911.26
3665,2026-02-07,2025-26,Newcastle,Brentford,1,2.0,3.0,16.0,11.0,4.0,5.0,9.0,14.0,2.0,0.0,0,1839.02
3665,2026-02-07,2025-26,Brentford,Newcastle,0,3.0,2.0,11.0,16.0,5.0,4.0,3.0,18.0,2.0,0.0,3,1822.72
3666,2026-02-07,2025-26,Burnley,West Ham,1,0.0,2.0,18.0,6.0,5.0,4.0,5.0,11.0,3.0,0.0,0,1678.24
3666,2026-02-07,2025-26,West Ham,Burnley,0,2.0,0.0,6.0,18.0,4.0,5.0,2.0,10.0,1.0,0.0,3,1713.93
3667,2026-02-07,2025-26,Wolves,Chelsea,1,1.0,3.0,11.0,15.0,3.0,6.0,3.0,9.0,1.0,0.0,0,1652.23
3667,2026-02-07,2025-26,Chelsea,Wolves,0,3.0,1.0,15.0,11.0,6.0,3.0,4.0,10.0,1.0,0.0,3,1897.86
3668,2026-02-08,2025-26,Brighton,Crystal Palace,1,0.0,1.0,7.0,7.0,2.0,4.0,3.0,12.0,1.0,0.0,0,1818.42
3668,2026-02-08,2025-26,Crystal Palace,Brighton,0,1.0,0.0,7.0,7.0,4.0,2.0,4.0,9.0,3.0,0.0,3,1798.74
3669,2026-02-08,2025-26,Liverpool,Man City,1,1.0,2.0,15.0,17.0,4.0,7.0,5.0,13.0,2.0,1.0,0,1936.86
3669,2026-02-08,2025-26,Man City,Liverpool,0,2.0,1.0,17.0,15.0,7.0,4.0,4.0,16.0,4.0,0.0,3,1952.8
3670,2026-02-10,2025-26,Chelsea,Leeds,1,2.0,2.0,19.0,4.0,4.0,2.0,4.0,9.0,4.0,0.0,1,1902.97
3670,2026-02-10,2025-26,Leeds,Chelsea,0,2.0,2.0,4.0,19.0,2.0,4.0,1.0,13.0,4.0,0.0,1,1757.26
3671,2026-02-10,2025-26,Everton,Bournemouth,1,1.0,2.0,16.0,11.0,6.0,4.0,7.0,14.0,1.0,1.0,0,1820.88
3671,2026-02-10,2025-26,Bournemouth,Everton,0,2.0,1.0,11.0,16.0,4.0,6.0,2.0,15.0,3.0,0.0,3,1821.67
3672,2026-02-10,2025-26,Tottenham,Newcastle,1,1.0,2.0,16.0,21.0,2.0,5.0,2.0,15.0,3.0,0.0,0,1763.1
3672,2026-02-10,2025-26,Newcastle,Tottenham,0,2.0,1.0,21.0,16.0,5.0,2.0,12.0,11.0,2.0,0.0,3,1826.86
3673,2026-02-10,2025-26,West Ham,Man United,1,1.0,1.0,7.0,9.0,3.0,3.0,5.0,10.0,1.0,0.0,1,1724.62
3673,2026-02-10,2025-26,Man United,West Ham,0,1.0,1.0,9.0,7.0,3.0,3.0,3.0,4.0,1.0,0.0,1,1863.83
3674,2026-02-11,2025-26,Aston Villa,Brighton,1,1.0,0.0,15.0,9.0,1.0,3.0,7.0,9.0,2.0,0.0,3,1910.39
3674,2026-02-11,2025-26,Brighton,Aston Villa,0,0.0,1.0,9.0,15.0,3.0,1.0,5.0,15.0,3.0,0.0,0,1806.16
3675,2026-02-11,2025-26,Crystal Palace,Burnley,1,2.0,3.0,21.0,8.0,3.0,3.0,8.0,11.0,2.0,0.0,0,1810.99
3675,2026-02-11,2025-26,Burnley,Crystal Palace,0,3.0,2.0,8.0,21.0,3.0,3.0,2.0,8.0,1.0,0.0,3,1667.55
3676,2026-02-11,2025-26,Man City,Fulham,1,3.0,0.0,13.0,14.0,5.0,3.0,4.0,8.0,3.0,0.0,3,1964.06
3676,2026-02-11,2025-26,Fulham,Man City,0,0.0,3.0,14.0,13.0,3.0,5.0,4.0,10.0,1.0,0.0,0,1791.04
3677,2026-02-11,2025-26,Nott'm Forest,Wolves,1,0.0,0.0,35.0,7.0,10.0,3.0,8.0,12.0,0.0,0.0,1,1770.97
3677,2026-02-11,2025-26,Wolves,Nott'm Forest,0,0.0,0.0,7.0,35.0,3.0,10.0,2.0,13.0,2.0,0.0,1,1647.11
3678,2026-02-11,2025-26,Sunderland,Liverpool,1,0.0,1.0,11.0,23.0,2.0,3.0,3.0,8.0,1.0,0.0,0,1688.25
3678,2026-02-11,2025-26,Liverpool,Sunderland,0,1.0,0.0,23.0,11.0,3.0,2.0,11.0,10.0,0.0,0.0,3,1925.6
3679,2026-02-12,2025-26,Brentford,Arsenal,1,1.0,1.0,12.0,7.0,3.0,2.0,6.0,12.0,3.0,0.0,1,1834.88
3679,2026-02-12,2025-26,Arsenal,Brentford,0,1.0,1.0,7.0,12.0,2.0,3.0,4.0,11.0,2.0,0.0,1,2011.21
3680,2026-02-18,2025-26,Wolves,Arsenal,1,2.0,2.0,5.0,10.0,2.0,4.0,1.0,6.0,2.0,0.0,1,1651.96
3680,2026-02-18,2025-26,Arsenal,Wolves,0,2.0,2.0,10.0,5.0,4.0,2.0,3.0,8.0,1.0,0.0,1,2007.98
3681,2026-02-21,2025-26,Aston Villa,Leeds,1,1.0,1.0,16.0,14.0,4.0,4.0,7.0,11.0,1.0,0.0,1,1915.98
3681,2026-02-21,2025-26,Leeds,Aston Villa,0,1.0,1.0,14.0,16.0,4.0,4.0,2.0,16.0,4.0,0.0,1,1762.58
3682,2026-02-21,2025-26,Brentford,Brighton,1,0.0,2.0,13.0,11.0,3.0,7.0,6.0,9.0,1.0,0.0,0,1838.11
3682,2026-02-21,2025-26,Brighton,Brentford,0,2.0,0.0,11.0,13.0,7.0,3.0,4.0,14.0,2.0,0.0,3,1800.57
3683,2026-02-21,2025-26,Chelsea,Burnley,1,1.0,1.0,12.0,12.0,2.0,4.0,9.0,13.0,2.0,1.0,1,1897.66
3683,2026-02-21,2025-26,Burnley,Chelsea,0,1.0,1.0,12.0,12.0,4.0,2.0,5.0,11.0,2.0,0.0,1,1682.81
3684,2026-02-21,2025-26,West Ham,Bournemouth,1,0.0,0.0,20.0,10.0,3.0,5.0,9.0,10.0,1.0,0.0,1,1726.87
3684,2026-02-21,2025-26,Bournemouth,West Ham,0,0.0,0.0,10.0,20.0,5.0,3.0,5.0,11.0,1.0,0.0,1,1833.36
3685,2026-02-21,2025-26,Man City,Newcastle,1,2.0,1.0,15.0,13.0,7.0,7.0,5.0,12.0,2.0,0.0,3,1968.2
3685,2026-02-21,2025-26,Newcastle,Man City,0,1.0,2.0,13.0,15.0,7.0,7.0,5.0,13.0,5.0,0.0,0,1836.75
3686,2026-02-22,2025-26,Crystal Palace,Wolves,1,1.0,0.0,14.0,12.0,3.0,7.0,7.0,19.0,5.0,0.0,3,1795.73
3686,2026-02-22,2025-26,Wolves,Crystal Palace,0,0.0,1.0,12.0,14.0,7.0,3.0,3.0,13.0,1.0,1.0,0,1658.88
3687,2026-02-22,2025-26,Nott'm Forest,Liverpool,1,0.0,1.0,18.0,10.0,2.0,4.0,7.0,13.0,2.0,0.0,0,1766.12
3687,2026-02-22,2025-26,Liverpool,Nott'm Forest,0,1.0,0.0,10.0,18.0,4.0,2.0,2.0,9.0,0.0,0.0,3,1930.9
3688,2026-02-22,2025-26,Sunderland,Fulham,1,1.0,3.0,12.0,12.0,2.0,4.0,6.0,6.0,1.0,0.0,0,1682.96
3688,2026-02-22,2025-26,Fulham,Sunderland,0,3.0,1.0,12.0,12.0,4.0,2.0,4.0,13.0,1.0,0.0,3,1786.9
3689,2026-02-22,2025-26,Tottenham,Arsenal,1,1.0,4.0,6.0,20.0,5.0,7.0,2.0,17.0,2.0,0.0,0,1753.21
3689,2026-02-22,2025-26,Arsenal,Tottenham,0,4.0,1.0,20.0,6.0,7.0,5.0,5.0,11.0,1.0,0.0,3,2001.06
3690,2026-02-23,2025-26,Everton,Man United,1,0.0,1.0,12.0,11.0,4.0,3.0,10.0,12.0,2.0,0.0,0,1809.19
3690,2026-02-23,2025-26,Man United,Everton,0,1.0,0.0,11.0,12.0,3.0,4.0,1.0,7.0,3.0,0.0,3,1861.59
3691,2026-02-27,2025-26,Wolves,Aston Villa,1,2.0,0.0,9.0,14.0,2.0,5.0,0.0,13.0,3.0,0.0,3,1654.01
3691,2026-02-27,2025-26,Aston Villa,Wolves,0,0.0,2.0,14.0,9.0,5.0,2.0,5.0,19.0,3.0,0.0,0,1910.51
3692,2026-02-28,2025-26,Bournemouth,Sunderland,1,1.0,1.0,21.0,8.0,5.0,4.0,7.0,15.0,4.0,0.0,1,1832.03
3692,2026-02-28,2025-26,Sunderland,Bournemouth,0,1.0,1.0,8.0,21.0,4.0,5.0,3.0,12.0,2.0,0.0,1,1674.21
3693,2026-02-28,2025-26,Burnley,Brentford,1,3.0,4.0,12.0,16.0,3.0,7.0,4.0,9.0,2.0,0.0,0,1689.4
3693,2026-02-28,2025-26,Brentford,Burnley,0,4.0,3.0,16.0,12.0,7.0,3.0,8.0,9.0,2.0,0.0,3,1825.37
3694,2026-02-28,2025-26,Liverpool,West Ham,1,5.0,2.0,18.0,11.0,7.0,4.0,10.0,12.0,2.0,0.0,3,1937.97
3694,2026-02-28,2025-26,West Ham,Liverpool,0,2.0,5.0,11.0,18.0,4.0,7.0,5.0,11.0,2.0,0.0,0,1728.2
3695,2026-02-28,2025-26,Newcastle,Everton,1,2.0,3.0,17.0,9.0,7.0,5.0,7.0,15.0,2.0,0.0,0,1831.76
3695,2026-02-28,2025-26,Everton,Newcastle,0,3.0,2.0,9.0,17.0,5.0,7.0,2.0,7.0,3.0,0.0,3,1798.97
3696,2026-02-28,2025-26,Leeds,Man City,1,0.0,1.0,14.0,14.0,2.0,5.0,5.0,10.0,0.0,0.0,0,1768.05
3696,2026-02-28,2025-26,Man City,Leeds,0,1.0,0.0,14.0,14.0,5.0,2.0,3.0,8.0,3.0,0.0,3,1973.19
3697,2026-03-01,2025-26,Brighton,Nott'm Forest,1,2.0,1.0,14.0,13.0,7.0,4.0,4.0,12.0,3.0,0.0,3,1813.3
3697,2026-03-01,2025-26,Nott'm Forest,Brighton,0,1.0,2.0,13.0,14.0,4.0,7.0,4.0,13.0,1.0,0.0,0,1759.05
3698,2026-03-01,2025-26,Fulham,Tottenham,1,2.0,1.0,18.0,13.0,4.0,1.0,5.0,11.0,3.0,0.0,3,1795.64
3698,2026-03-01,2025-26,Tottenham,Fulham,0,1.0,2.0,13.0,18.0,1.0,4.0,8.0,14.0,3.0,0.0,0,1748.14
3699,2026-03-01,2025-26,Man United,Crystal Palace,1,2.0,1.0,20.0,8.0,11.0,3.0,7.0,13.0,2.0,0.0,3,1871.81
3699,2026-03-01,2025-26,Crystal Palace,Man United,0,1.0,2.0,8.0,20.0,3.0,11.0,1.0,12.0,2.0,1.0,0,1800.6
3700,2026-03-01,2025-26,Arsenal,Chelsea,1,2.0,1.0,12.0,9.0,5.0,3.0,5.0,11.0,1.0,0.0,3,2006.12
3700,2026-03-01,2025-26,Chelsea,Arsenal,0,1.0,2.0,9.0,12.0,3.0,5.0,10.0,14.0,3.0,1.0,0,1891.07
3701,2026-03-03,2025-26,Bournemouth,Brentford,1,0.0,0.0,13.0,5.0,2.0,2.0,4.0,9.0,2.0,0.0,1,1826.47
3701,2026-03-03,2025-26,Brentford,Bournemouth,0,0.0,0.0,5.0,13.0,2.0,2.0,3.0,10.0,1.0,0.0,1,1833.22
3702,2026-03-03,2025-26,Everton,Burnley,1,2.0,0.0,14.0,5.0,5.0,2.0,6.0,10.0,0.0,0.0,3,1811.58
3702,2026-03-03,2025-26,Burnley,Everton,0,0.0,2.0,5.0,14.0,2.0,5.0,3.0,12.0,1.0,0.0,0,1681.55
3703,2026-03-03,2025-26,Leeds,Sunderland,1,0.0,1.0,18.0,3.0,4.0,1.0,9.0,15.0,1.0,0.0,0,1762.0
3703,2026-03-03,2025-26,Sunderland,Leeds,0,1.0,0.0,3.0,18.0,1.0,4.0,2.0,19.0,3.0,0.0,3,1679.77
3704,2026-03-03,2025-26,Wolves,Liverpool,1,2.0,1.0,4.0,19.0,3.0,7.0,2.0,10.0,2.0,0.0,3,1669.13
3704,2026-03-03,2025-26,Liverpool,Wolves,0,1.0,2.0,19.0,4.0,7.0,3.0,11.0,13.0,1.0,0.0,0,1941.46
3705,2026-03-04,2025-26,Aston Villa,Chelsea,1,1.0,4.0,9.0,15.0,4.0,8.0,3.0,10.0,3.0,0.0,0,1895.39
3705,2026-03-04,2025-26,Chelsea,Aston Villa,0,4.0,1.0,15.0,9.0,8.0,4.0,8.0,9.0,2.0,0.0,3,1885.72
3706,2026-03-04,2025-26,Man City,Nott'm Forest,1,2.0,2.0,21.0,9.0,7.0,4.0,6.0,10.0,0.0,0.0,1,1979.24
3706,2026-03-04,2025-26,Nott'm Forest,Man City,0,2.0,2.0,9.0,21.0,4.0,7.0,1.0,6.0,4.0,0.0,1,1752.23
3707,2026-03-04,2025-26,Fulham,West Ham,1,0.0,1.0,13.0,9.0,5.0,3.0,7.0,14.0,2.0,0.0,0,1802.64
3707,2026-03-04,2025-26,West Ham,Fulham,0,1.0,0.0,9.0,13.0,3.0,5.0,5.0,12.0,4.0,0.0,3,1724.7
3708,2026-03-04,2025-26,Newcastle,Man United,1,2.0,1.0,12.0,14.0,5.0,5.0,2.0,15.0,2.0,1.0,3,1819.16
3708,2026-03-04,2025-26,Man United,Newcastle,0,1.0,2.0,14.0,12.0,5.0,5.0,4.0,16.0,3.0,0.0,0,1878.2
3709,2026-03-04,2025-26,Brighton,Arsenal,1,0.0,1.0,11.0,7.0,3.0,2.0,4.0,14.0,4.0,0.0,0,1820.13
3709,2026-03-04,2025-26,Arsenal,Brighton,0,1.0,0.0,7.0,11.0,2.0,3.0,3.0,12.0,1.0,0.0,3,2011.47
3710,2026-03-05,2025-26,Tottenham,Crystal Palace,1,1.0,3.0,12.0,9.0,4.0,4.0,6.0,14.0,3.0,0.0,0,1741.14
3710,2026-03-05,2025-26,Crystal Palace,Tottenham,0,3.0,1.0,9.0,12.0,4.0,4.0,3.0,14.0,2.0,0.0,3,1794.2
3711,2026-03-14,2025-26,Burnley,Bournemouth,1,0.0,0.0,15.0,22.0,2.0,3.0,5.0,11.0,1.0,0.0,1,1676.54
3711,2026-03-14,2025-26,Bournemouth,Burnley,0,0.0,0.0,22.0,15.0,3.0,2.0,8.0,5.0,0.0,0.0,1,1824.95
3712,2026-03-14,2025-26,Sunderland,Brighton,1,0.0,1.0,14.0,12.0,4.0,4.0,7.0,7.0,1.0,0.0,0,1693.65
3712,2026-03-14,2025-26,Brighton,Sunderland,0,1.0,0.0,12.0,14.0,4.0,4.0,3.0,12.0,2.0,0.0,3,1813.74
3713,2026-03-14,2025-26,Arsenal,Everton,1,2.0,0.0,25.0,9.0,7.0,3.0,8.0,11.0,0.0,0.0,3,2017.86
3713,2026-03-14,2025-26,Everton,Arsenal,0,0.0,2.0,9.0,25.0,3.0,7.0,3.0,12.0,0.0,0.0,0,1816.6
3714,2026-03-14,2025-26,Chelsea,Newcastle,1,0.0,1.0,22.0,7.0,3.0,5.0,8.0,9.0,2.0,0.0,0,1897.7
3714,2026-03-14,2025-26,Newcastle,Chelsea,0,1.0,0.0,7.0,22.0,5.0,3.0,1.0,10.0,2.0,0.0,3,1829.13
3715,2026-03-14,2025-26,West Ham,Man City,1,1.0,1.0,1.0,24.0,1.0,6.0,1.0,14.0,2.0,0.0,1,1738.48
3715,2026-03-14,2025-26,Man City,West Ham,0,1.0,1.0,24.0,1.0,6.0,1.0,15.0,5.0,2.0,0.0,1,1972.46
3716,2026-03-15,2025-26,Crystal Palace,Leeds,1,0.0,0.0,12.0,10.0,0.0,3.0,8.0,12.0,2.0,0.0,1,1804.4
3716,2026-03-15,2025-26,Leeds,Crystal Palace,0,0.0,0.0,10.0,12.0,3.0,0.0,3.0,11.0,1.0,1.0,1,1748.12
3717,2026-03-15,2025-26,Man United,Aston Villa,1,3.0,1.0,16.0,9.0,6.0,2.0,6.0,10.0,3.0,0.0,3,1868.23
3717,2026-03-15,2025-26,Aston Villa,Man United,0,1.0,3.0,9.0,16.0,2.0,6.0,6.0,5.0,2.0,0.0,0,1883.41
3718,2026-03-15,2025-26,Nott'm Forest,Fulham,1,0.0,0.0,11.0,5.0,2.0,0.0,5.0,8.0,2.0,0.0,1,1759.01
3718,2026-03-15,2025-26,Fulham,Nott'm Forest,0,0.0,0.0,5.0,11.0,0.0,2.0,4.0,10.0,3.0,0.0,1,1788.87
3719,2026-03-15,2025-26,Liverpool,Tottenham,1,1.0,1.0,17.0,13.0,4.0,7.0,3.0,8.0,0.0,0.0,1,1926.02
3719,2026-03-15,2025-26,Tottenham,Liverpool,0,1.0,1.0,13.0,17.0,7.0,4.0,4.0,13.0,0.0,0.0,1,1730.94
3720,2026-03-16,2025-26,Brentford,Wolves,1,2.0,2.0,10.0,13.0,3.0,4.0,1.0,12.0,2.0,0.0,1,1834.74
3720,2026-03-16,2025-26,Wolves,Brentford,0,2.0,2.0,13.0,10.0,4.0,3.0,5.0,10.0,4.0,0.0,1,1684.58
3721,2026-03-20,2025-26,Bournemouth,Man United,1,2.0,2.0,16.0,14.0,5.0,5.0,6.0,10.0,2.0,0.0,1,1822.46
3721,2026-03-20,2025-26,Man United,Bournemouth,0,2.0,2.0,14.0,16.0,5.0,5.0,8.0,9.0,2.0,1.0,1,1876.95
3722,2026-03-21,2025-26,Fulham,Burnley,1,3.0,1.0,22.0,9.0,6.0,5.0,6.0,6.0,2.0,0.0,3,1789.73
3722,2026-03-21,2025-26,Burnley,Fulham,0,1.0,3.0,9.0,22.0,5.0,6.0,6.0,9.0,2.0,1.0,0,1679.03
3723,2026-03-21,2025-26,Brighton,Liverpool,1,2.0,1.0,16.0,12.0,7.0,5.0,4.0,11.0,5.0,0.0,3,1822.03
3723,2026-03-21,2025-26,Liverpool,Brighton,0,1.0,2.0,12.0,16.0,5.0,7.0,8.0,11.0,5.0,0.0,0,1919.76
3724,2026-03-21,2025-26,Leeds,Brentford,1,0.0,0.0,14.0,6.0,4.0,2.0,6.0,6.0,2.0,0.0,1,1751.34
3724,2026-03-21,2025-26,Brentford,Leeds,0,0.0,0.0,6.0,14.0,2.0,4.0,2.0,9.0,0.0,0.0,1,1829.34
3725,2026-03-21,2025-26,Everton,Chelsea,1,3.0,0.0,10.0,12.0,9.0,4.0,3.0,6.0,0.0,0.0,3,1812.96
3725,2026-03-21,2025-26,Chelsea,Everton,0,0.0,3.0,12.0,10.0,4.0,9.0,9.0,7.0,2.0,0.0,0,1884.16
3726,2026-03-22,2025-26,Newcastle,Sunderland,1,1.0,2.0,16.0,17.0,4.0,7.0,9.0,8.0,1.0,0.0,0,1842.67
3726,2026-03-22,2025-26,Sunderland,Newcastle,0,2.0,1.0,17.0,16.0,7.0,4.0,5.0,19.0,6.0,0.0,3,1685.37
3727,2026-03-22,2025-26,Aston Villa,West Ham,1,2.0,0.0,23.0,9.0,7.0,1.0,6.0,3.0,0.0,0.0,3,1874.7
3727,2026-03-22,2025-26,West Ham,Aston Villa,0,0.0,2.0,9.0,23.0,1.0,7.0,6.0,7.0,1.0,0.0,0,1743.1
3728,2026-03-22,2025-26,Tottenham,Nott'm Forest,1,0.0,3.0,14.0,8.0,3.0,7.0,13.0,13.0,1.0,0.0,0,1737.2
3728,2026-03-22,2025-26,Nott'm Forest,Tottenham,0,3.0,0.0,8.0,14.0,7.0,3.0,3.0,13.0,2.0,0.0,3,1758.14
3729,2026-04-10,2025-26,West Ham,Wolves,1,4.0,0.0,18.0,14.0,7.0,3.0,5.0,11.0,2.0,0.0,3,1738.12
3729,2026-04-10,2025-26,Wolves,West Ham,0,0.0,4.0,14.0,18.0,3.0,7.0,2.0,7.0,2.0,0.0,0,1689.99
3730,2026-04-11,2025-26,Brentford,Everton,1,2.0,2.0,17.0,14.0,4.0,7.0,2.0,6.0,0.0,0.0,1,1828.82
3730,2026-04-11,2025-26,Everton,Brentford,0,2.0,2.0,14.0,17.0,7.0,4.0,3.0,7.0,2.0,0.0,1,1823.29
3731,2026-04-11,2025-26,Arsenal,Bournemouth,1,1.0,2.0,15.0,8.0,3.0,3.0,10.0,12.0,1.0,0.0,0,2021.5
3731,2026-04-11,2025-26,Bournemouth,Arsenal,0,2.0,1.0,8.0,15.0,3.0,3.0,1.0,18.0,3.0,0.0,3,1822.3
3732,2026-04-11,2025-26,Liverpool,Fulham,1,2.0,0.0,18.0,19.0,5.0,4.0,6.0,10.0,0.0,0.0,3,1908.68
3732,2026-04-11,2025-26,Fulham,Liverpool,0,0.0,2.0,19.0,18.0,4.0,5.0,9.0,4.0,0.0,0.0,0,1795.18
3733,2026-04-11,2025-26,Burnley,Brighton,1,0.0,2.0,10.0,13.0,5.0,6.0,8.0,7.0,2.0,0.0,0,1673.58
3733,2026-04-11,2025-26,Brighton,Burnley,0,2.0,0.0,13.0,10.0,6.0,5.0,2.0,11.0,1.0,0.0,3,1833.11
3734,2026-04-12,2025-26,Crystal Palace,Newcastle,1,2.0,1.0,11.0,7.0,5.0,3.0,2.0,17.0,0.0,0.0,3,1801.18
3734,2026-04-12,2025-26,Newcastle,Crystal Palace,0,1.0,2.0,7.0,11.0,3.0,5.0,4.0,12.0,3.0,0.0,0,1827.12
3735,2026-04-12,2025-26,Nott'm Forest,Aston Villa,1,1.0,1.0,15.0,12.0,4.0,5.0,7.0,15.0,2.0,0.0,1,1769.26
3735,2026-04-12,2025-26,Aston Villa,Nott'm Forest,0,1.0,1.0,12.0,15.0,5.0,4.0,3.0,10.0,2.0,0.0,1,1879.68
3736,2026-04-12,2025-26,Sunderland,Tottenham,1,1.0,0.0,13.0,11.0,2.0,7.0,2.0,14.0,3.0,0.0,3,1700.91
3736,2026-04-12,2025-26,Tottenham,Sunderland,0,0.0,1.0,11.0,13.0,7.0,2.0,6.0,15.0,3.0,0.0,0,1726.08
3737,2026-04-12,2025-26,Chelsea,Man City,1,0.0,3.0,12.0,18.0,3.0,8.0,4.0,10.0,3.0,0.0,0,1873.83
3737,2026-04-12,2025-26,Man City,Chelsea,0,3.0,0.0,18.0,12.0,8.0,3.0,12.0,14.0,1.0,0.0,3,1967.83
3738,2026-04-13,2025-26,Man United,Leeds,1,1.0,2.0,20.0,15.0,9.0,6.0,11.0,12.0,3.0,1.0,0,1877.1
3738,2026-04-13,2025-26,Leeds,Man United,0,2.0,1.0,15.0,20.0,6.0,9.0,4.0,15.0,2.0,0.0,3,1751.86
3739,2026-04-18,2025-26,Newcastle,Bournemouth,1,1.0,2.0,12.0,12.0,3.0,3.0,2.0,11.0,2.0,0.0,0,1818.1
3739,2026-04-18,2025-26,Bournemouth,Newcastle,0,2.0,1.0,12.0,12.0,3.0,3.0,3.0,12.0,4.0,0.0,3,1838.63
3740,2026-04-18,2025-26,Leeds,Wolves,1,3.0,0.0,17.0,7.0,6.0,2.0,5.0,9.0,2.0,0.0,3,1766.74
3740,2026-04-18,2025-26,Wolves,Leeds,0,0.0,3.0,7.0,17.0,2.0,6.0,6.0,17.0,1.0,0.0,0,1683.0
3741,2026-04-18,2025-26,Chelsea,Man United,1,0.0,1.0,21.0,4.0,3.0,1.0,7.0,12.0,1.0,0.0,0,1864.81
3741,2026-04-18,2025-26,Man United,Chelsea,0,1.0,0.0,4.0,21.0,1.0,3.0,1.0,13.0,3.0,0.0,3,1862.23
3742,2026-04-18,2025-26,Tottenham,Brighton,1,2.0,2.0,13.0,10.0,6.0,3.0,7.0,14.0,3.0,0.0,1,1717.08
3742,2026-04-18,2025-26,Brighton,Tottenham,0,2.0,2.0,10.0,13.0,3.0,6.0,5.0,14.0,1.0,0.0,1,1840.32
3743,2026-04-18,2025-26,Brentford,Fulham,1,0.0,0.0,13.0,11.0,4.0,0.0,9.0,8.0,0.0,0.0,1,1826.96
3743,2026-04-18,2025-26,Fulham,Brentford,0,0.0,0.0,11.0,13.0,0.0,4.0,3.0,13.0,1.0,0.0,1,1789.8
3744,2026-04-19,2025-26,Aston Villa,Sunderland,1,4.0,3.0,15.0,10.0,7.0,7.0,4.0,11.0,1.0,0.0,3,1878.24
3744,2026-04-19,2025-26,Sunderland,Aston Villa,0,3.0,4.0,10.0,15.0,7.0,7.0,5.0,11.0,3.0,0.0,0,1709.92
3745,2026-04-19,2025-26,Everton,Liverpool,1,1.0,2.0,10.0,14.0,4.0,6.0,1.0,8.0,2.0,0.0,0,1825.15
3745,2026-04-19,2025-26,Liverpool,Everton,0,2.0,1.0,14.0,10.0,6.0,4.0,6.0,12.0,0.0,0.0,3,1914.06
3746,2026-04-19,2025-26,Nott'm Forest,Burnley,1,4.0,1.0,10.0,4.0,4.0,3.0,4.0,8.0,0.0,0.0,3,1770.7
3746,2026-04-19,2025-26,Burnley,Nott'm Forest,0,1.0,4.0,4.0,10.0,3.0,4.0,4.0,12.0,2.0,0.0,0,1666.37
3747,2026-04-19,2025-26,Man City,Arsenal,1,2.0,1.0,15.0,9.0,5.0,3.0,8.0,5.0,2.0,0.0,3,1976.85
3747,2026-04-19,2025-26,Arsenal,Man City,0,1.0,2.0,9.0,15.0,3.0,5.0,5.0,12.0,2.0,0.0,0,2005.17
3748,2026-04-20,2025-26,Crystal Palace,West Ham,1,0.0,0.0,9.0,9.0,1.0,4.0,4.0,13.0,2.0,0.0,1,1810.2
3748,2026-04-20,2025-26,West Ham,Crystal Palace,0,0.0,0.0,9.0,9.0,4.0,1.0,6.0,12.0,1.0,0.0,1,1745.1
3749,2026-04-21,2025-26,Brighton,Chelsea,1,3.0,0.0,15.0,6.0,9.0,0.0,6.0,15.0,1.0,0.0,3,1838.52
3749,2026-04-21,2025-26,Chelsea,Brighton,0,0.0,3.0,6.0,15.0,0.0,9.0,5.0,6.0,1.0,0.0,0,1853.03
3750,2026-04-22,2025-26,Bournemouth,Leeds,1,2.0,2.0,17.0,10.0,7.0,3.0,12.0,6.0,3.0,0.0,1,1849.76
3750,2026-04-22,2025-26,Leeds,Bournemouth,0,2.0,2.0,10.0,17.0,3.0,7.0,1.0,10.0,0.0,0.0,1,1772.82
3751,2026-04-22,2025-26,Burnley,Man City,1,0.0,1.0,9.0,28.0,1.0,9.0,3.0,10.0,0.0,0.0,0,1660.78
3751,2026-04-22,2025-26,Man City,Burnley,0,1.0,0.0,28.0,9.0,9.0,1.0,11.0,12.0,0.0,0.0,3,1985.94
3752,2026-04-24,2025-26,Sunderland,Nott'm Forest,1,0.0,5.0,14.0,10.0,4.0,6.0,3.0,13.0,2.0,0.0,0,1705.68
3752,2026-04-24,2025-26,Nott'm Forest,Sunderland,0,5.0,0.0,10.0,14.0,6.0,4.0,6.0,15.0,5.0,0.0,3,1776.3
3753,2026-04-25,2025-26,West Ham,Everton,1,2.0,1.0,10.0,11.0,3.0,3.0,3.0,9.0,3.0,0.0,3,1748.56
3753,2026-04-25,2025-26,Everton,West Ham,0,1.0,2.0,11.0,10.0,3.0,3.0,4.0,11.0,4.0,0.0,0,1815.98
3754,2026-04-25,2025-26,Liverpool,Crystal Palace,1,3.0,1.0,9.0,14.0,3.0,7.0,5.0,10.0,1.0,0.0,3,1923.23
3754,2026-04-25,2025-26,Crystal Palace,Liverpool,0,1.0,3.0,14.0,9.0,7.0,3.0,8.0,10.0,3.0,0.0,0,1806.75
3755,2026-04-25,2025-26,Arsenal,Newcastle,1,1.0,0.0,11.0,13.0,4.0,3.0,7.0,13.0,2.0,0.0,3,1996.08
3755,2026-04-25,2025-26,Newcastle,Arsenal,0,0.0,1.0,13.0,11.0,3.0,4.0,2.0,10.0,2.0,0.0,0,1806.96
3756,2026-04-25,2025-26,Wolves,Tottenham,1,0.0,1.0,11.0,11.0,2.0,2.0,5.0,8.0,3.0,0.0,0,1676.92
3756,2026-04-25,2025-26,Tottenham,Wolves,0,1.0,0.0,11.0,11.0,2.0,2.0,5.0,14.0,4.0,0.0,3,1718.88
3757,2026-04-25,2025-26,Fulham,Aston Villa,1,1.0,0.0,13.0,10.0,6.0,1.0,2.0,14.0,2.0,0.0,3,1792.52
3757,2026-04-25,2025-26,Aston Villa,Fulham,0,0.0,1.0,10.0,13.0,1.0,6.0,5.0,12.0,2.0,0.0,0,1882.47
3758,2026-04-27,2025-26,Man United,Brentford,1,2.0,1.0,11.0,12.0,6.0,4.0,7.0,6.0,2.0,0.0,3,1874.01
3758,2026-04-27,2025-26,Brentford,Man United,0,1.0,2.0,12.0,11.0,4.0,6.0,8.0,9.0,4.0,0.0,0,1824.23
3759,2026-05-01,2025-26,Leeds,Burnley,1,3.0,1.0,18.0,9.0,8.0,3.0,5.0,12.0,4.0,0.0,3,1776.57
3759,2026-05-01,2025-26,Burnley,Leeds,0,1.0,3.0,9.0,18.0,3.0,8.0,0.0,11.0,3.0,0.0,0,1657.21
3760,2026-05-02,2025-26,Brentford,West Ham,1,3.0,0.0,14.0,13.0,6.0,4.0,2.0,8.0,1.0,0.0,3,1817.29
3760,2026-05-02,2025-26,West Ham,Brentford,0,0.0,3.0,13.0,14.0,4.0,6.0,6.0,12.0,3.0,0.0,0,1758.77
3761,2026-05-02,2025-26,Newcastle,Brighton,1,3.0,1.0,13.0,13.0,6.0,4.0,2.0,10.0,3.0,0.0,3,1803.12
3761,2026-05-02,2025-26,Brighton,Newcastle,0,1.0,3.0,13.0,13.0,4.0,6.0,10.0,12.0,3.0,0.0,0,1847.22
3762,2026-05-02,2025-26,Wolves,Sunderland,1,1.0,1.0,20.0,10.0,7.0,2.0,6.0,11.0,0.0,0.0,1,1666.4
3762,2026-05-02,2025-26,Sunderland,Wolves,0,1.0,1.0,10.0,20.0,2.0,7.0,3.0,11.0,4.0,1.0,1,1695.99
3763,2026-05-02,2025-26,Arsenal,Fulham,1,3.0,0.0,18.0,10.0,9.0,1.0,3.0,7.0,0.0,0.0,3,1999.93
3763,2026-05-02,2025-26,Fulham,Arsenal,0,0.0,3.0,10.0,18.0,1.0,9.0,4.0,12.0,1.0,0.0,0,1803.38
3764,2026-05-03,2025-26,Bournemouth,Crystal Palace,1,3.0,0.0,16.0,7.0,5.0,1.0,7.0,10.0,0.0,0.0,3,1846.01
3764,2026-05-03,2025-26,Crystal Palace,Bournemouth,0,0.0,3.0,7.0,16.0,1.0,5.0,1.0,11.0,2.0,0.0,0,1801.43
3765,2026-05-03,2025-26,Man United,Liverpool,1,3.0,2.0,18.0,13.0,6.0,5.0,3.0,12.0,2.0,0.0,3,1880.95
3765,2026-05-03,2025-26,Liverpool,Man United,0,2.0,3.0,13.0,18.0,5.0,6.0,2.0,11.0,2.0,0.0,0,1928.55
3766,2026-05-03,2025-26,Aston Villa,Tottenham,1,1.0,2.0,5.0,10.0,1.0,5.0,5.0,12.0,2.0,0.0,0,1871.61
3766,2026-05-03,2025-26,Tottenham,Aston Villa,0,2.0,1.0,10.0,5.0,5.0,1.0,5.0,12.0,5.0,0.0,3,1729.4
3767,2026-05-04,2025-26,Chelsea,Nott'm Forest,1,1.0,3.0,21.0,6.0,5.0,4.0,10.0,12.0,3.0,0.0,0,1844.33
3767,2026-05-04,2025-26,Nott'm Forest,Chelsea,0,3.0,1.0,6.0,21.0,4.0,5.0,1.0,10.0,1.0,0.0,3,1785.99
3768,2026-05-04,2025-26,Everton,Man City,1,3.0,3.0,14.0,21.0,6.0,4.0,5.0,15.0,4.0,0.0,1,1805.77
3768,2026-05-04,2025-26,Man City,Everton,0,3.0,3.0,21.0,14.0,4.0,6.0,9.0,5.0,1.0,0.0,1,1989.51
3769,2026-05-09,2025-26,Liverpool,Chelsea,1,1.0,1.0,8.0,6.0,3.0,3.0,5.0,17.0,2.0,0.0,1,1918.9
3769,2026-05-09,2025-26,Chelsea,Liverpool,0,1.0,1.0,6.0,8.0,3.0,3.0,2.0,17.0,4.0,0.0,1,1831.05
3770,2026-05-09,2025-26,Fulham,Bournemouth,1,0.0,1.0,14.0,10.0,2.0,5.0,11.0,12.0,4.0,1.0,0,1799.66
3770,2026-05-09,2025-26,Bournemouth,Fulham,0,1.0,0.0,10.0,14.0,5.0,2.0,2.0,21.0,2.0,1.0,3,1853.09
3771,2026-05-09,2025-26,Sunderland,Man United,1,0.0,0.0,15.0,11.0,4.0,1.0,7.0,12.0,0.0,0.0,1,1696.86
3771,2026-05-09,2025-26,Man United,Sunderland,0,0.0,0.0,11.0,15.0,1.0,4.0,8.0,12.0,3.0,0.0,1,1890.59
3772,2026-05-09,2025-26,Brighton,Wolves,1,3.0,0.0,14.0,5.0,6.0,1.0,7.0,9.0,1.0,0.0,3,1837.67
3772,2026-05-09,2025-26,Wolves,Brighton,0,0.0,3.0,5.0,14.0,1.0,6.0,1.0,11.0,2.0,0.0,0,1665.53
3773,2026-05-09,2025-26,Man City,Brentford,1,3.0,0.0,25.0,4.0,10.0,2.0,10.0,8.0,4.0,0.0,3,1986.1
3773,2026-05-09,2025-26,Brentford,Man City,0,0.0,3.0,4.0,25.0,2.0,10.0,2.0,14.0,2.0,0.0,0,1824.0
3774,2026-05-10,2025-26,Burnley,Aston Villa,1,2.0,2.0,15.0,18.0,6.0,7.0,2.0,18.0,1.0,0.0,1,1651.95
3774,2026-05-10,2025-26,Aston Villa,Burnley,0,2.0,2.0,18.0,15.0,7.0,6.0,8.0,8.0,1.0,0.0,1,1856.37
3775,2026-05-10,2025-26,Crystal Palace,Everton,1,2.0,2.0,21.0,13.0,8.0,6.0,5.0,5.0,0.0,0.0,1,1794.35
3775,2026-05-10,2025-26,Everton,Crystal Palace,0,2.0,2.0,13.0,21.0,6.0,8.0,10.0,13.0,2.0,0.0,1,1809.19
3776,2026-05-10,2025-26,Nott'm Forest,Newcastle,1,1.0,1.0,17.0,16.0,6.0,6.0,2.0,16.0,2.0,0.0,1,1799.27
3776,2026-05-10,2025-26,Newcastle,Nott'm Forest,0,1.0,1.0,16.0,17.0,6.0,6.0,1.0,11.0,0.0,0.0,1,1812.66
3777,2026-05-10,2025-26,West Ham,Arsenal,1,0.0,1.0,9.0,15.0,3.0,4.0,4.0,14.0,3.0,0.0,0,1752.06
3777,2026-05-10,2025-26,Arsenal,West Ham,0,1.0,0.0,15.0,9.0,4.0,3.0,3.0,12.0,4.0,0.0,3,2003.65
3778,2026-05-11,2025-26,Tottenham,Leeds,1,1.0,1.0,16.0,11.0,3.0,4.0,14.0,12.0,3.0,0.0,1,1744.64
3778,2026-05-11,2025-26,Leeds,Tottenham,0,1.0,1.0,11.0,16.0,4.0,3.0,2.0,7.0,1.0,0.0,1,1781.83
3779,2026-05-13,2025-26,Man City,Crystal Palace,1,3.0,0.0,15.0,6.0,4.0,2.0,9.0,10.0,0.0,0.0,3,1990.45
3779,2026-05-13,2025-26,Crystal Palace,Man City,0,0.0,3.0,6.0,15.0,2.0,4.0,4.0,7.0,2.0,0.0,0,1793.06
3780,2026-05-15,2025-26,Aston Villa,Liverpool,1,4.0,2.0,14.0,16.0,9.0,5.0,4.0,12.0,3.0,0.0,3,1852.44
3780,2026-05-15,2025-26,Liverpool,Aston Villa,0,2.0,4.0,16.0,14.0,5.0,9.0,9.0,9.0,1.0,0.0,0,1914.89
3781,2026-05-17,2025-26,Brentford,Crystal Palace,1,2.0,2.0,14.0,16.0,3.0,5.0,9.0,7.0,1.0,0.0,1,1819.65
3781,2026-05-17,2025-26,Crystal Palace,Brentford,0,2.0,2.0,16.0,14.0,5.0,3.0,4.0,5.0,3.0,0.0,1,1789.36
3782,2026-05-17,2025-26,Everton,Sunderland,1,1.0,3.0,10.0,7.0,4.0,3.0,3.0,14.0,3.0,0.0,0,1810.48
3782,2026-05-17,2025-26,Sunderland,Everton,0,3.0,1.0,7.0,10.0,3.0,4.0,2.0,9.0,0.0,0.0,3,1700.53
3783,2026-05-17,2025-26,Man United,Nott'm Forest,1,3.0,2.0,29.0,11.0,8.0,4.0,7.0,11.0,2.0,0.0,3,1886.92
3783,2026-05-17,2025-26,Nott'm Forest,Man United,0,2.0,3.0,11.0,29.0,4.0,8.0,6.0,5.0,1.0,0.0,0,1797.94
3784,2026-05-17,2025-26,Wolves,Fulham,1,1.0,1.0,11.0,13.0,3.0,5.0,3.0,20.0,1.0,0.0,1,1661.36
3784,2026-05-17,2025-26,Fulham,Wolves,0,1.0,1.0,13.0,11.0,5.0,3.0,6.0,8.0,0.0,0.0,1,1789.47
3785,2026-05-17,2025-26,Newcastle,West Ham,1,3.0,1.0,15.0,15.0,7.0,8.0,9.0,8.0,1.0,0.0,3,1813.99
3785,2026-05-17,2025-26,West Ham,Newcastle,0,1.0,3.0,15.0,15.0,8.0,7.0,1.0,11.0,3.0,0.0,0,1747.07
3786,2026-05-17,2025-26,Leeds,Brighton,1,1.0,0.0,7.0,19.0,1.0,8.0,7.0,9.0,1.0,0.0,3,1782.48
3786,2026-05-17,2025-26,Brighton,Leeds,0,0.0,1.0,19.0,7.0,8.0,1.0,8.0,7.0,0.0,0.0,0,1841.84
3787,2026-05-18,2025-26,Arsenal,Burnley,1,1.0,0.0,13.0,5.0,3.0,0.0,3.0,7.0,1.0,0.0,3,2008.63
3787,2026-05-18,2025-26,Burnley,Arsenal,0,0.0,1.0,5.0,13.0,0.0,3.0,3.0,16.0,3.0,0.0,0,1655.89
3788,2026-05-19,2025-26,Bournemouth,Man City,1,1.0,1.0,10.0,14.0,2.0,5.0,7.0,16.0,4.0,0.0,1,1863.28
3788,2026-05-19,2025-26,Man City,Bournemouth,0,1.0,1.0,14.0,10.0,5.0,2.0,6.0,7.0,2.0,0.0,1,1994.16
3789,2026-05-19,2025-26,Chelsea,Tottenham,1,2.0,1.0,9.0,9.0,4.0,3.0,3.0,11.0,4.0,0.0,3,1835.07
3789,2026-05-19,2025-26,Tottenham,Chelsea,0,1.0,2.0,9.0,9.0,3.0,4.0,4.0,18.0,3.0,0.0,0,1743.98
3790,2026-05-24,2025-26,Liverpool,Brentford,1,1.0,1.0,24.0,11.0,8.0,2.0,14.0,9.0,2.0,0.0,1,1904.82
3790,2026-05-24,2025-26,Brentford,Liverpool,0,1.0,1.0,11.0,24.0,2.0,8.0,2.0,9.0,3.0,0.0,1,1817.11
3791,2026-05-24,2025-26,Burnley,Wolves,1,1.0,1.0,16.0,16.0,8.0,4.0,7.0,10.0,2.0,0.0,1,1654.19
3791,2026-05-24,2025-26,Wolves,Burnley,0,1.0,1.0,16.0,16.0,4.0,8.0,7.0,11.0,2.0,0.0,1,1663.3
3792,2026-05-24,2025-26,Crystal Palace,Arsenal,1,1.0,2.0,8.0,17.0,3.0,7.0,3.0,9.0,0.0,0.0,0,1791.9
3792,2026-05-24,2025-26,Arsenal,Crystal Palace,0,2.0,1.0,17.0,8.0,7.0,3.0,4.0,12.0,1.0,0.0,3,2010.33
3793,2026-05-24,2025-26,Fulham,Newcastle,1,2.0,0.0,21.0,7.0,6.0,2.0,6.0,13.0,2.0,0.0,3,1787.54
3793,2026-05-24,2025-26,Newcastle,Fulham,0,0.0,2.0,7.0,21.0,2.0,6.0,6.0,6.0,2.0,0.0,0,1820.49
3794,2026-05-24,2025-26,Brighton,Man United,1,0.0,3.0,13.0,11.0,2.0,7.0,0.0,11.0,0.0,0.0,0,1831.85
3794,2026-05-24,2025-26,Man United,Brighton,0,3.0,0.0,11.0,13.0,7.0,2.0,3.0,8.0,1.0,0.0,3,1892.88
3795,2026-05-24,2025-26,Man City,Aston Villa,1,1.0,2.0,16.0,12.0,3.0,5.0,9.0,8.0,1.0,0.0,0,1992.14
3795,2026-05-24,2025-26,Aston Villa,Man City,0,2.0,1.0,12.0,16.0,5.0,3.0,4.0,4.0,0.0,0.0,3,1862.51
3796,2026-05-24,2025-26,Nott'm Forest,Bournemouth,1,1.0,1.0,15.0,17.0,5.0,4.0,6.0,11.0,1.0,0.0,1,1791.98
3796,2026-05-24,2025-26,Bournemouth,Nott'm Forest,0,1.0,1.0,17.0,15.0,4.0,5.0,3.0,7.0,1.0,0.0,1,1865.29
3797,2026-05-24,2025-26,Sunderland,Chelsea,1,2.0,1.0,20.0,10.0,2.0,1.0,7.0,15.0,3.0,0.0,3,1715.06
3797,2026-05-24,2025-26,Chelsea,Sunderland,0,1.0,2.0,10.0,20.0,1.0,2.0,7.0,18.0,2.0,0.0,0,1840.97
3798,2026-05-24,2025-26,West Ham,Leeds,1,3.0,0.0,16.0,13.0,9.0,3.0,6.0,11.0,0.0,0.0,3,1740.57
3798,2026-05-24,2025-26,Leeds,West Ham,0,0.0,3.0,13.0,16.0,3.0,9.0,4.0,14.0,3.0,0.0,0,1792.46
3799,2026-05-24,2025-26,Tottenham,Everton,1,1.0,0.0,21.0,8.0,6.0,3.0,6.0,15.0,5.0,0.0,3,1738.08
3799,2026-05-24,2025-26,Everton,Tottenham,0,0.0,1.0,8.0,21.0,3.0,6.0,2.0,12.0,3.0,1.0,0,1795.94
3800,2026-08-21,2026-27,Arsenal,Coventry,1,3.0,0.0,20.0,4.0,6.0,1.0,8.0,10.0,1.0,0.0,3,2016.06
3800,2026-08-21,2026-27,Coventry,Arsenal,0,0.0,3.0,4.0,20.0,1.0,6.0,2.0,13.0,1.0,0.0,0,1636.79
3801,2026-08-22,2026-27,Everton,Crystal Palace,1,2.0,0.0,16.0,11.0,5.0,4.0,4.0,5.0,0.0,0.0,3,1786.0
3801,2026-08-22,2026-27,Crystal Palace,Everton,0,0.0,2.0,11.0,16.0,4.0,5.0,0.0,15.0,1.0,0.0,0,1786.17
3802,2026-08-22,2026-27,Hull,Man United,1,2.0,0.0,8.0,21.0,4.0,5.0,1.0,10.0,2.0,0.0,3,1528.52
3802,2026-08-22,2026-27,Man United,Hull,0,0.0,2.0,21.0,8.0,5.0,4.0,6.0,9.0,1.0,0.0,0,1902.85
3803,2026-08-22,2026-27,Ipswich,Sunderland,1,2.0,1.0,10.0,11.0,3.0,4.0,3.0,12.0,0.0,0.0,3,1625.94
3803,2026-08-22,2026-27,Sunderland,Ipswich,0,1.0,2.0,11.0,10.0,4.0,3.0,5.0,14.0,3.0,0.0,0,1726.94
3804,2026-08-22,2026-27,Brentford,Tottenham,1,3.0,0.0,26.0,9.0,8.0,4.0,7.0,17.0,1.0,0.0,3,1821.12
3804,2026-08-22,2026-27,Tottenham,Brentford,0,0.0,3.0,9.0,26.0,4.0,8.0,3.0,14.0,1.0,0.0,0,1748.02
3805,2026-08-22,2026-27,Nott'm Forest,Leeds,1,0.0,1.0,12.0,11.0,2.0,3.0,3.0,15.0,2.0,0.0,0,1792.37
3805,2026-08-22,2026-27,Leeds,Nott'm Forest,0,1.0,0.0,11.0,12.0,3.0,2.0,2.0,14.0,1.0,0.0,3,1782.7
3806,2026-08-23,2026-27,Brighton,Aston Villa,1,4.0,0.0,21.0,6.0,6.0,0.0,5.0,12.0,2.0,0.0,3,1821.88
3806,2026-08-23,2026-27,Aston Villa,Brighton,0,0.0,4.0,6.0,21.0,0.0,6.0,2.0,11.0,3.0,1.0,0,1877.48
3807,2026-08-23,2026-27,Man City,Bournemouth,1,2.0,1.0,13.0,5.0,6.0,4.0,8.0,11.0,1.0,0.0,3,1977.17
3807,2026-08-23,2026-27,Bournemouth,Man City,0,1.0,2.0,5.0,13.0,4.0,6.0,3.0,11.0,2.0,0.0,0,1864.9
3808,2026-08-23,2026-27,Newcastle,Liverpool,1,2.0,2.0,13.0,27.0,4.0,7.0,2.0,16.0,5.0,0.0,1,1811.27
3808,2026-08-23,2026-27,Liverpool,Newcastle,0,2.0,2.0,27.0,13.0,7.0,4.0,6.0,15.0,3.0,0.0,1,1900.81
3809,2026-08-24,2026-27,Fulham,Chelsea,1,2.0,3.0,14.0,18.0,6.0,6.0,6.0,12.0,2.0,0.0,0,1796.76
3809,2026-08-24,2026-27,Chelsea,Fulham,0,3.0,2.0,18.0,14.0,6.0,6.0,4.0,7.0,3.0,0.0,3,1829.1
3810,2026-08-28,2026-27,Crystal Palace,Man City,1,1.0,4.0,9.0,18.0,1.0,9.0,2.0,8.0,1.0,0.0,0,1777.87
3810,2026-08-28,2026-27,Man City,Crystal Palace,0,4.0,1.0,18.0,9.0,9.0,1.0,6.0,11.0,2.0,0.0,3,1982.58
3811,2026-08-29,2026-27,Liverpool,Nott'm Forest,1,2.0,2.0,13.0,12.0,4.0,3.0,3.0,13.0,4.0,0.0,1,1899.96
3811,2026-08-29,2026-27,Nott'm Forest,Liverpool,0,2.0,2.0,12.0,13.0,3.0,4.0,5.0,10.0,2.0,0.0,1,1780.39
3812,2026-08-29,2026-27,Bournemouth,Everton,1,1.0,1.0,17.0,13.0,5.0,7.0,10.0,11.0,3.0,0.0,1,1859.49
3812,2026-08-29,2026-27,Everton,Bournemouth,0,1.0,1.0,13.0,17.0,7.0,5.0,7.0,14.0,2.0,0.0,1,1794.3
3813,2026-08-29,2026-27,Coventry,Hull,1,0.0,1.0,11.0,6.0,3.0,2.0,6.0,11.0,1.0,0.0,0,1635.31
3813,2026-08-29,2026-27,Hull,Coventry,0,1.0,0.0,6.0,11.0,2.0,3.0,2.0,8.0,4.0,0.0,3,1545.71
3814,2026-08-29,2026-27,Tottenham,Newcastle,1,0.0,2.0,17.0,11.0,6.0,2.0,9.0,15.0,1.0,0.0,0,1741.67
3814,2026-08-29,2026-27,Newcastle,Tottenham,0,2.0,0.0,11.0,17.0,2.0,6.0,7.0,9.0,2.0,0.0,3,1812.12
3815,2026-08-30,2026-27,Chelsea,Brighton,1,4.0,3.0,17.0,15.0,6.0,6.0,4.0,6.0,1.0,0.0,3,1839.89
3815,2026-08-30,2026-27,Brighton,Chelsea,0,3.0,4.0,15.0,17.0,6.0,6.0,7.0,12.0,3.0,0.0,0,1831.76
3816,2026-08-30,2026-27,Leeds,Brentford,1,1.0,1.0,12.0,22.0,2.0,5.0,5.0,5.0,0.0,0.0,1,1794.67
3816,2026-08-30,2026-27,Brentford,Leeds,0,1.0,1.0,22.0,12.0,5.0,2.0,6.0,13.0,4.0,0.0,1,1827.46
3817,2026-08-30,2026-27,Sunderland,Fulham,1,1.0,0.0,12.0,11.0,4.0,0.0,3.0,10.0,0.0,0.0,3,1715.76
3817,2026-08-30,2026-27,Fulham,Sunderland,0,0.0,1.0,11.0,12.0,0.0,4.0,4.0,15.0,2.0,0.0,0,1785.97
3818,2026-08-30,2026-27,Man United,Ipswich,1,5.0,2.0,33.0,9.0,11.0,5.0,8.0,7.0,1.0,0.0,3,1885.66
3818,2026-08-30,2026-27,Ipswich,Man United,0,2.0,5.0,9.0,33.0,5.0,11.0,4.0,12.0,3.0,0.0,0,1637.12
3819,2026-08-31,2026-27,Aston Villa,Arsenal,1,0.0,1.0,7.0,7.0,0.0,2.0,2.0,17.0,3.0,0.0,0,1867.61
3819,2026-08-31,2026-27,Arsenal,Aston Villa,0,1.0,0.0,7.0,7.0,2.0,0.0,4.0,6.0,1.0,0.0,3,2017.54
