date,club,country,elo
2000-07-01,Arsenal,ENG,1871.66
2000-07-01,Aston Villa,ENG,1728.15
2000-07-01,Barnsley,ENG,1562.94
2000-07-01,Birmingham,ENG,1560.75
2000-07-01,Blackburn,ENG,1527.02
2000-07-01,Bolton,ENG,1574.41
2000-07-01,Bradford,ENG,1578.67
2000-07-01,Charlton,ENG,1608.72
2000-07-01,Chelsea,ENG,1800.12
2000-07-01,Coventry,ENG,1635.56
2000-07-01,Crewe,ENG,1426.45
2000-07-01,Crystal Palace,ENG,1461.2
2000-07-01,Derby,ENG,1636.03
2000-07-01,Everton,ENG,1685.5
2000-07-01,Fulham,ENG,1487.33
2000-07-01,Grimsby,ENG,1415.65
2000-07-01,Huddersfield,ENG,1495.81
2000-07-01,Ipswich,ENG,1638.03
2000-07-01,Leeds,ENG,1782.38
2000-07-01,Leicester,ENG,1687.84
2000-07-01,Liverpool,ENG,1770.1
2000-07-01,Man City,ENG,1579.94
2000-07-01,Man United,ENG,1931.9
2000-07-01,Middlesbrough,ENG,1679.13
2000-07-01,Newcastle,ENG,1712.14
2000-07-01,Norwich,ENG,1464.67
2000-07-01,Nottm Forest,ENG,1512.09
2000-07-01,Port Vale,ENG,1378.04
2000-07-01,Portsmouth,ENG,1439.73
2000-07-01,QPR,ENG,1509.88
2000-07-01,Sheffield United,ENG,1462.72
2000-07-01,Sheffield Weds,ENG,1604.18
2000-07-01,Southampton,ENG,1629.97
2000-07-01,Stockport,ENG,1436.38
2000-07-01,Sunderland,ENG,1712.08
2000-07-01,Swindon,ENG,1368.68
2000-07-01,Tottenham,ENG,1676.75
2000-07-01,Tranmere,ENG,1457.9
2000-07-01,Walsall,ENG,1408.81
2000-07-01,Watford,ENG,1503.84
2000-07-01,West Brom,ENG,1437.82
2000-07-01,West Ham,ENG,1681.31
2000-07-01,Wimbledon,ENG,1556.67
2000-07-01,Wolves,ENG,1561.44
2000-07-15,Arsenal,ENG,1871.66
2000-07-15,Aston Villa,ENG,1728.15
2000-07-15,Barnsley,ENG,1562.94
2000-07-15,Birmingham,ENG,1560.75
2000-07-15,Blackburn,ENG,1527.02
2000-07-15,Bolton,ENG,1574.41
2000-07-15,Bradford,ENG,1578.67
2000-07-15,Burnley,ENG,1416.38
2000-07-15,Charlton,ENG,1608.72
2000-07-15,Chelsea,ENG,1800.12
2000-07-15,Coventry,ENG,1635.56
2000-07-15,Crewe,ENG,1426.45
2000-07-15,Crystal Palace,ENG,1461.2
2000-07-15,Derby,ENG,1636.03
2000-07-15,Everton,ENG,1685.5
2000-07-15,Fulham,ENG,1487.33
2000-07-15,Gillingham,ENG,1416.38
2000-07-15,Grimsby,ENG,1415.65
2000-07-15,Huddersfield,ENG,1495.81
2000-07-15,Ipswich,ENG,1638.03
2000-07-15,Leeds,ENG,1782.38
2000-07-15,Leicester,ENG,1687.84
2000-07-15,Liverpool,ENG,1770.1
2000-07-15,Man City,ENG,1579.94
2000-07-15,Man United,ENG,1931.9
2000-07-15,Middlesbrough,ENG,1679.13
2000-07-15,Newcastle,ENG,1712.14
2000-07-15,Norwich,ENG,1464.67
2000-07-15,Nottm Forest,ENG,1512.09
2000-07-15,Portsmouth,ENG,1439.73
2000-07-15,Preston,ENG,1416.38
2000-07-15,QPR,ENG,1509.88
2000-07-15,Sheffield United,ENG,1462.72
2000-07-15,Sheffield Weds,ENG,1604.18
2000-07-15,Southampton,ENG,1629.97
2000-07-15,Stockport,ENG,1436.38
2000-07-15,Sunderland,ENG,1712.08
2000-07-15,Tottenham,ENG,1676.75
2000-07-15,Tranmere,ENG,1457.9
2000-07-15,Watford,ENG,1503.84
2000-07-15,West Brom,ENG,1437.82
2000-07-15,West Ham,ENG,1681.31
2000-07-15,Wimbledon,ENG,1556.67
2000-07-15,Wolves,ENG,1561.44
2000-08-01,Arsenal,ENG,1871.66
2000-08-01,Aston Villa,ENG,1728.15
2000-08-01,Barnsley,ENG,1562.94
2000-08-01,Birmingham,ENG,1560.75
2000-08-01,Blackburn,ENG,1527.02
2000-08-01,Bolton,ENG,1574.41
2000-08-01,Bradford,ENG,1578.67
2000-08-01,Burnley,ENG,1416.38
2000-08-01,Charlton,ENG,1608.72
2000-08-01,Chelsea,ENG,1800.12
2000-08-01,Coventry,ENG,1635.56
2000-08-01,Crewe,ENG,1426.45
2000-08-01,Crystal Palace,ENG,1461.2
2000-08-01,Derby,ENG,1636.03
2000-08-01,Everton,ENG,1685.5
2000-08-01,Fulham,ENG,1487.33
2000-08-01,Gillingham,ENG,1416.38
2000-08-01,Grimsby,ENG,1415.65
2000-08-01,Huddersfield,ENG,1495.81
2000-08-01,Ipswich,ENG,1638.03
2000-08-01,Leeds,ENG,1782.38
2000-08-01,Leicester,ENG,1687.84
2000-08-01,Liverpool,ENG,1770.1
2000-08-01,Man City,ENG,1579.94
2000-08-01,Man United,ENG,1931.9
2000-08-01,Middlesbrough,ENG,1679.13
2000-08-01,Newcastle,ENG,1712.14
2000-08-01,Norwich,ENG,1464.67
2000-08-01,Nottm Forest,ENG,1512.09
2000-08-01,Portsmouth,ENG,1439.73
2000-08-01,Preston,ENG,1416.38
2000-08-01,QPR,ENG,1509.88
2000-08-01,Sheffield United,ENG,1462.72
2000-08-01,Sheffield Weds,ENG,1604.18
2000-08-01,Southampton,ENG,1629.97
2000-08-01,Stockport,ENG,1436.38
2000-08-01,Sunderland,ENG,1712.08
2000-08-01,Tottenham,ENG,1676.75
2000-08-01,Tranmere,ENG,1457.9
2000-08-01,Watford,ENG,1503.84
2000-08-01,West Brom,ENG,1437.82
2000-08-01,West Ham,ENG,1681.31
2000-08-01,Wimbledon,ENG,1556.67
2000-08-01,Wolves,ENG,1561.44
2000-08-15,Arsenal,ENG,1871.71
2000-08-15,Aston Villa,ENG,1728.2
2000-08-15,Barnsley,ENG,1566.78
2000-08-15,Birmingham,ENG,1561.72
2000-08-15,Blackburn,ENG,1533.44
2000-08-15,Bolton,ENG,1568.46
2000-08-15,Bradford,ENG,1578.72
2000-08-15,Burnley,ENG,1422.43
2000-08-15,Charlton,ENG,1608.77
2000-08-15,Chelsea,ENG,1800.17
2000-08-15,Coventry,ENG,1635.61
2000-08-15,Crewe,ENG,1419.92
2000-08-15,Crystal Palace,ENG,1454.87
2000-08-15,Derby,ENG,1636.08
2000-08-15,Everton,ENG,1685.55
2000-08-15,Fulham,ENG,1493.96
2000-08-15,Gillingham,ENG,1402.94
2000-08-15,Grimsby,ENG,1405.49
2000-08-15,Huddersfield,ENG,1485.94
2000-08-15,Ipswich,ENG,1638.08
2000-08-15,Leeds,ENG,1782.55
2000-08-15,Leicester,ENG,1687.89
2000-08-15,Liverpool,ENG,1770.15
2000-08-15,Man City,ENG,1579.99
2000-08-15,Man United,ENG,1931.95
2000-08-15,Middlesbrough,ENG,1679.18
2000-08-15,Newcastle,ENG,1712.19
2000-08-15,Norwich,ENG,1460.93
2000-08-15,Nottm Forest,ENG,1516.52
2000-08-15,Portsmouth,ENG,1432.18
2000-08-15,Preston,ENG,1426.64
2000-08-15,QPR,ENG,1509.01
2000-08-15,Sheffield United,ENG,1470.37
2000-08-15,Sheffield Weds,ENG,1605.35
2000-08-15,Southampton,ENG,1630.02
2000-08-15,Stockport,ENG,1449.92
2000-08-15,Sunderland,ENG,1712.13
2000-08-15,Tottenham,ENG,1676.8
2000-08-15,Tranmere,ENG,1462.75
2000-08-15,Watford,ENG,1513.81
2000-08-15,West Brom,ENG,1433.49
2000-08-15,West Ham,ENG,1681.36
2000-08-15,Wimbledon,ENG,1551.92
2000-08-15,Wolves,ENG,1560.37
2000-09-01,Arsenal,ENG,1873.17
2000-09-01,Aston Villa,ENG,1731.95
2000-09-01,Barnsley,ENG,1557.9
2000-09-01,Birmingham,ENG,1568.04
2000-09-01,Blackburn,ENG,1544.3
2000-09-01,Bolton,ENG,1592.28
2000-09-01,Bradford,ENG,1596.85
2000-09-01,Burnley,ENG,1428.36
2000-09-01,Charlton,ENG,1612.79
2000-09-01,Chelsea,ENG,1792.67
2000-09-01,Coventry,ENG,1645.42
2000-09-01,Crewe,ENG,1428.3
2000-09-01,Crystal Palace,ENG,1459.75
2000-09-01,Derby,ENG,1636.72
2000-09-01,Everton,ENG,1687.27
2000-09-01,Fulham,ENG,1531.19
2000-09-01,Gillingham,ENG,1403.42
2000-09-01,Grimsby,ENG,1398.3
2000-09-01,Huddersfield,ENG,1492.0
2000-09-01,Ipswich,ENG,1647.41
2000-09-01,Leeds,ENG,1807.01
2000-09-01,Leicester,ENG,1699.38
2000-09-01,Liverpool,ENG,1768.61
2000-09-01,Man City,ENG,1577.47
2000-09-01,Man United,ENG,1927.83
2000-09-01,Middlesbrough,ENG,1685.17
2000-09-01,Newcastle,ENG,1724.39
2000-09-01,Norwich,ENG,1450.36
2000-09-01,Nottm Forest,ENG,1520.04
2000-09-01,Portsmouth,ENG,1447.06
2000-09-01,Preston,ENG,1438.35
2000-09-01,QPR,ENG,1509.01
2000-09-01,Sheffield United,ENG,1462.24
2000-09-01,Sheffield Weds,ENG,1597.33
2000-09-01,Southampton,ENG,1627.33
2000-09-01,Stockport,ENG,1445.08
2000-09-01,Sunderland,ENG,1704.21
2000-09-01,Tottenham,ENG,1682.58
2000-09-01,Tranmere,ENG,1455.43
2000-09-01,Watford,ENG,1535.12
2000-09-01,West Brom,ENG,1430.47
2000-09-01,West Ham,ENG,1674.63
2000-09-01,Wimbledon,ENG,1542.63
2000-09-01,Wolves,ENG,1553.26
2000-09-15,Arsenal,ENG,1878.72
2000-09-15,Aston Villa,ENG,1734.83
2000-09-15,Barnsley,ENG,1538.56
2000-09-15,Birmingham,ENG,1578.41
2000-09-15,Blackburn,ENG,1545.2
2000-09-15,Bolton,ENG,1606.87
2000-09-15,Bradford,ENG,1601.23
2000-09-15,Burnley,ENG,1435.77
2000-09-15,Charlton,ENG,1615.6
2000-09-15,Chelsea,ENG,1795.23
2000-09-15,Coventry,ENG,1637.76
2000-09-15,Crewe,ENG,1418.36
2000-09-15,Crystal Palace,ENG,1452.42
2000-09-15,Derby,ENG,1634.43
2000-09-15,Everton,ENG,1693.42
2000-09-15,Fulham,ENG,1551.44
2000-09-15,Gillingham,ENG,1413.36
2000-09-15,Grimsby,ENG,1401.22
2000-09-15,Huddersfield,ENG,1475.19
2000-09-15,Ipswich,ENG,1636.43
2000-09-15,Leeds,ENG,1785.82
2000-09-15,Leicester,ENG,1710.04
2000-09-15,Liverpool,ENG,1780.15
2000-09-15,Man City,ENG,1591.82
2000-09-15,Man United,ENG,1937.58
2000-09-15,Middlesbrough,ENG,1678.09
2000-09-15,Newcastle,ENG,1736.89
2000-09-15,Norwich,ENG,1468.08
2000-09-15,Nottm Forest,ENG,1524.26
2000-09-15,Portsmouth,ENG,1441.81
2000-09-15,Preston,ENG,1445.46
2000-09-15,QPR,ENG,1501.96
2000-09-15,Sheffield United,ENG,1464.73
2000-09-15,Sheffield Weds,ENG,1561.59
2000-09-15,Southampton,ENG,1627.15
2000-09-15,Stockport,ENG,1424.88
2000-09-15,Sunderland,ENG,1699.63
2000-09-15,Tottenham,ENG,1695.88
2000-09-15,Tranmere,ENG,1465.36
2000-09-15,Watford,ENG,1558.18
2000-09-15,West Brom,ENG,1451.35
2000-09-15,West Ham,ENG,1674.21
2000-09-15,Wimbledon,ENG,1581.65
2000-09-15,Wolves,ENG,1529.11
2000-10-01,Arsenal,ENG,1874.68
2000-10-01,Aston Villa,ENG,1735.82
2000-10-01,Barnsley,ENG,1537.7
2000-10-01,Birmingham,ENG,1571.79
2000-10-01,Blackburn,ENG,1515.13
2000-10-01,Bolton,ENG,1584.58
2000-10-01,Bradford,ENG,1581.61
2000-10-01,Burnley,ENG,1430.24
2000-10-01,Charlton,ENG,1622.44
2000-10-01,Chelsea,ENG,1750.99
2000-10-01,Coventry,ENG,1612.02
2000-10-01,Crewe,ENG,1419.8
2000-10-01,Crystal Palace,ENG,1426.65
2000-10-01,Derby,ENG,1614.46
2000-10-01,Everton,ENG,1661.2
2000-10-01,Fulham,ENG,1577.71
2000-10-01,Gillingham,ENG,1417.31
2000-10-01,Grimsby,ENG,1378.74
2000-10-01,Huddersfield,ENG,1447.84
2000-10-01,Ipswich,ENG,1661.99
2000-10-01,Leeds,ENG,1779.3
2000-10-01,Leicester,ENG,1696.18
2000-10-01,Liverpool,ENG,1766.23
2000-10-01,Man City,ENG,1578.89
2000-10-01,Man United,ENG,1911.11
2000-10-01,Middlesbrough,ENG,1679.42
2000-10-01,Newcastle,ENG,1708.34
2000-10-01,Norwich,ENG,1442.95
2000-10-01,Nottm Forest,ENG,1506.07
2000-10-01,Portsmouth,ENG,1419.95
2000-10-01,Preston,ENG,1457.89
2000-10-01,QPR,ENG,1493.59
2000-10-01,Sheffield United,ENG,1472.82
2000-10-01,Sheffield Weds,ENG,1508.53
2000-10-01,Southampton,ENG,1624.42
2000-10-01,Stockport,ENG,1406.07
2000-10-01,Sunderland,ENG,1697.5
2000-10-01,Tottenham,ENG,1668.58
2000-10-01,Tranmere,ENG,1444.39
2000-10-01,Watford,ENG,1559.33
2000-10-01,West Brom,ENG,1459.42
2000-10-01,West Ham,ENG,1674.97
2000-10-01,Wimbledon,ENG,1563.46
2000-10-01,Wolves,ENG,1532.84
2000-10-15,Arsenal,ENG,1884.79
2000-10-15,Aston Villa,ENG,1732.61
2000-10-15,Barnsley,ENG,1526.88
2000-10-15,Birmingham,ENG,1574.76
2000-10-15,Blackburn,ENG,1515.13
2000-10-15,Bolton,ENG,1587.06
2000-10-15,Bradford,ENG,1572.81
2000-10-15,Burnley,ENG,1445.78
2000-10-15,Charlton,ENG,1618.19
2000-10-15,Chelsea,ENG,1754.72
2000-10-15,Coventry,ENG,1619.59
2000-10-15,Crewe,ENG,1406.09
2000-10-15,Crystal Palace,ENG,1423.38
2000-10-15,Derby,ENG,1614.46
2000-10-15,Everton,ENG,1658.14
2000-10-15,Fulham,ENG,1577.71
2000-10-15,Gillingham,ENG,1425.44
2000-10-15,Grimsby,ENG,1386.79
2000-10-15,Huddersfield,ENG,1440.21
2000-10-15,Ipswich,ENG,1660.27
2000-10-15,Leeds,ENG,1783.55
2000-10-15,Leicester,ENG,1690.34
2000-10-15,Liverpool,ENG,1754.64
2000-10-15,Man City,ENG,1587.69
2000-10-15,Man United,ENG,1912.16
2000-10-15,Middlesbrough,ENG,1679.42
2000-10-15,Newcastle,ENG,1708.34
2000-10-15,Norwich,ENG,1453.64
2000-10-15,Nottm Forest,ENG,1516.48
2000-10-15,Portsmouth,ENG,1429.64
2000-10-15,Preston,ENG,1463.52
2000-10-15,QPR,ENG,1487.27
2000-10-15,Sheffield United,ENG,1477.54
2000-10-15,Sheffield Weds,ENG,1489.2
2000-10-15,Southampton,ENG,1627.48
2000-10-15,Stockport,ENG,1398.98
2000-10-15,Sunderland,ENG,1703.25
2000-10-15,Tottenham,ENG,1661.02
2000-10-15,Tranmere,ENG,1428.59
2000-10-15,Watford,ENG,1574.93
2000-10-15,West Brom,ENG,1460.11
2000-10-15,West Ham,ENG,1676.68
2000-10-15,Wimbledon,ENG,1557.92
2000-10-15,Wolves,ENG,1527.78
2000-11-01,Arsenal,ENG,1898.88
2000-11-01,Aston Villa,ENG,1733.19
2000-11-01,Barnsley,ENG,1520.62
2000-11-01,Birmingham,ENG,1572.94
2000-11-01,Blackburn,ENG,1542.04
2000-11-01,Bolton,ENG,1565.35
2000-11-01,Bradford,ENG,1565.49
2000-11-01,Burnley,ENG,1456.49
2000-11-01,Charlton,ENG,1621.04
2000-11-01,Chelsea,ENG,1768.8
2000-11-01,Coventry,ENG,1607.65
2000-11-01,Crewe,ENG,1400.29
2000-11-01,Crystal Palace,ENG,1404.96
2000-11-01,Derby,ENG,1590.76
2000-11-01,Everton,ENG,1663.67
2000-11-01,Fulham,ENG,1573.51
2000-11-01,Gillingham,ENG,1417.04
2000-11-01,Grimsby,ENG,1415.75
2000-11-01,Huddersfield,ENG,1415.23
2000-11-01,Ipswich,ENG,1676.44
2000-11-01,Leeds,ENG,1772.55
2000-11-01,Leicester,ENG,1689.6
2000-11-01,Liverpool,ENG,1777.49
2000-11-01,Man City,ENG,1599.6
2000-11-01,Man United,ENG,1912.87
2000-11-01,Middlesbrough,ENG,1653.09
2000-11-01,Newcastle,ENG,1702.26
2000-11-01,Norwich,ENG,1454.78
2000-11-01,Nottm Forest,ENG,1526.11
2000-11-01,Portsmouth,ENG,1448.37
2000-11-01,Preston,ENG,1474.12
2000-11-01,QPR,ENG,1450.66
2000-11-01,Sheffield United,ENG,1484.41
2000-11-01,Sheffield Weds,ENG,1499.45
2000-11-01,Southampton,ENG,1608.62
2000-11-01,Stockport,ENG,1392.83
2000-11-01,Sunderland,ENG,1709.81
2000-11-01,Tottenham,ENG,1660.09
2000-11-01,Tranmere,ENG,1426.27
2000-11-01,Watford,ENG,1587.37
2000-11-01,West Brom,ENG,1468.82
2000-11-01,West Ham,ENG,1678.74
2000-11-01,Wimbledon,ENG,1538.82
2000-11-01,Wolves,ENG,1528.52
2000-11-15,Arsenal,ENG,1869.1
2000-11-15,Aston Villa,ENG,1743.45
2000-11-15,Barnsley,ENG,1491.88
2000-11-15,Birmingham,ENG,1557.27
2000-11-15,Blackburn,ENG,1549.03
2000-11-15,Bolton,ENG,1569.52
2000-11-15,Bradford,ENG,1547.01
2000-11-15,Burnley,ENG,1463.71
2000-11-15,Charlton,ENG,1616.32
2000-11-15,Chelsea,ENG,1752.83
2000-11-15,Coventry,ENG,1595.7
2000-11-15,Crewe,ENG,1404.36
2000-11-15,Crystal Palace,ENG,1432.63
2000-11-15,Derby,ENG,1594.52
2000-11-15,Everton,ENG,1658.37
2000-11-15,Fulham,ENG,1590.32
2000-11-15,Gillingham,ENG,1414.13
2000-11-15,Grimsby,ENG,1405.79
2000-11-15,Huddersfield,ENG,1393.39
2000-11-15,Ipswich,ENG,1673.68
2000-11-15,Leeds,ENG,1781.2
2000-11-15,Leicester,ENG,1690.81
2000-11-15,Liverpool,ENG,1774.32
2000-11-15,Man City,ENG,1580.63
2000-11-15,Man United,ENG,1915.35
2000-11-15,Middlesbrough,ENG,1643.33
2000-11-15,Newcastle,ENG,1705.4
2000-11-15,Norwich,ENG,1459.54
2000-11-15,Nottm Forest,ENG,1538.98
2000-11-15,Portsmouth,ENG,1446.97
2000-11-15,Preston,ENG,1467.66
2000-11-15,QPR,ENG,1444.65
2000-11-15,Sheffield United,ENG,1459.35
2000-11-15,Sheffield Weds,ENG,1503.71
2000-11-15,Southampton,ENG,1618.77
2000-11-15,Stockport,ENG,1384.85
2000-11-15,Sunderland,ENG,1693.8
2000-11-15,Tottenham,ENG,1656.76
2000-11-15,Tranmere,ENG,1430.29
2000-11-15,Watford,ENG,1557.0
2000-11-15,West Brom,ENG,1474.27
2000-11-15,West Ham,ENG,1681.28
2000-11-15,Wimbledon,ENG,1527.76
2000-11-15,Wolves,ENG,1493.35
2000-12-01,Arsenal,ENG,1825.92
2000-12-01,Aston Villa,ENG,1722.84
2000-12-01,Barnsley,ENG,1496.84
2000-12-01,Birmingham,ENG,1558.49
2000-12-01,Blackburn,ENG,1534.81
2000-12-01,Bolton,ENG,1565.13
2000-12-01,Bradford,ENG,1538.67
2000-12-01,Burnley,ENG,1462.16
2000-12-01,Charlton,ENG,1615.86
2000-12-01,Chelsea,ENG,1725.99
2000-12-01,Coventry,ENG,1583.84
2000-12-01,Crewe,ENG,1396.86
2000-12-01,Crystal Palace,ENG,1429.37
2000-12-01,Derby,ENG,1591.11
2000-12-01,Everton,ENG,1676.35
2000-12-01,Fulham,ENG,1589.94
2000-12-01,Gillingham,ENG,1414.96
2000-12-01,Grimsby,ENG,1386.57
2000-12-01,Huddersfield,ENG,1388.24
2000-12-01,Ipswich,ENG,1683.01
2000-12-01,Leeds,ENG,1759.25
2000-12-01,Leicester,ENG,1687.98
2000-12-01,Liverpool,ENG,1758.84
2000-12-01,Man City,ENG,1565.14
2000-12-01,Man United,ENG,1919.5
2000-12-01,Middlesbrough,ENG,1617.91
2000-12-01,Newcastle,ENG,1697.33
2000-12-01,Norwich,ENG,1427.91
2000-12-01,Nottm Forest,ENG,1534.92
2000-12-01,Portsmouth,ENG,1432.09
2000-12-01,Preston,ENG,1465.44
2000-12-01,QPR,ENG,1434.58
2000-12-01,Sheffield United,ENG,1462.12
2000-12-01,Sheffield Weds,ENG,1483.15
2000-12-01,Southampton,ENG,1617.63
2000-12-01,Stockport,ENG,1392.75
2000-12-01,Sunderland,ENG,1706.17
2000-12-01,Tottenham,ENG,1672.02
2000-12-01,Tranmere,ENG,1413.25
2000-12-01,Watford,ENG,1539.08
2000-12-01,West Brom,ENG,1483.66
2000-12-01,West Ham,ENG,1696.18
2000-12-01,Wimbledon,ENG,1539.45
2000-12-01,Wolves,ENG,1489.47
2000-12-15,Arsenal,ENG,1841.97
2000-12-15,Aston Villa,ENG,1731.6
2000-12-15,Barnsley,ENG,1495.3
2000-12-15,Birmingham,ENG,1554.83
2000-12-15,Blackburn,ENG,1538.46
2000-12-15,Bolton,ENG,1584.61
2000-12-15,Bradford,ENG,1556.73
2000-12-15,Burnley,ENG,1473.85
2000-12-15,Charlton,ENG,1626.23
2000-12-15,Chelsea,ENG,1744.38
2000-12-15,Coventry,ENG,1595.4
2000-12-15,Crewe,ENG,1393.46
2000-12-15,Crystal Palace,ENG,1459.78
2000-12-15,Derby,ENG,1607.44
2000-12-15,Everton,ENG,1659.74
2000-12-15,Fulham,ENG,1609.43
2000-12-15,Gillingham,ENG,1412.64
2000-12-15,Grimsby,ENG,1393.94
2000-12-15,Huddersfield,ENG,1440.16
2000-12-15,Ipswich,ENG,1693.45
2000-12-15,Leeds,ENG,1762.05
2000-12-15,Leicester,ENG,1700.11
2000-12-15,Liverpool,ENG,1771.45
2000-12-15,Man City,ENG,1591.2
2000-12-15,Man United,ENG,1931.67
2000-12-15,Middlesbrough,ENG,1619.79
2000-12-15,Newcastle,ENG,1702.72
2000-12-15,Norwich,ENG,1435.08
2000-12-15,Nottm Forest,ENG,1524.24
2000-12-15,Portsmouth,ENG,1444.68
2000-12-15,Preston,ENG,1482.53
2000-12-15,QPR,ENG,1441.12
2000-12-15,Sheffield United,ENG,1486.28
2000-12-15,Sheffield Weds,ENG,1483.52
2000-12-15,Southampton,ENG,1634.72
2000-12-15,Stockport,ENG,1408.96
2000-12-15,Sunderland,ENG,1727.24
2000-12-15,Tottenham,ENG,1678.33
2000-12-15,Tranmere,ENG,1431.78
2000-12-15,Watford,ENG,1535.73
2000-12-15,West Brom,ENG,1494.1
2000-12-15,West Ham,ENG,1708.39
2000-12-15,Wimbledon,ENG,1540.19
2000-12-15,Wolves,ENG,1493.2
2001-01-01,Arsenal,ENG,1828.5
2001-01-01,Aston Villa,ENG,1731.98
2001-01-01,Barnsley,ENG,1480.82
2001-01-01,Birmingham,ENG,1552.46
2001-01-01,Blackburn,ENG,1567.17
2001-01-01,Bolton,ENG,1594.84
2001-01-01,Bradford,ENG,1539.61
2001-01-01,Burnley,ENG,1446.85
2001-01-01,Charlton,ENG,1634.01
2001-01-01,Chelsea,ENG,1741.03
2001-01-01,Coventry,ENG,1603.78
2001-01-01,Crewe,ENG,1382.13
2001-01-01,Crystal Palace,ENG,1444.01
2001-01-01,Derby,ENG,1620.39
2001-01-01,Everton,ENG,1640.13
2001-01-01,Fulham,ENG,1626.13
2001-01-01,Gillingham,ENG,1441.16
2001-01-01,Grimsby,ENG,1413.5
2001-01-01,Huddersfield,ENG,1461.3
2001-01-01,Ipswich,ENG,1704.74
2001-01-01,Leeds,ENG,1750.21
2001-01-01,Leicester,ENG,1704.17
2001-01-01,Liverpool,ENG,1789.38
2001-01-01,Man City,ENG,1575.69
2001-01-01,Man United,ENG,1922.5
2001-01-01,Middlesbrough,ENG,1639.0
2001-01-01,Newcastle,ENG,1705.59
2001-01-01,Norwich,ENG,1439.77
2001-01-01,Nottm Forest,ENG,1504.57
2001-01-01,Portsmouth,ENG,1445.81
2001-01-01,Preston,ENG,1461.54
2001-01-01,QPR,ENG,1440.59
2001-01-01,Sheffield United,ENG,1499.5
2001-01-01,Sheffield Weds,ENG,1473.66
2001-01-01,Southampton,ENG,1644.98
2001-01-01,Stockport,ENG,1415.53
2001-01-01,Sunderland,ENG,1738.07
2001-01-01,Tottenham,ENG,1657.97
2001-01-01,Tranmere,ENG,1405.02
2001-01-01,Watford,ENG,1520.91
2001-01-01,West Brom,ENG,1512.1
2001-01-01,West Ham,ENG,1712.9
2001-01-01,Wimbledon,ENG,1541.01
2001-01-01,Wolves,ENG,1487.49
2001-01-15,Arsenal,ENG,1813.32
2001-01-15,Aston Villa,ENG,1711.11
2001-01-15,Barnsley,ENG,1466.98
2001-01-15,Birmingham,ENG,1544.71
2001-01-15,Blackburn,ENG,1574.89
2001-01-15,Bolton,ENG,1607.58
2001-01-15,Bradford,ENG,1549.73
2001-01-15,Burnley,ENG,1440.25
2001-01-15,Charlton,ENG,1647.32
2001-01-15,Chelsea,ENG,1751.1
2001-01-15,Coventry,ENG,1595.26
2001-01-15,Crewe,ENG,1398.0
2001-01-15,Crystal Palace,ENG,1464.85
2001-01-15,Derby,ENG,1615.76
2001-01-15,Everton,ENG,1632.22
2001-01-15,Fulham,ENG,1614.25
2001-01-15,Gillingham,ENG,1441.05
2001-01-15,Grimsby,ENG,1393.09
2001-01-15,Huddersfield,ENG,1457.99
2001-01-15,Ipswich,ENG,1704.02
2001-01-15,Leeds,ENG,1756.86
2001-01-15,Leicester,ENG,1682.16
2001-01-15,Liverpool,ENG,1807.45
2001-01-15,Man City,ENG,1567.08
2001-01-15,Man United,ENG,1929.2
2001-01-15,Middlesbrough,ENG,1655.11
2001-01-15,Newcastle,ENG,1701.09
2001-01-15,Norwich,ENG,1437.17
2001-01-15,Nottm Forest,ENG,1500.23
2001-01-15,Portsmouth,ENG,1447.13
2001-01-15,Preston,ENG,1443.03
2001-01-15,QPR,ENG,1451.48
2001-01-15,Sheffield United,ENG,1482.25
2001-01-15,Sheffield Weds,ENG,1472.79
2001-01-15,Southampton,ENG,1639.57
2001-01-15,Stockport,ENG,1434.48
2001-01-15,Sunderland,ENG,1760.08
2001-01-15,Tottenham,ENG,1669.39
2001-01-15,Tranmere,ENG,1409.81
2001-01-15,Watford,ENG,1538.91
2001-01-15,West Brom,ENG,1506.31
2001-01-15,West Ham,ENG,1696.78
2001-01-15,Wimbledon,ENG,1537.77
2001-01-15,Wolves,ENG,1492.87
2001-02-01,Arsenal,ENG,1814.38
2001-02-01,Aston Villa,ENG,1698.75
2001-02-01,Barnsley,ENG,1460.41
2001-02-01,Birmingham,ENG,1556.87
2001-02-01,Blackburn,ENG,1574.89
2001-02-01,Bolton,ENG,1618.99
2001-02-01,Bradford,ENG,1554.22
2001-02-01,Burnley,ENG,1446.82
2001-02-01,Charlton,ENG,1651.6
2001-02-01,Chelsea,ENG,1766.55
2001-02-01,Coventry,ENG,1579.47
2001-02-01,Crewe,ENG,1398.0
2001-02-01,Crystal Palace,ENG,1461.82
2001-02-01,Derby,ENG,1606.9
2001-02-01,Everton,ENG,1643.4
2001-02-01,Fulham,ENG,1621.64
2001-02-01,Gillingham,ENG,1444.07
2001-02-01,Grimsby,ENG,1404.13
2001-02-01,Huddersfield,ENG,1457.99
2001-02-01,Ipswich,ENG,1695.62
2001-02-01,Leeds,ENG,1752.61
2001-02-01,Leicester,ENG,1676.51
2001-02-01,Liverpool,ENG,1797.48
2001-02-01,Man City,ENG,1574.79
2001-02-01,Man United,ENG,1937.58
2001-02-01,Middlesbrough,ENG,1662.91
2001-02-01,Newcastle,ENG,1710.41
2001-02-01,Norwich,ENG,1451.61
2001-02-01,Nottm Forest,ENG,1500.23
2001-02-01,Portsmouth,ENG,1447.61
2001-02-01,Preston,ENG,1443.03
2001-02-01,QPR,ENG,1437.08
2001-02-01,Sheffield United,ENG,1476.82
2001-02-01,Sheffield Weds,ENG,1461.37
2001-02-01,Southampton,ENG,1649.73
2001-02-01,Stockport,ENG,1431.01
2001-02-01,Sunderland,ENG,1747.79
2001-02-01,Tottenham,ENG,1669.35
2001-02-01,Tranmere,ENG,1409.81
2001-02-01,Watford,ENG,1519.33
2001-02-01,West Brom,ENG,1511.74
2001-02-01,West Ham,ENG,1694.56
2001-02-01,Wimbledon,ENG,1529.72
2001-02-01,Wolves,ENG,1492.87
2001-02-15,Arsenal,ENG,1821.88
2001-02-15,Aston Villa,ENG,1706.38
2001-02-15,Barnsley,ENG,1467.53
2001-02-15,Birmingham,ENG,1549.35
2001-02-15,Blackburn,ENG,1561.98
2001-02-15,Bolton,ENG,1610.22
2001-02-15,Bradford,ENG,1537.7
2001-02-15,Burnley,ENG,1427.29
2001-02-15,Charlton,ENG,1664.74
2001-02-15,Chelsea,ENG,1761.17
2001-02-15,Coventry,ENG,1575.25
2001-02-15,Crewe,ENG,1411.52
2001-02-15,Crystal Palace,ENG,1470.22
2001-02-15,Derby,ENG,1622.05
2001-02-15,Everton,ENG,1650.22
2001-02-15,Fulham,ENG,1613.93
2001-02-15,Gillingham,ENG,1452.74
2001-02-15,Grimsby,ENG,1399.06
2001-02-15,Huddersfield,ENG,1462.82
2001-02-15,Ipswich,ENG,1683.7
2001-02-15,Leeds,ENG,1754.45
2001-02-15,Leicester,ENG,1677.67
2001-02-15,Liverpool,ENG,1804.42
2001-02-15,Man City,ENG,1571.67
2001-02-15,Man United,ENG,1936.1
2001-02-15,Middlesbrough,ENG,1661.99
2001-02-15,Newcastle,ENG,1700.06
2001-02-15,Norwich,ENG,1444.43
2001-02-15,Nottm Forest,ENG,1509.16
2001-02-15,Portsmouth,ENG,1442.07
2001-02-15,Preston,ENG,1465.92
2001-02-15,QPR,ENG,1427.07
2001-02-15,Sheffield United,ENG,1493.91
2001-02-15,Sheffield Weds,ENG,1445.57
2001-02-15,Southampton,ENG,1655.0
2001-02-15,Stockport,ENG,1432.53
2001-02-15,Sunderland,ENG,1737.91
2001-02-15,Tottenham,ENG,1674.21
2001-02-15,Tranmere,ENG,1401.28
2001-02-15,Watford,ENG,1523.25
2001-02-15,West Brom,ENG,1508.25
2001-02-15,West Ham,ENG,1688.02
2001-02-15,Wimbledon,ENG,1537.06
2001-02-15,Wolves,ENG,1500.69
2001-03-01,Arsenal,ENG,1831.77
2001-03-01,Aston Villa,ENG,1712.33
2001-03-01,Barnsley,ENG,1486.99
2001-03-01,Birmingham,ENG,1580.07
2001-03-01,Blackburn,ENG,1604.16
2001-03-01,Bolton,ENG,1603.89
2001-03-01,Bradford,ENG,1545.61
2001-03-01,Burnley,ENG,1452.39
2001-03-01,Charlton,ENG,1678.76
2001-03-01,Chelsea,ENG,1775.35
2001-03-01,Coventry,ENG,1594.65
2001-03-01,Crewe,ENG,1433.24
2001-03-01,Crystal Palace,ENG,1470.29
2001-03-01,Derby,ENG,1644.45
2001-03-01,Everton,ENG,1656.91
2001-03-01,Fulham,ENG,1629.27
2001-03-01,Gillingham,ENG,1457.92
2001-03-01,Grimsby,ENG,1420.8
2001-03-01,Huddersfield,ENG,1449.95
2001-03-01,Ipswich,ENG,1705.37
2001-03-01,Leeds,ENG,1799.44
2001-03-01,Leicester,ENG,1702.58
2001-03-01,Liverpool,ENG,1830.13
2001-03-01,Man City,ENG,1598.71
2001-03-01,Man United,ENG,1956.06
2001-03-01,Middlesbrough,ENG,1666.03
2001-03-01,Newcastle,ENG,1701.37
2001-03-01,Norwich,ENG,1479.73
2001-03-01,Nottm Forest,ENG,1514.24
2001-03-01,Portsmouth,ENG,1444.04
2001-03-01,Preston,ENG,1486.19
2001-03-01,QPR,ENG,1452.84
2001-03-01,Sheffield United,ENG,1519.37
2001-03-01,Sheffield Weds,ENG,1467.71
2001-03-01,Southampton,ENG,1679.32
2001-03-01,Stockport,ENG,1431.06
2001-03-01,Sunderland,ENG,1741.36
2001-03-01,Tottenham,ENG,1681.13
2001-03-01,Tranmere,ENG,1420.71
2001-03-01,Watford,ENG,1511.97
2001-03-01,West Brom,ENG,1519.5
2001-03-01,West Ham,ENG,1703.4
2001-03-01,Wimbledon,ENG,1560.22
2001-03-01,Wolves,ENG,1501.57
2001-03-15,Arsenal,ENG,1832.08
2001-03-15,Aston Villa,ENG,1718.47
2001-03-15,Barnsley,ENG,1497.55
2001-03-15,Birmingham,ENG,1580.5
2001-03-15,Blackburn,ENG,1619.47
2001-03-15,Bolton,ENG,1598.12
2001-03-15,Bradford,ENG,1538.76
2001-03-15,Burnley,ENG,1454.61
2001-03-15,Charlton,ENG,1677.86
2001-03-15,Chelsea,ENG,1781.36
2001-03-15,Coventry,ENG,1594.45
2001-03-15,Crewe,ENG,1450.01
2001-03-15,Crystal Palace,ENG,1443.5
2001-03-15,Derby,ENG,1648.44
2001-03-15,Everton,ENG,1652.86
2001-03-15,Fulham,ENG,1626.79
2001-03-15,Gillingham,ENG,1455.88
2001-03-15,Grimsby,ENG,1400.88
2001-03-15,Huddersfield,ENG,1445.8
2001-03-15,Ipswich,ENG,1700.51
2001-03-15,Leeds,ENG,1793.79
2001-03-15,Leicester,ENG,1712.56
2001-03-15,Liverpool,ENG,1815.66
2001-03-15,Man City,ENG,1587.78
2001-03-15,Man United,ENG,1949.27
2001-03-15,Middlesbrough,ENG,1661.1
2001-03-15,Newcastle,ENG,1699.58
2001-03-15,Norwich,ENG,1449.5
2001-03-15,Nottm Forest,ENG,1514.83
2001-03-15,Portsmouth,ENG,1459.19
2001-03-15,Preston,ENG,1506.13
2001-03-15,QPR,ENG,1433.83
2001-03-15,Sheffield United,ENG,1505.59
2001-03-15,Sheffield Weds,ENG,1479.03
2001-03-15,Southampton,ENG,1684.42
2001-03-15,Stockport,ENG,1421.95
2001-03-15,Sunderland,ENG,1735.25
2001-03-15,Tottenham,ENG,1671.3
2001-03-15,Tranmere,ENG,1408.83
2001-03-15,Watford,ENG,1500.07
2001-03-15,West Brom,ENG,1510.1
2001-03-15,West Ham,ENG,1683.15
2001-03-15,Wimbledon,ENG,1556.74
2001-03-15,Wolves,ENG,1509.18
2001-04-01,Arsenal,ENG,1838.21
2001-04-01,Aston Villa,ENG,1731.89
2001-04-01,Barnsley,ENG,1498.45
2001-04-01,Birmingham,ENG,1555.15
2001-04-01,Blackburn,ENG,1618.37
2001-04-01,Bolton,ENG,1608.6
2001-04-01,Bradford,ENG,1542.65
2001-04-01,Burnley,ENG,1455.3
2001-04-01,Charlton,ENG,1673.65
2001-04-01,Chelsea,ENG,1771.98
2001-04-01,Coventry,ENG,1600.82
2001-04-01,Crewe,ENG,1452.57
2001-04-01,Crystal Palace,ENG,1445.34
2001-04-01,Derby,ENG,1646.64
2001-04-01,Everton,ENG,1665.58
2001-04-01,Fulham,ENG,1644.35
2001-04-01,Gillingham,ENG,1460.35
2001-04-01,Grimsby,ENG,1411.42
2001-04-01,Huddersfield,ENG,1466.68
2001-04-01,Ipswich,ENG,1712.99
2001-04-01,Leeds,ENG,1816.12
2001-04-01,Leicester,ENG,1712.77
2001-04-01,Liverpool,ENG,1833.19
2001-04-01,Man City,ENG,1582.06
2001-04-01,Man United,ENG,1941.53
2001-04-01,Middlesbrough,ENG,1671.23
2001-04-01,Newcastle,ENG,1689.17
2001-04-01,Norwich,ENG,1449.24
2001-04-01,Nottm Forest,ENG,1502.08
2001-04-01,Portsmouth,ENG,1445.26
2001-04-01,Preston,ENG,1513.89
2001-04-01,QPR,ENG,1424.42
2001-04-01,Sheffield United,ENG,1501.0
2001-04-01,Sheffield Weds,ENG,1501.64
2001-04-01,Southampton,ENG,1692.54
2001-04-01,Stockport,ENG,1455.57
2001-04-01,Sunderland,ENG,1742.0
2001-04-01,Tottenham,ENG,1677.35
2001-04-01,Tranmere,ENG,1388.46
2001-04-01,Watford,ENG,1492.87
2001-04-01,West Brom,ENG,1518.09
2001-04-01,West Ham,ENG,1661.3
2001-04-01,Wimbledon,ENG,1567.12
2001-04-01,Wolves,ENG,1520.73
2001-04-15,Arsenal,ENG,1852.85
2001-04-15,Aston Villa,ENG,1737.63
2001-04-15,Barnsley,ENG,1513.12
2001-04-15,Birmingham,ENG,1534.71
2001-04-15,Blackburn,ENG,1621.75
2001-04-15,Bolton,ENG,1603.08
2001-04-15,Bradford,ENG,1557.44
2001-04-15,Burnley,ENG,1484.76
2001-04-15,Charlton,ENG,1672.38
2001-04-15,Chelsea,ENG,1789.95
2001-04-15,Coventry,ENG,1622.78
2001-04-15,Crewe,ENG,1453.85
2001-04-15,Crystal Palace,ENG,1451.9
2001-04-15,Derby,ENG,1637.44
2001-04-15,Everton,ENG,1676.0
2001-04-15,Fulham,ENG,1653.02
2001-04-15,Gillingham,ENG,1470.56
2001-04-15,Grimsby,ENG,1423.72
2001-04-15,Huddersfield,ENG,1487.09
2001-04-15,Ipswich,ENG,1734.78
2001-04-15,Leeds,ENG,1851.38
2001-04-15,Leicester,ENG,1684.09
2001-04-15,Liverpool,ENG,1831.24
2001-04-15,Man City,ENG,1573.35
2001-04-15,Man United,ENG,1935.0
2001-04-15,Middlesbrough,ENG,1675.47
2001-04-15,Newcastle,ENG,1693.56
2001-04-15,Norwich,ENG,1451.56
2001-04-15,Nottm Forest,ENG,1508.19
2001-04-15,Portsmouth,ENG,1437.05
2001-04-15,Preston,ENG,1502.23
2001-04-15,QPR,ENG,1424.67
2001-04-15,Sheffield United,ENG,1506.35
2001-04-15,Sheffield Weds,ENG,1489.27
2001-04-15,Southampton,ENG,1676.3
2001-04-15,Stockport,ENG,1472.55
2001-04-15,Sunderland,ENG,1746.53
2001-04-15,Tottenham,ENG,1685.04
2001-04-15,Tranmere,ENG,1395.03
2001-04-15,Watford,ENG,1504.31
2001-04-15,West Brom,ENG,1527.79
2001-04-15,West Ham,ENG,1669.89
2001-04-15,Wimbledon,ENG,1570.1
2001-04-15,Wolves,ENG,1515.45
2001-05-01,Arsenal,ENG,1825.52
2001-05-01,Aston Villa,ENG,1734.25
2001-05-01,Barnsley,ENG,1479.14
2001-05-01,Birmingham,ENG,1530.5
2001-05-01,Blackburn,ENG,1631.1
2001-05-01,Bolton,ENG,1606.01
2001-05-01,Bradford,ENG,1560.23
2001-05-01,Burnley,ENG,1482.39
2001-05-01,Charlton,ENG,1688.62
2001-05-01,Chelsea,ENG,1781.69
2001-05-01,Coventry,ENG,1614.08
2001-05-01,Crewe,ENG,1451.71
2001-05-01,Crystal Palace,ENG,1419.16
2001-05-01,Derby,ENG,1618.69
2001-05-01,Everton,ENG,1659.62
2001-05-01,Fulham,ENG,1644.99
2001-05-01,Gillingham,ENG,1473.37
2001-05-01,Grimsby,ENG,1417.57
2001-05-01,Huddersfield,ENG,1480.45
2001-05-01,Ipswich,ENG,1741.34
2001-05-01,Leeds,ENG,1857.03
2001-05-01,Leicester,ENG,1635.79
2001-05-01,Liverpool,ENG,1851.4
2001-05-01,Man City,ENG,1597.43
2001-05-01,Man United,ENG,1921.22
2001-05-01,Middlesbrough,ENG,1695.74
2001-05-01,Newcastle,ENG,1697.47
2001-05-01,Norwich,ENG,1450.61
2001-05-01,Nottm Forest,ENG,1495.05
2001-05-01,Portsmouth,ENG,1434.6
2001-05-01,Preston,ENG,1533.36
2001-05-01,QPR,ENG,1409.88
2001-05-01,Sheffield United,ENG,1499.52
2001-05-01,Sheffield Weds,ENG,1497.71
2001-05-01,Southampton,ENG,1663.01
2001-05-01,Stockport,ENG,1490.37
2001-05-01,Sunderland,ENG,1727.05
2001-05-01,Tottenham,ENG,1674.88
2001-05-01,Tranmere,ENG,1375.27
2001-05-01,Watford,ENG,1487.45
2001-05-01,West Brom,ENG,1517.26
2001-05-01,West Ham,ENG,1651.71
2001-05-01,Wimbledon,ENG,1573.68
2001-05-01,Wolves,ENG,1508.4
2001-05-15,Arsenal,ENG,1827.42
2001-05-15,Aston Villa,ENG,1732.87
2001-05-15,Barnsley,ENG,1460.33
2001-05-15,Birmingham,ENG,1539.47
2001-05-15,Blackburn,ENG,1629.69
2001-05-15,Bolton,ENG,1608.4
2001-05-15,Bradford,ENG,1549.25
2001-05-15,Burnley,ENG,1486.86
2001-05-15,Charlton,ENG,1677.75
2001-05-15,Chelsea,ENG,1784.05
2001-05-15,Coventry,ENG,1604.93
2001-05-15,Crewe,ENG,1449.54
2001-05-15,Crystal Palace,ENG,1439.29
2001-05-15,Derby,ENG,1629.39
2001-05-15,Everton,ENG,1650.6
2001-05-15,Fulham,ENG,1627.44
2001-05-15,Gillingham,ENG,1455.43
2001-05-15,Grimsby,ENG,1424.59
2001-05-15,Huddersfield,ENG,1470.79
2001-05-15,Ipswich,ENG,1739.39
2001-05-15,Leeds,ENG,1834.13
2001-05-15,Leicester,ENG,1641.03
2001-05-15,Liverpool,ENG,1851.97
2001-05-15,Man City,ENG,1588.85
2001-05-15,Man United,ENG,1887.28
2001-05-15,Middlesbrough,ENG,1688.29
2001-05-15,Newcastle,ENG,1683.93
2001-05-15,Norwich,ENG,1450.19
2001-05-15,Nottm Forest,ENG,1488.23
2001-05-15,Portsmouth,ENG,1428.68
2001-05-15,Preston,ENG,1521.7
2001-05-15,QPR,ENG,1408.76
2001-05-15,Sheffield United,ENG,1499.05
2001-05-15,Sheffield Weds,ENG,1489.36
2001-05-15,Southampton,ENG,1661.27
2001-05-15,Stockport,ENG,1473.91
2001-05-15,Sunderland,ENG,1727.39
2001-05-15,Tottenham,ENG,1659.12
2001-05-15,Tranmere,ENG,1371.57
2001-05-15,Watford,ENG,1488.35
2001-05-15,West Brom,ENG,1503.5
2001-05-15,West Ham,ENG,1658.49
2001-05-15,Wimbledon,ENG,1559.27
2001-05-15,Wolves,ENG,1488.84
2001-06-01,Arsenal,ENG,1817.46
2001-06-01,Aston Villa,ENG,1722.63
2001-06-01,Barnsley,ENG,1463.15
2001-06-01,Birmingham,ENG,1544.13
2001-06-01,Blackburn,ENG,1632.51
2001-06-01,Bolton,ENG,1602.12
2001-06-01,Bradford,ENG,1555.48
2001-06-01,Burnley,ENG,1489.68
2001-06-01,Charlton,ENG,1670.4
2001-06-01,Chelsea,ENG,1791.66
2001-06-01,Coventry,ENG,1604.34
2001-06-01,Crewe,ENG,1452.36
2001-06-01,Crystal Palace,ENG,1442.11
2001-06-01,Derby,ENG,1633.42
2001-06-01,Everton,ENG,1653.67
2001-06-01,Fulham,ENG,1630.26
2001-06-01,Gillingham,ENG,1458.25
2001-06-01,Grimsby,ENG,1427.41
2001-06-01,Huddersfield,ENG,1473.61
2001-06-01,Ipswich,ENG,1741.0
2001-06-01,Leeds,ENG,1840.61
2001-06-01,Leicester,ENG,1640.19
2001-06-01,Liverpool,ENG,1872.52
2001-06-01,Man City,ENG,1586.89
2001-06-01,Man United,ENG,1873.11
2001-06-01,Middlesbrough,ENG,1696.77
2001-06-01,Newcastle,ENG,1701.98
2001-06-01,Norwich,ENG,1453.01
2001-06-01,Nottm Forest,ENG,1491.05
2001-06-01,Portsmouth,ENG,1431.5
2001-06-01,Preston,ENG,1540.83
2001-06-01,QPR,ENG,1411.58
2001-06-01,Sheffield United,ENG,1501.87
2001-06-01,Sheffield Weds,ENG,1492.18
2001-06-01,Southampton,ENG,1674.71
2001-06-01,Stockport,ENG,1476.73
2001-06-01,Sunderland,ENG,1729.95
2001-06-01,Tottenham,ENG,1678.93
2001-06-01,Tranmere,ENG,1374.39
2001-06-01,Watford,ENG,1491.17
2001-06-01,West Brom,ENG,1497.28
2001-06-01,West Ham,ENG,1655.64
2001-06-01,Wimbledon,ENG,1562.09
2001-06-01,Wolves,ENG,1491.66
2001-06-15,Arsenal,ENG,1817.46
2001-06-15,Aston Villa,ENG,1722.63
2001-06-15,Barnsley,ENG,1463.15
2001-06-15,Birmingham,ENG,1544.13
2001-06-15,Blackburn,ENG,1632.51
2001-06-15,Bolton,ENG,1602.12
2001-06-15,Bradford,ENG,1555.48
2001-06-15,Burnley,ENG,1489.68
2001-06-15,Charlton,ENG,1670.4
2001-06-15,Chelsea,ENG,1791.66
2001-06-15,Coventry,ENG,1604.34
2001-06-15,Crewe,ENG,1452.36
2001-06-15,Crystal Palace,ENG,1442.11
2001-06-15,Derby,ENG,1633.42
2001-06-15,Everton,ENG,1653.67
2001-06-15,Fulham,ENG,1630.26
2001-06-15,Gillingham,ENG,1458.25
2001-06-15,Grimsby,ENG,1427.41
2001-06-15,Huddersfield,ENG,1473.61
2001-06-15,Ipswich,ENG,1741.0
2001-06-15,Leeds,ENG,1840.61
2001-06-15,Leicester,ENG,1640.19
2001-06-15,Liverpool,ENG,1872.52
2001-06-15,Man City,ENG,1586.89
2001-06-15,Man United,ENG,1873.11
2001-06-15,Middlesbrough,ENG,1696.77
2001-06-15,Newcastle,ENG,1701.98
2001-06-15,Norwich,ENG,1453.01
2001-06-15,Nottm Forest,ENG,1491.05
2001-06-15,Portsmouth,ENG,1431.5
2001-06-15,Preston,ENG,1540.83
2001-06-15,QPR,ENG,1411.58
2001-06-15,Sheffield United,ENG,1501.87
2001-06-15,Sheffield Weds,ENG,1492.18
2001-06-15,Southampton,ENG,1674.71
2001-06-15,Stockport,ENG,1476.73
2001-06-15,Sunderland,ENG,1729.95
2001-06-15,Tottenham,ENG,1678.93
2001-06-15,Tranmere,ENG,1374.39
2001-06-15,Watford,ENG,1491.17
2001-06-15,West Brom,ENG,1497.28
2001-06-15,West Ham,ENG,1655.64
2001-06-15,Wimbledon,ENG,1562.09
2001-06-15,Wolves,ENG,1491.66
2001-07-01,Arsenal,ENG,1817.46
2001-07-01,Aston Villa,ENG,1722.63
2001-07-01,Barnsley,ENG,1463.15
2001-07-01,Birmingham,ENG,1544.13
2001-07-01,Blackburn,ENG,1632.51
2001-07-01,Bolton,ENG,1602.12
2001-07-01,Bradford,ENG,1555.48
2001-07-01,Burnley,ENG,1489.68
2001-07-01,Charlton,ENG,1670.4
2001-07-01,Chelsea,ENG,1791.66
2001-07-01,Coventry,ENG,1604.34
2001-07-01,Crewe,ENG,1452.36
2001-07-01,Crystal Palace,ENG,1442.11
2001-07-01,Derby,ENG,1633.42
2001-07-01,Everton,ENG,1653.67
2001-07-01,Fulham,ENG,1630.26
2001-07-01,Gillingham,ENG,1458.25
2001-07-01,Grimsby,ENG,1427.41
2001-07-01,Huddersfield,ENG,1473.61
2001-07-01,Ipswich,ENG,1741.0
2001-07-01,Leeds,ENG,1840.61
2001-07-01,Leicester,ENG,1640.19
2001-07-01,Liverpool,ENG,1872.52
2001-07-01,Man City,ENG,1586.89
2001-07-01,Man United,ENG,1873.11
2001-07-01,Middlesbrough,ENG,1696.77
2001-07-01,Millwall,ENG,1398.1
2001-07-01,Newcastle,ENG,1701.98
2001-07-01,Norwich,ENG,1453.01
2001-07-01,Nottm Forest,ENG,1491.05
2001-07-01,Portsmouth,ENG,1431.5
2001-07-01,Preston,ENG,1540.83
2001-07-01,QPR,ENG,1411.58
2001-07-01,Rotherham,ENG,1398.1
2001-07-01,Sheffield United,ENG,1501.87
2001-07-01,Sheffield Weds,ENG,1492.18
2001-07-01,Southampton,ENG,1674.71
2001-07-01,Stockport,ENG,1476.73
2001-07-01,Sunderland,ENG,1729.95
2001-07-01,Tottenham,ENG,1678.93
2001-07-01,Tranmere,ENG,1374.39
2001-07-01,Walsall,ENG,1398.1
2001-07-01,Watford,ENG,1491.17
2001-07-01,West Brom,ENG,1497.28
2001-07-01,West Ham,ENG,1655.64
2001-07-01,Wimbledon,ENG,1562.09
2001-07-01,Wolves,ENG,1491.66
2001-07-15,Arsenal,ENG,1817.46
2001-07-15,Aston Villa,ENG,1722.63
2001-07-15,Barnsley,ENG,1463.15
2001-07-15,Birmingham,ENG,1544.13
2001-07-15,Blackburn,ENG,1632.51
2001-07-15,Bolton,ENG,1602.12
2001-07-15,Bradford,ENG,1555.48
2001-07-15,Burnley,ENG,1489.68
2001-07-15,Charlton,ENG,1670.4
2001-07-15,Chelsea,ENG,1791.66
2001-07-15,Coventry,ENG,1604.34
2001-07-15,Crewe,ENG,1452.36
2001-07-15,Crystal Palace,ENG,1442.11
2001-07-15,Derby,ENG,1633.42
2001-07-15,Everton,ENG,1653.67
2001-07-15,Fulham,ENG,1630.26
2001-07-15,Gillingham,ENG,1458.25
2001-07-15,Grimsby,ENG,1427.41
2001-07-15,Ipswich,ENG,1741.0
2001-07-15,Leeds,ENG,1840.61
2001-07-15,Leicester,ENG,1640.19
2001-07-15,Liverpool,ENG,1872.52
2001-07-15,Man City,ENG,1586.89
2001-07-15,Man United,ENG,1873.11
2001-07-15,Middlesbrough,ENG,1696.77
2001-07-15,Millwall,ENG,1398.1
2001-07-15,Newcastle,ENG,1701.98
2001-07-15,Norwich,ENG,1453.01
2001-07-15,Nottm Forest,ENG,1491.05
2001-07-15,Portsmouth,ENG,1431.5
2001-07-15,Preston,ENG,1540.83
2001-07-15,Rotherham,ENG,1398.1
2001-07-15,Sheffield United,ENG,1501.87
2001-07-15,Sheffield Weds,ENG,1492.18
2001-07-15,Southampton,ENG,1674.71
2001-07-15,Stockport,ENG,1476.73
2001-07-15,Sunderland,ENG,1729.95
2001-07-15,Tottenham,ENG,1678.93
2001-07-15,Walsall,ENG,1398.1
2001-07-15,Watford,ENG,1491.17
2001-07-15,West Brom,ENG,1497.28
2001-07-15,West Ham,ENG,1655.64
2001-07-15,Wimbledon,ENG,1562.09
2001-07-15,Wolves,ENG,1491.66
2001-08-01,Arsenal,ENG,1817.46
2001-08-01,Aston Villa,ENG,1722.63
2001-08-01,Barnsley,ENG,1463.15
2001-08-01,Birmingham,ENG,1544.13
2001-08-01,Blackburn,ENG,1632.51
2001-08-01,Bolton,ENG,1602.12
2001-08-01,Bradford,ENG,1555.48
2001-08-01,Burnley,ENG,1489.68
2001-08-01,Charlton,ENG,1670.4
2001-08-01,Chelsea,ENG,1791.66
2001-08-01,Coventry,ENG,1604.34
2001-08-01,Crewe,ENG,1452.36
2001-08-01,Crystal Palace,ENG,1442.11
2001-08-01,Derby,ENG,1633.42
2001-08-01,Everton,ENG,1653.67
2001-08-01,Fulham,ENG,1630.26
2001-08-01,Gillingham,ENG,1458.25
2001-08-01,Grimsby,ENG,1427.41
2001-08-01,Ipswich,ENG,1741.0
2001-08-01,Leeds,ENG,1840.61
2001-08-01,Leicester,ENG,1640.19
2001-08-01,Liverpool,ENG,1872.52
2001-08-01,Man City,ENG,1586.89
2001-08-01,Man United,ENG,1873.11
2001-08-01,Middlesbrough,ENG,1696.77
2001-08-01,Millwall,ENG,1398.1
2001-08-01,Newcastle,ENG,1701.98
2001-08-01,Norwich,ENG,1453.01
2001-08-01,Nottm Forest,ENG,1491.05
2001-08-01,Portsmouth,ENG,1431.5
2001-08-01,Preston,ENG,1540.83
2001-08-01,Rotherham,ENG,1398.1
2001-08-01,Sheffield United,ENG,1501.87
2001-08-01,Sheffield Weds,ENG,1492.18
2001-08-01,Southampton,ENG,1674.71
2001-08-01,Stockport,ENG,1476.73
2001-08-01,Sunderland,ENG,1729.95
2001-08-01,Tottenham,ENG,1678.93
2001-08-01,Walsall,ENG,1398.1
2001-08-01,Watford,ENG,1491.17
2001-08-01,West Brom,ENG,1497.28
2001-08-01,West Ham,ENG,1655.64
2001-08-01,Wimbledon,ENG,1562.09
2001-08-01,Wolves,ENG,1491.66
2001-08-15,Arsenal,ENG,1817.5
2001-08-15,Aston Villa,ENG,1722.68
2001-08-15,Barnsley,ENG,1454.88
2001-08-15,Birmingham,ENG,1535.87
2001-08-15,Blackburn,ENG,1632.56
2001-08-15,Bolton,ENG,1602.16
2001-08-15,Bradford,ENG,1563.83
2001-08-15,Burnley,ENG,1503.73
2001-08-15,Charlton,ENG,1670.44
2001-08-15,Chelsea,ENG,1791.7
2001-08-15,Coventry,ENG,1613.56
2001-08-15,Crewe,ENG,1445.34
2001-08-15,Crystal Palace,ENG,1450.77
2001-08-15,Derby,ENG,1633.47
2001-08-15,Everton,ENG,1653.72
2001-08-15,Fulham,ENG,1630.31
2001-08-15,Gillingham,ENG,1476.72
2001-08-15,Grimsby,ENG,1434.51
2001-08-15,Ipswich,ENG,1741.05
2001-08-15,Leeds,ENG,1840.65
2001-08-15,Leicester,ENG,1640.24
2001-08-15,Liverpool,ENG,1872.68
2001-08-15,Man City,ENG,1593.91
2001-08-15,Man United,ENG,1873.15
2001-08-15,Middlesbrough,ENG,1696.82
2001-08-15,Millwall,ENG,1413.49
2001-08-15,Newcastle,ENG,1702.02
2001-08-15,Norwich,ENG,1437.71
2001-08-15,Nottm Forest,ENG,1489.39
2001-08-15,Portsmouth,ENG,1435.13
2001-08-15,Preston,ENG,1522.44
2001-08-15,Rotherham,ENG,1389.52
2001-08-15,Sheffield United,ENG,1503.61
2001-08-15,Sheffield Weds,ENG,1478.22
2001-08-15,Southampton,ENG,1674.75
2001-08-15,Stockport,ENG,1467.59
2001-08-15,Sunderland,ENG,1729.99
2001-08-15,Tottenham,ENG,1678.97
2001-08-15,Walsall,ENG,1406.87
2001-08-15,Watford,ENG,1484.23
2001-08-15,West Brom,ENG,1488.59
2001-08-15,West Ham,ENG,1655.68
2001-08-15,Wimbledon,ENG,1570.43
2001-08-15,Wolves,ENG,1488.12
2001-09-01,Arsenal,ENG,1826.35
2001-09-01,Aston Villa,ENG,1725.65
2001-09-01,Barnsley,ENG,1448.37
2001-09-01,Birmingham,ENG,1553.71
2001-09-01,Blackburn,ENG,1638.44
2001-09-01,Bolton,ENG,1645.84
2001-09-01,Bradford,ENG,1577.37
2001-09-01,Burnley,ENG,1509.98
2001-09-01,Charlton,ENG,1672.24
2001-09-01,Chelsea,ENG,1797.04
2001-09-01,Coventry,ENG,1588.84
2001-09-01,Crewe,ENG,1432.63
2001-09-01,Crystal Palace,ENG,1454.15
2001-09-01,Derby,ENG,1636.07
2001-09-01,Everton,ENG,1671.44
2001-09-01,Fulham,ENG,1638.83
2001-09-01,Gillingham,ENG,1482.84
2001-09-01,Grimsby,ENG,1436.77
2001-09-01,Ipswich,ENG,1728.64
2001-09-01,Leeds,ENG,1850.59
2001-09-01,Leicester,ENG,1611.6
2001-09-01,Liverpool,ENG,1862.75
2001-09-01,Man City,ENG,1596.5
2001-09-01,Man United,ENG,1868.27
2001-09-01,Middlesbrough,ENG,1666.41
2001-09-01,Millwall,ENG,1390.68
2001-09-01,Newcastle,ENG,1704.8
2001-09-01,Norwich,ENG,1474.56
2001-09-01,Nottm Forest,ENG,1495.03
2001-09-01,Portsmouth,ENG,1448.31
2001-09-01,Preston,ENG,1516.41
2001-09-01,Rotherham,ENG,1390.52
2001-09-01,Sheffield United,ENG,1497.75
2001-09-01,Sheffield Weds,ENG,1478.69
2001-09-01,Southampton,ENG,1661.0
2001-09-01,Stockport,ENG,1441.81
2001-09-01,Sunderland,ENG,1725.36
2001-09-01,Tottenham,ENG,1672.35
2001-09-01,Walsall,ENG,1400.87
2001-09-01,Watford,ENG,1486.76
2001-09-01,West Brom,ENG,1485.97
2001-09-01,West Ham,ENG,1657.0
2001-09-01,Wimbledon,ENG,1551.22
2001-09-01,Wolves,ENG,1508.9
2001-09-15,Arsenal,ENG,1819.36
2001-09-15,Aston Villa,ENG,1739.97
2001-09-15,Barnsley,ENG,1435.4
2001-09-15,Birmingham,ENG,1555.8
2001-09-15,Blackburn,ENG,1629.81
2001-09-15,Bolton,ENG,1648.16
2001-09-15,Bradford,ENG,1561.54
2001-09-15,Burnley,ENG,1523.17
2001-09-15,Charlton,ENG,1664.97
2001-09-15,Chelsea,ENG,1791.43
2001-09-15,Coventry,ENG,1571.08
2001-09-15,Crewe,ENG,1433.81
2001-09-15,Crystal Palace,ENG,1433.63
2001-09-15,Derby,ENG,1630.22
2001-09-15,Everton,ENG,1662.89
2001-09-15,Fulham,ENG,1637.43
2001-09-15,Gillingham,ENG,1471.48
2001-09-15,Grimsby,ENG,1452.41
2001-09-15,Ipswich,ENG,1723.06
2001-09-15,Leeds,ENG,1839.6
2001-09-15,Leicester,ENG,1608.51
2001-09-15,Liverpool,ENG,1832.55
2001-09-15,Man City,ENG,1574.46
2001-09-15,Man United,ENG,1868.16
2001-09-15,Middlesbrough,ENG,1646.66
2001-09-15,Millwall,ENG,1402.52
2001-09-15,Newcastle,ENG,1715.88
2001-09-15,Norwich,ENG,1477.09
2001-09-15,Nottm Forest,ENG,1483.83
2001-09-15,Portsmouth,ENG,1455.2
2001-09-15,Preston,ENG,1501.97
2001-09-15,Rotherham,ENG,1380.31
2001-09-15,Sheffield United,ENG,1493.25
2001-09-15,Sheffield Weds,ENG,1467.92
2001-09-15,Southampton,ENG,1648.24
2001-09-15,Stockport,ENG,1439.57
2001-09-15,Sunderland,ENG,1725.31
2001-09-15,Tottenham,ENG,1676.44
2001-09-15,Walsall,ENG,1391.02
2001-09-15,Watford,ENG,1495.57
2001-09-15,West Brom,ENG,1499.34
2001-09-15,West Ham,ENG,1654.18
2001-09-15,Wimbledon,ENG,1529.53
2001-09-15,Wolves,ENG,1514.67
2001-10-01,Arsenal,ENG,1824.61
2001-10-01,Aston Villa,ENG,1739.71
2001-10-01,Barnsley,ENG,1414.71
2001-10-01,Birmingham,ENG,1524.39
2001-10-01,Blackburn,ENG,1633.25
2001-10-01,Bolton,ENG,1635.53
2001-10-01,Bradford,ENG,1546.92
2001-10-01,Burnley,ENG,1520.39
2001-10-01,Charlton,ENG,1668.2
2001-10-01,Chelsea,ENG,1800.71
2001-10-01,Coventry,ENG,1594.6
2001-10-01,Crewe,ENG,1424.74
2001-10-01,Crystal Palace,ENG,1472.61
2001-10-01,Derby,ENG,1609.71
2001-10-01,Everton,ENG,1663.37
2001-10-01,Fulham,ENG,1634.56
2001-10-01,Gillingham,ENG,1461.82
2001-10-01,Grimsby,ENG,1424.82
2001-10-01,Ipswich,ENG,1709.62
2001-10-01,Leeds,ENG,1858.83
2001-10-01,Leicester,ENG,1597.7
2001-10-01,Liverpool,ENG,1857.0
2001-10-01,Man City,ENG,1573.9
2001-10-01,Man United,ENG,1870.69
2001-10-01,Middlesbrough,ENG,1655.71
2001-10-01,Millwall,ENG,1426.42
2001-10-01,Newcastle,ENG,1707.08
2001-10-01,Norwich,ENG,1474.62
2001-10-01,Nottm Forest,ENG,1498.78
2001-10-01,Portsmouth,ENG,1465.34
2001-10-01,Preston,ENG,1520.71
2001-10-01,Rotherham,ENG,1361.99
2001-10-01,Sheffield United,ENG,1474.45
2001-10-01,Sheffield Weds,ENG,1447.75
2001-10-01,Southampton,ENG,1661.07
2001-10-01,Stockport,ENG,1445.69
2001-10-01,Sunderland,ENG,1724.19
2001-10-01,Tottenham,ENG,1671.35
2001-10-01,Walsall,ENG,1370.28
2001-10-01,Watford,ENG,1468.49
2001-10-01,West Brom,ENG,1523.83
2001-10-01,West Ham,ENG,1644.52
2001-10-01,Wimbledon,ENG,1565.99
2001-10-01,Wolves,ENG,1545.95
2001-10-15,Arsenal,ENG,1837.4
2001-10-15,Aston Villa,ENG,1750.76
2001-10-15,Barnsley,ENG,1410.22
2001-10-15,Birmingham,ENG,1539.05
2001-10-15,Blackburn,ENG,1655.13
2001-10-15,Bolton,ENG,1625.23
2001-10-15,Bradford,ENG,1535.39
2001-10-15,Burnley,ENG,1518.46
2001-10-15,Charlton,ENG,1671.09
2001-10-15,Chelsea,ENG,1809.31
2001-10-15,Coventry,ENG,1604.01
2001-10-15,Crewe,ENG,1438.61
2001-10-15,Crystal Palace,ENG,1494.57
2001-10-15,Derby,ENG,1614.79
2001-10-15,Everton,ENG,1671.54
2001-10-15,Fulham,ENG,1633.67
2001-10-15,Gillingham,ENG,1453.42
2001-10-15,Grimsby,ENG,1406.72
2001-10-15,Ipswich,ENG,1711.61
2001-10-15,Leeds,ENG,1865.7
2001-10-15,Leicester,ENG,1599.27
2001-10-15,Liverpool,ENG,1860.29
2001-10-15,Man City,ENG,1573.93
2001-10-15,Man United,ENG,1897.11
2001-10-15,Middlesbrough,ENG,1662.98
2001-10-15,Millwall,ENG,1448.51
2001-10-15,Newcastle,ENG,1727.55
2001-10-15,Norwich,ENG,1480.39
2001-10-15,Nottm Forest,ENG,1510.87
2001-10-15,Portsmouth,ENG,1461.89
2001-10-15,Preston,ENG,1517.01
2001-10-15,Rotherham,ENG,1391.84
2001-10-15,Sheffield United,ENG,1487.57
2001-10-15,Sheffield Weds,ENG,1443.68
2001-10-15,Southampton,ENG,1658.44
2001-10-15,Stockport,ENG,1455.82
2001-10-15,Sunderland,ENG,1721.52
2001-10-15,Tottenham,ENG,1676.43
2001-10-15,Walsall,ENG,1383.83
2001-10-15,Watford,ENG,1481.64
2001-10-15,West Brom,ENG,1511.9
2001-10-15,West Ham,ENG,1632.8
2001-10-15,Wimbledon,ENG,1554.19
2001-10-15,Wolves,ENG,1567.64
2001-11-01,Arsenal,ENG,1827.1
2001-11-01,Aston Villa,ENG,1748.72
2001-11-01,Barnsley,ENG,1403.79
2001-11-01,Birmingham,ENG,1538.14
2001-11-01,Blackburn,ENG,1655.15
2001-11-01,Bolton,ENG,1633.54
2001-11-01,Bradford,ENG,1504.36
2001-11-01,Burnley,ENG,1508.1
2001-11-01,Charlton,ENG,1657.5
2001-11-01,Chelsea,ENG,1784.65
2001-11-01,Coventry,ENG,1610.16
2001-11-01,Crewe,ENG,1439.0
2001-11-01,Crystal Palace,ENG,1502.68
2001-11-01,Derby,ENG,1608.53
2001-11-01,Everton,ENG,1665.26
2001-11-01,Fulham,ENG,1638.44
2001-11-01,Gillingham,ENG,1447.89
2001-11-01,Grimsby,ENG,1389.87
2001-11-01,Ipswich,ENG,1693.39
2001-11-01,Leeds,ENG,1864.46
2001-11-01,Leicester,ENG,1594.91
2001-11-01,Liverpool,ENG,1881.51
2001-11-01,Man City,ENG,1575.92
2001-11-01,Man United,ENG,1873.84
2001-11-01,Middlesbrough,ENG,1666.07
2001-11-01,Millwall,ENG,1470.6
2001-11-01,Newcastle,ENG,1722.7
2001-11-01,Norwich,ENG,1491.31
2001-11-01,Nottm Forest,ENG,1504.51
2001-11-01,Portsmouth,ENG,1461.45
2001-11-01,Preston,ENG,1550.44
2001-11-01,Rotherham,ENG,1406.22
2001-11-01,Sheffield United,ENG,1465.04
2001-11-01,Sheffield Weds,ENG,1454.15
2001-11-01,Southampton,ENG,1639.0
2001-11-01,Stockport,ENG,1403.55
2001-11-01,Sunderland,ENG,1709.71
2001-11-01,Tottenham,ENG,1701.54
2001-11-01,Walsall,ENG,1391.38
2001-11-01,Watford,ENG,1490.91
2001-11-01,West Brom,ENG,1507.15
2001-11-01,West Ham,ENG,1661.97
2001-11-01,Wimbledon,ENG,1539.85
2001-11-01,Wolves,ENG,1557.04
2001-11-15,Arsenal,ENG,1804.82
2001-11-15,Aston Villa,ENG,1733.28
2001-11-15,Barnsley,ENG,1399.03
2001-11-15,Birmingham,ENG,1519.6
2001-11-15,Blackburn,ENG,1661.17
2001-11-15,Bolton,ENG,1629.51
2001-11-15,Bradford,ENG,1517.52
2001-11-15,Burnley,ENG,1515.19
2001-11-15,Charlton,ENG,1673.51
2001-11-15,Chelsea,ENG,1765.41
2001-11-15,Coventry,ENG,1596.97
2001-11-15,Crewe,ENG,1434.14
2001-11-15,Crystal Palace,ENG,1498.16
2001-11-15,Derby,ENG,1595.08
2001-11-15,Everton,ENG,1663.02
2001-11-15,Fulham,ENG,1649.66
2001-11-15,Gillingham,ENG,1440.53
2001-11-15,Grimsby,ENG,1386.92
2001-11-15,Ipswich,ENG,1696.56
2001-11-15,Leeds,ENG,1865.38
2001-11-15,Leicester,ENG,1601.12
2001-11-15,Liverpool,ENG,1886.95
2001-11-15,Man City,ENG,1578.79
2001-11-15,Man United,ENG,1862.12
2001-11-15,Middlesbrough,ENG,1673.24
2001-11-15,Millwall,ENG,1482.24
2001-11-15,Newcastle,ENG,1731.88
2001-11-15,Norwich,ENG,1483.41
2001-11-15,Nottm Forest,ENG,1481.98
2001-11-15,Portsmouth,ENG,1470.71
2001-11-15,Preston,ENG,1549.55
2001-11-15,Rotherham,ENG,1403.52
2001-11-15,Sheffield United,ENG,1458.39
2001-11-15,Sheffield Weds,ENG,1438.27
2001-11-15,Southampton,ENG,1626.7
2001-11-15,Stockport,ENG,1396.9
2001-11-15,Sunderland,ENG,1697.22
2001-11-15,Tottenham,ENG,1695.41
2001-11-15,Walsall,ENG,1402.58
2001-11-15,Watford,ENG,1484.96
2001-11-15,West Brom,ENG,1520.68
2001-11-15,West Ham,ENG,1644.47
2001-11-15,Wimbledon,ENG,1535.85
2001-11-15,Wolves,ENG,1542.3
2001-12-01,Arsenal,ENG,1807.0
2001-12-01,Aston Villa,ENG,1731.72
2001-12-01,Barnsley,ENG,1387.84
2001-12-01,Birmingham,ENG,1513.16
2001-12-01,Blackburn,ENG,1666.89
2001-12-01,Bolton,ENG,1636.42
2001-12-01,Bradford,ENG,1515.79
2001-12-01,Burnley,ENG,1531.87
2001-12-01,Charlton,ENG,1660.16
2001-12-01,Chelsea,ENG,1756.86
2001-12-01,Coventry,ENG,1571.86
2001-12-01,Crewe,ENG,1411.01
2001-12-01,Crystal Palace,ENG,1479.07
2001-12-01,Derby,ENG,1595.47
2001-12-01,Everton,ENG,1660.98
2001-12-01,Fulham,ENG,1659.91
2001-12-01,Gillingham,ENG,1470.4
2001-12-01,Grimsby,ENG,1381.41
2001-12-01,Ipswich,ENG,1687.92
2001-12-01,Leeds,ENG,1844.46
2001-12-01,Leicester,ENG,1595.38
2001-12-01,Liverpool,ENG,1866.83
2001-12-01,Man City,ENG,1569.75
2001-12-01,Man United,ENG,1855.66
2001-12-01,Middlesbrough,ENG,1672.0
2001-12-01,Millwall,ENG,1468.02
2001-12-01,Newcastle,ENG,1720.49
2001-12-01,Norwich,ENG,1473.11
2001-12-01,Nottm Forest,ENG,1486.77
2001-12-01,Portsmouth,ENG,1473.23
2001-12-01,Preston,ENG,1548.59
2001-12-01,Rotherham,ENG,1406.79
2001-12-01,Sheffield United,ENG,1479.1
2001-12-01,Sheffield Weds,ENG,1451.82
2001-12-01,Southampton,ENG,1623.91
2001-12-01,Stockport,ENG,1379.25
2001-12-01,Sunderland,ENG,1706.07
2001-12-01,Tottenham,ENG,1702.0
2001-12-01,Walsall,ENG,1391.61
2001-12-01,Watford,ENG,1492.93
2001-12-01,West Brom,ENG,1514.85
2001-12-01,West Ham,ENG,1635.71
2001-12-01,Wimbledon,ENG,1515.94
2001-12-01,Wolves,ENG,1549.5
2001-12-15,Arsenal,ENG,1827.97
2001-12-15,Aston Villa,ENG,1708.68
2001-12-15,Barnsley,ENG,1415.08
2001-12-15,Birmingham,ENG,1529.84
2001-12-15,Blackburn,ENG,1652.06
2001-12-15,Bolton,ENG,1624.16
2001-12-15,Bradford,ENG,1510.81
2001-12-15,Burnley,ENG,1549.8
2001-12-15,Charlton,ENG,1682.37
2001-12-15,Chelsea,ENG,1765.36
2001-12-15,Coventry,ENG,1554.53
2001-12-15,Crewe,ENG,1434.93
2001-12-15,Crystal Palace,ENG,1474.18
2001-12-15,Derby,ENG,1594.32
2001-12-15,Everton,ENG,1659.25
2001-12-15,Fulham,ENG,1678.96
2001-12-15,Gillingham,ENG,1472.54
2001-12-15,Grimsby,ENG,1377.05
2001-12-15,Ipswich,ENG,1655.87
2001-12-15,Leeds,ENG,1845.7
2001-12-15,Leicester,ENG,1594.69
2001-12-15,Liverpool,ENG,1870.19
2001-12-15,Man City,ENG,1580.23
2001-12-15,Man United,ENG,1829.54
2001-12-15,Middlesbrough,ENG,1677.73
2001-12-15,Millwall,ENG,1478.49
2001-12-15,Newcastle,ENG,1728.84
2001-12-15,Norwich,ENG,1471.13
2001-12-15,Nottm Forest,ENG,1482.53
2001-12-15,Portsmouth,ENG,1442.76
2001-12-15,Preston,ENG,1538.84
2001-12-15,Rotherham,ENG,1408.82
2001-12-15,Sheffield United,ENG,1485.96
2001-12-15,Sheffield Weds,ENG,1437.37
2001-12-15,Southampton,ENG,1635.11
2001-12-15,Stockport,ENG,1364.34
2001-12-15,Sunderland,ENG,1710.29
2001-12-15,Tottenham,ENG,1696.55
2001-12-15,Walsall,ENG,1373.29
2001-12-15,Watford,ENG,1511.17
2001-12-15,West Brom,ENG,1522.19
2001-12-15,West Ham,ENG,1645.51
2001-12-15,Wimbledon,ENG,1514.71
2001-12-15,Wolves,ENG,1530.39
2002-01-01,Arsenal,ENG,1827.41
2002-01-01,Aston Villa,ENG,1691.96
2002-01-01,Barnsley,ENG,1440.54
2002-01-01,Birmingham,ENG,1542.79
2002-01-01,Blackburn,ENG,1635.54
2002-01-01,Bolton,ENG,1607.76
2002-01-01,Bradford,ENG,1473.74
2002-01-01,Burnley,ENG,1537.77
2002-01-01,Charlton,ENG,1685.52
2002-01-01,Chelsea,ENG,1793.26
2002-01-01,Coventry,ENG,1550.25
2002-01-01,Crewe,ENG,1421.29
2002-01-01,Crystal Palace,ENG,1467.17
2002-01-01,Derby,ENG,1603.92
2002-01-01,Everton,ENG,1632.87
2002-01-01,Fulham,ENG,1659.83
2002-01-01,Gillingham,ENG,1480.57
2002-01-01,Grimsby,ENG,1375.99
2002-01-01,Ipswich,ENG,1686.05
2002-01-01,Leeds,ENG,1842.06
2002-01-01,Leicester,ENG,1596.79
2002-01-01,Liverpool,ENG,1844.24
2002-01-01,Man City,ENG,1593.53
2002-01-01,Man United,ENG,1853.12
2002-01-01,Middlesbrough,ENG,1661.73
2002-01-01,Millwall,ENG,1499.1
2002-01-01,Newcastle,ENG,1760.21
2002-01-01,Norwich,ENG,1500.01
2002-01-01,Nottm Forest,ENG,1496.39
2002-01-01,Portsmouth,ENG,1429.31
2002-01-01,Preston,ENG,1524.19
2002-01-01,Rotherham,ENG,1420.66
2002-01-01,Sheffield United,ENG,1486.51
2002-01-01,Sheffield Weds,ENG,1409.68
2002-01-01,Southampton,ENG,1643.68
2002-01-01,Stockport,ENG,1336.06
2002-01-01,Sunderland,ENG,1702.33
2002-01-01,Tottenham,ENG,1691.78
2002-01-01,Walsall,ENG,1379.53
2002-01-01,Watford,ENG,1526.24
2002-01-01,West Brom,ENG,1513.54
2002-01-01,West Ham,ENG,1663.1
2002-01-01,Wimbledon,ENG,1522.56
2002-01-01,Wolves,ENG,1533.58
2002-01-15,Arsenal,ENG,1825.23
2002-01-15,Aston Villa,ENG,1698.43
2002-01-15,Barnsley,ENG,1440.44
2002-01-15,Birmingham,ENG,1540.85
2002-01-15,Blackburn,ENG,1644.14
2002-01-15,Bolton,ENG,1617.43
2002-01-15,Bradford,ENG,1481.09
2002-01-15,Burnley,ENG,1539.25
2002-01-15,Charlton,ENG,1678.25
2002-01-15,Chelsea,ENG,1771.91
2002-01-15,Coventry,ENG,1540.54
2002-01-15,Crewe,ENG,1414.6
2002-01-15,Crystal Palace,ENG,1473.28
2002-01-15,Derby,ENG,1591.34
2002-01-15,Everton,ENG,1635.4
2002-01-15,Fulham,ENG,1674.69
2002-01-15,Gillingham,ENG,1470.89
2002-01-15,Grimsby,ENG,1381.72
2002-01-15,Ipswich,ENG,1686.46
2002-01-15,Leeds,ENG,1834.69
2002-01-15,Leicester,ENG,1591.87
2002-01-15,Liverpool,ENG,1823.75
2002-01-15,Man City,ENG,1608.62
2002-01-15,Man United,ENG,1866.2
2002-01-15,Middlesbrough,ENG,1660.86
2002-01-15,Millwall,ENG,1515.52
2002-01-15,Newcastle,ENG,1766.42
2002-01-15,Norwich,ENG,1489.67
2002-01-15,Nottm Forest,ENG,1496.02
2002-01-15,Portsmouth,ENG,1421.96
2002-01-15,Preston,ENG,1530.2
2002-01-15,Rotherham,ENG,1421.27
2002-01-15,Sheffield United,ENG,1486.47
2002-01-15,Sheffield Weds,ENG,1416.37
2002-01-15,Southampton,ENG,1670.83
2002-01-15,Stockport,ENG,1324.37
2002-01-15,Sunderland,ENG,1691.93
2002-01-15,Tottenham,ENG,1690.04
2002-01-15,Walsall,ENG,1378.49
2002-01-15,Watford,ENG,1507.95
2002-01-15,West Brom,ENG,1517.07
2002-01-15,West Ham,ENG,1663.29
2002-01-15,Wimbledon,ENG,1521.08
2002-01-15,Wolves,ENG,1543.29
2002-02-01,Arsenal,ENG,1837.78
2002-02-01,Aston Villa,ENG,1703.99
2002-02-01,Barnsley,ENG,1448.69
2002-02-01,Birmingham,ENG,1519.63
2002-02-01,Blackburn,ENG,1637.22
2002-02-01,Bolton,ENG,1613.1
2002-02-01,Bradford,ENG,1473.34
2002-02-01,Burnley,ENG,1526.46
2002-02-01,Charlton,ENG,1673.45
2002-02-01,Chelsea,ENG,1790.58
2002-02-01,Coventry,ENG,1545.8
2002-02-01,Crewe,ENG,1430.53
2002-02-01,Crystal Palace,ENG,1476.43
2002-02-01,Derby,ENG,1576.66
2002-02-01,Everton,ENG,1642.53
2002-02-01,Fulham,ENG,1671.25
2002-02-01,Gillingham,ENG,1473.14
2002-02-01,Grimsby,ENG,1376.77
2002-02-01,Ipswich,ENG,1702.67
2002-02-01,Leeds,ENG,1821.72
2002-02-01,Leicester,ENG,1587.07
2002-02-01,Liverpool,ENG,1831.15
2002-02-01,Man City,ENG,1621.29
2002-02-01,Man United,ENG,1864.86
2002-02-01,Middlesbrough,ENG,1668.23
2002-02-01,Millwall,ENG,1516.41
2002-02-01,Newcastle,ENG,1774.06
2002-02-01,Norwich,ENG,1480.63
2002-02-01,Nottm Forest,ENG,1486.01
2002-02-01,Portsmouth,ENG,1427.06
2002-02-01,Preston,ENG,1520.09
2002-02-01,Rotherham,ENG,1411.55
2002-02-01,Sheffield United,ENG,1481.36
2002-02-01,Sheffield Weds,ENG,1432.5
2002-02-01,Southampton,ENG,1684.72
2002-02-01,Stockport,ENG,1336.62
2002-02-01,Sunderland,ENG,1678.86
2002-02-01,Tottenham,ENG,1676.03
2002-02-01,Walsall,ENG,1385.44
2002-02-01,Watford,ENG,1497.99
2002-02-01,West Brom,ENG,1527.26
2002-02-01,West Ham,ENG,1647.21
2002-02-01,Wimbledon,ENG,1525.15
2002-02-01,Wolves,ENG,1540.84
2002-02-15,Arsenal,ENG,1836.68
2002-02-15,Aston Villa,ENG,1705.78
2002-02-15,Barnsley,ENG,1450.27
2002-02-15,Birmingham,ENG,1519.63
2002-02-15,Blackburn,ENG,1620.6
2002-02-15,Bolton,ENG,1617.6
2002-02-15,Bradford,ENG,1480.4
2002-02-15,Burnley,ENG,1521.64
2002-02-15,Charlton,ENG,1668.72
2002-02-15,Chelsea,ENG,1794.27
2002-02-15,Coventry,ENG,1554.58
2002-02-15,Crewe,ENG,1415.5
2002-02-15,Crystal Palace,ENG,1477.06
2002-02-15,Derby,ENG,1578.21
2002-02-15,Everton,ENG,1630.06
2002-02-15,Fulham,ENG,1678.35
2002-02-15,Gillingham,ENG,1484.36
2002-02-15,Grimsby,ENG,1364.13
2002-02-15,Ipswich,ENG,1696.19
2002-02-15,Leeds,ENG,1800.79
2002-02-15,Leicester,ENG,1577.91
2002-02-15,Liverpool,ENG,1864.41
2002-02-15,Man City,ENG,1617.16
2002-02-15,Man United,ENG,1875.9
2002-02-15,Middlesbrough,ENG,1668.79
2002-02-15,Millwall,ENG,1520.5
2002-02-15,Newcastle,ENG,1783.47
2002-02-15,Norwich,ENG,1481.82
2002-02-15,Nottm Forest,ENG,1485.04
2002-02-15,Portsmouth,ENG,1420.43
2002-02-15,Preston,ENG,1521.65
2002-02-15,Rotherham,ENG,1407.4
2002-02-15,Sheffield United,ENG,1480.1
2002-02-15,Sheffield Weds,ENG,1429.81
2002-02-15,Southampton,ENG,1683.89
2002-02-15,Stockport,ENG,1323.65
2002-02-15,Sunderland,ENG,1681.43
2002-02-15,Tottenham,ENG,1671.81
2002-02-15,Walsall,ENG,1375.2
2002-02-15,Watford,ENG,1494.53
2002-02-15,West Brom,ENG,1546.23
2002-02-15,West Ham,ENG,1648.31
2002-02-15,Wimbledon,ENG,1534.06
2002-02-15,Wolves,ENG,1555.82
2002-03-01,Arsenal,ENG,1848.42
2002-03-01,Aston Villa,ENG,1699.56
2002-03-01,Barnsley,ENG,1419.68
2002-03-01,Birmingham,ENG,1536.3
2002-03-01,Blackburn,ENG,1617.38
2002-03-01,Bolton,ENG,1617.9
2002-03-01,Bradford,ENG,1495.87
2002-03-01,Burnley,ENG,1511.45
2002-03-01,Charlton,ENG,1670.52
2002-03-01,Chelsea,ENG,1791.05
2002-03-01,Coventry,ENG,1551.62
2002-03-01,Crewe,ENG,1395.66
2002-03-01,Crystal Palace,ENG,1481.88
2002-03-01,Derby,ENG,1591.54
2002-03-01,Everton,ENG,1633.65
2002-03-01,Fulham,ENG,1662.83
2002-03-01,Gillingham,ENG,1454.47
2002-03-01,Grimsby,ENG,1382.56
2002-03-01,Ipswich,ENG,1692.97
2002-03-01,Leeds,ENG,1778.29
2002-03-01,Leicester,ENG,1558.14
2002-03-01,Liverpool,ENG,1846.8
2002-03-01,Man City,ENG,1614.59
2002-03-01,Man United,ENG,1878.92
2002-03-01,Middlesbrough,ENG,1665.35
2002-03-01,Millwall,ENG,1515.11
2002-03-01,Newcastle,ENG,1787.01
2002-03-01,Norwich,ENG,1484.65
2002-03-01,Nottm Forest,ENG,1473.4
2002-03-01,Portsmouth,ENG,1417.12
2002-03-01,Preston,ENG,1513.12
2002-03-01,Rotherham,ENG,1425.55
2002-03-01,Sheffield United,ENG,1476.98
2002-03-01,Sheffield Weds,ENG,1418.91
2002-03-01,Southampton,ENG,1677.15
2002-03-01,Stockport,ENG,1306.86
2002-03-01,Sunderland,ENG,1671.45
2002-03-01,Tottenham,ENG,1668.59
2002-03-01,Walsall,ENG,1369.36
2002-03-01,Watford,ENG,1487.44
2002-03-01,West Brom,ENG,1536.76
2002-03-01,West Ham,ENG,1652.29
2002-03-01,Wimbledon,ENG,1534.15
2002-03-01,Wolves,ENG,1580.25
2002-03-15,Arsenal,ENG,1839.0
2002-03-15,Aston Villa,ENG,1683.96
2002-03-15,Barnsley,ENG,1405.31
2002-03-15,Birmingham,ENG,1527.51
2002-03-15,Blackburn,ENG,1635.85
2002-03-15,Bolton,ENG,1604.83
2002-03-15,Bradford,ENG,1444.54
2002-03-15,Burnley,ENG,1499.86
2002-03-15,Charlton,ENG,1672.43
2002-03-15,Chelsea,ENG,1787.09
2002-03-15,Coventry,ENG,1548.67
2002-03-15,Crewe,ENG,1405.39
2002-03-15,Crystal Palace,ENG,1444.58
2002-03-15,Derby,ENG,1589.62
2002-03-15,Everton,ENG,1624.07
2002-03-15,Fulham,ENG,1646.1
2002-03-15,Gillingham,ENG,1449.79
2002-03-15,Grimsby,ENG,1384.83
2002-03-15,Ipswich,ENG,1659.7
2002-03-15,Leeds,ENG,1776.03
2002-03-15,Leicester,ENG,1549.85
2002-03-15,Liverpool,ENG,1859.64
2002-03-15,Man City,ENG,1636.01
2002-03-15,Man United,ENG,1868.87
2002-03-15,Middlesbrough,ENG,1666.06
2002-03-15,Millwall,ENG,1499.53
2002-03-15,Newcastle,ENG,1762.12
2002-03-15,Norwich,ENG,1472.7
2002-03-15,Nottm Forest,ENG,1476.68
2002-03-15,Portsmouth,ENG,1419.83
2002-03-15,Preston,ENG,1511.99
2002-03-15,Rotherham,ENG,1410.53
2002-03-15,Sheffield United,ENG,1471.16
2002-03-15,Sheffield Weds,ENG,1420.81
2002-03-15,Southampton,ENG,1682.89
2002-03-15,Stockport,ENG,1299.81
2002-03-15,Sunderland,ENG,1664.37
2002-03-15,Tottenham,ENG,1656.73
2002-03-15,Walsall,ENG,1378.69
2002-03-15,Watford,ENG,1486.16
2002-03-15,West Brom,ENG,1536.87
2002-03-15,West Ham,ENG,1647.09
2002-03-15,Wimbledon,ENG,1533.31
2002-03-15,Wolves,ENG,1578.52
2002-04-01,Arsenal,ENG,1849.06
2002-04-01,Aston Villa,ENG,1676.26
2002-04-01,Barnsley,ENG,1411.01
2002-04-01,Birmingham,ENG,1550.2
2002-04-01,Blackburn,ENG,1627.27
2002-04-01,Bolton,ENG,1615.71
2002-04-01,Bradford,ENG,1464.0
2002-04-01,Burnley,ENG,1487.35
2002-04-01,Charlton,ENG,1671.03
2002-04-01,Chelsea,ENG,1797.4
2002-04-01,Coventry,ENG,1529.18
2002-04-01,Crewe,ENG,1400.45
2002-04-01,Crystal Palace,ENG,1448.38
2002-04-01,Derby,ENG,1597.18
2002-04-01,Everton,ENG,1637.37
2002-04-01,Fulham,ENG,1633.85
2002-04-01,Gillingham,ENG,1464.97
2002-04-01,Grimsby,ENG,1416.28
2002-04-01,Ipswich,ENG,1657.86
2002-04-01,Leeds,ENG,1784.36
2002-04-01,Leicester,ENG,1562.61
2002-04-01,Liverpool,ENG,1884.77
2002-04-01,Man City,ENG,1630.44
2002-04-01,Man United,ENG,1884.0
2002-04-01,Middlesbrough,ENG,1678.25
2002-04-01,Millwall,ENG,1483.48
2002-04-01,Newcastle,ENG,1770.22
2002-04-01,Norwich,ENG,1485.72
2002-04-01,Nottm Forest,ENG,1458.46
2002-04-01,Portsmouth,ENG,1418.43
2002-04-01,Preston,ENG,1518.44
2002-04-01,Rotherham,ENG,1414.58
2002-04-01,Sheffield United,ENG,1481.85
2002-04-01,Sheffield Weds,ENG,1447.63
2002-04-01,Southampton,ENG,1680.59
2002-04-01,Stockport,ENG,1304.29
2002-04-01,Sunderland,ENG,1655.69
2002-04-01,Tottenham,ENG,1667.94
2002-04-01,Walsall,ENG,1383.9
2002-04-01,Watford,ENG,1489.7
2002-04-01,West Brom,ENG,1573.44
2002-04-01,West Ham,ENG,1656.12
2002-04-01,Wimbledon,ENG,1525.01
2002-04-01,Wolves,ENG,1572.94
2002-04-15,Arsenal,ENG,1861.69
2002-04-15,Aston Villa,ENG,1664.91
2002-04-15,Barnsley,ENG,1405.68
2002-04-15,Birmingham,ENG,1547.84
2002-04-15,Blackburn,ENG,1641.73
2002-04-15,Bolton,ENG,1621.6
2002-04-15,Bradford,ENG,1460.69
2002-04-15,Burnley,ENG,1484.94
2002-04-15,Charlton,ENG,1652.99
2002-04-15,Chelsea,ENG,1799.22
2002-04-15,Coventry,ENG,1497.95
2002-04-15,Crewe,ENG,1390.93
2002-04-15,Crystal Palace,ENG,1461.95
2002-04-15,Derby,ENG,1579.04
2002-04-15,Everton,ENG,1636.87
2002-04-15,Fulham,ENG,1631.18
2002-04-15,Gillingham,ENG,1455.64
2002-04-15,Grimsby,ENG,1431.88
2002-04-15,Ipswich,ENG,1647.93
2002-04-15,Leeds,ENG,1788.49
2002-04-15,Leicester,ENG,1561.11
2002-04-15,Liverpool,ENG,1878.45
2002-04-15,Man City,ENG,1654.08
2002-04-15,Man United,ENG,1901.84
2002-04-15,Middlesbrough,ENG,1693.14
2002-04-15,Millwall,ENG,1502.97
2002-04-15,Newcastle,ENG,1770.01
2002-04-15,Norwich,ENG,1502.72
2002-04-15,Nottm Forest,ENG,1457.7
2002-04-15,Portsmouth,ENG,1416.0
2002-04-15,Preston,ENG,1512.68
2002-04-15,Rotherham,ENG,1423.26
2002-04-15,Sheffield United,ENG,1479.3
2002-04-15,Sheffield Weds,ENG,1422.5
2002-04-15,Southampton,ENG,1678.56
2002-04-15,Stockport,ENG,1325.04
2002-04-15,Sunderland,ENG,1651.21
2002-04-15,Tottenham,ENG,1673.54
2002-04-15,Walsall,ENG,1413.11
2002-04-15,Watford,ENG,1471.4
2002-04-15,West Brom,ENG,1584.19
2002-04-15,West Ham,ENG,1677.07
2002-04-15,Wimbledon,ENG,1527.82
2002-04-15,Wolves,ENG,1554.13
2002-05-01,Arsenal,ENG,1871.45
2002-05-01,Aston Villa,ENG,1668.09
2002-05-01,Barnsley,ENG,1415.61
2002-05-01,Birmingham,ENG,1549.06
2002-05-01,Blackburn,ENG,1666.2
2002-05-01,Bolton,ENG,1603.89
2002-05-01,Bradford,ENG,1458.83
2002-05-01,Burnley,ENG,1489.43
2002-05-01,Charlton,ENG,1642.12
2002-05-01,Chelsea,ENG,1794.48
2002-05-01,Coventry,ENG,1488.82
2002-05-01,Crewe,ENG,1398.88
2002-05-01,Crystal Palace,ENG,1454.27
2002-05-01,Derby,ENG,1569.83
2002-05-01,Everton,ENG,1635.9
2002-05-01,Fulham,ENG,1648.13
2002-05-01,Gillingham,ENG,1463.27
2002-05-01,Grimsby,ENG,1422.66
2002-05-01,Ipswich,ENG,1646.09
2002-05-01,Leeds,ENG,1777.48
2002-05-01,Leicester,ENG,1564.18
2002-05-01,Liverpool,ENG,1866.54
2002-05-01,Man City,ENG,1654.61
2002-05-01,Man United,ENG,1908.38
2002-05-01,Middlesbrough,ENG,1658.17
2002-05-01,Millwall,ENG,1511.01
2002-05-01,Newcastle,ENG,1778.6
2002-05-01,Norwich,ENG,1516.21
2002-05-01,Nottm Forest,ENG,1450.16
2002-05-01,Portsmouth,ENG,1410.85
2002-05-01,Preston,ENG,1515.58
2002-05-01,Rotherham,ENG,1410.68
2002-05-01,Sheffield United,ENG,1469.98
2002-05-01,Sheffield Weds,ENG,1422.28
2002-05-01,Southampton,ENG,1659.01
2002-05-01,Stockport,ENG,1318.68
2002-05-01,Sunderland,ENG,1640.9
2002-05-01,Tottenham,ENG,1683.33
2002-05-01,Walsall,ENG,1410.33
2002-05-01,Watford,ENG,1459.14
2002-05-01,West Brom,ENG,1587.25
2002-05-01,West Ham,ENG,1674.98
2002-05-01,Wimbledon,ENG,1507.46
2002-05-01,Wolves,ENG,1543.75
2002-05-15,Arsenal,ENG,1882.89
2002-05-15,Aston Villa,ENG,1685.54
2002-05-15,Barnsley,ENG,1414.82
2002-05-15,Birmingham,ENG,1559.81
2002-05-15,Blackburn,ENG,1673.33
2002-05-15,Bolton,ENG,1598.37
2002-05-15,Bradford,ENG,1458.04
2002-05-15,Burnley,ENG,1488.64
2002-05-15,Charlton,ENG,1648.57
2002-05-15,Chelsea,ENG,1775.44
2002-05-15,Coventry,ENG,1488.03
2002-05-15,Crewe,ENG,1398.08
2002-05-15,Crystal Palace,ENG,1453.47
2002-05-15,Derby,ENG,1572.78
2002-05-15,Everton,ENG,1633.16
2002-05-15,Fulham,ENG,1636.85
2002-05-15,Gillingham,ENG,1462.47
2002-05-15,Grimsby,ENG,1421.87
2002-05-15,Ipswich,ENG,1640.24
2002-05-15,Leeds,ENG,1780.52
2002-05-15,Leicester,ENG,1572.78
2002-05-15,Liverpool,ENG,1873.36
2002-05-15,Man City,ENG,1653.81
2002-05-15,Man United,ENG,1887.8
2002-05-15,Middlesbrough,ENG,1653.53
2002-05-15,Millwall,ENG,1497.54
2002-05-15,Newcastle,ENG,1764.67
2002-05-15,Norwich,ENG,1517.36
2002-05-15,Nottm Forest,ENG,1449.37
2002-05-15,Portsmouth,ENG,1410.05
2002-05-15,Preston,ENG,1514.79
2002-05-15,Rotherham,ENG,1409.89
2002-05-15,Sheffield United,ENG,1469.18
2002-05-15,Sheffield Weds,ENG,1421.48
2002-05-15,Southampton,ENG,1671.35
2002-05-15,Stockport,ENG,1317.89
2002-05-15,Sunderland,ENG,1636.36
2002-05-15,Tottenham,ENG,1673.14
2002-05-15,Walsall,ENG,1409.54
2002-05-15,Watford,ENG,1458.35
2002-05-15,West Brom,ENG,1586.45
2002-05-15,West Ham,ENG,1678.91
2002-05-15,Wimbledon,ENG,1506.66
2002-05-15,Wolves,ENG,1542.13
2002-06-01,Arsenal,ENG,1882.89
2002-06-01,Aston Villa,ENG,1685.54
2002-06-01,Barnsley,ENG,1414.82
2002-06-01,Birmingham,ENG,1559.81
2002-06-01,Blackburn,ENG,1673.33
2002-06-01,Bolton,ENG,1598.37
2002-06-01,Bradford,ENG,1458.04
2002-06-01,Burnley,ENG,1488.64
2002-06-01,Charlton,ENG,1648.57
2002-06-01,Chelsea,ENG,1775.44
2002-06-01,Coventry,ENG,1488.03
2002-06-01,Crewe,ENG,1398.08
2002-06-01,Crystal Palace,ENG,1453.47
2002-06-01,Derby,ENG,1572.78
2002-06-01,Everton,ENG,1633.16
2002-06-01,Fulham,ENG,1636.85
2002-06-01,Gillingham,ENG,1462.47
2002-06-01,Grimsby,ENG,1421.87
2002-06-01,Ipswich,ENG,1640.24
2002-06-01,Leeds,ENG,1780.52
2002-06-01,Leicester,ENG,1572.78
2002-06-01,Liverpool,ENG,1873.36
2002-06-01,Man City,ENG,1653.81
2002-06-01,Man United,ENG,1887.8
2002-06-01,Middlesbrough,ENG,1653.53
2002-06-01,Millwall,ENG,1497.54
2002-06-01,Newcastle,ENG,1764.67
2002-06-01,Norwich,ENG,1517.36
2002-06-01,Nottm Forest,ENG,1449.37
2002-06-01,Portsmouth,ENG,1410.05
2002-06-01,Preston,ENG,1514.79
2002-06-01,Rotherham,ENG,1409.89
2002-06-01,Sheffield United,ENG,1469.18
2002-06-01,Sheffield Weds,ENG,1421.48
2002-06-01,Southampton,ENG,1671.35
2002-06-01,Stockport,ENG,1317.89
2002-06-01,Sunderland,ENG,1636.36
2002-06-01,Tottenham,ENG,1673.14
2002-06-01,Walsall,ENG,1409.54
2002-06-01,Watford,ENG,1458.35
2002-06-01,West Brom,ENG,1586.45
2002-06-01,West Ham,ENG,1678.91
2002-06-01,Wimbledon,ENG,1506.66
2002-06-01,Wolves,ENG,1542.13
2002-06-15,Arsenal,ENG,1882.89
2002-06-15,Aston Villa,ENG,1685.54
2002-06-15,Barnsley,ENG,1414.82
2002-06-15,Birmingham,ENG,1559.81
2002-06-15,Blackburn,ENG,1673.33
2002-06-15,Bolton,ENG,1598.37
2002-06-15,Bradford,ENG,1458.04
2002-06-15,Burnley,ENG,1488.64
2002-06-15,Charlton,ENG,1648.57
2002-06-15,Chelsea,ENG,1775.44
2002-06-15,Coventry,ENG,1488.03
2002-06-15,Crewe,ENG,1398.08
2002-06-15,Crystal Palace,ENG,1453.47
2002-06-15,Derby,ENG,1572.78
2002-06-15,Everton,ENG,1633.16
2002-06-15,Fulham,ENG,1636.85
2002-06-15,Gillingham,ENG,1462.47
2002-06-15,Grimsby,ENG,1421.87
2002-06-15,Ipswich,ENG,1640.24
2002-06-15,Leeds,ENG,1780.52
2002-06-15,Leicester,ENG,1572.78
2002-06-15,Liverpool,ENG,1873.36
2002-06-15,Man City,ENG,1653.81
2002-06-15,Man United,ENG,1887.8
2002-06-15,Middlesbrough,ENG,1653.53
2002-06-15,Millwall,ENG,1497.54
2002-06-15,Newcastle,ENG,1764.67
2002-06-15,Norwich,ENG,1517.36
2002-06-15,Nottm Forest,ENG,1449.37
2002-06-15,Portsmouth,ENG,1410.05
2002-06-15,Preston,ENG,1514.79
2002-06-15,Rotherham,ENG,1409.89
2002-06-15,Sheffield United,ENG,1469.18
2002-06-15,Sheffield Weds,ENG,1421.48
2002-06-15,Southampton,ENG,1671.35
2002-06-15,Stockport,ENG,1317.89
2002-06-15,Sunderland,ENG,1636.36
2002-06-15,Tottenham,ENG,1673.14
2002-06-15,Walsall,ENG,1409.54
2002-06-15,Watford,ENG,1458.35
2002-06-15,West Brom,ENG,1586.45
2002-06-15,West Ham,ENG,1678.91
2002-06-15,Wimbledon,ENG,1506.66
2002-06-15,Wolves,ENG,1542.13
2002-07-01,Arsenal,ENG,1882.89
2002-07-01,Aston Villa,ENG,1685.54
2002-07-01,Barnsley,ENG,1414.82
2002-07-01,Birmingham,ENG,1559.81
2002-07-01,Blackburn,ENG,1673.33
2002-07-01,Bolton,ENG,1598.37
2002-07-01,Bradford,ENG,1458.04
2002-07-01,Brighton,ENG,1400.35
2002-07-01,Burnley,ENG,1488.64
2002-07-01,Charlton,ENG,1648.57
2002-07-01,Chelsea,ENG,1775.44
2002-07-01,Coventry,ENG,1488.03
2002-07-01,Crewe,ENG,1398.08
2002-07-01,Crystal Palace,ENG,1453.47
2002-07-01,Derby,ENG,1572.78
2002-07-01,Everton,ENG,1633.16
2002-07-01,Fulham,ENG,1636.85
2002-07-01,Gillingham,ENG,1462.47
2002-07-01,Grimsby,ENG,1421.87
2002-07-01,Ipswich,ENG,1640.24
2002-07-01,Leeds,ENG,1780.52
2002-07-01,Leicester,ENG,1572.78
2002-07-01,Liverpool,ENG,1873.36
2002-07-01,Man City,ENG,1653.81
2002-07-01,Man United,ENG,1887.8
2002-07-01,Middlesbrough,ENG,1653.53
2002-07-01,Millwall,ENG,1497.54
2002-07-01,Newcastle,ENG,1764.67
2002-07-01,Norwich,ENG,1517.36
2002-07-01,Nottm Forest,ENG,1449.37
2002-07-01,Portsmouth,ENG,1410.05
2002-07-01,Preston,ENG,1514.79
2002-07-01,Reading,ENG,1400.35
2002-07-01,Rotherham,ENG,1409.89
2002-07-01,Sheffield United,ENG,1469.18
2002-07-01,Sheffield Weds,ENG,1421.48
2002-07-01,Southampton,ENG,1671.35
2002-07-01,Stockport,ENG,1317.89
2002-07-01,Stoke,ENG,1400.35
2002-07-01,Sunderland,ENG,1636.36
2002-07-01,Tottenham,ENG,1673.14
2002-07-01,Walsall,ENG,1409.54
2002-07-01,Watford,ENG,1458.35
2002-07-01,West Brom,ENG,1586.45
2002-07-01,West Ham,ENG,1678.91
2002-07-01,Wimbledon,ENG,1506.66
2002-07-01,Wolves,ENG,1542.13
2002-07-15,Arsenal,ENG,1882.89
2002-07-15,Aston Villa,ENG,1685.54
2002-07-15,Birmingham,ENG,1559.81
2002-07-15,Blackburn,ENG,1673.33
2002-07-15,Bolton,ENG,1598.37
2002-07-15,Bradford,ENG,1458.04
2002-07-15,Brighton,ENG,1400.35
2002-07-15,Burnley,ENG,1488.64
2002-07-15,Charlton,ENG,1648.57
2002-07-15,Chelsea,ENG,1775.44
2002-07-15,Coventry,ENG,1488.03
2002-07-15,Crystal Palace,ENG,1453.47
2002-07-15,Derby,ENG,1572.78
2002-07-15,Everton,ENG,1633.16
2002-07-15,Fulham,ENG,1636.85
2002-07-15,Gillingham,ENG,1462.47
2002-07-15,Grimsby,ENG,1421.87
2002-07-15,Ipswich,ENG,1640.24
2002-07-15,Leeds,ENG,1780.52
2002-07-15,Leicester,ENG,1572.78
2002-07-15,Liverpool,ENG,1873.36
2002-07-15,Man City,ENG,1653.81
2002-07-15,Man United,ENG,1887.8
2002-07-15,Middlesbrough,ENG,1653.53
2002-07-15,Millwall,ENG,1497.54
2002-07-15,Newcastle,ENG,1764.67
2002-07-15,Norwich,ENG,1517.36
2002-07-15,Nottm Forest,ENG,1449.37
2002-07-15,Portsmouth,ENG,1410.05
2002-07-15,Preston,ENG,1514.79
2002-07-15,Reading,ENG,1400.35
2002-07-15,Rotherham,ENG,1409.89
2002-07-15,Sheffield United,ENG,1469.18
2002-07-15,Sheffield Weds,ENG,1421.48
2002-07-15,Southampton,ENG,1671.35
2002-07-15,Stoke,ENG,1400.35
2002-07-15,Sunderland,ENG,1636.36
2002-07-15,Tottenham,ENG,1673.14
2002-07-15,Walsall,ENG,1409.54
2002-07-15,Watford,ENG,1458.35
2002-07-15,West Brom,ENG,1586.45
2002-07-15,West Ham,ENG,1678.91
2002-07-15,Wimbledon,ENG,1506.66
2002-07-15,Wolves,ENG,1542.13
2002-08-01,Arsenal,ENG,1882.89
2002-08-01,Aston Villa,ENG,1685.54
2002-08-01,Birmingham,ENG,1559.81
2002-08-01,Blackburn,ENG,1673.33
2002-08-01,Bolton,ENG,1598.37
2002-08-01,Bradford,ENG,1458.04
2002-08-01,Brighton,ENG,1400.35
2002-08-01,Burnley,ENG,1488.64
2002-08-01,Charlton,ENG,1648.57
2002-08-01,Chelsea,ENG,1775.44
2002-08-01,Coventry,ENG,1488.03
2002-08-01,Crystal Palace,ENG,1453.47
2002-08-01,Derby,ENG,1572.78
2002-08-01,Everton,ENG,1633.16
2002-08-01,Fulham,ENG,1636.85
2002-08-01,Gillingham,ENG,1462.47
2002-08-01,Grimsby,ENG,1421.87
2002-08-01,Ipswich,ENG,1640.24
2002-08-01,Leeds,ENG,1780.52
2002-08-01,Leicester,ENG,1572.78
2002-08-01,Liverpool,ENG,1873.36
2002-08-01,Man City,ENG,1653.81
2002-08-01,Man United,ENG,1887.8
2002-08-01,Middlesbrough,ENG,1653.53
2002-08-01,Millwall,ENG,1497.54
2002-08-01,Newcastle,ENG,1764.67
2002-08-01,Norwich,ENG,1517.36
2002-08-01,Nottm Forest,ENG,1449.37
2002-08-01,Portsmouth,ENG,1410.05
2002-08-01,Preston,ENG,1514.79
2002-08-01,Reading,ENG,1400.35
2002-08-01,Rotherham,ENG,1409.89
2002-08-01,Sheffield United,ENG,1469.18
2002-08-01,Sheffield Weds,ENG,1421.48
2002-08-01,Southampton,ENG,1671.35
2002-08-01,Stoke,ENG,1400.35
2002-08-01,Sunderland,ENG,1636.36
2002-08-01,Tottenham,ENG,1673.14
2002-08-01,Walsall,ENG,1409.54
2002-08-01,Watford,ENG,1458.35
2002-08-01,West Brom,ENG,1586.45
2002-08-01,West Ham,ENG,1678.91
2002-08-01,Wimbledon,ENG,1506.66
2002-08-01,Wolves,ENG,1542.13
2002-08-15,Arsenal,ENG,1881.82
2002-08-15,Aston Villa,ENG,1684.47
2002-08-15,Birmingham,ENG,1558.75
2002-08-15,Blackburn,ENG,1672.26
2002-08-15,Bolton,ENG,1597.3
2002-08-15,Bradford,ENG,1459.54
2002-08-15,Brighton,ENG,1416.43
2002-08-15,Burnley,ENG,1470.8
2002-08-15,Charlton,ENG,1647.51
2002-08-15,Chelsea,ENG,1774.38
2002-08-15,Coventry,ENG,1492.53
2002-08-15,Crystal Palace,ENG,1461.73
2002-08-15,Derby,ENG,1567.74
2002-08-15,Everton,ENG,1632.1
2002-08-15,Fulham,ENG,1635.78
2002-08-15,Gillingham,ENG,1481.16
2002-08-15,Grimsby,ENG,1412.71
2002-08-15,Ipswich,ENG,1644.83
2002-08-15,Leeds,ENG,1779.45
2002-08-15,Leicester,ENG,1582.34
2002-08-15,Liverpool,ENG,1872.29
2002-08-15,Man City,ENG,1652.75
2002-08-15,Man United,ENG,1883.32
2002-08-15,Middlesbrough,ENG,1652.47
2002-08-15,Millwall,ENG,1468.66
2002-08-15,Newcastle,ENG,1764.18
2002-08-15,Norwich,ENG,1524.27
2002-08-15,Nottm Forest,ENG,1437.88
2002-08-15,Portsmouth,ENG,1422.38
2002-08-15,Preston,ENG,1502.42
2002-08-15,Reading,ENG,1401.31
2002-08-15,Rotherham,ENG,1438.69
2002-08-15,Sheffield United,ENG,1459.2
2002-08-15,Sheffield Weds,ENG,1410.9
2002-08-15,Southampton,ENG,1670.28
2002-08-15,Stoke,ENG,1396.55
2002-08-15,Sunderland,ENG,1635.3
2002-08-15,Tottenham,ENG,1672.08
2002-08-15,Walsall,ENG,1397.89
2002-08-15,Watford,ENG,1450.48
2002-08-15,West Brom,ENG,1585.39
2002-08-15,West Ham,ENG,1677.84
2002-08-15,Wimbledon,ENG,1494.3
2002-08-15,Wolves,ENG,1545.41
2002-09-01,Arsenal,ENG,1883.92
2002-09-01,Aston Villa,ENG,1680.49
2002-09-01,Birmingham,ENG,1568.26
2002-09-01,Blackburn,ENG,1674.66
2002-09-01,Bolton,ENG,1581.16
2002-09-01,Bradford,ENG,1473.18
2002-09-01,Brighton,ENG,1383.63
2002-09-01,Burnley,ENG,1439.2
2002-09-01,Charlton,ENG,1657.0
2002-09-01,Chelsea,ENG,1782.17
2002-09-01,Coventry,ENG,1482.55
2002-09-01,Crystal Palace,ENG,1451.17
2002-09-01,Derby,ENG,1553.0
2002-09-01,Everton,ENG,1630.47
2002-09-01,Fulham,ENG,1640.97
2002-09-01,Gillingham,ENG,1476.28
2002-09-01,Grimsby,ENG,1395.76
2002-09-01,Ipswich,ENG,1640.13
2002-09-01,Leeds,ENG,1768.35
2002-09-01,Leicester,ENG,1580.14
2002-09-01,Liverpool,ENG,1879.52
2002-09-01,Man City,ENG,1659.96
2002-09-01,Man United,ENG,1884.67
2002-09-01,Middlesbrough,ENG,1661.51
2002-09-01,Millwall,ENG,1465.95
2002-09-01,Newcastle,ENG,1766.18
2002-09-01,Norwich,ENG,1548.33
2002-09-01,Nottm Forest,ENG,1465.26
2002-09-01,Portsmouth,ENG,1462.35
2002-09-01,Preston,ENG,1509.58
2002-09-01,Reading,ENG,1420.83
2002-09-01,Rotherham,ENG,1449.54
2002-09-01,Sheffield United,ENG,1476.53
2002-09-01,Sheffield Weds,ENG,1398.38
2002-09-01,Southampton,ENG,1661.16
2002-09-01,Stoke,ENG,1399.4
2002-09-01,Sunderland,ENG,1648.54
2002-09-01,Tottenham,ENG,1695.84
2002-09-01,Walsall,ENG,1409.78
2002-09-01,Watford,ENG,1452.02
2002-09-01,West Brom,ENG,1584.68
2002-09-01,West Ham,ENG,1660.07
2002-09-01,Wimbledon,ENG,1490.84
2002-09-01,Wolves,ENG,1558.61
2002-09-15,Arsenal,ENG,1885.14
2002-09-15,Aston Villa,ENG,1680.27
2002-09-15,Birmingham,ENG,1576.21
2002-09-15,Blackburn,ENG,1667.7
2002-09-15,Bolton,ENG,1605.64
2002-09-15,Bradford,ENG,1473.18
2002-09-15,Brighton,ENG,1379.19
2002-09-15,Burnley,ENG,1451.89
2002-09-15,Charlton,ENG,1648.54
2002-09-15,Chelsea,ENG,1790.01
2002-09-15,Coventry,ENG,1482.55
2002-09-15,Crystal Palace,ENG,1451.17
2002-09-15,Derby,ENG,1540.32
2002-09-15,Everton,ENG,1624.91
2002-09-15,Fulham,ENG,1648.64
2002-09-15,Gillingham,ENG,1462.02
2002-09-15,Grimsby,ENG,1395.76
2002-09-15,Ipswich,ENG,1638.43
2002-09-15,Leeds,ENG,1782.06
2002-09-15,Leicester,ENG,1587.68
2002-09-15,Liverpool,ENG,1866.67
2002-09-15,Man City,ENG,1657.87
2002-09-15,Man United,ENG,1871.04
2002-09-15,Middlesbrough,ENG,1670.06
2002-09-15,Millwall,ENG,1470.39
2002-09-15,Newcastle,ENG,1757.37
2002-09-15,Norwich,ENG,1536.32
2002-09-15,Nottm Forest,ENG,1465.26
2002-09-15,Portsmouth,ENG,1476.6
2002-09-15,Preston,ENG,1511.28
2002-09-15,Reading,ENG,1423.66
2002-09-15,Rotherham,ENG,1446.7
2002-09-15,Sheffield United,ENG,1476.88
2002-09-15,Sheffield Weds,ENG,1410.04
2002-09-15,Southampton,ENG,1666.72
2002-09-15,Stoke,ENG,1399.4
2002-09-15,Sunderland,ENG,1637.83
2002-09-15,Tottenham,ENG,1688.18
2002-09-15,Walsall,ENG,1402.41
2002-09-15,Watford,ENG,1459.39
2002-09-15,West Brom,ENG,1596.53
2002-09-15,West Ham,ENG,1648.22
2002-09-15,Wimbledon,ENG,1483.29
2002-09-15,Wolves,ENG,1558.61
2002-10-01,Arsenal,ENG,1925.28
2002-10-01,Aston Villa,ENG,1660.7
2002-10-01,Birmingham,ENG,1576.89
2002-10-01,Blackburn,ENG,1682.02
2002-10-01,Bolton,ENG,1598.56
2002-10-01,Bradford,ENG,1457.94
2002-10-01,Brighton,ENG,1344.03
2002-10-01,Burnley,ENG,1462.55
2002-10-01,Charlton,ENG,1636.68
2002-10-01,Chelsea,ENG,1781.7
2002-10-01,Coventry,ENG,1481.06
2002-10-01,Crystal Palace,ENG,1455.67
2002-10-01,Derby,ENG,1535.92
2002-10-01,Everton,ENG,1635.52
2002-10-01,Fulham,ENG,1660.78
2002-10-01,Gillingham,ENG,1459.66
2002-10-01,Grimsby,ENG,1381.0
2002-10-01,Ipswich,ENG,1602.74
2002-10-01,Leeds,ENG,1768.26
2002-10-01,Leicester,ENG,1602.74
2002-10-01,Liverpool,ENG,1865.6
2002-10-01,Man City,ENG,1647.99
2002-10-01,Man United,ENG,1880.51
2002-10-01,Middlesbrough,ENG,1683.57
2002-10-01,Millwall,ENG,1454.92
2002-10-01,Newcastle,ENG,1740.67
2002-10-01,Norwich,ENG,1561.98
2002-10-01,Nottm Forest,ENG,1484.64
2002-10-01,Portsmouth,ENG,1497.11
2002-10-01,Preston,ENG,1496.56
2002-10-01,Reading,ENG,1415.26
2002-10-01,Rotherham,ENG,1446.46
2002-10-01,Sheffield United,ENG,1476.19
2002-10-01,Sheffield Weds,ENG,1412.22
2002-10-01,Southampton,ENG,1654.63
2002-10-01,Stoke,ENG,1415.45
2002-10-01,Sunderland,ENG,1621.99
2002-10-01,Tottenham,ENG,1670.98
2002-10-01,Walsall,ENG,1411.35
2002-10-01,Watford,ENG,1478.13
2002-10-01,West Brom,ENG,1589.21
2002-10-01,West Ham,ENG,1652.69
2002-10-01,Wimbledon,ENG,1462.18
2002-10-01,Wolves,ENG,1537.96
2002-10-15,Arsenal,ENG,1935.71
2002-10-15,Aston Villa,ENG,1664.54
2002-10-15,Birmingham,ENG,1590.95
2002-10-15,Blackburn,ENG,1684.59
2002-10-15,Bolton,ENG,1594.42
2002-10-15,Bradford,ENG,1460.06
2002-10-15,Brighton,ENG,1342.91
2002-10-15,Burnley,ENG,1481.86
2002-10-15,Charlton,ENG,1632.96
2002-10-15,Chelsea,ENG,1758.04
2002-10-15,Coventry,ENG,1496.15
2002-10-15,Crystal Palace,ENG,1458.67
2002-10-15,Derby,ENG,1532.95
2002-10-15,Everton,ENG,1634.49
2002-10-15,Fulham,ENG,1669.1
2002-10-15,Gillingham,ENG,1450.75
2002-10-15,Grimsby,ENG,1384.08
2002-10-15,Ipswich,ENG,1598.76
2002-10-15,Leeds,ENG,1769.85
2002-10-15,Leicester,ENG,1605.73
2002-10-15,Liverpool,ENG,1874.23
2002-10-15,Man City,ENG,1641.47
2002-10-15,Man United,ENG,1891.8
2002-10-15,Middlesbrough,ENG,1692.44
2002-10-15,Millwall,ENG,1447.02
2002-10-15,Newcastle,ENG,1743.1
2002-10-15,Norwich,ENG,1563.73
2002-10-15,Nottm Forest,ENG,1495.89
2002-10-15,Portsmouth,ENG,1507.66
2002-10-15,Preston,ENG,1499.6
2002-10-15,Reading,ENG,1432.86
2002-10-15,Rotherham,ENG,1439.22
2002-10-15,Sheffield United,ENG,1494.81
2002-10-15,Sheffield Weds,ENG,1400.14
2002-10-15,Southampton,ENG,1665.89
2002-10-15,Stoke,ENG,1417.18
2002-10-15,Sunderland,ENG,1622.29
2002-10-15,Tottenham,ENG,1683.22
2002-10-15,Walsall,ENG,1413.43
2002-10-15,Watford,ENG,1490.27
2002-10-15,West Brom,ENG,1588.22
2002-10-15,West Ham,ENG,1643.37
2002-10-15,Wimbledon,ENG,1460.3
2002-10-15,Wolves,ENG,1524.08
2002-11-01,Arsenal,ENG,1883.93
2002-11-01,Aston Villa,ENG,1658.78
2002-11-01,Birmingham,ENG,1577.3
2002-11-01,Blackburn,ENG,1705.66
2002-11-01,Bolton,ENG,1583.99
2002-11-01,Bradford,ENG,1451.49
2002-11-01,Brighton,ENG,1323.52
2002-11-01,Burnley,ENG,1470.2
2002-11-01,Charlton,ENG,1633.61
2002-11-01,Chelsea,ENG,1770.01
2002-11-01,Coventry,ENG,1487.01
2002-11-01,Crystal Palace,ENG,1473.71
2002-11-01,Derby,ENG,1518.17
2002-11-01,Everton,ENG,1654.83
2002-11-01,Fulham,ENG,1664.9
2002-11-01,Gillingham,ENG,1457.13
2002-11-01,Grimsby,ENG,1384.16
2002-11-01,Ipswich,ENG,1568.58
2002-11-01,Leeds,ENG,1761.08
2002-11-01,Leicester,ENG,1593.45
2002-11-01,Liverpool,ENG,1875.04
2002-11-01,Man City,ENG,1639.46
2002-11-01,Man United,ENG,1864.85
2002-11-01,Middlesbrough,ENG,1681.72
2002-11-01,Millwall,ENG,1461.57
2002-11-01,Newcastle,ENG,1744.17
2002-11-01,Norwich,ENG,1553.12
2002-11-01,Nottm Forest,ENG,1499.82
2002-11-01,Portsmouth,ENG,1524.42
2002-11-01,Preston,ENG,1495.11
2002-11-01,Reading,ENG,1446.81
2002-11-01,Rotherham,ENG,1441.28
2002-11-01,Sheffield United,ENG,1494.72
2002-11-01,Sheffield Weds,ENG,1391.91
2002-11-01,Southampton,ENG,1681.34
2002-11-01,Stoke,ENG,1381.74
2002-11-01,Sunderland,ENG,1611.11
2002-11-01,Tottenham,ENG,1683.73
2002-11-01,Walsall,ENG,1406.87
2002-11-01,Watford,ENG,1486.39
2002-11-01,West Brom,ENG,1579.38
2002-11-01,West Ham,ENG,1649.65
2002-11-01,Wimbledon,ENG,1464.69
2002-11-01,Wolves,ENG,1551.74
2002-11-15,Arsenal,ENG,1888.42
2002-11-15,Aston Villa,ENG,1674.14
2002-11-15,Birmingham,ENG,1584.77
2002-11-15,Blackburn,ENG,1706.53
2002-11-15,Bolton,ENG,1575.52
2002-11-15,Bradford,ENG,1432.49
2002-11-15,Brighton,ENG,1342.76
2002-11-15,Burnley,ENG,1475.06
2002-11-15,Charlton,ENG,1628.38
2002-11-15,Chelsea,ENG,1777.15
2002-11-15,Coventry,ENG,1485.21
2002-11-15,Crystal Palace,ENG,1487.43
2002-11-15,Derby,ENG,1520.31
2002-11-15,Everton,ENG,1675.64
2002-11-15,Fulham,ENG,1654.2
2002-11-15,Gillingham,ENG,1450.18
2002-11-15,Grimsby,ENG,1396.63
2002-11-15,Ipswich,ENG,1559.24
2002-11-15,Leeds,ENG,1758.79
2002-11-15,Leicester,ENG,1610.95
2002-11-15,Liverpool,ENG,1868.01
2002-11-15,Man City,ENG,1666.84
2002-11-15,Man United,ENG,1859.74
2002-11-15,Middlesbrough,ENG,1689.26
2002-11-15,Millwall,ENG,1462.29
2002-11-15,Newcastle,ENG,1760.82
2002-11-15,Norwich,ENG,1549.13
2002-11-15,Nottm Forest,ENG,1514.95
2002-11-15,Portsmouth,ENG,1529.04
2002-11-15,Preston,ENG,1498.51
2002-11-15,Reading,ENG,1468.95
2002-11-15,Rotherham,ENG,1446.3
2002-11-15,Sheffield United,ENG,1486.71
2002-11-15,Sheffield Weds,ENG,1380.18
2002-11-15,Southampton,ENG,1680.32
2002-11-15,Stoke,ENG,1367.12
2002-11-15,Sunderland,ENG,1628.09
2002-11-15,Tottenham,ENG,1675.58
2002-11-15,Walsall,ENG,1414.2
2002-11-15,Watford,ENG,1481.79
2002-11-15,West Brom,ENG,1576.11
2002-11-15,West Ham,ENG,1642.18
2002-11-15,Wimbledon,ENG,1492.22
2002-11-15,Wolves,ENG,1544.97
2002-12-01,Arsenal,ENG,1899.14
2002-12-01,Aston Villa,ENG,1682.01
2002-12-01,Birmingham,ENG,1598.64
2002-12-01,Blackburn,ENG,1680.12
2002-12-01,Bolton,ENG,1593.44
2002-12-01,Bradford,ENG,1404.16
2002-12-01,Brighton,ENG,1351.56
2002-12-01,Burnley,ENG,1483.21
2002-12-01,Charlton,ENG,1651.53
2002-12-01,Chelsea,ENG,1785.77
2002-12-01,Coventry,ENG,1462.6
2002-12-01,Crystal Palace,ENG,1473.05
2002-12-01,Derby,ENG,1511.56
2002-12-01,Everton,ENG,1691.81
2002-12-01,Fulham,ENG,1661.92
2002-12-01,Gillingham,ENG,1437.06
2002-12-01,Grimsby,ENG,1388.71
2002-12-01,Ipswich,ENG,1567.5
2002-12-01,Leeds,ENG,1740.73
2002-12-01,Leicester,ENG,1605.17
2002-12-01,Liverpool,ENG,1854.18
2002-12-01,Man City,ENG,1657.17
2002-12-01,Man United,ENG,1872.9
2002-12-01,Middlesbrough,ENG,1685.37
2002-12-01,Millwall,ENG,1478.33
2002-12-01,Newcastle,ENG,1745.69
2002-12-01,Norwich,ENG,1551.99
2002-12-01,Nottm Forest,ENG,1529.83
2002-12-01,Portsmouth,ENG,1547.75
2002-12-01,Preston,ENG,1515.94
2002-12-01,Reading,ENG,1493.99
2002-12-01,Rotherham,ENG,1445.61
2002-12-01,Sheffield United,ENG,1512.0
2002-12-01,Sheffield Weds,ENG,1371.37
2002-12-01,Southampton,ENG,1689.55
2002-12-01,Stoke,ENG,1361.16
2002-12-01,Sunderland,ENG,1620.36
2002-12-01,Tottenham,ENG,1684.65
2002-12-01,Walsall,ENG,1415.39
2002-12-01,Watford,ENG,1473.19
2002-12-01,West Brom,ENG,1584.49
2002-12-01,West Ham,ENG,1638.11
2002-12-01,Wimbledon,ENG,1499.27
2002-12-01,Wolves,ENG,1562.68
2002-12-15,Arsenal,ENG,1881.61
2002-12-15,Aston Villa,ENG,1672.58
2002-12-15,Birmingham,ENG,1587.03
2002-12-15,Blackburn,ENG,1667.62
2002-12-15,Bolton,ENG,1588.1
2002-12-15,Bradford,ENG,1395.29
2002-12-15,Brighton,ENG,1348.98
2002-12-15,Burnley,ENG,1463.61
2002-12-15,Charlton,ENG,1671.43
2002-12-15,Chelsea,ENG,1789.04
2002-12-15,Coventry,ENG,1481.45
2002-12-15,Crystal Palace,ENG,1484.84
2002-12-15,Derby,ENG,1518.1
2002-12-15,Everton,ENG,1677.2
2002-12-15,Fulham,ENG,1657.55
2002-12-15,Gillingham,ENG,1454.71
2002-12-15,Grimsby,ENG,1369.01
2002-12-15,Ipswich,ENG,1551.61
2002-12-15,Leeds,ENG,1703.44
2002-12-15,Leicester,ENG,1601.1
2002-12-15,Liverpool,ENG,1824.78
2002-12-15,Man City,ENG,1669.1
2002-12-15,Man United,ENG,1894.59
2002-12-15,Middlesbrough,ENG,1677.31
2002-12-15,Millwall,ENG,1460.09
2002-12-15,Newcastle,ENG,1749.1
2002-12-15,Norwich,ENG,1529.0
2002-12-15,Nottm Forest,ENG,1507.25
2002-12-15,Portsmouth,ENG,1539.11
2002-12-15,Preston,ENG,1502.08
2002-12-15,Reading,ENG,1474.5
2002-12-15,Rotherham,ENG,1473.71
2002-12-15,Sheffield United,ENG,1523.87
2002-12-15,Sheffield Weds,ENG,1352.17
2002-12-15,Southampton,ENG,1697.59
2002-12-15,Stoke,ENG,1351.57
2002-12-15,Sunderland,ENG,1599.11
2002-12-15,Tottenham,ENG,1684.72
2002-12-15,Walsall,ENG,1429.21
2002-12-15,Watford,ENG,1451.96
2002-12-15,West Brom,ENG,1568.57
2002-12-15,West Ham,ENG,1624.4
2002-12-15,Wimbledon,ENG,1495.95
2002-12-15,Wolves,ENG,1545.53
2003-01-01,Arsenal,ENG,1880.33
2003-01-01,Aston Villa,ENG,1665.44
2003-01-01,Birmingham,ENG,1596.79
2003-01-01,Blackburn,ENG,1680.77
2003-01-01,Bolton,ENG,1594.6
2003-01-01,Bradford,ENG,1410.69
2003-01-01,Brighton,ENG,1360.27
2003-01-01,Burnley,ENG,1461.97
2003-01-01,Charlton,ENG,1678.12
2003-01-01,Chelsea,ENG,1778.6
2003-01-01,Coventry,ENG,1504.95
2003-01-01,Crystal Palace,ENG,1509.33
2003-01-01,Derby,ENG,1480.65
2003-01-01,Everton,ENG,1677.92
2003-01-01,Fulham,ENG,1632.6
2003-01-01,Gillingham,ENG,1465.78
2003-01-01,Grimsby,ENG,1396.65
2003-01-01,Ipswich,ENG,1567.96
2003-01-01,Leeds,ENG,1731.34
2003-01-01,Leicester,ENG,1599.77
2003-01-01,Liverpool,ENG,1806.23
2003-01-01,Man City,ENG,1678.02
2003-01-01,Man United,ENG,1868.98
2003-01-01,Middlesbrough,ENG,1682.97
2003-01-01,Millwall,ENG,1472.95
2003-01-01,Newcastle,ENG,1749.17
2003-01-01,Norwich,ENG,1517.47
2003-01-01,Nottm Forest,ENG,1491.21
2003-01-01,Portsmouth,ENG,1543.23
2003-01-01,Preston,ENG,1473.35
2003-01-01,Reading,ENG,1465.56
2003-01-01,Rotherham,ENG,1460.97
2003-01-01,Sheffield United,ENG,1533.7
2003-01-01,Sheffield Weds,ENG,1352.49
2003-01-01,Southampton,ENG,1708.72
2003-01-01,Stoke,ENG,1355.93
2003-01-01,Sunderland,ENG,1600.44
2003-01-01,Tottenham,ENG,1689.56
2003-01-01,Walsall,ENG,1414.83
2003-01-01,Watford,ENG,1453.4
2003-01-01,West Brom,ENG,1560.98
2003-01-01,West Ham,ENG,1623.29
2003-01-01,Wimbledon,ENG,1487.44
2003-01-01,Wolves,ENG,1524.15
2003-01-15,Arsenal,ENG,1890.55
2003-01-15,Aston Villa,ENG,1677.25
2003-01-15,Birmingham,ENG,1585.62
2003-01-15,Blackburn,ENG,1686.73
2003-01-15,Bolton,ENG,1587.17
2003-01-15,Bradford,ENG,1410.69
2003-01-15,Brighton,ENG,1365.88
2003-01-15,Burnley,ENG,1463.11
2003-01-15,Charlton,ENG,1671.0
2003-01-15,Chelsea,ENG,1781.73
2003-01-15,Coventry,ENG,1501.5
2003-01-15,Crystal Palace,ENG,1507.17
2003-01-15,Derby,ENG,1481.27
2003-01-15,Everton,ENG,1669.92
2003-01-15,Fulham,ENG,1633.43
2003-01-15,Gillingham,ENG,1468.35
2003-01-15,Grimsby,ENG,1401.05
2003-01-15,Ipswich,ENG,1574.02
2003-01-15,Leeds,ENG,1728.78
2003-01-15,Leicester,ENG,1592.67
2003-01-15,Liverpool,ENG,1793.45
2003-01-15,Man City,ENG,1687.54
2003-01-15,Man United,ENG,1874.76
2003-01-15,Middlesbrough,ENG,1675.56
2003-01-15,Millwall,ENG,1477.49
2003-01-15,Newcastle,ENG,1755.05
2003-01-15,Norwich,ENG,1513.46
2003-01-15,Nottm Forest,ENG,1487.19
2003-01-15,Portsmouth,ENG,1532.63
2003-01-15,Preston,ENG,1464.33
2003-01-15,Reading,ENG,1456.9
2003-01-15,Rotherham,ENG,1447.46
2003-01-15,Sheffield United,ENG,1543.78
2003-01-15,Sheffield Weds,ENG,1378.67
2003-01-15,Southampton,ENG,1715.54
2003-01-15,Stoke,ENG,1372.05
2003-01-15,Sunderland,ENG,1599.18
2003-01-15,Tottenham,ENG,1689.73
2003-01-15,Walsall,ENG,1411.67
2003-01-15,Watford,ENG,1442.19
2003-01-15,West Brom,ENG,1556.9
2003-01-15,West Ham,ENG,1625.0
2003-01-15,Wimbledon,ENG,1483.04
2003-01-15,Wolves,ENG,1528.14
2003-02-01,Arsenal,ENG,1892.27
2003-02-01,Aston Villa,ENG,1685.23
2003-02-01,Birmingham,ENG,1590.25
2003-02-01,Blackburn,ENG,1674.26
2003-02-01,Bolton,ENG,1581.12
2003-02-01,Bradford,ENG,1414.61
2003-02-01,Brighton,ENG,1368.52
2003-02-01,Burnley,ENG,1466.35
2003-02-01,Charlton,ENG,1681.23
2003-02-01,Chelsea,ENG,1782.64
2003-02-01,Coventry,ENG,1503.16
2003-02-01,Crystal Palace,ENG,1503.93
2003-02-01,Derby,ENG,1491.22
2003-02-01,Everton,ENG,1682.15
2003-02-01,Fulham,ENG,1631.51
2003-02-01,Gillingham,ENG,1477.69
2003-02-01,Grimsby,ENG,1380.87
2003-02-01,Ipswich,ENG,1580.5
2003-02-01,Leeds,ENG,1717.69
2003-02-01,Leicester,ENG,1592.69
2003-02-01,Liverpool,ENG,1802.0
2003-02-01,Man City,ENG,1690.55
2003-02-01,Man United,ENG,1878.87
2003-02-01,Middlesbrough,ENG,1650.61
2003-02-01,Millwall,ENG,1488.44
2003-02-01,Newcastle,ENG,1772.05
2003-02-01,Norwich,ENG,1505.4
2003-02-01,Nottm Forest,ENG,1486.82
2003-02-01,Portsmouth,ENG,1529.99
2003-02-01,Preston,ENG,1456.55
2003-02-01,Reading,ENG,1444.28
2003-02-01,Rotherham,ENG,1452.78
2003-02-01,Sheffield United,ENG,1547.95
2003-02-01,Sheffield Weds,ENG,1374.51
2003-02-01,Southampton,ENG,1714.67
2003-02-01,Stoke,ENG,1362.09
2003-02-01,Sunderland,ENG,1587.42
2003-02-01,Tottenham,ENG,1691.35
2003-02-01,Walsall,ENG,1414.94
2003-02-01,Watford,ENG,1450.25
2003-02-01,West Brom,ENG,1555.94
2003-02-01,West Ham,ENG,1623.06
2003-02-01,Wimbledon,ENG,1486.31
2003-02-01,Wolves,ENG,1524.87
2003-02-15,Arsenal,ENG,1892.62
2003-02-15,Aston Villa,ENG,1687.69
2003-02-15,Birmingham,ENG,1571.34
2003-02-15,Blackburn,ENG,1671.15
2003-02-15,Bolton,ENG,1591.8
2003-02-15,Bradford,ENG,1432.71
2003-02-15,Brighton,ENG,1375.68
2003-02-15,Burnley,ENG,1459.37
2003-02-15,Charlton,ENG,1698.18
2003-02-15,Chelsea,ENG,1785.04
2003-02-15,Coventry,ENG,1480.9
2003-02-15,Crystal Palace,ENG,1493.11
2003-02-15,Derby,ENG,1489.58
2003-02-15,Everton,ENG,1685.94
2003-02-15,Fulham,ENG,1637.83
2003-02-15,Gillingham,ENG,1459.78
2003-02-15,Grimsby,ENG,1383.97
2003-02-15,Ipswich,ENG,1571.56
2003-02-15,Leeds,ENG,1711.77
2003-02-15,Leicester,ENG,1606.05
2003-02-15,Liverpool,ENG,1805.24
2003-02-15,Man City,ENG,1684.56
2003-02-15,Man United,ENG,1882.83
2003-02-15,Middlesbrough,ENG,1656.38
2003-02-15,Millwall,ENG,1489.27
2003-02-15,Newcastle,ENG,1773.49
2003-02-15,Norwich,ENG,1497.98
2003-02-15,Nottm Forest,ENG,1502.98
2003-02-15,Portsmouth,ENG,1546.47
2003-02-15,Preston,ENG,1475.01
2003-02-15,Reading,ENG,1468.46
2003-02-15,Rotherham,ENG,1453.43
2003-02-15,Sheffield United,ENG,1534.4
2003-02-15,Sheffield Weds,ENG,1364.68
2003-02-15,Southampton,ENG,1699.35
2003-02-15,Stoke,ENG,1359.03
2003-02-15,Sunderland,ENG,1570.33
2003-02-15,Tottenham,ENG,1702.18
2003-02-15,Walsall,ENG,1411.17
2003-02-15,Watford,ENG,1451.61
2003-02-15,West Brom,ENG,1567.33
2003-02-15,West Ham,ENG,1609.82
2003-02-15,Wimbledon,ENG,1479.93
2003-02-15,Wolves,ENG,1517.55
2003-03-01,Arsenal,ENG,1909.65
2003-03-01,Aston Villa,ENG,1692.52
2003-03-01,Birmingham,ENG,1599.25
2003-03-01,Blackburn,ENG,1698.95
2003-03-01,Bolton,ENG,1612.98
2003-03-01,Bradford,ENG,1452.77
2003-03-01,Brighton,ENG,1411.04
2003-03-01,Burnley,ENG,1484.42
2003-03-01,Charlton,ENG,1724.18
2003-03-01,Chelsea,ENG,1788.07
2003-03-01,Coventry,ENG,1473.28
2003-03-01,Crystal Palace,ENG,1503.51
2003-03-01,Derby,ENG,1490.25
2003-03-01,Everton,ENG,1708.1
2003-03-01,Fulham,ENG,1665.11
2003-03-01,Gillingham,ENG,1486.07
2003-03-01,Grimsby,ENG,1397.72
2003-03-01,Ipswich,ENG,1564.65
2003-03-01,Leeds,ENG,1713.81
2003-03-01,Leicester,ENG,1625.05
2003-03-01,Liverpool,ENG,1820.23
2003-03-01,Man City,ENG,1691.0
2003-03-01,Man United,ENG,1917.25
2003-03-01,Middlesbrough,ENG,1682.59
2003-03-01,Millwall,ENG,1481.52
2003-03-01,Newcastle,ENG,1818.37
2003-03-01,Norwich,ENG,1516.27
2003-03-01,Nottm Forest,ENG,1526.51
2003-03-01,Portsmouth,ENG,1569.86
2003-03-01,Preston,ENG,1478.97
2003-03-01,Reading,ENG,1524.3
2003-03-01,Rotherham,ENG,1458.06
2003-03-01,Sheffield United,ENG,1531.44
2003-03-01,Sheffield Weds,ENG,1390.23
2003-03-01,Southampton,ENG,1708.03
2003-03-01,Stoke,ENG,1374.31
2003-03-01,Sunderland,ENG,1574.94
2003-03-01,Tottenham,ENG,1714.19
2003-03-01,Walsall,ENG,1428.84
2003-03-01,Watford,ENG,1461.36
2003-03-01,West Brom,ENG,1565.77
2003-03-01,West Ham,ENG,1633.76
2003-03-01,Wimbledon,ENG,1488.19
2003-03-01,Wolves,ENG,1556.08
2003-03-15,Arsenal,ENG,1904.87
2003-03-15,Aston Villa,ENG,1672.92
2003-03-15,Birmingham,ENG,1614.23
2003-03-15,Blackburn,ENG,1702.66
2003-03-15,Bolton,ENG,1607.21
2003-03-15,Bradford,ENG,1451.21
2003-03-15,Brighton,ENG,1404.51
2003-03-15,Burnley,ENG,1482.53
2003-03-15,Charlton,ENG,1718.1
2003-03-15,Chelsea,ENG,1780.21
2003-03-15,Coventry,ENG,1463.23
2003-03-15,Crystal Palace,ENG,1492.94
2003-03-15,Derby,ENG,1471.86
2003-03-15,Everton,ENG,1706.99
2003-03-15,Fulham,ENG,1667.28
2003-03-15,Gillingham,ENG,1475.51
2003-03-15,Grimsby,ENG,1380.08
2003-03-15,Ipswich,ENG,1569.25
2003-03-15,Leeds,ENG,1709.0
2003-03-15,Leicester,ENG,1610.91
2003-03-15,Liverpool,ENG,1824.65
2003-03-15,Man City,ENG,1682.68
2003-03-15,Man United,ENG,1909.63
2003-03-15,Middlesbrough,ENG,1689.14
2003-03-15,Millwall,ENG,1470.7
2003-03-15,Newcastle,ENG,1815.47
2003-03-15,Norwich,ENG,1487.73
2003-03-15,Nottm Forest,ENG,1533.68
2003-03-15,Portsmouth,ENG,1580.15
2003-03-15,Preston,ENG,1501.38
2003-03-15,Reading,ENG,1512.65
2003-03-15,Rotherham,ENG,1442.23
2003-03-15,Sheffield United,ENG,1546.73
2003-03-15,Sheffield Weds,ENG,1405.34
2003-03-15,Southampton,ENG,1709.19
2003-03-15,Stoke,ENG,1379.12
2003-03-15,Sunderland,ENG,1568.16
2003-03-15,Tottenham,ENG,1700.27
2003-03-15,Walsall,ENG,1430.04
2003-03-15,Watford,ENG,1450.07
2003-03-15,West Brom,ENG,1560.0
2003-03-15,West Ham,ENG,1643.06
2003-03-15,Wimbledon,ENG,1506.14
2003-03-15,Wolves,ENG,1571.32
2003-04-01,Arsenal,ENG,1869.06
2003-04-01,Aston Villa,ENG,1655.02
2003-04-01,Birmingham,ENG,1597.92
2003-04-01,Blackburn,ENG,1693.23
2003-04-01,Bolton,ENG,1610.73
2003-04-01,Bradford,ENG,1441.22
2003-04-01,Brighton,ENG,1399.58
2003-04-01,Burnley,ENG,1434.43
2003-04-01,Charlton,ENG,1692.74
2003-04-01,Chelsea,ENG,1778.66
2003-04-01,Coventry,ENG,1420.38
2003-04-01,Crystal Palace,ENG,1468.65
2003-04-01,Derby,ENG,1430.01
2003-04-01,Everton,ENG,1683.77
2003-04-01,Fulham,ENG,1646.05
2003-04-01,Gillingham,ENG,1447.4
2003-04-01,Grimsby,ENG,1386.21
2003-04-01,Ipswich,ENG,1569.04
2003-04-01,Leeds,ENG,1676.14
2003-04-01,Leicester,ENG,1609.07
2003-04-01,Liverpool,ENG,1797.9
2003-04-01,Man City,ENG,1661.32
2003-04-01,Man United,ENG,1891.21
2003-04-01,Middlesbrough,ENG,1681.01
2003-04-01,Millwall,ENG,1442.78
2003-04-01,Newcastle,ENG,1803.07
2003-04-01,Norwich,ENG,1492.1
2003-04-01,Nottm Forest,ENG,1527.78
2003-04-01,Portsmouth,ENG,1580.97
2003-04-01,Preston,ENG,1492.36
2003-04-01,Reading,ENG,1502.64
2003-04-01,Rotherham,ENG,1425.31
2003-04-01,Sheffield United,ENG,1532.59
2003-04-01,Sheffield Weds,ENG,1376.1
2003-04-01,Southampton,ENG,1690.06
2003-04-01,Stoke,ENG,1382.02
2003-04-01,Sunderland,ENG,1532.59
2003-04-01,Tottenham,ENG,1668.79
2003-04-01,Walsall,ENG,1402.2
2003-04-01,Watford,ENG,1406.68
2003-04-01,West Brom,ENG,1531.63
2003-04-01,West Ham,ENG,1636.04
2003-04-01,Wimbledon,ENG,1490.57
2003-04-01,Wolves,ENG,1553.63
2003-04-15,Arsenal,ENG,1862.7
2003-04-15,Aston Villa,ENG,1657.98
2003-04-15,Birmingham,ENG,1597.94
2003-04-15,Blackburn,ENG,1713.55
2003-04-15,Bolton,ENG,1615.89
2003-04-15,Bradford,ENG,1429.35
2003-04-15,Brighton,ENG,1398.47
2003-04-15,Burnley,ENG,1418.38
2003-04-15,Charlton,ENG,1662.15
2003-04-15,Chelsea,ENG,1783.1
2003-04-15,Coventry,ENG,1413.09
2003-04-15,Crystal Palace,ENG,1468.59
2003-04-15,Derby,ENG,1450.81
2003-04-15,Everton,ENG,1696.2
2003-04-15,Fulham,ENG,1622.0
2003-04-15,Gillingham,ENG,1434.16
2003-04-15,Grimsby,ENG,1362.23
2003-04-15,Ipswich,ENG,1564.75
2003-04-15,Leeds,ENG,1694.01
2003-04-15,Leicester,ENG,1610.98
2003-04-15,Liverpool,ENG,1791.32
2003-04-15,Man City,ENG,1647.56
2003-04-15,Man United,ENG,1904.48
2003-04-15,Middlesbrough,ENG,1685.32
2003-04-15,Millwall,ENG,1457.15
2003-04-15,Newcastle,ENG,1777.46
2003-04-15,Norwich,ENG,1488.97
2003-04-15,Nottm Forest,ENG,1530.03
2003-04-15,Portsmouth,ENG,1569.79
2003-04-15,Preston,ENG,1486.18
2003-04-15,Reading,ENG,1487.88
2003-04-15,Rotherham,ENG,1420.83
2003-04-15,Sheffield United,ENG,1522.67
2003-04-15,Sheffield Weds,ENG,1400.46
2003-04-15,Southampton,ENG,1684.37
2003-04-15,Stoke,ENG,1383.26
2003-04-15,Sunderland,ENG,1519.28
2003-04-15,Tottenham,ENG,1673.78
2003-04-15,Walsall,ENG,1405.76
2003-04-15,Watford,ENG,1432.75
2003-04-15,West Brom,ENG,1517.95
2003-04-15,West Ham,ENG,1635.71
2003-04-15,Wimbledon,ENG,1467.75
2003-04-15,Wolves,ENG,1552.88
2003-05-01,Arsenal,ENG,1864.11
2003-05-01,Aston Villa,ENG,1665.32
2003-05-01,Birmingham,ENG,1635.34
2003-05-01,Blackburn,ENG,1714.52
2003-05-01,Bolton,ENG,1630.91
2003-05-01,Bradford,ENG,1416.49
2003-05-01,Brighton,ENG,1407.37
2003-05-01,Burnley,ENG,1395.61
2003-05-01,Charlton,ENG,1649.23
2003-05-01,Chelsea,ENG,1774.95
2003-05-01,Coventry,ENG,1396.9
2003-05-01,Crystal Palace,ENG,1463.34
2003-05-01,Derby,ENG,1429.99
2003-05-01,Everton,ENG,1686.7
2003-05-01,Fulham,ENG,1630.25
2003-05-01,Gillingham,ENG,1431.68
2003-05-01,Grimsby,ENG,1352.47
2003-05-01,Ipswich,ENG,1541.24
2003-05-01,Leeds,ENG,1684.39
2003-05-01,Leicester,ENG,1599.83
2003-05-01,Liverpool,ENG,1809.32
2003-05-01,Man City,ENG,1656.35
2003-05-01,Man United,ENG,1911.69
2003-05-01,Middlesbrough,ENG,1656.67
2003-05-01,Millwall,ENG,1468.15
2003-05-01,Newcastle,ENG,1765.62
2003-05-01,Norwich,ENG,1479.33
2003-05-01,Nottm Forest,ENG,1518.22
2003-05-01,Portsmouth,ENG,1573.3
2003-05-01,Preston,ENG,1479.09
2003-05-01,Reading,ENG,1514.83
2003-05-01,Rotherham,ENG,1430.14
2003-05-01,Sheffield United,ENG,1532.98
2003-05-01,Sheffield Weds,ENG,1421.31
2003-05-01,Southampton,ENG,1674.78
2003-05-01,Stoke,ENG,1396.3
2003-05-01,Sunderland,ENG,1499.74
2003-05-01,Tottenham,ENG,1660.14
2003-05-01,Walsall,ENG,1419.84
2003-05-01,Watford,ENG,1407.5
2003-05-01,West Brom,ENG,1512.68
2003-05-01,West Ham,ENG,1646.12
2003-05-01,Wimbledon,ENG,1492.32
2003-05-01,Wolves,ENG,1574.42
2003-05-15,Arsenal,ENG,1860.83
2003-05-15,Aston Villa,ENG,1660.48
2003-05-15,Birmingham,ENG,1630.5
2003-05-15,Blackburn,ENG,1724.33
2003-05-15,Bolton,ENG,1641.23
2003-05-15,Bradford,ENG,1404.03
2003-05-15,Brighton,ENG,1407.76
2003-05-15,Burnley,ENG,1391.62
2003-05-15,Charlton,ENG,1636.19
2003-05-15,Chelsea,ENG,1772.52
2003-05-15,Coventry,ENG,1390.2
2003-05-15,Crystal Palace,ENG,1456.22
2003-05-15,Derby,ENG,1418.39
2003-05-15,Everton,ENG,1671.84
2003-05-15,Fulham,ENG,1651.28
2003-05-15,Gillingham,ENG,1438.8
2003-05-15,Grimsby,ENG,1352.07
2003-05-15,Ipswich,ENG,1552.84
2003-05-15,Leeds,ENG,1705.97
2003-05-15,Leicester,ENG,1601.07
2003-05-15,Liverpool,ENG,1789.13
2003-05-15,Man City,ENG,1659.72
2003-05-15,Man United,ENG,1918.55
2003-05-15,Middlesbrough,ENG,1662.46
2003-05-15,Millwall,ENG,1474.85
2003-05-15,Newcastle,ENG,1764.38
2003-05-15,Norwich,ENG,1488.3
2003-05-15,Nottm Forest,ENG,1515.02
2003-05-15,Portsmouth,ENG,1585.75
2003-05-15,Preston,ENG,1470.13
2003-05-15,Reading,ENG,1494.02
2003-05-15,Rotherham,ENG,1430.7
2003-05-15,Sheffield United,ENG,1522.32
2003-05-15,Sheffield Weds,ENG,1427.57
2003-05-15,Southampton,ENG,1675.33
2003-05-15,Stoke,ENG,1405.66
2003-05-15,Sunderland,ENG,1492.43
2003-05-15,Tottenham,ENG,1630.82
2003-05-15,Walsall,ENG,1413.58
2003-05-15,Watford,ENG,1420.8
2003-05-15,West Brom,ENG,1523.92
2003-05-15,West Ham,ENG,1656.93
2003-05-15,Wimbledon,ENG,1496.31
2003-05-15,Wolves,ENG,1584.62
2003-06-01,Arsenal,ENG,1860.83
2003-06-01,Aston Villa,ENG,1660.48
2003-06-01,Birmingham,ENG,1630.5
2003-06-01,Blackburn,ENG,1724.33
2003-06-01,Bolton,ENG,1641.23
2003-06-01,Bradford,ENG,1404.03
2003-06-01,Brighton,ENG,1407.76
2003-06-01,Burnley,ENG,1391.62
2003-06-01,Charlton,ENG,1636.19
2003-06-01,Chelsea,ENG,1772.52
2003-06-01,Coventry,ENG,1390.2
2003-06-01,Crystal Palace,ENG,1456.22
2003-06-01,Derby,ENG,1418.39
2003-06-01,Everton,ENG,1671.84
2003-06-01,Fulham,ENG,1651.28
2003-06-01,Gillingham,ENG,1438.8
2003-06-01,Grimsby,ENG,1352.07
2003-06-01,Ipswich,ENG,1552.84
2003-06-01,Leeds,ENG,1705.97
2003-06-01,Leicester,ENG,1601.07
2003-06-01,Liverpool,ENG,1789.13
2003-06-01,Man City,ENG,1659.72
2003-06-01,Man United,ENG,1918.55
2003-06-01,Middlesbrough,ENG,1662.46
2003-06-01,Millwall,ENG,1474.85
2003-06-01,Newcastle,ENG,1764.38
2003-06-01,Norwich,ENG,1488.3
2003-06-01,Nottm Forest,ENG,1507.13
2003-06-01,Portsmouth,ENG,1585.75
2003-06-01,Preston,ENG,1470.13
2003-06-01,Reading,ENG,1494.02
2003-06-01,Rotherham,ENG,1430.7
2003-06-01,Sheffield United,ENG,1518.77
2003-06-01,Sheffield Weds,ENG,1427.57
2003-06-01,Southampton,ENG,1675.33
2003-06-01,Stoke,ENG,1405.66
2003-06-01,Sunderland,ENG,1492.43
2003-06-01,Tottenham,ENG,1630.82
2003-06-01,Walsall,ENG,1413.58
2003-06-01,Watford,ENG,1420.8
2003-06-01,West Brom,ENG,1523.92
2003-06-01,West Ham,ENG,1656.93
2003-06-01,Wimbledon,ENG,1496.31
2003-06-01,Wolves,ENG,1596.06
2003-06-15,Arsenal,ENG,1860.83
2003-06-15,Aston Villa,ENG,1660.48
2003-06-15,Birmingham,ENG,1630.5
2003-06-15,Blackburn,ENG,1724.33
2003-06-15,Bolton,ENG,1641.23
2003-06-15,Bradford,ENG,1404.03
2003-06-15,Brighton,ENG,1407.76
2003-06-15,Burnley,ENG,1391.62
2003-06-15,Charlton,ENG,1636.19
2003-06-15,Chelsea,ENG,1772.52
2003-06-15,Coventry,ENG,1390.2
2003-06-15,Crystal Palace,ENG,1456.22
2003-06-15,Derby,ENG,1418.39
2003-06-15,Everton,ENG,1671.84
2003-06-15,Fulham,ENG,1651.28
2003-06-15,Gillingham,ENG,1438.8
2003-06-15,Grimsby,ENG,1352.07
2003-06-15,Ipswich,ENG,1552.84
2003-06-15,Leeds,ENG,1705.97
2003-06-15,Leicester,ENG,1601.07
2003-06-15,Liverpool,ENG,1789.13
2003-06-15,Man City,ENG,1659.72
2003-06-15,Man United,ENG,1918.55
2003-06-15,Middlesbrough,ENG,1662.46
2003-06-15,Millwall,ENG,1474.85
2003-06-15,Newcastle,ENG,1764.38
2003-06-15,Norwich,ENG,1488.3
2003-06-15,Nottm Forest,ENG,1507.13
2003-06-15,Portsmouth,ENG,1585.75
2003-06-15,Preston,ENG,1470.13
2003-06-15,Reading,ENG,1494.02
2003-06-15,Rotherham,ENG,1430.7
2003-06-15,Sheffield United,ENG,1518.77
2003-06-15,Sheffield Weds,ENG,1427.57
2003-06-15,Southampton,ENG,1675.33
2003-06-15,Stoke,ENG,1405.66
2003-06-15,Sunderland,ENG,1492.43
2003-06-15,Tottenham,ENG,1630.82
2003-06-15,Walsall,ENG,1413.58
2003-06-15,Watford,ENG,1420.8
2003-06-15,West Brom,ENG,1523.92
2003-06-15,West Ham,ENG,1656.93
2003-06-15,Wimbledon,ENG,1496.31
2003-06-15,Wolves,ENG,1596.06
2003-07-01,Arsenal,ENG,1860.83
2003-07-01,Aston Villa,ENG,1660.48
2003-07-01,Birmingham,ENG,1630.5
2003-07-01,Blackburn,ENG,1724.33
2003-07-01,Bolton,ENG,1641.23
2003-07-01,Bradford,ENG,1404.03
2003-07-01,Brighton,ENG,1407.76
2003-07-01,Burnley,ENG,1391.62
2003-07-01,Cardiff,ENG,1373.26
2003-07-01,Charlton,ENG,1636.19
2003-07-01,Chelsea,ENG,1772.52
2003-07-01,Coventry,ENG,1390.2
2003-07-01,Crewe,ENG,1373.26
2003-07-01,Crystal Palace,ENG,1456.22
2003-07-01,Derby,ENG,1418.39
2003-07-01,Everton,ENG,1671.84
2003-07-01,Fulham,ENG,1651.28
2003-07-01,Gillingham,ENG,1438.8
2003-07-01,Grimsby,ENG,1352.07
2003-07-01,Ipswich,ENG,1552.84
2003-07-01,Leeds,ENG,1705.97
2003-07-01,Leicester,ENG,1601.07
2003-07-01,Liverpool,ENG,1789.13
2003-07-01,Man City,ENG,1659.72
2003-07-01,Man United,ENG,1918.55
2003-07-01,Middlesbrough,ENG,1662.46
2003-07-01,Millwall,ENG,1474.85
2003-07-01,Newcastle,ENG,1764.38
2003-07-01,Norwich,ENG,1488.3
2003-07-01,Nottm Forest,ENG,1507.13
2003-07-01,Portsmouth,ENG,1585.75
2003-07-01,Preston,ENG,1470.13
2003-07-01,Reading,ENG,1494.02
2003-07-01,Rotherham,ENG,1430.7
2003-07-01,Sheffield United,ENG,1518.77
2003-07-01,Sheffield Weds,ENG,1427.57
2003-07-01,Southampton,ENG,1675.33
2003-07-01,Stoke,ENG,1405.66
2003-07-01,Sunderland,ENG,1492.43
2003-07-01,Tottenham,ENG,1630.82
2003-07-01,Walsall,ENG,1413.58
2003-07-01,Watford,ENG,1420.8
2003-07-01,West Brom,ENG,1523.92
2003-07-01,West Ham,ENG,1656.93
2003-07-01,Wigan,ENG,1373.26
2003-07-01,Wimbledon,ENG,1496.31
2003-07-01,Wolves,ENG,1596.06
2003-07-15,Arsenal,ENG,1860.83
2003-07-15,Aston Villa,ENG,1660.48
2003-07-15,Birmingham,ENG,1630.5
2003-07-15,Blackburn,ENG,1724.33
2003-07-15,Bolton,ENG,1641.23
2003-07-15,Bradford,ENG,1404.03
2003-07-15,Burnley,ENG,1391.62
2003-07-15,Cardiff,ENG,1373.26
2003-07-15,Charlton,ENG,1636.19
2003-07-15,Chelsea,ENG,1772.52
2003-07-15,Coventry,ENG,1390.2
2003-07-15,Crewe,ENG,1373.26
2003-07-15,Crystal Palace,ENG,1456.22
2003-07-15,Derby,ENG,1418.39
2003-07-15,Everton,ENG,1671.84
2003-07-15,Fulham,ENG,1651.28
2003-07-15,Gillingham,ENG,1438.8
2003-07-15,Ipswich,ENG,1552.84
2003-07-15,Leeds,ENG,1705.97
2003-07-15,Leicester,ENG,1601.07
2003-07-15,Liverpool,ENG,1789.13
2003-07-15,Man City,ENG,1659.72
2003-07-15,Man United,ENG,1918.55
2003-07-15,Middlesbrough,ENG,1662.46
2003-07-15,Millwall,ENG,1474.85
2003-07-15,Newcastle,ENG,1764.38
2003-07-15,Norwich,ENG,1488.3
2003-07-15,Nottm Forest,ENG,1507.13
2003-07-15,Portsmouth,ENG,1585.75
2003-07-15,Preston,ENG,1470.13
2003-07-15,Reading,ENG,1494.02
2003-07-15,Rotherham,ENG,1430.7
2003-07-15,Sheffield United,ENG,1518.77
2003-07-15,Southampton,ENG,1675.33
2003-07-15,Stoke,ENG,1405.66
2003-07-15,Sunderland,ENG,1492.43
2003-07-15,Tottenham,ENG,1630.82
2003-07-15,Walsall,ENG,1413.58
2003-07-15,Watford,ENG,1420.8
2003-07-15,West Brom,ENG,1523.92
2003-07-15,West Ham,ENG,1656.93
2003-07-15,Wigan,ENG,1373.26
2003-07-15,Wimbledon,ENG,1496.31
2003-07-15,Wolves,ENG,1596.06
2003-08-01,Arsenal,ENG,1860.83
2003-08-01,Aston Villa,ENG,1660.48
2003-08-01,Birmingham,ENG,1630.5
2003-08-01,Blackburn,ENG,1724.33
2003-08-01,Bolton,ENG,1641.23
2003-08-01,Bradford,ENG,1404.03
2003-08-01,Burnley,ENG,1391.62
2003-08-01,Cardiff,ENG,1373.26
2003-08-01,Charlton,ENG,1636.19
2003-08-01,Chelsea,ENG,1772.52
2003-08-01,Coventry,ENG,1390.2
2003-08-01,Crewe,ENG,1373.26
2003-08-01,Crystal Palace,ENG,1456.22
2003-08-01,Derby,ENG,1418.39
2003-08-01,Everton,ENG,1671.84
2003-08-01,Fulham,ENG,1651.28
2003-08-01,Gillingham,ENG,1438.8
2003-08-01,Ipswich,ENG,1552.84
2003-08-01,Leeds,ENG,1705.97
2003-08-01,Leicester,ENG,1601.07
2003-08-01,Liverpool,ENG,1789.13
2003-08-01,Man City,ENG,1659.72
2003-08-01,Man United,ENG,1918.55
2003-08-01,Middlesbrough,ENG,1662.46
2003-08-01,Millwall,ENG,1474.85
2003-08-01,Newcastle,ENG,1764.38
2003-08-01,Norwich,ENG,1488.3
2003-08-01,Nottm Forest,ENG,1507.13
2003-08-01,Portsmouth,ENG,1585.75
2003-08-01,Preston,ENG,1470.13
2003-08-01,Reading,ENG,1494.02
2003-08-01,Rotherham,ENG,1430.7
2003-08-01,Sheffield United,ENG,1518.77
2003-08-01,Southampton,ENG,1675.33
2003-08-01,Stoke,ENG,1405.66
2003-08-01,Sunderland,ENG,1492.43
2003-08-01,Tottenham,ENG,1630.82
2003-08-01,Walsall,ENG,1413.58
2003-08-01,Watford,ENG,1420.8
2003-08-01,West Brom,ENG,1523.92
2003-08-01,West Ham,ENG,1656.93
2003-08-01,Wigan,ENG,1373.26
2003-08-01,Wimbledon,ENG,1496.31
2003-08-01,Wolves,ENG,1596.06
2003-08-15,Arsenal,ENG,1863.34
2003-08-15,Aston Villa,ENG,1662.99
2003-08-15,Birmingham,ENG,1633.01
2003-08-15,Blackburn,ENG,1726.85
2003-08-15,Bolton,ENG,1643.75
2003-08-15,Bradford,ENG,1406.99
2003-08-15,Burnley,ENG,1386.19
2003-08-15,Cardiff,ENG,1379.26
2003-08-15,Charlton,ENG,1638.7
2003-08-15,Chelsea,ENG,1776.47
2003-08-15,Coventry,ENG,1392.72
2003-08-15,Crewe,ENG,1370.77
2003-08-15,Crystal Palace,ENG,1466.68
2003-08-15,Derby,ENG,1403.41
2003-08-15,Everton,ENG,1674.36
2003-08-15,Fulham,ENG,1653.8
2003-08-15,Gillingham,ENG,1445.35
2003-08-15,Ipswich,ENG,1551.83
2003-08-15,Leeds,ENG,1708.48
2003-08-15,Leicester,ENG,1603.58
2003-08-15,Liverpool,ENG,1791.64
2003-08-15,Man City,ENG,1662.32
2003-08-15,Man United,ENG,1921.07
2003-08-15,Middlesbrough,ENG,1664.97
2003-08-15,Millwall,ENG,1483.06
2003-08-15,Newcastle,ENG,1772.5
2003-08-15,Norwich,ENG,1490.37
2003-08-15,Nottm Forest,ENG,1518.1
2003-08-15,Portsmouth,ENG,1588.27
2003-08-15,Preston,ENG,1467.74
2003-08-15,Reading,ENG,1500.05
2003-08-15,Rotherham,ENG,1429.72
2003-08-15,Sheffield United,ENG,1517.24
2003-08-15,Southampton,ENG,1677.84
2003-08-15,Stoke,ENG,1425.67
2003-08-15,Sunderland,ENG,1486.49
2003-08-15,Tottenham,ENG,1633.33
2003-08-15,Walsall,ENG,1431.83
2003-08-15,Watford,ENG,1423.32
2003-08-15,West Brom,ENG,1510.69
2003-08-15,West Ham,ENG,1664.34
2003-08-15,Wigan,ENG,1370.08
2003-08-15,Wimbledon,ENG,1503.83
2003-08-15,Wolves,ENG,1598.58
2003-09-01,Arsenal,ENG,1878.36
2003-09-01,Aston Villa,ENG,1656.96
2003-09-01,Birmingham,ENG,1650.69
2003-09-01,Blackburn,ENG,1721.56
2003-09-01,Bolton,ENG,1621.04
2003-09-01,Bradford,ENG,1389.55
2003-09-01,Burnley,ENG,1388.73
2003-09-01,Cardiff,ENG,1390.02
2003-09-01,Charlton,ENG,1637.4
2003-09-01,Chelsea,ENG,1782.09
2003-09-01,Coventry,ENG,1379.89
2003-09-01,Crewe,ENG,1383.46
2003-09-01,Crystal Palace,ENG,1475.84
2003-09-01,Derby,ENG,1377.42
2003-09-01,Everton,ENG,1664.4
2003-09-01,Fulham,ENG,1664.02
2003-09-01,Gillingham,ENG,1428.36
2003-09-01,Ipswich,ENG,1514.79
2003-09-01,Leeds,ENG,1702.01
2003-09-01,Leicester,ENG,1589.04
2003-09-01,Liverpool,ENG,1782.84
2003-09-01,Man City,ENG,1676.91
2003-09-01,Man United,ENG,1914.08
2003-09-01,Middlesbrough,ENG,1637.47
2003-09-01,Millwall,ENG,1482.32
2003-09-01,Newcastle,ENG,1738.78
2003-09-01,Norwich,ENG,1485.0
2003-09-01,Nottm Forest,ENG,1508.68
2003-09-01,Portsmouth,ENG,1611.77
2003-09-01,Preston,ENG,1450.64
2003-09-01,Reading,ENG,1525.61
2003-09-01,Rotherham,ENG,1416.05
2003-09-01,Sheffield United,ENG,1536.42
2003-09-01,Southampton,ENG,1685.93
2003-09-01,Stoke,ENG,1425.39
2003-09-01,Sunderland,ENG,1507.56
2003-09-01,Tottenham,ENG,1620.44
2003-09-01,Walsall,ENG,1416.46
2003-09-01,Watford,ENG,1398.96
2003-09-01,West Brom,ENG,1530.88
2003-09-01,West Ham,ENG,1651.06
2003-09-01,Wigan,ENG,1409.62
2003-09-01,Wimbledon,ENG,1456.27
2003-09-01,Wolves,ENG,1567.96
2003-09-15,Arsenal,ENG,1871.04
2003-09-15,Aston Villa,ENG,1656.96
2003-09-15,Birmingham,ENG,1650.69
2003-09-15,Blackburn,ENG,1710.46
2003-09-15,Bolton,ENG,1630.95
2003-09-15,Bradford,ENG,1397.55
2003-09-15,Burnley,ENG,1392.45
2003-09-15,Cardiff,ENG,1407.24
2003-09-15,Charlton,ENG,1633.13
2003-09-15,Chelsea,ENG,1786.51
2003-09-15,Coventry,ENG,1390.6
2003-09-15,Crewe,ENG,1398.1
2003-09-15,Crystal Palace,ENG,1469.95
2003-09-15,Derby,ENG,1387.76
2003-09-15,Everton,ENG,1664.88
2003-09-15,Fulham,ENG,1664.02
2003-09-15,Gillingham,ENG,1419.05
2003-09-15,Ipswich,ENG,1504.04
2003-09-15,Leeds,ENG,1702.01
2003-09-15,Leicester,ENG,1589.04
2003-09-15,Liverpool,ENG,1793.94
2003-09-15,Man City,ENG,1676.91
2003-09-15,Man United,ENG,1918.36
2003-09-15,Middlesbrough,ENG,1627.55
2003-09-15,Millwall,ENG,1462.49
2003-09-15,Newcastle,ENG,1738.3
2003-09-15,Norwich,ENG,1491.48
2003-09-15,Nottm Forest,ENG,1518.92
2003-09-15,Portsmouth,ENG,1619.1
2003-09-15,Preston,ENG,1442.64
2003-09-15,Reading,ENG,1521.8
2003-09-15,Rotherham,ENG,1401.41
2003-09-15,Sheffield United,ENG,1526.18
2003-09-15,Southampton,ENG,1691.56
2003-09-15,Stoke,ENG,1404.48
2003-09-15,Sunderland,ENG,1513.45
2003-09-15,Tottenham,ENG,1616.03
2003-09-15,Walsall,ENG,1406.12
2003-09-15,Watford,ENG,1410.88
2003-09-15,West Brom,ENG,1541.63
2003-09-15,West Ham,ENG,1654.87
2003-09-15,Wigan,ENG,1424.32
2003-09-15,Wimbledon,ENG,1441.56
2003-09-15,Wolves,ENG,1562.34
2003-10-01,Arsenal,ENG,1847.48
2003-10-01,Aston Villa,ENG,1642.93
2003-10-01,Birmingham,ENG,1664.92
2003-10-01,Blackburn,ENG,1685.2
2003-10-01,Bolton,ENG,1624.94
2003-10-01,Bradford,ENG,1373.54
2003-10-01,Burnley,ENG,1393.61
2003-10-01,Cardiff,ENG,1401.94
2003-10-01,Charlton,ENG,1631.23
2003-10-01,Chelsea,ENG,1799.65
2003-10-01,Coventry,ENG,1388.81
2003-10-01,Crewe,ENG,1388.17
2003-10-01,Crystal Palace,ENG,1446.62
2003-10-01,Derby,ENG,1403.54
2003-10-01,Everton,ENG,1664.01
2003-10-01,Fulham,ENG,1672.8
2003-10-01,Gillingham,ENG,1416.29
2003-10-01,Ipswich,ENG,1509.43
2003-10-01,Leeds,ENG,1649.25
2003-10-01,Leicester,ENG,1593.66
2003-10-01,Liverpool,ENG,1778.96
2003-10-01,Man City,ENG,1676.75
2003-10-01,Man United,ENG,1918.53
2003-10-01,Middlesbrough,ENG,1639.86
2003-10-01,Millwall,ENG,1469.7
2003-10-01,Newcastle,ENG,1733.09
2003-10-01,Norwich,ENG,1504.07
2003-10-01,Nottm Forest,ENG,1504.07
2003-10-01,Portsmouth,ENG,1598.04
2003-10-01,Preston,ENG,1444.66
2003-10-01,Reading,ENG,1490.32
2003-10-01,Rotherham,ENG,1389.38
2003-10-01,Sheffield United,ENG,1545.13
2003-10-01,Southampton,ENG,1679.03
2003-10-01,Stoke,ENG,1395.26
2003-10-01,Sunderland,ENG,1508.84
2003-10-01,Tottenham,ENG,1602.76
2003-10-01,Walsall,ENG,1405.2
2003-10-01,Watford,ENG,1383.53
2003-10-01,West Brom,ENG,1534.46
2003-10-01,West Ham,ENG,1630.8
2003-10-01,Wigan,ENG,1434.69
2003-10-01,Wimbledon,ENG,1409.94
2003-10-01,Wolves,ENG,1551.06
2003-10-15,Arsenal,ENG,1846.05
2003-10-15,Aston Villa,ENG,1631.02
2003-10-15,Birmingham,ENG,1653.74
2003-10-15,Blackburn,ENG,1668.75
2003-10-15,Bolton,ENG,1618.07
2003-10-15,Bradford,ENG,1364.81
2003-10-15,Burnley,ENG,1385.4
2003-10-15,Cardiff,ENG,1392.21
2003-10-15,Charlton,ENG,1630.6
2003-10-15,Chelsea,ENG,1777.02
2003-10-15,Coventry,ENG,1383.65
2003-10-15,Crewe,ENG,1358.32
2003-10-15,Crystal Palace,ENG,1434.65
2003-10-15,Derby,ENG,1392.38
2003-10-15,Everton,ENG,1641.31
2003-10-15,Fulham,ENG,1669.89
2003-10-15,Gillingham,ENG,1392.91
2003-10-15,Ipswich,ENG,1517.7
2003-10-15,Leeds,ENG,1646.91
2003-10-15,Leicester,ENG,1577.79
2003-10-15,Liverpool,ENG,1761.61
2003-10-15,Man City,ENG,1658.02
2003-10-15,Man United,ENG,1903.1
2003-10-15,Middlesbrough,ENG,1624.33
2003-10-15,Millwall,ENG,1454.53
2003-10-15,Newcastle,ENG,1728.81
2003-10-15,Norwich,ENG,1494.69
2003-10-15,Nottm Forest,ENG,1470.24
2003-10-15,Portsmouth,ENG,1579.88
2003-10-15,Preston,ENG,1461.63
2003-10-15,Reading,ENG,1480.55
2003-10-15,Rotherham,ENG,1381.41
2003-10-15,Sheffield United,ENG,1539.46
2003-10-15,Southampton,ENG,1664.53
2003-10-15,Stoke,ENG,1388.89
2003-10-15,Sunderland,ENG,1505.0
2003-10-15,Tottenham,ENG,1606.67
2003-10-15,Walsall,ENG,1388.64
2003-10-15,Watford,ENG,1381.83
2003-10-15,West Brom,ENG,1520.19
2003-10-15,West Ham,ENG,1630.12
2003-10-15,Wigan,ENG,1431.93
2003-10-15,Wimbledon,ENG,1395.44
2003-10-15,Wolves,ENG,1550.99
2003-11-01,Arsenal,ENG,1831.77
2003-11-01,Aston Villa,ENG,1626.05
2003-11-01,Birmingham,ENG,1653.9
2003-11-01,Blackburn,ENG,1629.23
2003-11-01,Bolton,ENG,1592.87
2003-11-01,Bradford,ENG,1346.75
2003-11-01,Burnley,ENG,1386.79
2003-11-01,Cardiff,ENG,1414.41
2003-11-01,Charlton,ENG,1638.58
2003-11-01,Chelsea,ENG,1777.29
2003-11-01,Coventry,ENG,1386.33
2003-11-01,Crewe,ENG,1375.21
2003-11-01,Crystal Palace,ENG,1410.8
2003-11-01,Derby,ENG,1356.75
2003-11-01,Everton,ENG,1635.3
2003-11-01,Fulham,ENG,1672.18
2003-11-01,Gillingham,ENG,1388.78
2003-11-01,Ipswich,ENG,1522.21
2003-11-01,Leeds,ENG,1631.94
2003-11-01,Leicester,ENG,1556.18
2003-11-01,Liverpool,ENG,1751.56
2003-11-01,Man City,ENG,1665.37
2003-11-01,Man United,ENG,1886.2
2003-11-01,Middlesbrough,ENG,1613.24
2003-11-01,Millwall,ENG,1460.27
2003-11-01,Newcastle,ENG,1744.15
2003-11-01,Norwich,ENG,1498.53
2003-11-01,Nottm Forest,ENG,1486.61
2003-11-01,Portsmouth,ENG,1579.55
2003-11-01,Preston,ENG,1441.97
2003-11-01,Reading,ENG,1479.48
2003-11-01,Rotherham,ENG,1372.48
2003-11-01,Sheffield United,ENG,1509.82
2003-11-01,Southampton,ENG,1653.77
2003-11-01,Stoke,ENG,1377.43
2003-11-01,Sunderland,ENG,1491.17
2003-11-01,Tottenham,ENG,1607.95
2003-11-01,Walsall,ENG,1401.76
2003-11-01,Watford,ENG,1382.58
2003-11-01,West Brom,ENG,1518.65
2003-11-01,West Ham,ENG,1602.72
2003-11-01,Wigan,ENG,1421.52
2003-11-01,Wimbledon,ENG,1371.79
2003-11-01,Wolves,ENG,1556.71
2003-11-15,Arsenal,ENG,1856.46
2003-11-15,Aston Villa,ENG,1628.61
2003-11-15,Birmingham,ENG,1654.96
2003-11-15,Blackburn,ENG,1636.38
2003-11-15,Bolton,ENG,1614.15
2003-11-15,Bradford,ENG,1356.29
2003-11-15,Burnley,ENG,1394.32
2003-11-15,Cardiff,ENG,1435.51
2003-11-15,Charlton,ENG,1670.48
2003-11-15,Chelsea,ENG,1829.96
2003-11-15,Coventry,ENG,1404.12
2003-11-15,Crewe,ENG,1382.48
2003-11-15,Crystal Palace,ENG,1408.97
2003-11-15,Derby,ENG,1363.91
2003-11-15,Everton,ENG,1634.9
2003-11-15,Fulham,ENG,1667.08
2003-11-15,Gillingham,ENG,1411.48
2003-11-15,Ipswich,ENG,1519.2
2003-11-15,Leeds,ENG,1619.76
2003-11-15,Leicester,ENG,1600.99
2003-11-15,Liverpool,ENG,1765.52
2003-11-15,Man City,ENG,1663.98
2003-11-15,Man United,ENG,1911.11
2003-11-15,Middlesbrough,ENG,1647.07
2003-11-15,Millwall,ENG,1471.56
2003-11-15,Newcastle,ENG,1750.41
2003-11-15,Norwich,ENG,1528.75
2003-11-15,Nottm Forest,ENG,1472.97
2003-11-15,Portsmouth,ENG,1605.73
2003-11-15,Preston,ENG,1466.9
2003-11-15,Reading,ENG,1488.3
2003-11-15,Rotherham,ENG,1387.7
2003-11-15,Sheffield United,ENG,1528.69
2003-11-15,Southampton,ENG,1653.49
2003-11-15,Stoke,ENG,1383.54
2003-11-15,Sunderland,ENG,1511.5
2003-11-15,Tottenham,ENG,1608.13
2003-11-15,Walsall,ENG,1418.44
2003-11-15,Watford,ENG,1399.85
2003-11-15,West Brom,ENG,1540.05
2003-11-15,West Ham,ENG,1598.82
2003-11-15,Wigan,ENG,1441.69
2003-11-15,Wimbledon,ENG,1380.3
2003-11-15,Wolves,ENG,1562.29
2003-12-01,Arsenal,ENG,1882.73
2003-12-01,Aston Villa,ENG,1635.0
2003-12-01,Birmingham,ENG,1647.57
2003-12-01,Blackburn,ENG,1646.63
2003-12-01,Bolton,ENG,1643.52
2003-12-01,Bradford,ENG,1365.68
2003-12-01,Burnley,ENG,1408.96
2003-12-01,Cardiff,ENG,1443.38
2003-12-01,Charlton,ENG,1665.12
2003-12-01,Chelsea,ENG,1843.13
2003-12-01,Coventry,ENG,1415.43
2003-12-01,Crewe,ENG,1401.59
2003-12-01,Crystal Palace,ENG,1424.13
2003-12-01,Derby,ENG,1393.01
2003-12-01,Everton,ENG,1638.29
2003-12-01,Fulham,ENG,1686.83
2003-12-01,Gillingham,ENG,1417.56
2003-12-01,Ipswich,ENG,1543.79
2003-12-01,Leeds,ENG,1623.48
2003-12-01,Leicester,ENG,1620.71
2003-12-01,Liverpool,ENG,1777.72
2003-12-01,Man City,ENG,1647.39
2003-12-01,Man United,ENG,1915.89
2003-12-01,Middlesbrough,ENG,1664.59
2003-12-01,Millwall,ENG,1458.48
2003-12-01,Newcastle,ENG,1764.0
2003-12-01,Norwich,ENG,1521.73
2003-12-01,Nottm Forest,ENG,1465.94
2003-12-01,Portsmouth,ENG,1591.38
2003-12-01,Preston,ENG,1465.27
2003-12-01,Reading,ENG,1492.79
2003-12-01,Rotherham,ENG,1405.57
2003-12-01,Sheffield United,ENG,1530.95
2003-12-01,Southampton,ENG,1647.25
2003-12-01,Stoke,ENG,1378.07
2003-12-01,Sunderland,ENG,1496.32
2003-12-01,Tottenham,ENG,1615.33
2003-12-01,Walsall,ENG,1412.48
2003-12-01,Watford,ENG,1417.11
2003-12-01,West Brom,ENG,1556.55
2003-12-01,West Ham,ENG,1604.18
2003-12-01,Wigan,ENG,1440.34
2003-12-01,Wimbledon,ENG,1383.11
2003-12-01,Wolves,ENG,1565.5
2003-12-15,Arsenal,ENG,1889.05
2003-12-15,Aston Villa,ENG,1643.19
2003-12-15,Birmingham,ENG,1648.12
2003-12-15,Blackburn,ENG,1670.95
2003-12-15,Bolton,ENG,1659.21
2003-12-15,Bradford,ENG,1357.54
2003-12-15,Burnley,ENG,1414.7
2003-12-15,Cardiff,ENG,1448.6
2003-12-15,Charlton,ENG,1667.05
2003-12-15,Chelsea,ENG,1844.58
2003-12-15,Coventry,ENG,1423.16
2003-12-15,Crewe,ENG,1426.6
2003-12-15,Crystal Palace,ENG,1414.98
2003-12-15,Derby,ENG,1399.53
2003-12-15,Everton,ENG,1651.81
2003-12-15,Fulham,ENG,1690.91
2003-12-15,Gillingham,ENG,1417.58
2003-12-15,Ipswich,ENG,1552.77
2003-12-15,Leeds,ENG,1642.0
2003-12-15,Leicester,ENG,1618.44
2003-12-15,Liverpool,ENG,1773.17
2003-12-15,Man City,ENG,1653.53
2003-12-15,Man United,ENG,1932.23
2003-12-15,Middlesbrough,ENG,1665.21
2003-12-15,Millwall,ENG,1465.38
2003-12-15,Newcastle,ENG,1775.54
2003-12-15,Norwich,ENG,1536.82
2003-12-15,Nottm Forest,ENG,1465.61
2003-12-15,Portsmouth,ENG,1593.31
2003-12-15,Preston,ENG,1490.71
2003-12-15,Reading,ENG,1495.58
2003-12-15,Rotherham,ENG,1427.47
2003-12-15,Sheffield United,ENG,1529.34
2003-12-15,Southampton,ENG,1673.52
2003-12-15,Stoke,ENG,1407.4
2003-12-15,Sunderland,ENG,1494.78
2003-12-15,Tottenham,ENG,1624.24
2003-12-15,Walsall,ENG,1427.41
2003-12-15,Watford,ENG,1427.87
2003-12-15,West Brom,ENG,1561.92
2003-12-15,West Ham,ENG,1601.05
2003-12-15,Wigan,ENG,1442.79
2003-12-15,Wimbledon,ENG,1372.18
2003-12-15,Wolves,ENG,1558.58
2004-01-01,Arsenal,ENG,1891.14
2004-01-01,Aston Villa,ENG,1672.08
2004-01-01,Birmingham,ENG,1648.22
2004-01-01,Blackburn,ENG,1666.99
2004-01-01,Bolton,ENG,1654.83
2004-01-01,Bradford,ENG,1349.1
2004-01-01,Burnley,ENG,1390.92
2004-01-01,Cardiff,ENG,1418.97
2004-01-01,Charlton,ENG,1691.39
2004-01-01,Chelsea,ENG,1838.34
2004-01-01,Coventry,ENG,1417.36
2004-01-01,Crewe,ENG,1429.54
2004-01-01,Crystal Palace,ENG,1444.28
2004-01-01,Derby,ENG,1393.43
2004-01-01,Everton,ENG,1662.23
2004-01-01,Fulham,ENG,1681.48
2004-01-01,Gillingham,ENG,1435.3
2004-01-01,Ipswich,ENG,1532.4
2004-01-01,Leeds,ENG,1630.78
2004-01-01,Leicester,ENG,1618.56
2004-01-01,Liverpool,ENG,1776.93
2004-01-01,Man City,ENG,1646.83
2004-01-01,Man United,ENG,1939.89
2004-01-01,Middlesbrough,ENG,1663.43
2004-01-01,Millwall,ENG,1475.65
2004-01-01,Newcastle,ENG,1759.36
2004-01-01,Norwich,ENG,1567.14
2004-01-01,Nottm Forest,ENG,1452.08
2004-01-01,Portsmouth,ENG,1591.86
2004-01-01,Preston,ENG,1493.02
2004-01-01,Reading,ENG,1455.57
2004-01-01,Rotherham,ENG,1437.01
2004-01-01,Sheffield United,ENG,1532.28
2004-01-01,Southampton,ENG,1668.18
2004-01-01,Stoke,ENG,1431.05
2004-01-01,Sunderland,ENG,1516.03
2004-01-01,Tottenham,ENG,1603.8
2004-01-01,Walsall,ENG,1438.63
2004-01-01,Watford,ENG,1413.94
2004-01-01,West Brom,ENG,1543.65
2004-01-01,West Ham,ENG,1595.86
2004-01-01,Wigan,ENG,1446.31
2004-01-01,Wimbledon,ENG,1392.24
2004-01-01,Wolves,ENG,1568.34
2004-01-15,Arsenal,ENG,1890.8
2004-01-15,Aston Villa,ENG,1672.73
2004-01-15,Birmingham,ENG,1642.42
2004-01-15,Blackburn,ENG,1655.96
2004-01-15,Bolton,ENG,1661.78
2004-01-15,Bradford,ENG,1363.51
2004-01-15,Burnley,ENG,1394.09
2004-01-15,Cardiff,ENG,1425.92
2004-01-15,Charlton,ENG,1697.17
2004-01-15,Chelsea,ENG,1835.93
2004-01-15,Coventry,ENG,1415.53
2004-01-15,Crewe,ENG,1435.11
2004-01-15,Crystal Palace,ENG,1441.1
2004-01-15,Derby,ENG,1387.79
2004-01-15,Everton,ENG,1660.4
2004-01-15,Fulham,ENG,1680.72
2004-01-15,Gillingham,ENG,1423.12
2004-01-15,Ipswich,ENG,1531.95
2004-01-15,Leeds,ENG,1617.54
2004-01-15,Leicester,ENG,1612.73
2004-01-15,Liverpool,ENG,1792.33
2004-01-15,Man City,ENG,1635.32
2004-01-15,Man United,ENG,1936.86
2004-01-15,Middlesbrough,ENG,1666.35
2004-01-15,Millwall,ENG,1476.56
2004-01-15,Newcastle,ENG,1768.98
2004-01-15,Norwich,ENG,1552.73
2004-01-15,Nottm Forest,ENG,1446.96
2004-01-15,Portsmouth,ENG,1598.18
2004-01-15,Preston,ENG,1505.01
2004-01-15,Reading,ENG,1456.02
2004-01-15,Rotherham,ENG,1430.06
2004-01-15,Sheffield United,ENG,1544.45
2004-01-15,Southampton,ENG,1657.71
2004-01-15,Stoke,ENG,1436.69
2004-01-15,Sunderland,ENG,1521.16
2004-01-15,Tottenham,ENG,1626.62
2004-01-15,Walsall,ENG,1432.56
2004-01-15,Watford,ENG,1415.78
2004-01-15,West Brom,ENG,1549.72
2004-01-15,West Ham,ENG,1583.88
2004-01-15,Wigan,ENG,1445.4
2004-01-15,Wimbledon,ENG,1386.67
2004-01-15,Wolves,ENG,1564.12
2004-02-01,Arsenal,ENG,1896.66
2004-02-01,Aston Villa,ENG,1685.28
2004-02-01,Birmingham,ENG,1650.57
2004-02-01,Blackburn,ENG,1657.08
2004-02-01,Bolton,ENG,1677.23
2004-02-01,Bradford,ENG,1343.79
2004-02-01,Burnley,ENG,1400.16
2004-02-01,Cardiff,ENG,1432.23
2004-02-01,Charlton,ENG,1695.41
2004-02-01,Chelsea,ENG,1829.75
2004-02-01,Coventry,ENG,1439.56
2004-02-01,Crewe,ENG,1420.96
2004-02-01,Crystal Palace,ENG,1472.04
2004-02-01,Derby,ENG,1402.16
2004-02-01,Everton,ENG,1656.61
2004-02-01,Fulham,ENG,1679.85
2004-02-01,Gillingham,ENG,1420.91
2004-02-01,Ipswich,ENG,1536.82
2004-02-01,Leeds,ENG,1597.75
2004-02-01,Leicester,ENG,1597.48
2004-02-01,Liverpool,ENG,1772.7
2004-02-01,Man City,ENG,1634.2
2004-02-01,Man United,ENG,1923.89
2004-02-01,Middlesbrough,ENG,1677.34
2004-02-01,Millwall,ENG,1492.38
2004-02-01,Newcastle,ENG,1773.57
2004-02-01,Norwich,ENG,1557.01
2004-02-01,Nottm Forest,ENG,1439.19
2004-02-01,Portsmouth,ENG,1591.2
2004-02-01,Preston,ENG,1489.26
2004-02-01,Reading,ENG,1472.92
2004-02-01,Rotherham,ENG,1428.49
2004-02-01,Sheffield United,ENG,1523.14
2004-02-01,Southampton,ENG,1661.39
2004-02-01,Stoke,ENG,1450.68
2004-02-01,Sunderland,ENG,1513.42
2004-02-01,Tottenham,ENG,1631.76
2004-02-01,Walsall,ENG,1403.92
2004-02-01,Watford,ENG,1393.15
2004-02-01,West Brom,ENG,1551.94
2004-02-01,West Ham,ENG,1587.82
2004-02-01,Wigan,ENG,1457.77
2004-02-01,Wimbledon,ENG,1372.04
2004-02-01,Wolves,ENG,1584.94
2004-02-15,Arsenal,ENG,1905.17
2004-02-15,Aston Villa,ENG,1701.09
2004-02-15,Birmingham,ENG,1663.34
2004-02-15,Blackburn,ENG,1663.84
2004-02-15,Bolton,ENG,1677.49
2004-02-15,Bradford,ENG,1340.13
2004-02-15,Burnley,ENG,1407.17
2004-02-15,Cardiff,ENG,1432.99
2004-02-15,Charlton,ENG,1676.68
2004-02-15,Chelsea,ENG,1843.2
2004-02-15,Coventry,ENG,1449.01
2004-02-15,Crewe,ENG,1422.1
2004-02-15,Crystal Palace,ENG,1490.39
2004-02-15,Derby,ENG,1401.4
2004-02-15,Everton,ENG,1641.68
2004-02-15,Fulham,ENG,1671.69
2004-02-15,Gillingham,ENG,1413.9
2004-02-15,Ipswich,ENG,1520.62
2004-02-15,Leeds,ENG,1602.19
2004-02-15,Leicester,ENG,1594.15
2004-02-15,Liverpool,ENG,1775.16
2004-02-15,Man City,ENG,1627.7
2004-02-15,Man United,ENG,1912.23
2004-02-15,Middlesbrough,ENG,1682.13
2004-02-15,Millwall,ENG,1489.62
2004-02-15,Newcastle,ENG,1776.07
2004-02-15,Norwich,ENG,1561.77
2004-02-15,Nottm Forest,ENG,1429.74
2004-02-15,Portsmouth,ENG,1580.79
2004-02-15,Preston,ENG,1503.42
2004-02-15,Reading,ENG,1457.44
2004-02-15,Rotherham,ENG,1443.97
2004-02-15,Sheffield United,ENG,1504.78
2004-02-15,Southampton,ENG,1657.24
2004-02-15,Stoke,ENG,1453.44
2004-02-15,Sunderland,ENG,1511.61
2004-02-15,Tottenham,ENG,1652.48
2004-02-15,Walsall,ENG,1402.79
2004-02-15,Watford,ENG,1394.96
2004-02-15,West Brom,ENG,1537.78
2004-02-15,West Ham,ENG,1591.47
2004-02-15,Wigan,ENG,1473.97
2004-02-15,Wimbledon,ENG,1367.28
2004-02-15,Wolves,ENG,1570.34
2004-03-01,Arsenal,ENG,1925.45
2004-03-01,Aston Villa,ENG,1691.79
2004-03-01,Birmingham,ENG,1670.6
2004-03-01,Blackburn,ENG,1660.6
2004-03-01,Bolton,ENG,1667.22
2004-03-01,Bradford,ENG,1344.57
2004-03-01,Burnley,ENG,1420.9
2004-03-01,Cardiff,ENG,1447.16
2004-03-01,Charlton,ENG,1685.4
2004-03-01,Chelsea,ENG,1851.05
2004-03-01,Coventry,ENG,1465.17
2004-03-01,Crewe,ENG,1410.85
2004-03-01,Crystal Palace,ENG,1500.73
2004-03-01,Derby,ENG,1400.18
2004-03-01,Everton,ENG,1659.71
2004-03-01,Fulham,ENG,1672.14
2004-03-01,Gillingham,ENG,1407.66
2004-03-01,Ipswich,ENG,1524.4
2004-03-01,Leeds,ENG,1617.79
2004-03-01,Leicester,ENG,1599.91
2004-03-01,Liverpool,ENG,1782.07
2004-03-01,Man City,ENG,1642.86
2004-03-01,Man United,ENG,1900.53
2004-03-01,Middlesbrough,ENG,1682.24
2004-03-01,Millwall,ENG,1515.77
2004-03-01,Newcastle,ENG,1780.96
2004-03-01,Norwich,ENG,1574.73
2004-03-01,Nottm Forest,ENG,1436.77
2004-03-01,Portsmouth,ENG,1589.28
2004-03-01,Preston,ENG,1477.59
2004-03-01,Reading,ENG,1475.28
2004-03-01,Rotherham,ENG,1453.36
2004-03-01,Sheffield United,ENG,1500.35
2004-03-01,Southampton,ENG,1661.46
2004-03-01,Stoke,ENG,1447.51
2004-03-01,Sunderland,ENG,1498.91
2004-03-01,Tottenham,ENG,1653.97
2004-03-01,Walsall,ENG,1395.67
2004-03-01,Watford,ENG,1432.29
2004-03-01,West Brom,ENG,1543.22
2004-03-01,West Ham,ENG,1600.63
2004-03-01,Wigan,ENG,1491.01
2004-03-01,Wimbledon,ENG,1348.6
2004-03-01,Wolves,ENG,1586.09
2004-03-15,Arsenal,ENG,1933.86
2004-03-15,Aston Villa,ENG,1707.31
2004-03-15,Birmingham,ENG,1679.25
2004-03-15,Blackburn,ENG,1657.74
2004-03-15,Bolton,ENG,1653.31
2004-03-15,Bradford,ENG,1371.34
2004-03-15,Burnley,ENG,1414.9
2004-03-15,Cardiff,ENG,1450.02
2004-03-15,Charlton,ENG,1693.48
2004-03-15,Chelsea,ENG,1859.75
2004-03-15,Coventry,ENG,1478.15
2004-03-15,Crewe,ENG,1419.34
2004-03-15,Crystal Palace,ENG,1491.96
2004-03-15,Derby,ENG,1407.94
2004-03-15,Everton,ENG,1666.26
2004-03-15,Fulham,ENG,1681.23
2004-03-15,Gillingham,ENG,1420.43
2004-03-15,Ipswich,ENG,1494.05
2004-03-15,Leeds,ENG,1612.11
2004-03-15,Leicester,ENG,1613.41
2004-03-15,Liverpool,ENG,1769.24
2004-03-15,Man City,ENG,1666.25
2004-03-15,Man United,ENG,1871.23
2004-03-15,Middlesbrough,ENG,1673.7
2004-03-15,Millwall,ENG,1523.66
2004-03-15,Newcastle,ENG,1785.65
2004-03-15,Norwich,ENG,1570.99
2004-03-15,Nottm Forest,ENG,1446.1
2004-03-15,Portsmouth,ENG,1586.13
2004-03-15,Preston,ENG,1484.57
2004-03-15,Reading,ENG,1471.2
2004-03-15,Rotherham,ENG,1435.48
2004-03-15,Sheffield United,ENG,1519.08
2004-03-15,Southampton,ENG,1676.63
2004-03-15,Stoke,ENG,1471.02
2004-03-15,Sunderland,ENG,1520.33
2004-03-15,Tottenham,ENG,1659.71
2004-03-15,Walsall,ENG,1399.25
2004-03-15,Watford,ENG,1404.1
2004-03-15,West Brom,ENG,1562.56
2004-03-15,West Ham,ENG,1584.56
2004-03-15,Wigan,ENG,1479.63
2004-03-15,Wimbledon,ENG,1333.57
2004-03-15,Wolves,ENG,1573.97
2004-04-01,Arsenal,ENG,1934.39
2004-04-01,Aston Villa,ENG,1701.16
2004-04-01,Birmingham,ENG,1678.45
2004-04-01,Blackburn,ENG,1661.33
2004-04-01,Bolton,ENG,1661.48
2004-04-01,Bradford,ENG,1357.87
2004-04-01,Burnley,ENG,1425.83
2004-04-01,Cardiff,ENG,1457.39
2004-04-01,Charlton,ENG,1677.39
2004-04-01,Chelsea,ENG,1862.09
2004-04-01,Coventry,ENG,1472.2
2004-04-01,Crewe,ENG,1408.73
2004-04-01,Crystal Palace,ENG,1493.31
2004-04-01,Derby,ENG,1412.64
2004-04-01,Everton,ENG,1664.83
2004-04-01,Fulham,ENG,1679.57
2004-04-01,Gillingham,ENG,1417.05
2004-04-01,Ipswich,ENG,1515.88
2004-04-01,Leeds,ENG,1610.39
2004-04-01,Leicester,ENG,1615.08
2004-04-01,Liverpool,ENG,1764.41
2004-04-01,Man City,ENG,1657.05
2004-04-01,Man United,ENG,1878.61
2004-04-01,Middlesbrough,ENG,1684.42
2004-04-01,Millwall,ENG,1539.8
2004-04-01,Newcastle,ENG,1790.18
2004-04-01,Norwich,ENG,1572.06
2004-04-01,Nottm Forest,ENG,1441.0
2004-04-01,Portsmouth,ENG,1601.48
2004-04-01,Preston,ENG,1454.13
2004-04-01,Reading,ENG,1477.82
2004-04-01,Rotherham,ENG,1433.0
2004-04-01,Sheffield United,ENG,1510.32
2004-04-01,Southampton,ENG,1673.68
2004-04-01,Stoke,ENG,1458.74
2004-04-01,Sunderland,ENG,1537.16
2004-04-01,Tottenham,ENG,1649.51
2004-04-01,Walsall,ENG,1402.68
2004-04-01,Watford,ENG,1403.32
2004-04-01,West Brom,ENG,1573.78
2004-04-01,West Ham,ENG,1577.95
2004-04-01,Wigan,ENG,1481.3
2004-04-01,Wimbledon,ENG,1323.78
2004-04-01,Wolves,ENG,1568.54
2004-04-15,Arsenal,ENG,1922.0
2004-04-15,Aston Villa,ENG,1710.99
2004-04-15,Birmingham,ENG,1665.57
2004-04-15,Blackburn,ENG,1654.98
2004-04-15,Bolton,ENG,1661.12
2004-04-15,Bradford,ENG,1359.43
2004-04-15,Burnley,ENG,1418.12
2004-04-15,Cardiff,ENG,1448.56
2004-04-15,Charlton,ENG,1686.64
2004-04-15,Chelsea,ENG,1867.18
2004-04-15,Coventry,ENG,1471.13
2004-04-15,Crewe,ENG,1414.05
2004-04-15,Crystal Palace,ENG,1522.71
2004-04-15,Derby,ENG,1415.05
2004-04-15,Everton,ENG,1670.15
2004-04-15,Fulham,ENG,1679.18
2004-04-15,Gillingham,ENG,1404.15
2004-04-15,Ipswich,ENG,1526.52
2004-04-15,Leeds,ENG,1627.66
2004-04-15,Leicester,ENG,1597.11
2004-04-15,Liverpool,ENG,1757.04
2004-04-15,Man City,ENG,1658.2
2004-04-15,Man United,ENG,1886.2
2004-04-15,Middlesbrough,ENG,1708.87
2004-04-15,Millwall,ENG,1520.97
2004-04-15,Newcastle,ENG,1801.79
2004-04-15,Norwich,ENG,1594.87
2004-04-15,Nottm Forest,ENG,1454.3
2004-04-15,Portsmouth,ENG,1618.11
2004-04-15,Preston,ENG,1455.84
2004-04-15,Reading,ENG,1474.47
2004-04-15,Rotherham,ENG,1432.66
2004-04-15,Sheffield United,ENG,1493.68
2004-04-15,Southampton,ENG,1678.7
2004-04-15,Stoke,ENG,1452.41
2004-04-15,Sunderland,ENG,1545.48
2004-04-15,Tottenham,ENG,1636.62
2004-04-15,Walsall,ENG,1392.84
2004-04-15,Watford,ENG,1420.9
2004-04-15,West Brom,ENG,1586.0
2004-04-15,West Ham,ENG,1553.7
2004-04-15,Wigan,ENG,1487.6
2004-04-15,Wimbledon,ENG,1332.32
2004-04-15,Wolves,ENG,1554.68
2004-05-01,Arsenal,ENG,1917.27
2004-05-01,Aston Villa,ENG,1719.13
2004-05-01,Birmingham,ENG,1661.67
2004-05-01,Blackburn,ENG,1667.94
2004-05-01,Bolton,ENG,1677.49
2004-05-01,Bradford,ENG,1344.16
2004-05-01,Burnley,ENG,1421.36
2004-05-01,Cardiff,ENG,1455.77
2004-05-01,Charlton,ENG,1669.42
2004-05-01,Chelsea,ENG,1841.12
2004-05-01,Coventry,ENG,1459.73
2004-05-01,Crewe,ENG,1408.78
2004-05-01,Crystal Palace,ENG,1536.2
2004-05-01,Derby,ENG,1420.93
2004-05-01,Everton,ENG,1664.43
2004-05-01,Fulham,ENG,1689.97
2004-05-01,Gillingham,ENG,1403.83
2004-05-01,Ipswich,ENG,1520.19
2004-05-01,Leeds,ENG,1613.07
2004-05-01,Leicester,ENG,1589.58
2004-05-01,Liverpool,ENG,1763.69
2004-05-01,Man City,ENG,1643.44
2004-05-01,Man United,ENG,1862.23
2004-05-01,Middlesbrough,ENG,1682.87
2004-05-01,Millwall,ENG,1496.13
2004-05-01,Newcastle,ENG,1810.24
2004-05-01,Norwich,ENG,1603.98
2004-05-01,Nottm Forest,ENG,1463.67
2004-05-01,Portsmouth,ENG,1638.19
2004-05-01,Preston,ENG,1437.75
2004-05-01,Reading,ENG,1479.59
2004-05-01,Rotherham,ENG,1431.21
2004-05-01,Sheffield United,ENG,1487.19
2004-05-01,Southampton,ENG,1679.32
2004-05-01,Stoke,ENG,1450.77
2004-05-01,Sunderland,ENG,1523.74
2004-05-01,Tottenham,ENG,1632.4
2004-05-01,Walsall,ENG,1377.85
2004-05-01,Watford,ENG,1427.57
2004-05-01,West Brom,ENG,1595.64
2004-05-01,West Ham,ENG,1568.37
2004-05-01,Wigan,ENG,1487.41
2004-05-01,Wimbledon,ENG,1325.89
2004-05-01,Wolves,ENG,1571.43
2004-05-15,Arsenal,ENG,1901.82
2004-05-15,Aston Villa,ENG,1716.71
2004-05-15,Birmingham,ENG,1648.95
2004-05-15,Blackburn,ENG,1664.41
2004-05-15,Bolton,ENG,1687.5
2004-05-15,Bradford,ENG,1323.78
2004-05-15,Burnley,ENG,1396.61
2004-05-15,Cardiff,ENG,1447.15
2004-05-15,Charlton,ENG,1658.4
2004-05-15,Chelsea,ENG,1836.22
2004-05-15,Coventry,ENG,1474.37
2004-05-15,Crewe,ENG,1398.84
2004-05-15,Crystal Palace,ENG,1527.41
2004-05-15,Derby,ENG,1416.66
2004-05-15,Everton,ENG,1639.48
2004-05-15,Fulham,ENG,1678.43
2004-05-15,Gillingham,ENG,1386.48
2004-05-15,Ipswich,ENG,1509.0
2004-05-15,Leeds,ENG,1596.99
2004-05-15,Leicester,ENG,1596.59
2004-05-15,Liverpool,ENG,1775.44
2004-05-15,Man City,ENG,1641.07
2004-05-15,Man United,ENG,1841.36
2004-05-15,Middlesbrough,ENG,1674.67
2004-05-15,Millwall,ENG,1480.27
2004-05-15,Newcastle,ENG,1768.64
2004-05-15,Norwich,ENG,1598.23
2004-05-15,Nottm Forest,ENG,1480.65
2004-05-15,Portsmouth,ENG,1625.27
2004-05-15,Preston,ENG,1426.83
2004-05-15,Reading,ENG,1473.73
2004-05-15,Rotherham,ENG,1426.51
2004-05-15,Sheffield United,ENG,1480.29
2004-05-15,Southampton,ENG,1666.02
2004-05-15,Stoke,ENG,1465.63
2004-05-15,Sunderland,ENG,1523.76
2004-05-15,Tottenham,ENG,1627.97
2004-05-15,Walsall,ENG,1375.28
2004-05-15,Watford,ENG,1421.19
2004-05-15,West Brom,ENG,1544.79
2004-05-15,West Ham,ENG,1567.19
2004-05-15,Wigan,ENG,1473.65
2004-05-15,Wimbledon,ENG,1332.15
2004-05-15,Wolves,ENG,1579.21
2004-06-01,Arsenal,ENG,1903.2
2004-06-01,Aston Villa,ENG,1707.4
2004-06-01,Birmingham,ENG,1651.33
2004-06-01,Blackburn,ENG,1662.04
2004-06-01,Bolton,ENG,1673.3
2004-06-01,Bradford,ENG,1323.78
2004-06-01,Burnley,ENG,1396.61
2004-06-01,Cardiff,ENG,1447.15
2004-06-01,Charlton,ENG,1664.98
2004-06-01,Chelsea,ENG,1838.19
2004-06-01,Coventry,ENG,1474.37
2004-06-01,Crewe,ENG,1398.84
2004-06-01,Crystal Palace,ENG,1548.54
2004-06-01,Derby,ENG,1416.66
2004-06-01,Everton,ENG,1626.94
2004-06-01,Fulham,ENG,1692.63
2004-06-01,Gillingham,ENG,1386.48
2004-06-01,Ipswich,ENG,1500.38
2004-06-01,Leeds,ENG,1595.03
2004-06-01,Leicester,ENG,1595.21
2004-06-01,Liverpool,ENG,1773.3
2004-06-01,Man City,ENG,1653.6
2004-06-01,Man United,ENG,1850.67
2004-06-01,Middlesbrough,ENG,1659.7
2004-06-01,Millwall,ENG,1480.27
2004-06-01,Newcastle,ENG,1770.78
2004-06-01,Norwich,ENG,1598.23
2004-06-01,Nottm Forest,ENG,1480.65
2004-06-01,Portsmouth,ENG,1640.24
2004-06-01,Preston,ENG,1426.83
2004-06-01,Reading,ENG,1473.73
2004-06-01,Rotherham,ENG,1426.51
2004-06-01,Sheffield United,ENG,1480.29
2004-06-01,Southampton,ENG,1659.44
2004-06-01,Stoke,ENG,1465.63
2004-06-01,Sunderland,ENG,1511.56
2004-06-01,Tottenham,ENG,1639.88
2004-06-01,Walsall,ENG,1375.28
2004-06-01,Watford,ENG,1421.19
2004-06-01,West Brom,ENG,1544.79
2004-06-01,West Ham,ENG,1566.88
2004-06-01,Wigan,ENG,1473.65
2004-06-01,Wimbledon,ENG,1332.15
2004-06-01,Wolves,ENG,1567.3
2004-06-15,Arsenal,ENG,1903.2
2004-06-15,Aston Villa,ENG,1707.4
2004-06-15,Birmingham,ENG,1651.33
2004-06-15,Blackburn,ENG,1662.04
2004-06-15,Bolton,ENG,1673.3
2004-06-15,Bradford,ENG,1323.78
2004-06-15,Burnley,ENG,1396.61
2004-06-15,Cardiff,ENG,1447.15
2004-06-15,Charlton,ENG,1664.98
2004-06-15,Chelsea,ENG,1838.19
2004-06-15,Coventry,ENG,1474.37
2004-06-15,Crewe,ENG,1398.84
2004-06-15,Crystal Palace,ENG,1548.54
2004-06-15,Derby,ENG,1416.66
2004-06-15,Everton,ENG,1626.94
2004-06-15,Fulham,ENG,1692.63
2004-06-15,Gillingham,ENG,1386.48
2004-06-15,Ipswich,ENG,1500.38
2004-06-15,Leeds,ENG,1595.03
2004-06-15,Leicester,ENG,1595.21
2004-06-15,Liverpool,ENG,1773.3
2004-06-15,Man City,ENG,1653.6
2004-06-15,Man United,ENG,1850.67
2004-06-15,Middlesbrough,ENG,1659.7
2004-06-15,Millwall,ENG,1480.27
2004-06-15,Newcastle,ENG,1770.78
2004-06-15,Norwich,ENG,1598.23
2004-06-15,Nottm Forest,ENG,1480.65
2004-06-15,Portsmouth,ENG,1640.24
2004-06-15,Preston,ENG,1426.83
2004-06-15,Reading,ENG,1473.73
2004-06-15,Rotherham,ENG,1426.51
2004-06-15,Sheffield United,ENG,1480.29
2004-06-15,Southampton,ENG,1659.44
2004-06-15,Stoke,ENG,1465.63
2004-06-15,Sunderland,ENG,1511.56
2004-06-15,Tottenham,ENG,1639.88
2004-06-15,Walsall,ENG,1375.28
2004-06-15,Watford,ENG,1421.19
2004-06-15,West Brom,ENG,1544.79
2004-06-15,West Ham,ENG,1566.88
2004-06-15,Wigan,ENG,1473.65
2004-06-15,Wimbledon,ENG,1332.15
2004-06-15,Wolves,ENG,1567.3
2004-07-01,Arsenal,ENG,1903.2
2004-07-01,Aston Villa,ENG,1707.4
2004-07-01,Birmingham,ENG,1651.33
2004-07-01,Blackburn,ENG,1662.04
2004-07-01,Bolton,ENG,1673.3
2004-07-01,Bradford,ENG,1323.78
2004-07-01,Burnley,ENG,1396.61
2004-07-01,Cardiff,ENG,1447.15
2004-07-01,Charlton,ENG,1664.98
2004-07-01,Chelsea,ENG,1838.19
2004-07-01,Coventry,ENG,1474.37
2004-07-01,Crewe,ENG,1398.84
2004-07-01,Crystal Palace,ENG,1548.54
2004-07-01,Derby,ENG,1416.66
2004-07-01,Everton,ENG,1626.94
2004-07-01,Fulham,ENG,1692.63
2004-07-01,Gillingham,ENG,1386.48
2004-07-01,Ipswich,ENG,1500.38
2004-07-01,Leeds,ENG,1595.03
2004-07-01,Leicester,ENG,1595.21
2004-07-01,Liverpool,ENG,1773.3
2004-07-01,Man City,ENG,1653.6
2004-07-01,Man United,ENG,1850.67
2004-07-01,Middlesbrough,ENG,1659.7
2004-07-01,Millwall,ENG,1480.27
2004-07-01,Newcastle,ENG,1770.78
2004-07-01,Norwich,ENG,1598.23
2004-07-01,Nottm Forest,ENG,1480.65
2004-07-01,Portsmouth,ENG,1640.24
2004-07-01,Preston,ENG,1426.83
2004-07-01,Reading,ENG,1473.73
2004-07-01,Rotherham,ENG,1426.51
2004-07-01,Sheffield United,ENG,1480.29
2004-07-01,Southampton,ENG,1659.44
2004-07-01,Stoke,ENG,1465.63
2004-07-01,Sunderland,ENG,1511.56
2004-07-01,Tottenham,ENG,1639.88
2004-07-01,Walsall,ENG,1375.28
2004-07-01,Watford,ENG,1421.19
2004-07-01,West Brom,ENG,1544.79
2004-07-01,West Ham,ENG,1566.88
2004-07-01,Wigan,ENG,1473.65
2004-07-01,Wimbledon,ENG,1332.15
2004-07-01,Wolves,ENG,1567.3
2004-07-15,Arsenal,ENG,1903.2
2004-07-15,Aston Villa,ENG,1707.4
2004-07-15,Birmingham,ENG,1651.33
2004-07-15,Blackburn,ENG,1662.04
2004-07-15,Bolton,ENG,1673.3
2004-07-15,Brighton,ENG,1389.54
2004-07-15,Burnley,ENG,1396.61
2004-07-15,Cardiff,ENG,1447.15
2004-07-15,Charlton,ENG,1664.98
2004-07-15,Chelsea,ENG,1838.19
2004-07-15,Coventry,ENG,1474.37
2004-07-15,Crewe,ENG,1398.84
2004-07-15,Crystal Palace,ENG,1548.54
2004-07-15,Derby,ENG,1416.66
2004-07-15,Everton,ENG,1626.94
2004-07-15,Fulham,ENG,1692.63
2004-07-15,Gillingham,ENG,1386.48
2004-07-15,Ipswich,ENG,1500.38
2004-07-15,Leeds,ENG,1595.03
2004-07-15,Leicester,ENG,1595.21
2004-07-15,Liverpool,ENG,1773.3
2004-07-15,Man City,ENG,1653.6
2004-07-15,Man United,ENG,1850.67
2004-07-15,Middlesbrough,ENG,1659.7
2004-07-15,Millwall,ENG,1480.27
2004-07-15,Newcastle,ENG,1770.78
2004-07-15,Norwich,ENG,1598.23
2004-07-15,Nottm Forest,ENG,1480.65
2004-07-15,Plymouth Argyle,ENG,1389.54
2004-07-15,Portsmouth,ENG,1640.24
2004-07-15,Preston,ENG,1426.83
2004-07-15,QPR,ENG,1389.54
2004-07-15,Reading,ENG,1473.73
2004-07-15,Rotherham,ENG,1426.51
2004-07-15,Sheffield United,ENG,1480.29
2004-07-15,Southampton,ENG,1659.44
2004-07-15,Stoke,ENG,1465.63
2004-07-15,Sunderland,ENG,1511.56
2004-07-15,Tottenham,ENG,1639.88
2004-07-15,Watford,ENG,1421.19
2004-07-15,West Brom,ENG,1544.79
2004-07-15,West Ham,ENG,1566.88
2004-07-15,Wigan,ENG,1473.65
2004-07-15,Wolves,ENG,1567.3
2004-08-01,Arsenal,ENG,1903.2
2004-08-01,Aston Villa,ENG,1707.4
2004-08-01,Birmingham,ENG,1651.33
2004-08-01,Blackburn,ENG,1662.04
2004-08-01,Bolton,ENG,1673.3
2004-08-01,Brighton,ENG,1389.54
2004-08-01,Burnley,ENG,1396.61
2004-08-01,Cardiff,ENG,1447.15
2004-08-01,Charlton,ENG,1664.98
2004-08-01,Chelsea,ENG,1838.19
2004-08-01,Coventry,ENG,1474.37
2004-08-01,Crewe,ENG,1398.84
2004-08-01,Crystal Palace,ENG,1548.54
2004-08-01,Derby,ENG,1416.66
2004-08-01,Everton,ENG,1626.94
2004-08-01,Fulham,ENG,1692.63
2004-08-01,Gillingham,ENG,1386.48
2004-08-01,Ipswich,ENG,1500.38
2004-08-01,Leeds,ENG,1595.03
2004-08-01,Leicester,ENG,1595.21
2004-08-01,Liverpool,ENG,1773.3
2004-08-01,Man City,ENG,1653.6
2004-08-01,Man United,ENG,1850.67
2004-08-01,Middlesbrough,ENG,1659.7
2004-08-01,Millwall,ENG,1480.27
2004-08-01,Newcastle,ENG,1770.78
2004-08-01,Norwich,ENG,1598.23
2004-08-01,Nottm Forest,ENG,1480.65
2004-08-01,Plymouth Argyle,ENG,1389.54
2004-08-01,Portsmouth,ENG,1640.24
2004-08-01,Preston,ENG,1426.83
2004-08-01,QPR,ENG,1389.54
2004-08-01,Reading,ENG,1473.73
2004-08-01,Rotherham,ENG,1426.51
2004-08-01,Sheffield United,ENG,1480.29
2004-08-01,Southampton,ENG,1659.44
2004-08-01,Stoke,ENG,1465.63
2004-08-01,Sunderland,ENG,1511.56
2004-08-01,Tottenham,ENG,1639.88
2004-08-01,Watford,ENG,1421.19
2004-08-01,West Brom,ENG,1544.79
2004-08-01,West Ham,ENG,1566.88
2004-08-01,Wigan,ENG,1473.65
2004-08-01,Wolves,ENG,1567.3
2004-08-15,Arsenal,ENG,1905.43
2004-08-15,Aston Villa,ENG,1717.13
2004-08-15,Birmingham,ENG,1655.24
2004-08-15,Blackburn,ENG,1659.34
2004-08-15,Bolton,ENG,1686.01
2004-08-15,Brighton,ENG,1374.62
2004-08-15,Burnley,ENG,1412.38
2004-08-15,Cardiff,ENG,1445.85
2004-08-15,Charlton,ENG,1656.73
2004-08-15,Chelsea,ENG,1840.41
2004-08-15,Coventry,ENG,1478.75
2004-08-15,Crewe,ENG,1399.09
2004-08-15,Crystal Palace,ENG,1554.08
2004-08-15,Derby,ENG,1419.36
2004-08-15,Everton,ENG,1629.17
2004-08-15,Fulham,ENG,1695.75
2004-08-15,Gillingham,ENG,1403.75
2004-08-15,Ipswich,ENG,1499.31
2004-08-15,Leeds,ENG,1589.47
2004-08-15,Leicester,ENG,1586.3
2004-08-15,Liverpool,ENG,1778.96
2004-08-15,Man City,ENG,1654.94
2004-08-15,Man United,ENG,1853.85
2004-08-15,Middlesbrough,ENG,1663.1
2004-08-15,Millwall,ENG,1481.12
2004-08-15,Newcastle,ENG,1771.83
2004-08-15,Norwich,ENG,1597.14
2004-08-15,Nottm Forest,ENG,1478.94
2004-08-15,Plymouth Argyle,ENG,1417.37
2004-08-15,Portsmouth,ENG,1640.79
2004-08-15,Preston,ENG,1433.02
2004-08-15,QPR,ENG,1386.29
2004-08-15,Reading,ENG,1486.12
2004-08-15,Rotherham,ENG,1426.27
2004-08-15,Sheffield United,ENG,1469.94
2004-08-15,Southampton,ENG,1654.18
2004-08-15,Stoke,ENG,1479.24
2004-08-15,Sunderland,ENG,1503.96
2004-08-15,Tottenham,ENG,1644.06
2004-08-15,Watford,ENG,1416.86
2004-08-15,West Brom,ENG,1551.94
2004-08-15,West Ham,ENG,1576.12
2004-08-15,Wigan,ENG,1488.54
2004-08-15,Wolves,ENG,1554.65
2004-09-01,Arsenal,ENG,1921.19
2004-09-01,Aston Villa,ENG,1711.78
2004-09-01,Birmingham,ENG,1649.83
2004-09-01,Blackburn,ENG,1653.15
2004-09-01,Bolton,ENG,1695.04
2004-09-01,Brighton,ENG,1389.76
2004-09-01,Burnley,ENG,1400.56
2004-09-01,Cardiff,ENG,1425.35
2004-09-01,Charlton,ENG,1661.24
2004-09-01,Chelsea,ENG,1858.17
2004-09-01,Coventry,ENG,1494.57
2004-09-01,Crewe,ENG,1408.08
2004-09-01,Crystal Palace,ENG,1535.29
2004-09-01,Derby,ENG,1411.94
2004-09-01,Everton,ENG,1645.57
2004-09-01,Fulham,ENG,1680.92
2004-09-01,Gillingham,ENG,1396.81
2004-09-01,Ipswich,ENG,1523.42
2004-09-01,Leeds,ENG,1571.99
2004-09-01,Leicester,ENG,1559.67
2004-09-01,Liverpool,ENG,1771.77
2004-09-01,Man City,ENG,1658.71
2004-09-01,Man United,ENG,1839.45
2004-09-01,Middlesbrough,ENG,1679.0
2004-09-01,Millwall,ENG,1497.09
2004-09-01,Newcastle,ENG,1742.23
2004-09-01,Norwich,ENG,1596.1
2004-09-01,Nottm Forest,ENG,1458.37
2004-09-01,Plymouth Argyle,ENG,1424.13
2004-09-01,Portsmouth,ENG,1642.21
2004-09-01,Preston,ENG,1425.1
2004-09-01,QPR,ENG,1376.72
2004-09-01,Reading,ENG,1491.0
2004-09-01,Rotherham,ENG,1401.85
2004-09-01,Sheffield United,ENG,1497.77
2004-09-01,Southampton,ENG,1648.54
2004-09-01,Stoke,ENG,1498.75
2004-09-01,Sunderland,ENG,1487.0
2004-09-01,Tottenham,ENG,1661.83
2004-09-01,Watford,ENG,1439.02
2004-09-01,West Brom,ENG,1550.65
2004-09-01,West Ham,ENG,1559.28
2004-09-01,Wigan,ENG,1517.38
2004-09-01,Wolves,ENG,1543.96
2004-09-15,Arsenal,ENG,1928.0
2004-09-15,Aston Villa,ENG,1713.93
2004-09-15,Birmingham,ENG,1644.19
2004-09-15,Blackburn,ENG,1645.77
2004-09-15,Bolton,ENG,1697.13
2004-09-15,Brighton,ENG,1393.08
2004-09-15,Burnley,ENG,1411.64
2004-09-15,Cardiff,ENG,1428.25
2004-09-15,Charlton,ENG,1658.85
2004-09-15,Chelsea,ENG,1856.02
2004-09-15,Coventry,ENG,1486.77
2004-09-15,Crewe,ENG,1397.0
2004-09-15,Crystal Palace,ENG,1529.88
2004-09-15,Derby,ENG,1420.2
2004-09-15,Everton,ENG,1655.65
2004-09-15,Fulham,ENG,1674.11
2004-09-15,Gillingham,ENG,1381.77
2004-09-15,Ipswich,ENG,1531.31
2004-09-15,Leeds,ENG,1579.79
2004-09-15,Leicester,ENG,1567.89
2004-09-15,Liverpool,ENG,1775.7
2004-09-15,Man City,ENG,1648.63
2004-09-15,Man United,ENG,1837.36
2004-09-15,Middlesbrough,ENG,1684.65
2004-09-15,Millwall,ENG,1489.19
2004-09-15,Newcastle,ENG,1749.62
2004-09-15,Norwich,ENG,1599.87
2004-09-15,Nottm Forest,ENG,1455.48
2004-09-15,Plymouth Argyle,ENG,1416.73
2004-09-15,Portsmouth,ENG,1647.62
2004-09-15,Preston,ENG,1439.0
2004-09-15,QPR,ENG,1384.12
2004-09-15,Reading,ENG,1482.73
2004-09-15,Rotherham,ENG,1393.63
2004-09-15,Sheffield United,ENG,1489.45
2004-09-15,Southampton,ENG,1650.94
2004-09-15,Stoke,ENG,1484.86
2004-09-15,Sunderland,ENG,1502.04
2004-09-15,Tottenham,ENG,1658.07
2004-09-15,Watford,ENG,1435.7
2004-09-15,West Brom,ENG,1546.72
2004-09-15,West Ham,ENG,1567.6
2004-09-15,Wigan,ENG,1520.1
2004-09-15,Wolves,ENG,1541.23
2004-10-01,Arsenal,ENG,1931.0
2004-10-01,Aston Villa,ENG,1715.86
2004-10-01,Birmingham,ENG,1655.6
2004-10-01,Blackburn,ENG,1655.31
2004-10-01,Bolton,ENG,1710.1
2004-10-01,Brighton,ENG,1408.42
2004-10-01,Burnley,ENG,1437.68
2004-10-01,Cardiff,ENG,1414.77
2004-10-01,Charlton,ENG,1676.07
2004-10-01,Chelsea,ENG,1885.1
2004-10-01,Coventry,ENG,1475.41
2004-10-01,Crewe,ENG,1400.6
2004-10-01,Crystal Palace,ENG,1539.05
2004-10-01,Derby,ENG,1438.09
2004-10-01,Everton,ENG,1681.36
2004-10-01,Fulham,ENG,1687.68
2004-10-01,Gillingham,ENG,1373.29
2004-10-01,Ipswich,ENG,1537.76
2004-10-01,Leeds,ENG,1575.78
2004-10-01,Leicester,ENG,1572.83
2004-10-01,Liverpool,ENG,1787.38
2004-10-01,Man City,ENG,1661.36
2004-10-01,Man United,ENG,1865.17
2004-10-01,Middlesbrough,ENG,1693.33
2004-10-01,Millwall,ENG,1476.3
2004-10-01,Newcastle,ENG,1770.8
2004-10-01,Norwich,ENG,1605.59
2004-10-01,Nottm Forest,ENG,1458.4
2004-10-01,Plymouth Argyle,ENG,1413.43
2004-10-01,Portsmouth,ENG,1641.79
2004-10-01,Preston,ENG,1437.3
2004-10-01,QPR,ENG,1441.47
2004-10-01,Reading,ENG,1516.95
2004-10-01,Rotherham,ENG,1394.92
2004-10-01,Sheffield United,ENG,1489.07
2004-10-01,Southampton,ENG,1647.45
2004-10-01,Stoke,ENG,1502.42
2004-10-01,Sunderland,ENG,1528.95
2004-10-01,Tottenham,ENG,1669.06
2004-10-01,Watford,ENG,1467.96
2004-10-01,West Brom,ENG,1554.38
2004-10-01,West Ham,ENG,1565.55
2004-10-01,Wigan,ENG,1535.08
2004-10-01,Wolves,ENG,1549.57
2004-10-15,Arsenal,ENG,1934.74
2004-10-15,Aston Villa,ENG,1715.99
2004-10-15,Birmingham,ENG,1657.01
2004-10-15,Blackburn,ENG,1655.18
2004-10-15,Bolton,ENG,1699.61
2004-10-15,Brighton,ENG,1408.87
2004-10-15,Burnley,ENG,1441.62
2004-10-15,Cardiff,ENG,1417.46
2004-10-15,Charlton,ENG,1672.33
2004-10-15,Chelsea,ENG,1889.41
2004-10-15,Coventry,ENG,1467.49
2004-10-15,Crewe,ENG,1414.37
2004-10-15,Crystal Palace,ENG,1553.5
2004-10-15,Derby,ENG,1442.3
2004-10-15,Everton,ENG,1671.32
2004-10-15,Fulham,ENG,1673.23
2004-10-15,Gillingham,ENG,1367.78
2004-10-15,Ipswich,ENG,1545.67
2004-10-15,Leeds,ENG,1573.08
2004-10-15,Leicester,ENG,1567.62
2004-10-15,Liverpool,ENG,1783.07
2004-10-15,Man City,ENG,1662.83
2004-10-15,Man United,ENG,1859.22
2004-10-15,Middlesbrough,ENG,1699.27
2004-10-15,Millwall,ENG,1482.31
2004-10-15,Newcastle,ENG,1769.39
2004-10-15,Norwich,ENG,1604.76
2004-10-15,Nottm Forest,ENG,1452.39
2004-10-15,Plymouth Argyle,ENG,1418.94
2004-10-15,Portsmouth,ENG,1642.62
2004-10-15,Preston,ENG,1442.51
2004-10-15,QPR,ENG,1452.89
2004-10-15,Reading,ENG,1513.01
2004-10-15,Rotherham,ENG,1389.95
2004-10-15,Sheffield United,ENG,1488.62
2004-10-15,Southampton,ENG,1645.99
2004-10-15,Stoke,ENG,1491.0
2004-10-15,Sunderland,ENG,1524.74
2004-10-15,Tottenham,ENG,1679.11
2004-10-15,Watford,ENG,1454.19
2004-10-15,West Brom,ENG,1564.87
2004-10-15,West Ham,ENG,1571.58
2004-10-15,Wigan,ENG,1540.05
2004-10-15,Wolves,ENG,1543.54
2004-11-01,Arsenal,ENG,1918.26
2004-11-01,Aston Villa,ENG,1723.45
2004-11-01,Birmingham,ENG,1651.98
2004-11-01,Blackburn,ENG,1638.59
2004-11-01,Bolton,ENG,1721.56
2004-11-01,Brighton,ENG,1406.73
2004-11-01,Burnley,ENG,1422.85
2004-11-01,Cardiff,ENG,1433.94
2004-11-01,Charlton,ENG,1661.28
2004-11-01,Chelsea,ENG,1890.44
2004-11-01,Coventry,ENG,1472.0
2004-11-01,Crewe,ENG,1403.56
2004-11-01,Crystal Palace,ENG,1576.35
2004-11-01,Derby,ENG,1455.58
2004-11-01,Everton,ENG,1686.11
2004-11-01,Fulham,ENG,1667.12
2004-11-01,Gillingham,ENG,1364.29
2004-11-01,Ipswich,ENG,1552.29
2004-11-01,Leeds,ENG,1553.76
2004-11-01,Leicester,ENG,1560.25
2004-11-01,Liverpool,ENG,1796.38
2004-11-01,Man City,ENG,1672.94
2004-11-01,Man United,ENG,1850.99
2004-11-01,Middlesbrough,ENG,1728.2
2004-11-01,Millwall,ENG,1472.94
2004-11-01,Newcastle,ENG,1771.64
2004-11-01,Norwich,ENG,1599.68
2004-11-01,Nottm Forest,ENG,1449.36
2004-11-01,Plymouth Argyle,ENG,1421.07
2004-11-01,Portsmouth,ENG,1672.25
2004-11-01,Preston,ENG,1447.62
2004-11-01,QPR,ENG,1462.95
2004-11-01,Reading,ENG,1524.17
2004-11-01,Rotherham,ENG,1364.45
2004-11-01,Sheffield United,ENG,1509.24
2004-11-01,Southampton,ENG,1648.56
2004-11-01,Stoke,ENG,1487.67
2004-11-01,Sunderland,ENG,1543.31
2004-11-01,Tottenham,ENG,1655.87
2004-11-01,Watford,ENG,1468.52
2004-11-01,West Brom,ENG,1549.9
2004-11-01,West Ham,ENG,1571.93
2004-11-01,Wigan,ENG,1577.27
2004-11-01,Wolves,ENG,1536.52
2004-11-15,Arsenal,ENG,1915.93
2004-11-15,Aston Villa,ENG,1749.47
2004-11-15,Birmingham,ENG,1663.94
2004-11-15,Blackburn,ENG,1650.39
2004-11-15,Bolton,ENG,1722.01
2004-11-15,Brighton,ENG,1405.6
2004-11-15,Burnley,ENG,1440.89
2004-11-15,Cardiff,ENG,1453.77
2004-11-15,Charlton,ENG,1688.41
2004-11-15,Chelsea,ENG,1913.68
2004-11-15,Coventry,ENG,1475.06
2004-11-15,Crewe,ENG,1422.14
2004-11-15,Crystal Palace,ENG,1588.0
2004-11-15,Derby,ENG,1484.62
2004-11-15,Everton,ENG,1701.05
2004-11-15,Fulham,ENG,1688.04
2004-11-15,Gillingham,ENG,1367.93
2004-11-15,Ipswich,ENG,1584.99
2004-11-15,Leeds,ENG,1553.54
2004-11-15,Leicester,ENG,1562.41
2004-11-15,Liverpool,ENG,1804.64
2004-11-15,Man City,ENG,1679.95
2004-11-15,Man United,ENG,1856.76
2004-11-15,Middlesbrough,ENG,1741.12
2004-11-15,Millwall,ENG,1494.7
2004-11-15,Newcastle,ENG,1758.46
2004-11-15,Norwich,ENG,1600.58
2004-11-15,Nottm Forest,ENG,1441.75
2004-11-15,Plymouth Argyle,ENG,1443.2
2004-11-15,Portsmouth,ENG,1664.41
2004-11-15,Preston,ENG,1446.84
2004-11-15,QPR,ENG,1473.54
2004-11-15,Reading,ENG,1540.96
2004-11-15,Rotherham,ENG,1370.95
2004-11-15,Sheffield United,ENG,1498.41
2004-11-15,Southampton,ENG,1658.34
2004-11-15,Stoke,ENG,1487.38
2004-11-15,Sunderland,ENG,1558.66
2004-11-15,Tottenham,ENG,1650.06
2004-11-15,Watford,ENG,1475.82
2004-11-15,West Brom,ENG,1562.21
2004-11-15,West Ham,ENG,1552.98
2004-11-15,Wigan,ENG,1564.39
2004-11-15,Wolves,ENG,1545.52
2004-12-01,Arsenal,ENG,1902.91
2004-12-01,Aston Villa,ENG,1745.8
2004-12-01,Birmingham,ENG,1665.34
2004-12-01,Blackburn,ENG,1667.17
2004-12-01,Bolton,ENG,1720.12
2004-12-01,Brighton,ENG,1397.39
2004-12-01,Burnley,ENG,1460.75
2004-12-01,Cardiff,ENG,1441.41
2004-12-01,Charlton,ENG,1679.0
2004-12-01,Chelsea,ENG,1912.7
2004-12-01,Coventry,ENG,1478.81
2004-12-01,Crewe,ENG,1452.98
2004-12-01,Crystal Palace,ENG,1587.28
2004-12-01,Derby,ENG,1466.94
2004-12-01,Everton,ENG,1714.21
2004-12-01,Fulham,ENG,1670.37
2004-12-01,Gillingham,ENG,1371.03
2004-12-01,Ipswich,ENG,1581.18
2004-12-01,Leeds,ENG,1551.88
2004-12-01,Leicester,ENG,1571.45
2004-12-01,Liverpool,ENG,1800.76
2004-12-01,Man City,ENG,1707.66
2004-12-01,Man United,ENG,1884.37
2004-12-01,Middlesbrough,ENG,1741.48
2004-12-01,Millwall,ENG,1490.7
2004-12-01,Newcastle,ENG,1778.05
2004-12-01,Norwich,ENG,1615.21
2004-12-01,Nottm Forest,ENG,1445.24
2004-12-01,Plymouth Argyle,ENG,1442.14
2004-12-01,Portsmouth,ENG,1666.1
2004-12-01,Preston,ENG,1471.61
2004-12-01,QPR,ENG,1472.48
2004-12-01,Reading,ENG,1534.45
2004-12-01,Rotherham,ENG,1389.81
2004-12-01,Sheffield United,ENG,1510.0
2004-12-01,Southampton,ENG,1650.04
2004-12-01,Stoke,ENG,1483.53
2004-12-01,Sunderland,ENG,1579.72
2004-12-01,Tottenham,ENG,1661.77
2004-12-01,Watford,ENG,1473.99
2004-12-01,West Brom,ENG,1563.8
2004-12-01,West Ham,ENG,1553.22
2004-12-01,Wigan,ENG,1566.82
2004-12-01,Wolves,ENG,1538.57
2004-12-15,Arsenal,ENG,1900.97
2004-12-15,Aston Villa,ENG,1728.15
2004-12-15,Birmingham,ENG,1668.4
2004-12-15,Blackburn,ENG,1651.66
2004-12-15,Bolton,ENG,1699.35
2004-12-15,Brighton,ENG,1392.01
2004-12-15,Burnley,ENG,1457.85
2004-12-15,Cardiff,ENG,1433.2
2004-12-15,Charlton,ENG,1687.43
2004-12-15,Chelsea,ENG,1907.89
2004-12-15,Coventry,ENG,1468.93
2004-12-15,Crewe,ENG,1459.94
2004-12-15,Crystal Palace,ENG,1574.98
2004-12-15,Derby,ENG,1470.42
2004-12-15,Everton,ENG,1724.01
2004-12-15,Fulham,ENG,1676.92
2004-12-15,Gillingham,ENG,1355.61
2004-12-15,Ipswich,ENG,1583.43
2004-12-15,Leeds,ENG,1536.02
2004-12-15,Leicester,ENG,1563.06
2004-12-15,Liverpool,ENG,1788.58
2004-12-15,Man City,ENG,1686.19
2004-12-15,Man United,ENG,1863.37
2004-12-15,Middlesbrough,ENG,1740.78
2004-12-15,Millwall,ENG,1493.8
2004-12-15,Newcastle,ENG,1761.26
2004-12-15,Norwich,ENG,1610.36
2004-12-15,Nottm Forest,ENG,1436.46
2004-12-15,Plymouth Argyle,ENG,1432.99
2004-12-15,Portsmouth,ENG,1674.37
2004-12-15,Preston,ENG,1447.69
2004-12-15,QPR,ENG,1450.89
2004-12-15,Reading,ENG,1534.56
2004-12-15,Rotherham,ENG,1380.15
2004-12-15,Sheffield United,ENG,1512.2
2004-12-15,Southampton,ENG,1642.03
2004-12-15,Stoke,ENG,1494.12
2004-12-15,Sunderland,ENG,1568.91
2004-12-15,Tottenham,ENG,1676.89
2004-12-15,Watford,ENG,1459.07
2004-12-15,West Brom,ENG,1547.89
2004-12-15,West Ham,ENG,1560.26
2004-12-15,Wigan,ENG,1574.2
2004-12-15,Wolves,ENG,1532.35
2005-01-01,Arsenal,ENG,1913.54
2005-01-01,Aston Villa,ENG,1709.45
2005-01-01,Birmingham,ENG,1697.41
2005-01-01,Blackburn,ENG,1663.23
2005-01-01,Bolton,ENG,1674.83
2005-01-01,Brighton,ENG,1395.94
2005-01-01,Burnley,ENG,1462.73
2005-01-01,Cardiff,ENG,1431.94
2005-01-01,Charlton,ENG,1703.99
2005-01-01,Chelsea,ENG,1919.25
2005-01-01,Coventry,ENG,1454.03
2005-01-01,Crewe,ENG,1472.9
2005-01-01,Crystal Palace,ENG,1570.47
2005-01-01,Derby,ENG,1478.07
2005-01-01,Everton,ENG,1719.4
2005-01-01,Fulham,ENG,1658.58
2005-01-01,Gillingham,ENG,1372.21
2005-01-01,Ipswich,ENG,1582.0
2005-01-01,Leeds,ENG,1547.71
2005-01-01,Leicester,ENG,1537.7
2005-01-01,Liverpool,ENG,1807.79
2005-01-01,Man City,ENG,1684.93
2005-01-01,Man United,ENG,1875.94
2005-01-01,Middlesbrough,ENG,1749.94
2005-01-01,Millwall,ENG,1525.64
2005-01-01,Newcastle,ENG,1741.52
2005-01-01,Norwich,ENG,1591.91
2005-01-01,Nottm Forest,ENG,1427.8
2005-01-01,Plymouth Argyle,ENG,1423.89
2005-01-01,Portsmouth,ENG,1671.87
2005-01-01,Preston,ENG,1474.55
2005-01-01,QPR,ENG,1430.52
2005-01-01,Reading,ENG,1532.26
2005-01-01,Rotherham,ENG,1387.16
2005-01-01,Sheffield United,ENG,1535.26
2005-01-01,Southampton,ENG,1627.79
2005-01-01,Stoke,ENG,1493.78
2005-01-01,Sunderland,ENG,1568.57
2005-01-01,Tottenham,ENG,1693.87
2005-01-01,Watford,ENG,1442.96
2005-01-01,West Brom,ENG,1537.66
2005-01-01,West Ham,ENG,1552.35
2005-01-01,Wigan,ENG,1547.66
2005-01-01,Wolves,ENG,1522.45
2005-01-15,Arsenal,ENG,1913.02
2005-01-15,Aston Villa,ENG,1700.18
2005-01-15,Birmingham,ENG,1681.7
2005-01-15,Blackburn,ENG,1665.2
2005-01-15,Bolton,ENG,1679.85
2005-01-15,Brighton,ENG,1406.61
2005-01-15,Burnley,ENG,1473.37
2005-01-15,Cardiff,ENG,1453.83
2005-01-15,Charlton,ENG,1690.31
2005-01-15,Chelsea,ENG,1930.21
2005-01-15,Coventry,ENG,1454.27
2005-01-15,Crewe,ENG,1479.44
2005-01-15,Crystal Palace,ENG,1578.96
2005-01-15,Derby,ENG,1478.52
2005-01-15,Everton,ENG,1712.87
2005-01-15,Fulham,ENG,1665.31
2005-01-15,Gillingham,ENG,1380.96
2005-01-15,Ipswich,ENG,1573.13
2005-01-15,Leeds,ENG,1539.36
2005-01-15,Leicester,ENG,1541.68
2005-01-15,Liverpool,ENG,1805.46
2005-01-15,Man City,ENG,1696.91
2005-01-15,Man United,ENG,1879.16
2005-01-15,Middlesbrough,ENG,1736.74
2005-01-15,Millwall,ENG,1504.22
2005-01-15,Newcastle,ENG,1743.1
2005-01-15,Norwich,ENG,1591.28
2005-01-15,Nottm Forest,ENG,1425.06
2005-01-15,Plymouth Argyle,ENG,1422.43
2005-01-15,Portsmouth,ENG,1662.28
2005-01-15,Preston,ENG,1492.81
2005-01-15,QPR,ENG,1431.56
2005-01-15,Reading,ENG,1518.22
2005-01-15,Rotherham,ENG,1392.05
2005-01-15,Sheffield United,ENG,1537.19
2005-01-15,Southampton,ENG,1622.08
2005-01-15,Stoke,ENG,1467.11
2005-01-15,Sunderland,ENG,1553.78
2005-01-15,Tottenham,ENG,1711.97
2005-01-15,Watford,ENG,1443.63
2005-01-15,West Brom,ENG,1546.75
2005-01-15,West Ham,ENG,1551.66
2005-01-15,Wigan,ENG,1569.0
2005-01-15,Wolves,ENG,1510.2
2005-02-01,Arsenal,ENG,1904.04
2005-02-01,Aston Villa,ENG,1703.15
2005-02-01,Birmingham,ENG,1662.9
2005-02-01,Blackburn,ENG,1665.54
2005-02-01,Bolton,ENG,1701.26
2005-02-01,Brighton,ENG,1422.24
2005-02-01,Burnley,ENG,1463.11
2005-02-01,Cardiff,ENG,1467.6
2005-02-01,Charlton,ENG,1709.43
2005-02-01,Chelsea,ENG,1939.09
2005-02-01,Coventry,ENG,1440.35
2005-02-01,Crewe,ENG,1465.18
2005-02-01,Crystal Palace,ENG,1590.47
2005-02-01,Derby,ENG,1490.4
2005-02-01,Everton,ENG,1705.18
2005-02-01,Fulham,ENG,1679.03
2005-02-01,Gillingham,ENG,1383.75
2005-02-01,Ipswich,ENG,1577.02
2005-02-01,Leeds,ENG,1527.37
2005-02-01,Leicester,ENG,1546.75
2005-02-01,Liverpool,ENG,1782.03
2005-02-01,Man City,ENG,1687.28
2005-02-01,Man United,ENG,1891.11
2005-02-01,Middlesbrough,ENG,1731.82
2005-02-01,Millwall,ENG,1502.34
2005-02-01,Newcastle,ENG,1743.7
2005-02-01,Norwich,ENG,1586.63
2005-02-01,Nottm Forest,ENG,1419.29
2005-02-01,Plymouth Argyle,ENG,1404.33
2005-02-01,Portsmouth,ENG,1649.85
2005-02-01,Preston,ENG,1503.04
2005-02-01,QPR,ENG,1441.77
2005-02-01,Reading,ENG,1518.6
2005-02-01,Rotherham,ENG,1388.63
2005-02-01,Sheffield United,ENG,1518.85
2005-02-01,Southampton,ENG,1633.92
2005-02-01,Stoke,ENG,1459.05
2005-02-01,Sunderland,ENG,1570.33
2005-02-01,Tottenham,ENG,1689.01
2005-02-01,Watford,ENG,1458.76
2005-02-01,West Brom,ENG,1557.96
2005-02-01,West Ham,ENG,1529.58
2005-02-01,Wigan,ENG,1571.54
2005-02-01,Wolves,ENG,1530.22
2005-02-15,Arsenal,ENG,1896.75
2005-02-15,Aston Villa,ENG,1697.21
2005-02-15,Birmingham,ENG,1665.69
2005-02-15,Blackburn,ENG,1657.12
2005-02-15,Bolton,ENG,1716.43
2005-02-15,Brighton,ENG,1414.29
2005-02-15,Burnley,ENG,1455.1
2005-02-15,Cardiff,ENG,1462.39
2005-02-15,Charlton,ENG,1704.57
2005-02-15,Chelsea,ENG,1935.15
2005-02-15,Coventry,ENG,1435.37
2005-02-15,Crewe,ENG,1469.13
2005-02-15,Crystal Palace,ENG,1584.87
2005-02-15,Derby,ENG,1498.35
2005-02-15,Everton,ENG,1708.48
2005-02-15,Fulham,ENG,1672.25
2005-02-15,Gillingham,ENG,1376.99
2005-02-15,Ipswich,ENG,1588.33
2005-02-15,Leeds,ENG,1535.38
2005-02-15,Leicester,ENG,1542.8
2005-02-15,Liverpool,ENG,1795.51
2005-02-15,Man City,ENG,1694.3
2005-02-15,Man United,ENG,1908.44
2005-02-15,Middlesbrough,ENG,1728.53
2005-02-15,Millwall,ENG,1498.91
2005-02-15,Newcastle,ENG,1740.94
2005-02-15,Norwich,ENG,1588.64
2005-02-15,Nottm Forest,ENG,1420.24
2005-02-15,Plymouth Argyle,ENG,1409.05
2005-02-15,Portsmouth,ENG,1649.97
2005-02-15,Preston,ENG,1508.03
2005-02-15,QPR,ENG,1445.19
2005-02-15,Reading,ENG,1513.88
2005-02-15,Rotherham,ENG,1387.69
2005-02-15,Sheffield United,ENG,1507.54
2005-02-15,Southampton,ENG,1628.71
2005-02-15,Stoke,ENG,1471.66
2005-02-15,Sunderland,ENG,1571.0
2005-02-15,Tottenham,ENG,1688.62
2005-02-15,Watford,ENG,1465.51
2005-02-15,West Brom,ENG,1551.19
2005-02-15,West Ham,ENG,1534.79
2005-02-15,Wigan,ENG,1558.92
2005-02-15,Wolves,ENG,1529.55
2005-03-01,Arsenal,ENG,1883.73
2005-03-01,Aston Villa,ENG,1691.04
2005-03-01,Birmingham,ENG,1666.56
2005-03-01,Blackburn,ENG,1665.11
2005-03-01,Bolton,ENG,1708.7
2005-03-01,Brighton,ENG,1425.47
2005-03-01,Burnley,ENG,1465.86
2005-03-01,Cardiff,ENG,1456.02
2005-03-01,Charlton,ENG,1706.55
2005-03-01,Chelsea,ENG,1935.5
2005-03-01,Coventry,ENG,1427.75
2005-03-01,Crewe,ENG,1443.19
2005-03-01,Crystal Palace,ENG,1593.91
2005-03-01,Derby,ENG,1504.14
2005-03-01,Everton,ENG,1717.54
2005-03-01,Fulham,ENG,1662.95
2005-03-01,Gillingham,ENG,1389.72
2005-03-01,Ipswich,ENG,1562.16
2005-03-01,Leeds,ENG,1539.93
2005-03-01,Leicester,ENG,1529.21
2005-03-01,Liverpool,ENG,1790.21
2005-03-01,Man City,ENG,1694.35
2005-03-01,Man United,ENG,1904.66
2005-03-01,Middlesbrough,ENG,1731.97
2005-03-01,Millwall,ENG,1486.55
2005-03-01,Newcastle,ENG,1752.84
2005-03-01,Norwich,ENG,1572.38
2005-03-01,Nottm Forest,ENG,1432.16
2005-03-01,Plymouth Argyle,ENG,1426.45
2005-03-01,Portsmouth,ENG,1639.02
2005-03-01,Preston,ENG,1509.07
2005-03-01,QPR,ENG,1455.33
2005-03-01,Reading,ENG,1492.77
2005-03-01,Rotherham,ENG,1370.78
2005-03-01,Sheffield United,ENG,1494.86
2005-03-01,Southampton,ENG,1632.73
2005-03-01,Stoke,ENG,1489.81
2005-03-01,Sunderland,ENG,1574.29
2005-03-01,Tottenham,ENG,1696.52
2005-03-01,Watford,ENG,1474.46
2005-03-01,West Brom,ENG,1550.98
2005-03-01,West Ham,ENG,1541.14
2005-03-01,Wigan,ENG,1572.65
2005-03-01,Wolves,ENG,1519.53
2005-03-15,Arsenal,ENG,1888.91
2005-03-15,Aston Villa,ENG,1706.88
2005-03-15,Birmingham,ENG,1658.62
2005-03-15,Blackburn,ENG,1681.56
2005-03-15,Bolton,ENG,1723.45
2005-03-15,Brighton,ENG,1410.27
2005-03-15,Burnley,ENG,1465.7
2005-03-15,Cardiff,ENG,1469.86
2005-03-15,Charlton,ENG,1712.46
2005-03-15,Chelsea,ENG,1956.48
2005-03-15,Coventry,ENG,1442.84
2005-03-15,Crewe,ENG,1420.01
2005-03-15,Crystal Palace,ENG,1605.36
2005-03-15,Derby,ENG,1512.8
2005-03-15,Everton,ENG,1711.76
2005-03-15,Fulham,ENG,1667.72
2005-03-15,Gillingham,ENG,1413.44
2005-03-15,Ipswich,ENG,1571.77
2005-03-15,Leeds,ENG,1540.36
2005-03-15,Leicester,ENG,1522.56
2005-03-15,Liverpool,ENG,1800.42
2005-03-15,Man City,ENG,1690.28
2005-03-15,Man United,ENG,1897.59
2005-03-15,Middlesbrough,ENG,1714.01
2005-03-15,Millwall,ENG,1485.16
2005-03-15,Newcastle,ENG,1779.08
2005-03-15,Norwich,ENG,1574.86
2005-03-15,Nottm Forest,ENG,1453.6
2005-03-15,Plymouth Argyle,ENG,1440.16
2005-03-15,Portsmouth,ENG,1640.97
2005-03-15,Preston,ENG,1523.43
2005-03-15,QPR,ENG,1469.01
2005-03-15,Reading,ENG,1509.47
2005-03-15,Rotherham,ENG,1358.55
2005-03-15,Sheffield United,ENG,1493.54
2005-03-15,Southampton,ENG,1646.08
2005-03-15,Stoke,ENG,1512.15
2005-03-15,Sunderland,ENG,1594.82
2005-03-15,Tottenham,ENG,1693.84
2005-03-15,Watford,ENG,1445.39
2005-03-15,West Brom,ENG,1569.59
2005-03-15,West Ham,ENG,1525.47
2005-03-15,Wigan,ENG,1590.58
2005-03-15,Wolves,ENG,1540.47
2005-04-01,Arsenal,ENG,1894.21
2005-04-01,Aston Villa,ENG,1696.7
2005-04-01,Birmingham,ENG,1670.06
2005-04-01,Blackburn,ENG,1682.43
2005-04-01,Bolton,ENG,1727.34
2005-04-01,Brighton,ENG,1396.1
2005-04-01,Burnley,ENG,1453.97
2005-04-01,Cardiff,ENG,1460.58
2005-04-01,Charlton,ENG,1698.33
2005-04-01,Chelsea,ENG,1959.88
2005-04-01,Coventry,ENG,1443.35
2005-04-01,Crewe,ENG,1428.16
2005-04-01,Crystal Palace,ENG,1604.13
2005-04-01,Derby,ENG,1510.35
2005-04-01,Everton,ENG,1707.78
2005-04-01,Fulham,ENG,1666.2
2005-04-01,Gillingham,ENG,1425.59
2005-04-01,Ipswich,ENG,1576.86
2005-04-01,Leeds,ENG,1540.43
2005-04-01,Leicester,ENG,1524.75
2005-04-01,Liverpool,ENG,1800.79
2005-04-01,Man City,ENG,1684.36
2005-04-01,Man United,ENG,1900.38
2005-04-01,Middlesbrough,ENG,1692.59
2005-04-01,Millwall,ENG,1492.21
2005-04-01,Newcastle,ENG,1785.31
2005-04-01,Norwich,ENG,1572.24
2005-04-01,Nottm Forest,ENG,1456.98
2005-04-01,Plymouth Argyle,ENG,1424.93
2005-04-01,Portsmouth,ENG,1643.84
2005-04-01,Preston,ENG,1535.77
2005-04-01,QPR,ENG,1479.88
2005-04-01,Reading,ENG,1507.03
2005-04-01,Rotherham,ENG,1362.48
2005-04-01,Sheffield United,ENG,1498.81
2005-04-01,Southampton,ENG,1662.85
2005-04-01,Stoke,ENG,1506.87
2005-04-01,Sunderland,ENG,1605.03
2005-04-01,Tottenham,ENG,1692.68
2005-04-01,Watford,ENG,1435.68
2005-04-01,West Brom,ENG,1592.45
2005-04-01,West Ham,ENG,1519.66
2005-04-01,Wigan,ENG,1596.47
2005-04-01,Wolves,ENG,1544.71
2005-04-15,Arsenal,ENG,1908.61
2005-04-15,Aston Villa,ENG,1720.18
2005-04-15,Birmingham,ENG,1684.24
2005-04-15,Blackburn,ENG,1706.93
2005-04-15,Bolton,ENG,1737.93
2005-04-15,Brighton,ENG,1394.83
2005-04-15,Burnley,ENG,1455.05
2005-04-15,Cardiff,ENG,1474.28
2005-04-15,Charlton,ENG,1692.43
2005-04-15,Chelsea,ENG,1969.76
2005-04-15,Coventry,ENG,1457.85
2005-04-15,Crewe,ENG,1422.08
2005-04-15,Crystal Palace,ENG,1596.05
2005-04-15,Derby,ENG,1528.76
2005-04-15,Everton,ENG,1714.43
2005-04-15,Fulham,ENG,1674.46
2005-04-15,Gillingham,ENG,1447.97
2005-04-15,Ipswich,ENG,1581.73
2005-04-15,Leeds,ENG,1532.02
2005-04-15,Leicester,ENG,1536.72
2005-04-15,Liverpool,ENG,1818.16
2005-04-15,Man City,ENG,1703.96
2005-04-15,Man United,ENG,1881.01
2005-04-15,Middlesbrough,ENG,1702.93
2005-04-15,Millwall,ENG,1490.78
2005-04-15,Newcastle,ENG,1766.7
2005-04-15,Norwich,ENG,1597.96
2005-04-15,Nottm Forest,ENG,1439.51
2005-04-15,Plymouth Argyle,ENG,1455.76
2005-04-15,Portsmouth,ENG,1654.35
2005-04-15,Preston,ENG,1550.05
2005-04-15,QPR,ENG,1470.0
2005-04-15,Reading,ENG,1531.17
2005-04-15,Rotherham,ENG,1375.55
2005-04-15,Sheffield United,ENG,1534.3
2005-04-15,Southampton,ENG,1656.17
2005-04-15,Stoke,ENG,1477.86
2005-04-15,Sunderland,ENG,1618.43
2005-04-15,Tottenham,ENG,1709.77
2005-04-15,Watford,ENG,1421.24
2005-04-15,West Brom,ENG,1614.23
2005-04-15,West Ham,ENG,1554.98
2005-04-15,Wigan,ENG,1593.54
2005-04-15,Wolves,ENG,1565.54
2005-05-01,Arsenal,ENG,1907.03
2005-05-01,Aston Villa,ENG,1716.61
2005-05-01,Birmingham,ENG,1674.38
2005-05-01,Blackburn,ENG,1693.58
2005-05-01,Bolton,ENG,1729.95
2005-05-01,Brighton,ENG,1402.5
2005-05-01,Burnley,ENG,1455.8
2005-05-01,Cardiff,ENG,1474.47
2005-05-01,Charlton,ENG,1671.12
2005-05-01,Chelsea,ENG,1963.61
2005-05-01,Coventry,ENG,1469.48
2005-05-01,Crewe,ENG,1399.84
2005-05-01,Crystal Palace,ENG,1600.12
2005-05-01,Derby,ENG,1513.99
2005-05-01,Everton,ENG,1704.15
2005-05-01,Fulham,ENG,1677.03
2005-05-01,Gillingham,ENG,1431.06
2005-05-01,Ipswich,ENG,1579.57
2005-05-01,Leeds,ENG,1524.29
2005-05-01,Leicester,ENG,1516.91
2005-05-01,Liverpool,ENG,1798.89
2005-05-01,Man City,ENG,1716.96
2005-05-01,Man United,ENG,1866.18
2005-05-01,Middlesbrough,ENG,1709.32
2005-05-01,Millwall,ENG,1505.27
2005-05-01,Newcastle,ENG,1715.66
2005-05-01,Norwich,ENG,1605.05
2005-05-01,Nottm Forest,ENG,1429.0
2005-05-01,Plymouth Argyle,ENG,1429.52
2005-05-01,Portsmouth,ENG,1647.81
2005-05-01,Preston,ENG,1542.37
2005-05-01,QPR,ENG,1463.75
2005-05-01,Reading,ENG,1507.8
2005-05-01,Rotherham,ENG,1347.11
2005-05-01,Sheffield United,ENG,1505.77
2005-05-01,Southampton,ENG,1639.59
2005-05-01,Stoke,ENG,1471.1
2005-05-01,Sunderland,ENG,1624.16
2005-05-01,Tottenham,ENG,1700.17
2005-05-01,Watford,ENG,1434.91
2005-05-01,West Brom,ENG,1602.67
2005-05-01,West Ham,ENG,1541.28
2005-05-01,Wigan,ENG,1593.06
2005-05-01,Wolves,ENG,1569.28
2005-05-15,Arsenal,ENG,1923.62
2005-05-15,Aston Villa,ENG,1693.47
2005-05-15,Birmingham,ENG,1666.32
2005-05-15,Blackburn,ENG,1678.59
2005-05-15,Bolton,ENG,1729.52
2005-05-15,Brighton,ENG,1405.57
2005-05-15,Burnley,ENG,1459.04
2005-05-15,Cardiff,ENG,1480.66
2005-05-15,Charlton,ENG,1659.67
2005-05-15,Chelsea,ENG,1961.93
2005-05-15,Coventry,ENG,1461.64
2005-05-15,Crewe,ENG,1407.68
2005-05-15,Crystal Palace,ENG,1599.31
2005-05-15,Derby,ENG,1523.82
2005-05-15,Everton,ENG,1707.54
2005-05-15,Fulham,ENG,1679.56
2005-05-15,Gillingham,ENG,1432.9
2005-05-15,Ipswich,ENG,1580.05
2005-05-15,Leeds,ENG,1509.0
2005-05-15,Leicester,ENG,1525.47
2005-05-15,Liverpool,ENG,1807.09
2005-05-15,Man City,ENG,1726.5
2005-05-15,Man United,ENG,1857.49
2005-05-15,Middlesbrough,ENG,1715.84
2005-05-15,Millwall,ENG,1502.04
2005-05-15,Newcastle,ENG,1718.25
2005-05-15,Norwich,ENG,1613.11
2005-05-15,Nottm Forest,ENG,1427.15
2005-05-15,Plymouth Argyle,ENG,1430.38
2005-05-15,Portsmouth,ENG,1648.23
2005-05-15,Preston,ENG,1532.55
2005-05-15,QPR,ENG,1457.55
2005-05-15,Reading,ENG,1501.26
2005-05-15,Rotherham,ENG,1352.99
2005-05-15,Sheffield United,ENG,1498.75
2005-05-15,Southampton,ENG,1640.39
2005-05-15,Stoke,ENG,1467.77
2005-05-15,Sunderland,ENG,1627.49
2005-05-15,Tottenham,ENG,1707.26
2005-05-15,Watford,ENG,1427.95
2005-05-15,West Brom,ENG,1606.18
2005-05-15,West Ham,ENG,1544.7
2005-05-15,Wigan,ENG,1599.6
2005-05-15,Wolves,ENG,1576.3
2005-06-01,Arsenal,ENG,1911.84
2005-06-01,Aston Villa,ENG,1690.44
2005-06-01,Birmingham,ENG,1679.91
2005-06-01,Blackburn,ENG,1682.23
2005-06-01,Bolton,ENG,1736.25
2005-06-01,Brighton,ENG,1406.47
2005-06-01,Burnley,ENG,1459.94
2005-06-01,Cardiff,ENG,1481.57
2005-06-01,Charlton,ENG,1657.01
2005-06-01,Chelsea,ENG,1958.18
2005-06-01,Coventry,ENG,1462.55
2005-06-01,Crewe,ENG,1408.58
2005-06-01,Crystal Palace,ENG,1603.77
2005-06-01,Derby,ENG,1510.81
2005-06-01,Everton,ENG,1702.62
2005-06-01,Fulham,ENG,1692.26
2005-06-01,Gillingham,ENG,1433.8
2005-06-01,Ipswich,ENG,1560.47
2005-06-01,Leeds,ENG,1509.9
2005-06-01,Leicester,ENG,1526.37
2005-06-01,Liverpool,ENG,1814.62
2005-06-01,Man City,ENG,1725.15
2005-06-01,Man United,ENG,1862.79
2005-06-01,Middlesbrough,ENG,1718.99
2005-06-01,Millwall,ENG,1502.94
2005-06-01,Newcastle,ENG,1723.8
2005-06-01,Norwich,ENG,1602.22
2005-06-01,Nottm Forest,ENG,1428.05
2005-06-01,Plymouth Argyle,ENG,1431.28
2005-06-01,Portsmouth,ENG,1638.71
2005-06-01,Preston,ENG,1539.93
2005-06-01,QPR,ENG,1458.46
2005-06-01,Reading,ENG,1502.16
2005-06-01,Rotherham,ENG,1353.9
2005-06-01,Sheffield United,ENG,1499.65
2005-06-01,Southampton,ENG,1636.89
2005-06-01,Stoke,ENG,1468.67
2005-06-01,Sunderland,ENG,1628.39
2005-06-01,Tottenham,ENG,1705.43
2005-06-01,Watford,ENG,1428.85
2005-06-01,West Brom,ENG,1617.5
2005-06-01,West Ham,ENG,1573.52
2005-06-01,Wigan,ENG,1600.5
2005-06-01,Wolves,ENG,1577.21
2005-06-15,Arsenal,ENG,1911.84
2005-06-15,Aston Villa,ENG,1690.44
2005-06-15,Birmingham,ENG,1679.91
2005-06-15,Blackburn,ENG,1682.23
2005-06-15,Bolton,ENG,1736.25
2005-06-15,Brighton,ENG,1406.47
2005-06-15,Burnley,ENG,1459.94
2005-06-15,Cardiff,ENG,1481.57
2005-06-15,Charlton,ENG,1657.01
2005-06-15,Chelsea,ENG,1958.18
2005-06-15,Coventry,ENG,1462.55
2005-06-15,Crewe,ENG,1408.58
2005-06-15,Crystal Palace,ENG,1603.77
2005-06-15,Derby,ENG,1510.81
2005-06-15,Everton,ENG,1702.62
2005-06-15,Fulham,ENG,1692.26
2005-06-15,Gillingham,ENG,1433.8
2005-06-15,Ipswich,ENG,1560.47
2005-06-15,Leeds,ENG,1509.9
2005-06-15,Leicester,ENG,1526.37
2005-06-15,Liverpool,ENG,1814.62
2005-06-15,Man City,ENG,1725.15
2005-06-15,Man United,ENG,1862.79
2005-06-15,Middlesbrough,ENG,1718.99
2005-06-15,Millwall,ENG,1502.94
2005-06-15,Newcastle,ENG,1723.8
2005-06-15,Norwich,ENG,1602.22
2005-06-15,Nottm Forest,ENG,1428.05
2005-06-15,Plymouth Argyle,ENG,1431.28
2005-06-15,Portsmouth,ENG,1638.71
2005-06-15,Preston,ENG,1539.93
2005-06-15,QPR,ENG,1458.46
2005-06-15,Reading,ENG,1502.16
2005-06-15,Rotherham,ENG,1353.9
2005-06-15,Sheffield United,ENG,1499.65
2005-06-15,Southampton,ENG,1636.89
2005-06-15,Stoke,ENG,1468.67
2005-06-15,Sunderland,ENG,1628.39
2005-06-15,Tottenham,ENG,1705.43
2005-06-15,Watford,ENG,1428.85
2005-06-15,West Brom,ENG,1617.5
2005-06-15,West Ham,ENG,1573.52
2005-06-15,Wigan,ENG,1600.5
2005-06-15,Wolves,ENG,1577.21
2005-07-01,Arsenal,ENG,1911.84
2005-07-01,Aston Villa,ENG,1690.44
2005-07-01,Birmingham,ENG,1679.91
2005-07-01,Blackburn,ENG,1682.23
2005-07-01,Bolton,ENG,1736.25
2005-07-01,Brighton,ENG,1406.47
2005-07-01,Burnley,ENG,1459.94
2005-07-01,Cardiff,ENG,1481.57
2005-07-01,Charlton,ENG,1657.01
2005-07-01,Chelsea,ENG,1958.18
2005-07-01,Coventry,ENG,1462.55
2005-07-01,Crewe,ENG,1408.58
2005-07-01,Crystal Palace,ENG,1603.77
2005-07-01,Derby,ENG,1510.81
2005-07-01,Everton,ENG,1702.62
2005-07-01,Fulham,ENG,1692.26
2005-07-01,Gillingham,ENG,1433.8
2005-07-01,Ipswich,ENG,1560.47
2005-07-01,Leeds,ENG,1509.9
2005-07-01,Leicester,ENG,1526.37
2005-07-01,Liverpool,ENG,1814.62
2005-07-01,Man City,ENG,1725.15
2005-07-01,Man United,ENG,1862.79
2005-07-01,Middlesbrough,ENG,1718.99
2005-07-01,Millwall,ENG,1502.94
2005-07-01,Newcastle,ENG,1723.8
2005-07-01,Norwich,ENG,1602.22
2005-07-01,Nottm Forest,ENG,1428.05
2005-07-01,Plymouth Argyle,ENG,1431.28
2005-07-01,Portsmouth,ENG,1638.71
2005-07-01,Preston,ENG,1539.93
2005-07-01,QPR,ENG,1458.46
2005-07-01,Reading,ENG,1502.16
2005-07-01,Rotherham,ENG,1353.9
2005-07-01,Sheffield United,ENG,1499.65
2005-07-01,Southampton,ENG,1636.89
2005-07-01,Stoke,ENG,1468.67
2005-07-01,Sunderland,ENG,1628.39
2005-07-01,Tottenham,ENG,1705.43
2005-07-01,Watford,ENG,1428.85
2005-07-01,West Brom,ENG,1617.5
2005-07-01,West Ham,ENG,1573.52
2005-07-01,Wigan,ENG,1600.5
2005-07-01,Wolves,ENG,1577.21
2005-07-15,Arsenal,ENG,1911.85
2005-07-15,Aston Villa,ENG,1690.45
2005-07-15,Birmingham,ENG,1679.91
2005-07-15,Blackburn,ENG,1682.23
2005-07-15,Bolton,ENG,1736.25
2005-07-15,Brighton,ENG,1406.47
2005-07-15,Burnley,ENG,1459.94
2005-07-15,Cardiff,ENG,1481.57
2005-07-15,Charlton,ENG,1657.02
2005-07-15,Chelsea,ENG,1958.19
2005-07-15,Coventry,ENG,1462.55
2005-07-15,Crewe,ENG,1408.59
2005-07-15,Crystal Palace,ENG,1603.78
2005-07-15,Derby,ENG,1510.82
2005-07-15,Everton,ENG,1702.63
2005-07-15,Fulham,ENG,1692.26
2005-07-15,Hull,ENG,1380.81
2005-07-15,Ipswich,ENG,1560.47
2005-07-15,Leeds,ENG,1509.91
2005-07-15,Leicester,ENG,1526.38
2005-07-15,Liverpool,ENG,1814.65
2005-07-15,Luton,ENG,1380.81
2005-07-15,Man City,ENG,1725.16
2005-07-15,Man United,ENG,1862.8
2005-07-15,Middlesbrough,ENG,1719.0
2005-07-15,Millwall,ENG,1502.95
2005-07-15,Newcastle,ENG,1723.8
2005-07-15,Norwich,ENG,1602.22
2005-07-15,Plymouth Argyle,ENG,1431.29
2005-07-15,Portsmouth,ENG,1638.72
2005-07-15,Preston,ENG,1539.93
2005-07-15,QPR,ENG,1458.46
2005-07-15,Reading,ENG,1502.17
2005-07-15,Sheffield United,ENG,1499.66
2005-07-15,Sheffield Weds,ENG,1380.81
2005-07-15,Southampton,ENG,1636.9
2005-07-15,Stoke,ENG,1468.67
2005-07-15,Sunderland,ENG,1628.4
2005-07-15,Tottenham,ENG,1705.44
2005-07-15,Watford,ENG,1428.86
2005-07-15,West Brom,ENG,1617.51
2005-07-15,West Ham,ENG,1573.53
2005-07-15,Wigan,ENG,1600.51
2005-07-15,Wolves,ENG,1577.21
2005-08-01,Arsenal,ENG,1911.87
2005-08-01,Aston Villa,ENG,1690.46
2005-08-01,Birmingham,ENG,1679.93
2005-08-01,Blackburn,ENG,1682.25
2005-08-01,Bolton,ENG,1736.27
2005-08-01,Brighton,ENG,1406.49
2005-08-01,Burnley,ENG,1459.96
2005-08-01,Cardiff,ENG,1481.59
2005-08-01,Charlton,ENG,1657.04
2005-08-01,Chelsea,ENG,1958.21
2005-08-01,Coventry,ENG,1462.57
2005-08-01,Crewe,ENG,1408.61
2005-08-01,Crystal Palace,ENG,1603.79
2005-08-01,Derby,ENG,1510.84
2005-08-01,Everton,ENG,1702.64
2005-08-01,Fulham,ENG,1692.28
2005-08-01,Hull,ENG,1380.83
2005-08-01,Ipswich,ENG,1560.49
2005-08-01,Leeds,ENG,1509.92
2005-08-01,Leicester,ENG,1526.39
2005-08-01,Liverpool,ENG,1814.72
2005-08-01,Luton,ENG,1380.83
2005-08-01,Man City,ENG,1725.18
2005-08-01,Man United,ENG,1862.81
2005-08-01,Middlesbrough,ENG,1719.02
2005-08-01,Millwall,ENG,1502.97
2005-08-01,Newcastle,ENG,1723.82
2005-08-01,Norwich,ENG,1602.24
2005-08-01,Plymouth Argyle,ENG,1431.3
2005-08-01,Portsmouth,ENG,1638.74
2005-08-01,Preston,ENG,1539.95
2005-08-01,QPR,ENG,1458.48
2005-08-01,Reading,ENG,1502.18
2005-08-01,Sheffield United,ENG,1499.68
2005-08-01,Sheffield Weds,ENG,1380.83
2005-08-01,Southampton,ENG,1636.92
2005-08-01,Stoke,ENG,1468.69
2005-08-01,Sunderland,ENG,1628.42
2005-08-01,Tottenham,ENG,1705.45
2005-08-01,Watford,ENG,1428.88
2005-08-01,West Brom,ENG,1617.53
2005-08-01,West Ham,ENG,1573.54
2005-08-01,Wigan,ENG,1600.53
2005-08-01,Wolves,ENG,1577.23
2005-08-15,Arsenal,ENG,1915.62
2005-08-15,Aston Villa,ENG,1689.79
2005-08-15,Birmingham,ENG,1682.18
2005-08-15,Blackburn,ENG,1669.4
2005-08-15,Bolton,ENG,1736.89
2005-08-15,Brighton,ENG,1398.68
2005-08-15,Burnley,ENG,1458.13
2005-08-15,Cardiff,ENG,1468.14
2005-08-15,Charlton,ENG,1669.91
2005-08-15,Chelsea,ENG,1960.31
2005-08-15,Coventry,ENG,1456.56
2005-08-15,Crewe,ENG,1423.53
2005-08-15,Crystal Palace,ENG,1584.85
2005-08-15,Derby,ENG,1520.48
2005-08-15,Everton,ENG,1688.58
2005-08-15,Fulham,ENG,1689.97
2005-08-15,Hull,ENG,1380.67
2005-08-15,Ipswich,ENG,1557.13
2005-08-15,Leeds,ENG,1507.86
2005-08-15,Leicester,ENG,1520.94
2005-08-15,Liverpool,ENG,1817.65
2005-08-15,Luton,ENG,1408.54
2005-08-15,Man City,ENG,1720.48
2005-08-15,Man United,ENG,1872.89
2005-08-15,Middlesbrough,ENG,1719.89
2005-08-15,Millwall,ENG,1482.89
2005-08-15,Newcastle,ENG,1720.01
2005-08-15,Norwich,ENG,1588.49
2005-08-15,Plymouth Argyle,ENG,1429.28
2005-08-15,Portsmouth,ENG,1627.33
2005-08-15,Preston,ENG,1524.7
2005-08-15,QPR,ENG,1474.73
2005-08-15,Reading,ENG,1520.52
2005-08-15,Sheffield United,ENG,1512.59
2005-08-15,Sheffield Weds,ENG,1379.09
2005-08-15,Southampton,ENG,1625.02
2005-08-15,Stoke,ENG,1467.73
2005-08-15,Sunderland,ENG,1615.49
2005-08-15,Tottenham,ENG,1716.8
2005-08-15,Watford,ENG,1440.78
2005-08-15,West Brom,ENG,1622.17
2005-08-15,West Ham,ENG,1586.34
2005-08-15,Wigan,ENG,1598.36
2005-08-15,Wolves,ENG,1589.66
2005-09-01,Arsenal,ENG,1913.15
2005-09-01,Aston Villa,ENG,1692.43
2005-09-01,Birmingham,ENG,1666.04
2005-09-01,Blackburn,ENG,1668.94
2005-09-01,Bolton,ENG,1739.5
2005-09-01,Brighton,ENG,1403.18
2005-09-01,Burnley,ENG,1443.15
2005-09-01,Cardiff,ENG,1463.32
2005-09-01,Charlton,ENG,1693.52
2005-09-01,Chelsea,ENG,1972.94
2005-09-01,Coventry,ENG,1465.41
2005-09-01,Crewe,ENG,1410.78
2005-09-01,Crystal Palace,ENG,1592.79
2005-09-01,Derby,ENG,1513.36
2005-09-01,Everton,ENG,1691.01
2005-09-01,Fulham,ENG,1685.32
2005-09-01,Hull,ENG,1401.5
2005-09-01,Ipswich,ENG,1544.37
2005-09-01,Leeds,ENG,1530.48
2005-09-01,Leicester,ENG,1500.38
2005-09-01,Liverpool,ENG,1818.02
2005-09-01,Luton,ENG,1427.8
2005-09-01,Man City,ENG,1739.31
2005-09-01,Man United,ENG,1883.36
2005-09-01,Middlesbrough,ENG,1706.03
2005-09-01,Millwall,ENG,1454.4
2005-09-01,Newcastle,ENG,1697.75
2005-09-01,Norwich,ENG,1557.87
2005-09-01,Plymouth Argyle,ENG,1404.67
2005-09-01,Portsmouth,ENG,1615.98
2005-09-01,Preston,ENG,1534.33
2005-09-01,QPR,ENG,1452.41
2005-09-01,Reading,ENG,1536.91
2005-09-01,Sheffield United,ENG,1533.32
2005-09-01,Sheffield Weds,ENG,1379.78
2005-09-01,Southampton,ENG,1630.1
2005-09-01,Stoke,ENG,1479.56
2005-09-01,Sunderland,ENG,1598.57
2005-09-01,Tottenham,ENG,1720.27
2005-09-01,Watford,ENG,1461.59
2005-09-01,West Brom,ENG,1616.36
2005-09-01,West Ham,ENG,1584.58
2005-09-01,Wigan,ENG,1599.44
2005-09-01,Wolves,ENG,1581.19
2005-09-15,Arsenal,ENG,1905.76
2005-09-15,Aston Villa,ENG,1678.41
2005-09-15,Birmingham,ENG,1661.12
2005-09-15,Blackburn,ENG,1676.83
2005-09-15,Bolton,ENG,1740.02
2005-09-15,Brighton,ENG,1406.23
2005-09-15,Burnley,ENG,1450.45
2005-09-15,Cardiff,ENG,1476.3
2005-09-15,Charlton,ENG,1706.86
2005-09-15,Chelsea,ENG,1979.75
2005-09-15,Coventry,ENG,1469.77
2005-09-15,Crewe,ENG,1417.62
2005-09-15,Crystal Palace,ENG,1592.73
2005-09-15,Derby,ENG,1516.44
2005-09-15,Everton,ENG,1683.64
2005-09-15,Fulham,ENG,1691.75
2005-09-15,Hull,ENG,1393.72
2005-09-15,Ipswich,ENG,1540.03
2005-09-15,Leeds,ENG,1519.3
2005-09-15,Leicester,ENG,1502.58
2005-09-15,Liverpool,ENG,1832.43
2005-09-15,Luton,ENG,1428.68
2005-09-15,Man City,ENG,1748.92
2005-09-15,Man United,ENG,1882.15
2005-09-15,Middlesbrough,ENG,1721.83
2005-09-15,Millwall,ENG,1463.71
2005-09-15,Newcastle,ENG,1699.72
2005-09-15,Norwich,ENG,1558.19
2005-09-15,Plymouth Argyle,ENG,1402.85
2005-09-15,Portsmouth,ENG,1631.75
2005-09-15,Preston,ENG,1541.76
2005-09-15,QPR,ENG,1468.45
2005-09-15,Reading,ENG,1548.96
2005-09-15,Sheffield United,ENG,1552.98
2005-09-15,Sheffield Weds,ENG,1388.85
2005-09-15,Southampton,ENG,1627.55
2005-09-15,Stoke,ENG,1474.09
2005-09-15,Sunderland,ENG,1601.42
2005-09-15,Tottenham,ENG,1725.37
2005-09-15,Watford,ENG,1492.11
2005-09-15,West Brom,ENG,1610.26
2005-09-15,West Ham,ENG,1607.01
2005-09-15,Wigan,ENG,1613.95
2005-09-15,Wolves,ENG,1570.19
2005-10-01,Arsenal,ENG,1907.24
2005-10-01,Aston Villa,ENG,1673.53
2005-10-01,Birmingham,ENG,1662.32
2005-10-01,Blackburn,ENG,1672.75
2005-10-01,Bolton,ENG,1752.75
2005-10-01,Brighton,ENG,1409.89
2005-10-01,Burnley,ENG,1465.8
2005-10-01,Cardiff,ENG,1500.23
2005-10-01,Charlton,ENG,1706.5
2005-10-01,Chelsea,ENG,1981.99
2005-10-01,Coventry,ENG,1463.7
2005-10-01,Crewe,ENG,1401.33
2005-10-01,Crystal Palace,ENG,1581.37
2005-10-01,Derby,ENG,1497.13
2005-10-01,Everton,ENG,1642.45
2005-10-01,Fulham,ENG,1671.55
2005-10-01,Hull,ENG,1395.48
2005-10-01,Ipswich,ENG,1525.4
2005-10-01,Leeds,ENG,1520.93
2005-10-01,Leicester,ENG,1488.57
2005-10-01,Liverpool,ENG,1827.26
2005-10-01,Luton,ENG,1447.27
2005-10-01,Man City,ENG,1728.93
2005-10-01,Man United,ENG,1868.7
2005-10-01,Middlesbrough,ENG,1703.08
2005-10-01,Millwall,ENG,1465.41
2005-10-01,Newcastle,ENG,1720.03
2005-10-01,Norwich,ENG,1557.84
2005-10-01,Plymouth Argyle,ENG,1409.2
2005-10-01,Portsmouth,ENG,1623.91
2005-10-01,Preston,ENG,1514.58
2005-10-01,QPR,ENG,1469.47
2005-10-01,Reading,ENG,1562.75
2005-10-01,Sheffield United,ENG,1568.67
2005-10-01,Sheffield Weds,ENG,1377.43
2005-10-01,Southampton,ENG,1613.51
2005-10-01,Stoke,ENG,1455.99
2005-10-01,Sunderland,ENG,1614.51
2005-10-01,Tottenham,ENG,1728.65
2005-10-01,Watford,ENG,1470.53
2005-10-01,West Brom,ENG,1601.74
2005-10-01,West Ham,ENG,1621.62
2005-10-01,Wigan,ENG,1623.23
2005-10-01,Wolves,ENG,1571.86
2005-10-15,Arsenal,ENG,1909.36
2005-10-15,Aston Villa,ENG,1664.74
2005-10-15,Birmingham,ENG,1660.2
2005-10-15,Blackburn,ENG,1680.17
2005-10-15,Bolton,ENG,1742.62
2005-10-15,Brighton,ENG,1401.95
2005-10-15,Burnley,ENG,1465.8
2005-10-15,Cardiff,ENG,1489.36
2005-10-15,Charlton,ENG,1697.56
2005-10-15,Chelsea,ENG,1991.76
2005-10-15,Coventry,ENG,1454.94
2005-10-15,Crewe,ENG,1397.51
2005-10-15,Crystal Palace,ENG,1590.65
2005-10-15,Derby,ENG,1495.36
2005-10-15,Everton,ENG,1635.65
2005-10-15,Fulham,ENG,1666.96
2005-10-15,Hull,ENG,1395.48
2005-10-15,Ipswich,ENG,1529.23
2005-10-15,Leeds,ENG,1521.01
2005-10-15,Leicester,ENG,1490.34
2005-10-15,Liverpool,ENG,1817.49
2005-10-15,Luton,ENG,1458.13
2005-10-15,Man City,ENG,1735.72
2005-10-15,Man United,ENG,1873.29
2005-10-15,Middlesbrough,ENG,1711.86
2005-10-15,Millwall,ENG,1465.41
2005-10-15,Newcastle,ENG,1718.81
2005-10-15,Norwich,ENG,1565.77
2005-10-15,Plymouth Argyle,ENG,1417.29
2005-10-15,Portsmouth,ENG,1625.13
2005-10-15,Preston,ENG,1515.89
2005-10-15,QPR,ENG,1460.2
2005-10-15,Reading,ENG,1569.65
2005-10-15,Sheffield United,ENG,1561.78
2005-10-15,Sheffield Weds,ENG,1386.19
2005-10-15,Southampton,ENG,1612.21
2005-10-15,Stoke,ENG,1447.91
2005-10-15,Sunderland,ENG,1613.18
2005-10-15,Tottenham,ENG,1737.6
2005-10-15,Watford,ENG,1470.44
2005-10-15,West Brom,ENG,1594.32
2005-10-15,West Ham,ENG,1622.94
2005-10-15,Wigan,ENG,1633.37
2005-10-15,Wolves,ENG,1571.86
2005-11-01,Arsenal,ENG,1905.16
2005-11-01,Aston Villa,ENG,1657.77
2005-11-01,Birmingham,ENG,1637.29
2005-11-01,Blackburn,ENG,1688.18
2005-11-01,Bolton,ENG,1757.2
2005-11-01,Brighton,ENG,1416.07
2005-11-01,Burnley,ENG,1473.45
2005-11-01,Cardiff,ENG,1514.52
2005-11-01,Charlton,ENG,1699.44
2005-11-01,Chelsea,ENG,2000.16
2005-11-01,Coventry,ENG,1454.91
2005-11-01,Crewe,ENG,1399.58
2005-11-01,Crystal Palace,ENG,1593.76
2005-11-01,Derby,ENG,1490.42
2005-11-01,Everton,ENG,1651.52
2005-11-01,Fulham,ENG,1682.78
2005-11-01,Hull,ENG,1414.06
2005-11-01,Ipswich,ENG,1510.82
2005-11-01,Leeds,ENG,1545.49
2005-11-01,Leicester,ENG,1501.78
2005-11-01,Liverpool,ENG,1822.22
2005-11-01,Luton,ENG,1455.91
2005-11-01,Man City,ENG,1748.83
2005-11-01,Man United,ENG,1853.49
2005-11-01,Middlesbrough,ENG,1730.04
2005-11-01,Millwall,ENG,1453.65
2005-11-01,Newcastle,ENG,1731.09
2005-11-01,Norwich,ENG,1525.07
2005-11-01,Plymouth Argyle,ENG,1424.8
2005-11-01,Portsmouth,ENG,1642.37
2005-11-01,Preston,ENG,1519.71
2005-11-01,QPR,ENG,1490.9
2005-11-01,Reading,ENG,1583.17
2005-11-01,Sheffield United,ENG,1584.15
2005-11-01,Sheffield Weds,ENG,1406.15
2005-11-01,Southampton,ENG,1615.17
2005-11-01,Stoke,ENG,1444.68
2005-11-01,Sunderland,ENG,1593.3
2005-11-01,Tottenham,ENG,1756.69
2005-11-01,Watford,ENG,1489.14
2005-11-01,West Brom,ENG,1596.78
2005-11-01,West Ham,ENG,1628.82
2005-11-01,Wigan,ENG,1669.43
2005-11-01,Wolves,ENG,1551.86
2005-11-15,Arsenal,ENG,1905.8
2005-11-15,Aston Villa,ENG,1647.57
2005-11-15,Birmingham,ENG,1630.08
2005-11-15,Blackburn,ENG,1697.45
2005-11-15,Bolton,ENG,1764.36
2005-11-15,Brighton,ENG,1405.57
2005-11-15,Burnley,ENG,1486.01
2005-11-15,Cardiff,ENG,1512.26
2005-11-15,Charlton,ENG,1684.86
2005-11-15,Chelsea,ENG,1975.55
2005-11-15,Coventry,ENG,1445.69
2005-11-15,Crewe,ENG,1422.03
2005-11-15,Crystal Palace,ENG,1581.49
2005-11-15,Derby,ENG,1477.98
2005-11-15,Everton,ENG,1657.52
2005-11-15,Fulham,ENG,1688.33
2005-11-15,Hull,ENG,1396.69
2005-11-15,Ipswich,ENG,1515.77
2005-11-15,Leeds,ENG,1530.7
2005-11-15,Leicester,ENG,1500.7
2005-11-15,Liverpool,ENG,1831.38
2005-11-15,Luton,ENG,1436.7
2005-11-15,Man City,ENG,1737.97
2005-11-15,Man United,ENG,1853.57
2005-11-15,Middlesbrough,ENG,1721.21
2005-11-15,Millwall,ENG,1429.81
2005-11-15,Newcastle,ENG,1732.99
2005-11-15,Norwich,ENG,1520.3
2005-11-15,Plymouth Argyle,ENG,1415.65
2005-11-15,Portsmouth,ENG,1627.01
2005-11-15,Preston,ENG,1526.48
2005-11-15,QPR,ENG,1471.8
2005-11-15,Reading,ENG,1591.81
2005-11-15,Sheffield United,ENG,1598.79
2005-11-15,Sheffield Weds,ENG,1397.56
2005-11-15,Southampton,ENG,1610.95
2005-11-15,Stoke,ENG,1462.07
2005-11-15,Sunderland,ENG,1588.64
2005-11-15,Tottenham,ENG,1747.4
2005-11-15,Watford,ENG,1503.21
2005-11-15,West Brom,ENG,1588.3
2005-11-15,West Ham,ENG,1631.99
2005-11-15,Wigan,ENG,1679.49
2005-11-15,Wolves,ENG,1555.51
2005-12-01,Arsenal,ENG,1914.91
2005-12-01,Aston Villa,ENG,1664.54
2005-12-01,Birmingham,ENG,1637.1
2005-12-01,Blackburn,ENG,1694.6
2005-12-01,Bolton,ENG,1750.79
2005-12-01,Brighton,ENG,1403.93
2005-12-01,Burnley,ENG,1492.05
2005-12-01,Cardiff,ENG,1506.83
2005-12-01,Charlton,ENG,1669.18
2005-12-01,Chelsea,ENG,1984.95
2005-12-01,Coventry,ENG,1440.35
2005-12-01,Crewe,ENG,1393.65
2005-12-01,Crystal Palace,ENG,1575.65
2005-12-01,Derby,ENG,1473.46
2005-12-01,Everton,ENG,1648.26
2005-12-01,Fulham,ENG,1689.84
2005-12-01,Hull,ENG,1398.57
2005-12-01,Ipswich,ENG,1494.79
2005-12-01,Leeds,ENG,1555.69
2005-12-01,Leicester,ENG,1503.98
2005-12-01,Liverpool,ENG,1842.01
2005-12-01,Luton,ENG,1453.83
2005-12-01,Man City,ENG,1726.69
2005-12-01,Man United,ENG,1860.68
2005-12-01,Middlesbrough,ENG,1722.38
2005-12-01,Millwall,ENG,1436.23
2005-12-01,Newcastle,ENG,1719.21
2005-12-01,Norwich,ENG,1516.24
2005-12-01,Plymouth Argyle,ENG,1419.3
2005-12-01,Portsmouth,ENG,1618.37
2005-12-01,Preston,ENG,1539.67
2005-12-01,QPR,ENG,1445.16
2005-12-01,Reading,ENG,1614.54
2005-12-01,Sheffield United,ENG,1579.82
2005-12-01,Sheffield Weds,ENG,1380.16
2005-12-01,Southampton,ENG,1594.94
2005-12-01,Stoke,ENG,1470.73
2005-12-01,Sunderland,ENG,1562.99
2005-12-01,Tottenham,ENG,1749.35
2005-12-01,Watford,ENG,1510.09
2005-12-01,West Brom,ENG,1608.6
2005-12-01,West Ham,ENG,1631.17
2005-12-01,Wigan,ENG,1666.25
2005-12-01,Wolves,ENG,1565.1
2005-12-15,Arsenal,ENG,1875.15
2005-12-15,Aston Villa,ENG,1665.57
2005-12-15,Birmingham,ENG,1628.98
2005-12-15,Blackburn,ENG,1678.5
2005-12-15,Bolton,ENG,1753.31
2005-12-15,Brighton,ENG,1396.93
2005-12-15,Burnley,ENG,1481.96
2005-12-15,Cardiff,ENG,1498.68
2005-12-15,Charlton,ENG,1654.87
2005-12-15,Chelsea,ENG,1975.79
2005-12-15,Coventry,ENG,1448.99
2005-12-15,Crewe,ENG,1373.1
2005-12-15,Crystal Palace,ENG,1562.28
2005-12-15,Derby,ENG,1477.87
2005-12-15,Everton,ENG,1652.91
2005-12-15,Fulham,ENG,1674.66
2005-12-15,Hull,ENG,1411.14
2005-12-15,Ipswich,ENG,1485.98
2005-12-15,Leeds,ENG,1543.46
2005-12-15,Leicester,ENG,1484.41
2005-12-15,Liverpool,ENG,1852.52
2005-12-15,Luton,ENG,1438.35
2005-12-15,Man City,ENG,1720.34
2005-12-15,Man United,ENG,1846.92
2005-12-15,Middlesbrough,ENG,1708.71
2005-12-15,Millwall,ENG,1428.55
2005-12-15,Newcastle,ENG,1720.75
2005-12-15,Norwich,ENG,1505.47
2005-12-15,Plymouth Argyle,ENG,1408.56
2005-12-15,Portsmouth,ENG,1603.29
2005-12-15,Preston,ENG,1541.1
2005-12-15,QPR,ENG,1451.93
2005-12-15,Reading,ENG,1618.88
2005-12-15,Sheffield United,ENG,1584.14
2005-12-15,Sheffield Weds,ENG,1365.36
2005-12-15,Southampton,ENG,1587.69
2005-12-15,Stoke,ENG,1461.68
2005-12-15,Sunderland,ENG,1547.56
2005-12-15,Tottenham,ENG,1750.87
2005-12-15,Watford,ENG,1495.14
2005-12-15,West Brom,ENG,1617.02
2005-12-15,West Ham,ENG,1639.64
2005-12-15,Wigan,ENG,1647.45
2005-12-15,Wolves,ENG,1560.25
2006-01-01,Arsenal,ENG,1869.99
2006-01-01,Aston Villa,ENG,1677.05
2006-01-01,Birmingham,ENG,1620.03
2006-01-01,Blackburn,ENG,1704.69
2006-01-01,Bolton,ENG,1756.32
2006-01-01,Brighton,ENG,1392.43
2006-01-01,Burnley,ENG,1481.82
2006-01-01,Cardiff,ENG,1481.58
2006-01-01,Charlton,ENG,1648.36
2006-01-01,Chelsea,ENG,1993.13
2006-01-01,Coventry,ENG,1442.81
2006-01-01,Crewe,ENG,1373.33
2006-01-01,Crystal Palace,ENG,1574.38
2006-01-01,Derby,ENG,1474.47
2006-01-01,Everton,ENG,1629.45
2006-01-01,Fulham,ENG,1670.54
2006-01-01,Hull,ENG,1412.78
2006-01-01,Ipswich,ENG,1475.69
2006-01-01,Leeds,ENG,1557.67
2006-01-01,Leicester,ENG,1464.78
2006-01-01,Liverpool,ENG,1866.92
2006-01-01,Luton,ENG,1437.8
2006-01-01,Man City,ENG,1718.64
2006-01-01,Man United,ENG,1861.81
2006-01-01,Middlesbrough,ENG,1695.15
2006-01-01,Millwall,ENG,1435.31
2006-01-01,Newcastle,ENG,1718.01
2006-01-01,Norwich,ENG,1548.04
2006-01-01,Plymouth Argyle,ENG,1445.43
2006-01-01,Portsmouth,ENG,1614.09
2006-01-01,Preston,ENG,1541.76
2006-01-01,QPR,ENG,1451.31
2006-01-01,Reading,ENG,1640.09
2006-01-01,Sheffield United,ENG,1582.98
2006-01-01,Sheffield Weds,ENG,1371.9
2006-01-01,Southampton,ENG,1543.45
2006-01-01,Stoke,ENG,1454.26
2006-01-01,Sunderland,ENG,1544.81
2006-01-01,Tottenham,ENG,1751.67
2006-01-01,Watford,ENG,1491.15
2006-01-01,West Brom,ENG,1620.09
2006-01-01,West Ham,ENG,1610.43
2006-01-01,Wigan,ENG,1663.8
2006-01-01,Wolves,ENG,1557.67
2006-01-15,Arsenal,ENG,1875.96
2006-01-15,Aston Villa,ENG,1673.88
2006-01-15,Birmingham,ENG,1621.88
2006-01-15,Blackburn,ENG,1708.76
2006-01-15,Bolton,ENG,1758.12
2006-01-15,Brighton,ENG,1400.14
2006-01-15,Burnley,ENG,1471.06
2006-01-15,Cardiff,ENG,1486.72
2006-01-15,Charlton,ENG,1647.6
2006-01-15,Chelsea,ENG,1995.7
2006-01-15,Coventry,ENG,1452.09
2006-01-15,Crewe,ENG,1354.02
2006-01-15,Crystal Palace,ENG,1585.36
2006-01-15,Derby,ENG,1474.98
2006-01-15,Everton,ENG,1648.18
2006-01-15,Fulham,ENG,1681.72
2006-01-15,Hull,ENG,1399.99
2006-01-15,Ipswich,ENG,1478.32
2006-01-15,Leeds,ENG,1558.39
2006-01-15,Leicester,ENG,1450.52
2006-01-15,Liverpool,ENG,1869.87
2006-01-15,Luton,ENG,1425.56
2006-01-15,Man City,ENG,1720.91
2006-01-15,Man United,ENG,1848.93
2006-01-15,Middlesbrough,ENG,1689.53
2006-01-15,Millwall,ENG,1437.12
2006-01-15,Newcastle,ENG,1708.16
2006-01-15,Norwich,ENG,1529.97
2006-01-15,Plymouth Argyle,ENG,1434.62
2006-01-15,Portsmouth,ENG,1600.56
2006-01-15,Preston,ENG,1564.52
2006-01-15,QPR,ENG,1459.21
2006-01-15,Reading,ENG,1650.42
2006-01-15,Sheffield United,ENG,1589.11
2006-01-15,Sheffield Weds,ENG,1391.73
2006-01-15,Southampton,ENG,1537.97
2006-01-15,Stoke,ENG,1453.07
2006-01-15,Sunderland,ENG,1541.06
2006-01-15,Tottenham,ENG,1760.03
2006-01-15,Watford,ENG,1499.46
2006-01-15,West Brom,ENG,1611.77
2006-01-15,West Ham,ENG,1619.35
2006-01-15,Wigan,ENG,1652.99
2006-01-15,Wolves,ENG,1548.52
2006-02-01,Arsenal,ENG,1863.88
2006-02-01,Aston Villa,ENG,1678.06
2006-02-01,Birmingham,ENG,1635.01
2006-02-01,Blackburn,ENG,1718.71
2006-02-01,Bolton,ENG,1765.98
2006-02-01,Brighton,ENG,1396.35
2006-02-01,Burnley,ENG,1460.69
2006-02-01,Cardiff,ENG,1492.38
2006-02-01,Charlton,ENG,1652.81
2006-02-01,Chelsea,ENG,1988.63
2006-02-01,Coventry,ENG,1475.69
2006-02-01,Crewe,ENG,1341.57
2006-02-01,Crystal Palace,ENG,1575.91
2006-02-01,Derby,ENG,1459.97
2006-02-01,Everton,ENG,1661.96
2006-02-01,Fulham,ENG,1682.24
2006-02-01,Hull,ENG,1410.76
2006-02-01,Ipswich,ENG,1494.3
2006-02-01,Leeds,ENG,1563.56
2006-02-01,Leicester,ENG,1445.1
2006-02-01,Liverpool,ENG,1862.81
2006-02-01,Luton,ENG,1447.88
2006-02-01,Man City,ENG,1713.05
2006-02-01,Man United,ENG,1855.99
2006-02-01,Middlesbrough,ENG,1689.62
2006-02-01,Millwall,ENG,1441.78
2006-02-01,Newcastle,ENG,1698.21
2006-02-01,Norwich,ENG,1512.31
2006-02-01,Plymouth Argyle,ENG,1457.02
2006-02-01,Portsmouth,ENG,1587.43
2006-02-01,Preston,ENG,1584.4
2006-02-01,QPR,ENG,1438.89
2006-02-01,Reading,ENG,1657.76
2006-02-01,Sheffield United,ENG,1592.83
2006-02-01,Sheffield Weds,ENG,1374.26
2006-02-01,Southampton,ENG,1513.68
2006-02-01,Stoke,ENG,1428.33
2006-02-01,Sunderland,ENG,1540.49
2006-02-01,Tottenham,ENG,1747.44
2006-02-01,Watford,ENG,1520.16
2006-02-01,West Brom,ENG,1614.03
2006-02-01,West Ham,ENG,1627.25
2006-02-01,Wigan,ENG,1651.37
2006-02-01,Wolves,ENG,1547.29
2006-02-15,Arsenal,ENG,1851.18
2006-02-15,Aston Villa,ENG,1693.82
2006-02-15,Birmingham,ENG,1635.31
2006-02-15,Blackburn,ENG,1707.96
2006-02-15,Bolton,ENG,1762.55
2006-02-15,Brighton,ENG,1381.62
2006-02-15,Burnley,ENG,1461.61
2006-02-15,Cardiff,ENG,1496.91
2006-02-15,Charlton,ENG,1663.3
2006-02-15,Chelsea,ENG,1963.53
2006-02-15,Coventry,ENG,1472.15
2006-02-15,Crewe,ENG,1345.44
2006-02-15,Crystal Palace,ENG,1576.96
2006-02-15,Derby,ENG,1458.59
2006-02-15,Everton,ENG,1677.55
2006-02-15,Fulham,ENG,1689.82
2006-02-15,Hull,ENG,1421.86
2006-02-15,Ipswich,ENG,1509.89
2006-02-15,Leeds,ENG,1567.62
2006-02-15,Leicester,ENG,1462.28
2006-02-15,Liverpool,ENG,1839.29
2006-02-15,Luton,ENG,1430.45
2006-02-15,Man City,ENG,1715.58
2006-02-15,Man United,ENG,1855.14
2006-02-15,Middlesbrough,ENG,1694.39
2006-02-15,Millwall,ENG,1423.68
2006-02-15,Newcastle,ENG,1703.72
2006-02-15,Norwich,ENG,1501.87
2006-02-15,Plymouth Argyle,ENG,1452.3
2006-02-15,Portsmouth,ENG,1579.67
2006-02-15,Preston,ENG,1588.59
2006-02-15,QPR,ENG,1440.01
2006-02-15,Reading,ENG,1665.04
2006-02-15,Sheffield United,ENG,1577.23
2006-02-15,Sheffield Weds,ENG,1389.42
2006-02-15,Southampton,ENG,1505.52
2006-02-15,Stoke,ENG,1421.78
2006-02-15,Sunderland,ENG,1534.64
2006-02-15,Tottenham,ENG,1753.52
2006-02-15,Watford,ENG,1550.16
2006-02-15,West Brom,ENG,1615.34
2006-02-15,West Ham,ENG,1647.97
2006-02-15,Wigan,ENG,1650.69
2006-02-15,Wolves,ENG,1531.89
2006-03-01,Arsenal,ENG,1841.33
2006-03-01,Aston Villa,ENG,1691.34
2006-03-01,Birmingham,ENG,1625.54
2006-03-01,Blackburn,ENG,1718.34
2006-03-01,Bolton,ENG,1750.69
2006-03-01,Brighton,ENG,1359.3
2006-03-01,Burnley,ENG,1443.86
2006-03-01,Cardiff,ENG,1492.86
2006-03-01,Charlton,ENG,1656.59
2006-03-01,Chelsea,ENG,1950.68
2006-03-01,Coventry,ENG,1469.24
2006-03-01,Crewe,ENG,1343.08
2006-03-01,Crystal Palace,ENG,1582.59
2006-03-01,Derby,ENG,1456.34
2006-03-01,Everton,ENG,1665.72
2006-03-01,Fulham,ENG,1681.39
2006-03-01,Hull,ENG,1408.9
2006-03-01,Ipswich,ENG,1513.22
2006-03-01,Leeds,ENG,1572.07
2006-03-01,Leicester,ENG,1450.3
2006-03-01,Liverpool,ENG,1839.87
2006-03-01,Luton,ENG,1435.14
2006-03-01,Man City,ENG,1713.33
2006-03-01,Man United,ENG,1851.45
2006-03-01,Middlesbrough,ENG,1709.48
2006-03-01,Millwall,ENG,1413.78
2006-03-01,Newcastle,ENG,1704.83
2006-03-01,Norwich,ENG,1503.54
2006-03-01,Plymouth Argyle,ENG,1452.77
2006-03-01,Portsmouth,ENG,1574.69
2006-03-01,Preston,ENG,1579.77
2006-03-01,QPR,ENG,1446.29
2006-03-01,Reading,ENG,1653.71
2006-03-01,Sheffield United,ENG,1565.72
2006-03-01,Sheffield Weds,ENG,1369.83
2006-03-01,Southampton,ENG,1508.46
2006-03-01,Stoke,ENG,1423.42
2006-03-01,Sunderland,ENG,1526.59
2006-03-01,Tottenham,ENG,1741.17
2006-03-01,Watford,ENG,1551.33
2006-03-01,West Brom,ENG,1600.58
2006-03-01,West Ham,ENG,1654.63
2006-03-01,Wigan,ENG,1651.63
2006-03-01,Wolves,ENG,1548.79
2006-03-15,Arsenal,ENG,1853.88
2006-03-15,Aston Villa,ENG,1680.63
2006-03-15,Birmingham,ENG,1612.23
2006-03-15,Blackburn,ENG,1714.61
2006-03-15,Bolton,ENG,1741.41
2006-03-15,Brighton,ENG,1352.92
2006-03-15,Burnley,ENG,1419.47
2006-03-15,Cardiff,ENG,1482.89
2006-03-15,Charlton,ENG,1664.1
2006-03-15,Chelsea,ENG,1949.16
2006-03-15,Coventry,ENG,1477.78
2006-03-15,Crewe,ENG,1346.07
2006-03-15,Crystal Palace,ENG,1575.09
2006-03-15,Derby,ENG,1464.48
2006-03-15,Everton,ENG,1670.13
2006-03-15,Fulham,ENG,1654.74
2006-03-15,Hull,ENG,1404.96
2006-03-15,Ipswich,ENG,1495.99
2006-03-15,Leeds,ENG,1572.16
2006-03-15,Leicester,ENG,1458.75
2006-03-15,Liverpool,ENG,1796.5
2006-03-15,Luton,ENG,1412.88
2006-03-15,Man City,ENG,1699.91
2006-03-15,Man United,ENG,1854.8
2006-03-15,Middlesbrough,ENG,1705.23
2006-03-15,Millwall,ENG,1418.82
2006-03-15,Newcastle,ENG,1704.44
2006-03-15,Norwich,ENG,1505.85
2006-03-15,Plymouth Argyle,ENG,1444.45
2006-03-15,Portsmouth,ENG,1574.62
2006-03-15,Preston,ENG,1574.83
2006-03-15,QPR,ENG,1440.7
2006-03-15,Reading,ENG,1650.93
2006-03-15,Sheffield United,ENG,1541.05
2006-03-15,Sheffield Weds,ENG,1360.11
2006-03-15,Southampton,ENG,1496.82
2006-03-15,Stoke,ENG,1409.07
2006-03-15,Sunderland,ENG,1510.95
2006-03-15,Tottenham,ENG,1738.34
2006-03-15,Watford,ENG,1545.57
2006-03-15,West Brom,ENG,1594.75
2006-03-15,West Ham,ENG,1639.26
2006-03-15,Wigan,ENG,1647.28
2006-03-15,Wolves,ENG,1543.92
2006-04-01,Arsenal,ENG,1872.78
2006-04-01,Aston Villa,ENG,1669.49
2006-04-01,Birmingham,ENG,1601.67
2006-04-01,Blackburn,ENG,1727.76
2006-04-01,Bolton,ENG,1739.52
2006-04-01,Brighton,ENG,1359.27
2006-04-01,Burnley,ENG,1426.58
2006-04-01,Cardiff,ENG,1490.95
2006-04-01,Charlton,ENG,1671.95
2006-04-01,Chelsea,ENG,1940.7
2006-04-01,Coventry,ENG,1464.59
2006-04-01,Crewe,ENG,1357.36
2006-04-01,Crystal Palace,ENG,1581.83
2006-04-01,Derby,ENG,1468.72
2006-04-01,Everton,ENG,1678.59
2006-04-01,Fulham,ENG,1666.62
2006-04-01,Hull,ENG,1416.48
2006-04-01,Ipswich,ENG,1498.09
2006-04-01,Leeds,ENG,1558.22
2006-04-01,Leicester,ENG,1473.24
2006-04-01,Liverpool,ENG,1821.03
2006-04-01,Luton,ENG,1422.85
2006-04-01,Man City,ENG,1688.11
2006-04-01,Man United,ENG,1866.05
2006-04-01,Middlesbrough,ENG,1703.51
2006-04-01,Millwall,ENG,1431.16
2006-04-01,Newcastle,ENG,1686.1
2006-04-01,Norwich,ENG,1502.84
2006-04-01,Plymouth Argyle,ENG,1442.61
2006-04-01,Portsmouth,ENG,1593.32
2006-04-01,Preston,ENG,1557.94
2006-04-01,QPR,ENG,1431.44
2006-04-01,Reading,ENG,1645.6
2006-04-01,Sheffield United,ENG,1545.26
2006-04-01,Sheffield Weds,ENG,1398.44
2006-04-01,Southampton,ENG,1478.56
2006-04-01,Stoke,ENG,1434.42
2006-04-01,Sunderland,ENG,1505.6
2006-04-01,Tottenham,ENG,1753.48
2006-04-01,Watford,ENG,1533.82
2006-04-01,West Brom,ENG,1590.23
2006-04-01,West Ham,ENG,1634.33
2006-04-01,Wigan,ENG,1650.11
2006-04-01,Wolves,ENG,1531.51
2006-04-15,Arsenal,ENG,1879.95
2006-04-15,Aston Villa,ENG,1668.86
2006-04-15,Birmingham,ENG,1629.31
2006-04-15,Blackburn,ENG,1731.44
2006-04-15,Bolton,ENG,1728.4
2006-04-15,Brighton,ENG,1374.66
2006-04-15,Burnley,ENG,1442.92
2006-04-15,Cardiff,ENG,1483.19
2006-04-15,Charlton,ENG,1679.72
2006-04-15,Chelsea,ENG,1945.62
2006-04-15,Coventry,ENG,1469.7
2006-04-15,Crewe,ENG,1387.28
2006-04-15,Crystal Palace,ENG,1578.22
2006-04-15,Derby,ENG,1476.73
2006-04-15,Everton,ENG,1683.53
2006-04-15,Fulham,ENG,1659.09
2006-04-15,Hull,ENG,1431.44
2006-04-15,Ipswich,ENG,1479.12
2006-04-15,Leeds,ENG,1552.73
2006-04-15,Leicester,ENG,1489.16
2006-04-15,Liverpool,ENG,1840.27
2006-04-15,Luton,ENG,1444.3
2006-04-15,Man City,ENG,1682.59
2006-04-15,Man United,ENG,1890.92
2006-04-15,Middlesbrough,ENG,1731.02
2006-04-15,Millwall,ENG,1418.02
2006-04-15,Newcastle,ENG,1716.84
2006-04-15,Norwich,ENG,1510.33
2006-04-15,Plymouth Argyle,ENG,1468.04
2006-04-15,Portsmouth,ENG,1624.39
2006-04-15,Preston,ENG,1581.25
2006-04-15,QPR,ENG,1422.72
2006-04-15,Reading,ENG,1670.47
2006-04-15,Sheffield United,ENG,1556.85
2006-04-15,Sheffield Weds,ENG,1396.35
2006-04-15,Southampton,ENG,1504.34
2006-04-15,Stoke,ENG,1464.2
2006-04-15,Sunderland,ENG,1520.7
2006-04-15,Tottenham,ENG,1756.06
2006-04-15,Watford,ENG,1537.85
2006-04-15,West Brom,ENG,1596.99
2006-04-15,West Ham,ENG,1639.59
2006-04-15,Wigan,ENG,1659.94
2006-04-15,Wolves,ENG,1524.53
2006-05-01,Arsenal,ENG,1892.88
2006-05-01,Aston Villa,ENG,1663.1
2006-05-01,Birmingham,ENG,1641.46
2006-05-01,Blackburn,ENG,1734.99
2006-05-01,Bolton,ENG,1730.8
2006-05-01,Brighton,ENG,1360.22
2006-05-01,Burnley,ENG,1443.98
2006-05-01,Cardiff,ENG,1464.39
2006-05-01,Charlton,ENG,1663.42
2006-05-01,Chelsea,ENG,1970.29
2006-05-01,Coventry,ENG,1501.41
2006-05-01,Crewe,ENG,1407.63
2006-05-01,Crystal Palace,ENG,1575.71
2006-05-01,Derby,ENG,1456.1
2006-05-01,Everton,ENG,1687.71
2006-05-01,Fulham,ENG,1688.86
2006-05-01,Hull,ENG,1447.32
2006-05-01,Ipswich,ENG,1471.32
2006-05-01,Leeds,ENG,1558.22
2006-05-01,Leicester,ENG,1488.11
2006-05-01,Liverpool,ENG,1863.04
2006-05-01,Luton,ENG,1455.86
2006-05-01,Man City,ENG,1681.94
2006-05-01,Man United,ENG,1887.97
2006-05-01,Middlesbrough,ENG,1735.89
2006-05-01,Millwall,ENG,1415.79
2006-05-01,Newcastle,ENG,1744.63
2006-05-01,Norwich,ENG,1512.15
2006-05-01,Plymouth Argyle,ENG,1465.84
2006-05-01,Portsmouth,ENG,1649.08
2006-05-01,Preston,ENG,1608.18
2006-05-01,QPR,ENG,1416.08
2006-05-01,Reading,ENG,1676.51
2006-05-01,Sheffield United,ENG,1574.96
2006-05-01,Sheffield Weds,ENG,1446.49
2006-05-01,Southampton,ENG,1529.42
2006-05-01,Stoke,ENG,1465.83
2006-05-01,Sunderland,ENG,1523.46
2006-05-01,Tottenham,ENG,1775.1
2006-05-01,Watford,ENG,1552.75
2006-05-01,West Brom,ENG,1597.3
2006-05-01,West Ham,ENG,1642.46
2006-05-01,Wigan,ENG,1650.23
2006-05-01,Wolves,ENG,1536.0
2006-05-15,Arsenal,ENG,1902.48
2006-05-15,Aston Villa,ENG,1663.1
2006-05-15,Birmingham,ENG,1633.62
2006-05-15,Blackburn,ENG,1750.33
2006-05-15,Bolton,ENG,1729.85
2006-05-15,Brighton,ENG,1356.76
2006-05-15,Burnley,ENG,1440.52
2006-05-15,Cardiff,ENG,1460.93
2006-05-15,Charlton,ENG,1655.6
2006-05-15,Chelsea,ENG,1942.94
2006-05-15,Coventry,ENG,1497.95
2006-05-15,Crewe,ENG,1404.17
2006-05-15,Crystal Palace,ENG,1553.37
2006-05-15,Derby,ENG,1452.64
2006-05-15,Everton,ENG,1679.62
2006-05-15,Fulham,ENG,1682.67
2006-05-15,Hull,ENG,1443.86
2006-05-15,Ipswich,ENG,1467.86
2006-05-15,Leeds,ENG,1573.13
2006-05-15,Leicester,ENG,1484.65
2006-05-15,Liverpool,ENG,1866.27
2006-05-15,Luton,ENG,1452.4
2006-05-15,Man City,ENG,1665.18
2006-05-15,Man United,ENG,1883.1
2006-05-15,Middlesbrough,ENG,1721.81
2006-05-15,Millwall,ENG,1412.33
2006-05-15,Newcastle,ENG,1752.84
2006-05-15,Norwich,ENG,1508.69
2006-05-15,Plymouth Argyle,ENG,1462.38
2006-05-15,Portsmouth,ENG,1638.94
2006-05-15,Preston,ENG,1586.34
2006-05-15,QPR,ENG,1412.62
2006-05-15,Reading,ENG,1673.05
2006-05-15,Sheffield United,ENG,1571.5
2006-05-15,Sheffield Weds,ENG,1443.03
2006-05-15,Southampton,ENG,1525.96
2006-05-15,Stoke,ENG,1462.37
2006-05-15,Sunderland,ENG,1523.24
2006-05-15,Tottenham,ENG,1762.51
2006-05-15,Watford,ENG,1568.17
2006-05-15,West Brom,ENG,1589.49
2006-05-15,West Ham,ENG,1657.11
2006-05-15,Wigan,ENG,1644.16
2006-05-15,Wolves,ENG,1532.54
2006-06-01,Arsenal,ENG,1894.44
2006-06-01,Aston Villa,ENG,1661.11
2006-06-01,Birmingham,ENG,1631.63
2006-06-01,Blackburn,ENG,1748.35
2006-06-01,Bolton,ENG,1727.87
2006-06-01,Brighton,ENG,1354.78
2006-06-01,Burnley,ENG,1438.53
2006-06-01,Cardiff,ENG,1458.94
2006-06-01,Charlton,ENG,1653.61
2006-06-01,Chelsea,ENG,1940.95
2006-06-01,Coventry,ENG,1495.96
2006-06-01,Crewe,ENG,1402.18
2006-06-01,Crystal Palace,ENG,1551.39
2006-06-01,Derby,ENG,1450.66
2006-06-01,Everton,ENG,1677.63
2006-06-01,Fulham,ENG,1680.69
2006-06-01,Hull,ENG,1441.87
2006-06-01,Ipswich,ENG,1465.88
2006-06-01,Leeds,ENG,1556.73
2006-06-01,Leicester,ENG,1482.67
2006-06-01,Liverpool,ENG,1864.28
2006-06-01,Luton,ENG,1450.41
2006-06-01,Man City,ENG,1663.2
2006-06-01,Man United,ENG,1881.11
2006-06-01,Middlesbrough,ENG,1719.82
2006-06-01,Millwall,ENG,1410.35
2006-06-01,Newcastle,ENG,1750.86
2006-06-01,Norwich,ENG,1506.7
2006-06-01,Plymouth Argyle,ENG,1460.4
2006-06-01,Portsmouth,ENG,1636.95
2006-06-01,Preston,ENG,1584.36
2006-06-01,QPR,ENG,1410.64
2006-06-01,Reading,ENG,1671.07
2006-06-01,Sheffield United,ENG,1569.51
2006-06-01,Sheffield Weds,ENG,1441.04
2006-06-01,Southampton,ENG,1523.97
2006-06-01,Stoke,ENG,1460.38
2006-06-01,Sunderland,ENG,1521.25
2006-06-01,Tottenham,ENG,1760.52
2006-06-01,Watford,ENG,1580.6
2006-06-01,West Brom,ENG,1587.5
2006-06-01,West Ham,ENG,1655.12
2006-06-01,Wigan,ENG,1642.17
2006-06-01,Wolves,ENG,1530.55
2006-06-15,Arsenal,ENG,1894.44
2006-06-15,Aston Villa,ENG,1661.11
2006-06-15,Birmingham,ENG,1631.63
2006-06-15,Blackburn,ENG,1748.35
2006-06-15,Bolton,ENG,1727.87
2006-06-15,Brighton,ENG,1354.78
2006-06-15,Burnley,ENG,1438.53
2006-06-15,Cardiff,ENG,1458.94
2006-06-15,Charlton,ENG,1653.61
2006-06-15,Chelsea,ENG,1940.95
2006-06-15,Coventry,ENG,1495.96
2006-06-15,Crewe,ENG,1402.18
2006-06-15,Crystal Palace,ENG,1551.39
2006-06-15,Derby,ENG,1450.66
2006-06-15,Everton,ENG,1677.63
2006-06-15,Fulham,ENG,1680.69
2006-06-15,Hull,ENG,1441.87
2006-06-15,Ipswich,ENG,1465.88
2006-06-15,Leeds,ENG,1556.73
2006-06-15,Leicester,ENG,1482.67
2006-06-15,Liverpool,ENG,1864.28
2006-06-15,Luton,ENG,1450.41
2006-06-15,Man City,ENG,1663.2
2006-06-15,Man United,ENG,1881.11
2006-06-15,Middlesbrough,ENG,1719.82
2006-06-15,Millwall,ENG,1410.35
2006-06-15,Newcastle,ENG,1750.86
2006-06-15,Norwich,ENG,1506.7
2006-06-15,Plymouth Argyle,ENG,1460.4
2006-06-15,Portsmouth,ENG,1636.95
2006-06-15,Preston,ENG,1584.36
2006-06-15,QPR,ENG,1410.64
2006-06-15,Reading,ENG,1671.07
2006-06-15,Sheffield United,ENG,1569.51
2006-06-15,Sheffield Weds,ENG,1441.04
2006-06-15,Southampton,ENG,1523.97
2006-06-15,Stoke,ENG,1460.38
2006-06-15,Sunderland,ENG,1521.25
2006-06-15,Tottenham,ENG,1760.52
2006-06-15,Watford,ENG,1580.6
2006-06-15,West Brom,ENG,1587.5
2006-06-15,West Ham,ENG,1655.12
2006-06-15,Wigan,ENG,1642.17
2006-06-15,Wolves,ENG,1530.55
2006-07-01,Arsenal,ENG,1894.44
2006-07-01,Aston Villa,ENG,1661.11
2006-07-01,Birmingham,ENG,1631.63
2006-07-01,Blackburn,ENG,1748.35
2006-07-01,Bolton,ENG,1727.87
2006-07-01,Brighton,ENG,1354.78
2006-07-01,Burnley,ENG,1438.53
2006-07-01,Cardiff,ENG,1458.94
2006-07-01,Charlton,ENG,1653.61
2006-07-01,Chelsea,ENG,1940.95
2006-07-01,Coventry,ENG,1495.96
2006-07-01,Crewe,ENG,1402.18
2006-07-01,Crystal Palace,ENG,1551.39
2006-07-01,Derby,ENG,1450.66
2006-07-01,Everton,ENG,1677.63
2006-07-01,Fulham,ENG,1680.69
2006-07-01,Hull,ENG,1441.87
2006-07-01,Ipswich,ENG,1465.88
2006-07-01,Leeds,ENG,1556.73
2006-07-01,Leicester,ENG,1482.67
2006-07-01,Liverpool,ENG,1864.28
2006-07-01,Luton,ENG,1450.41
2006-07-01,Man City,ENG,1663.2
2006-07-01,Man United,ENG,1881.11
2006-07-01,Middlesbrough,ENG,1719.82
2006-07-01,Millwall,ENG,1410.35
2006-07-01,Newcastle,ENG,1750.86
2006-07-01,Norwich,ENG,1506.7
2006-07-01,Plymouth Argyle,ENG,1460.4
2006-07-01,Portsmouth,ENG,1636.95
2006-07-01,Preston,ENG,1584.36
2006-07-01,QPR,ENG,1410.64
2006-07-01,Reading,ENG,1671.07
2006-07-01,Sheffield United,ENG,1569.51
2006-07-01,Sheffield Weds,ENG,1441.04
2006-07-01,Southampton,ENG,1523.97
2006-07-01,Stoke,ENG,1460.38
2006-07-01,Sunderland,ENG,1521.25
2006-07-01,Tottenham,ENG,1760.52
2006-07-01,Watford,ENG,1580.6
2006-07-01,West Brom,ENG,1587.5
2006-07-01,West Ham,ENG,1655.12
2006-07-01,Wigan,ENG,1642.17
2006-07-01,Wolves,ENG,1530.55
2006-07-15,Arsenal,ENG,1894.44
2006-07-15,Aston Villa,ENG,1661.11
2006-07-15,Barnsley,ENG,1398.24
2006-07-15,Birmingham,ENG,1631.63
2006-07-15,Blackburn,ENG,1748.35
2006-07-15,Bolton,ENG,1727.87
2006-07-15,Burnley,ENG,1438.53
2006-07-15,Cardiff,ENG,1458.94
2006-07-15,Charlton,ENG,1653.61
2006-07-15,Chelsea,ENG,1940.95
2006-07-15,Colchester,ENG,1398.24
2006-07-15,Coventry,ENG,1495.96
2006-07-15,Crystal Palace,ENG,1551.39
2006-07-15,Derby,ENG,1450.66
2006-07-15,Everton,ENG,1677.63
2006-07-15,Fulham,ENG,1680.69
2006-07-15,Hull,ENG,1441.87
2006-07-15,Ipswich,ENG,1465.88
2006-07-15,Leeds,ENG,1556.73
2006-07-15,Leicester,ENG,1482.67
2006-07-15,Liverpool,ENG,1864.28
2006-07-15,Luton,ENG,1450.41
2006-07-15,Man City,ENG,1663.2
2006-07-15,Man United,ENG,1881.11
2006-07-15,Middlesbrough,ENG,1719.82
2006-07-15,Newcastle,ENG,1750.86
2006-07-15,Norwich,ENG,1506.7
2006-07-15,Plymouth Argyle,ENG,1460.4
2006-07-15,Portsmouth,ENG,1636.95
2006-07-15,Preston,ENG,1584.36
2006-07-15,QPR,ENG,1410.64
2006-07-15,Reading,ENG,1671.07
2006-07-15,Sheffield United,ENG,1569.51
2006-07-15,Sheffield Weds,ENG,1441.04
2006-07-15,Southampton,ENG,1523.97
2006-07-15,Southend,ENG,1398.24
2006-07-15,Stoke,ENG,1460.38
2006-07-15,Sunderland,ENG,1521.25
2006-07-15,Tottenham,ENG,1760.52
2006-07-15,Watford,ENG,1580.6
2006-07-15,West Brom,ENG,1587.5
2006-07-15,West Ham,ENG,1655.12
2006-07-15,Wigan,ENG,1642.17
2006-07-15,Wolves,ENG,1530.55
2006-08-01,Arsenal,ENG,1894.44
2006-08-01,Aston Villa,ENG,1661.11
2006-08-01,Barnsley,ENG,1398.24
2006-08-01,Birmingham,ENG,1631.63
2006-08-01,Blackburn,ENG,1748.35
2006-08-01,Bolton,ENG,1727.87
2006-08-01,Burnley,ENG,1438.53
2006-08-01,Cardiff,ENG,1458.94
2006-08-01,Charlton,ENG,1653.61
2006-08-01,Chelsea,ENG,1940.95
2006-08-01,Colchester,ENG,1398.24
2006-08-01,Coventry,ENG,1495.96
2006-08-01,Crystal Palace,ENG,1551.39
2006-08-01,Derby,ENG,1450.66
2006-08-01,Everton,ENG,1677.63
2006-08-01,Fulham,ENG,1680.69
2006-08-01,Hull,ENG,1441.87
2006-08-01,Ipswich,ENG,1465.88
2006-08-01,Leeds,ENG,1556.73
2006-08-01,Leicester,ENG,1482.67
2006-08-01,Liverpool,ENG,1864.28
2006-08-01,Luton,ENG,1450.41
2006-08-01,Man City,ENG,1663.2
2006-08-01,Man United,ENG,1881.11
2006-08-01,Middlesbrough,ENG,1719.82
2006-08-01,Newcastle,ENG,1750.86
2006-08-01,Norwich,ENG,1506.7
2006-08-01,Plymouth Argyle,ENG,1460.4
2006-08-01,Portsmouth,ENG,1636.95
2006-08-01,Preston,ENG,1584.36
2006-08-01,QPR,ENG,1410.64
2006-08-01,Reading,ENG,1671.07
2006-08-01,Sheffield United,ENG,1569.51
2006-08-01,Sheffield Weds,ENG,1441.04
2006-08-01,Southampton,ENG,1523.97
2006-08-01,Southend,ENG,1398.24
2006-08-01,Stoke,ENG,1460.38
2006-08-01,Sunderland,ENG,1521.25
2006-08-01,Tottenham,ENG,1760.52
2006-08-01,Watford,ENG,1580.6
2006-08-01,West Brom,ENG,1587.5
2006-08-01,West Ham,ENG,1655.12
2006-08-01,Wigan,ENG,1642.17
2006-08-01,Wolves,ENG,1530.55
2006-08-15,Arsenal,ENG,1896.05
2006-08-15,Aston Villa,ENG,1661.39
2006-08-15,Barnsley,ENG,1411.04
2006-08-15,Birmingham,ENG,1638.13
2006-08-15,Blackburn,ENG,1748.63
2006-08-15,Bolton,ENG,1728.15
2006-08-15,Burnley,ENG,1459.35
2006-08-15,Cardiff,ENG,1475.88
2006-08-15,Charlton,ENG,1653.9
2006-08-15,Chelsea,ENG,1941.23
2006-08-15,Colchester,ENG,1378.08
2006-08-15,Coventry,ENG,1488.25
2006-08-15,Crystal Palace,ENG,1569.85
2006-08-15,Derby,ENG,1451.9
2006-08-15,Everton,ENG,1677.91
2006-08-15,Fulham,ENG,1680.97
2006-08-15,Hull,ENG,1416.51
2006-08-15,Ipswich,ENG,1445.53
2006-08-15,Leeds,ENG,1553.66
2006-08-15,Leicester,ENG,1470.67
2006-08-15,Liverpool,ENG,1863.97
2006-08-15,Luton,ENG,1465.21
2006-08-15,Man City,ENG,1663.48
2006-08-15,Man United,ENG,1881.39
2006-08-15,Middlesbrough,ENG,1720.1
2006-08-15,Newcastle,ENG,1751.24
2006-08-15,Norwich,ENG,1518.53
2006-08-15,Plymouth Argyle,ENG,1480.33
2006-08-15,Portsmouth,ENG,1637.23
2006-08-15,Preston,ENG,1580.98
2006-08-15,QPR,ENG,1413.77
2006-08-15,Reading,ENG,1671.35
2006-08-15,Sheffield United,ENG,1569.79
2006-08-15,Sheffield Weds,ENG,1435.47
2006-08-15,Southampton,ENG,1531.85
2006-08-15,Southend,ENG,1393.36
2006-08-15,Stoke,ENG,1464.39
2006-08-15,Sunderland,ENG,1496.55
2006-08-15,Tottenham,ENG,1760.8
2006-08-15,Watford,ENG,1580.88
2006-08-15,West Brom,ENG,1591.57
2006-08-15,West Ham,ENG,1655.4
2006-08-15,Wigan,ENG,1642.46
2006-08-15,Wolves,ENG,1522.1
2006-09-01,Arsenal,ENG,1877.77
2006-09-01,Aston Villa,ENG,1686.97
2006-09-01,Barnsley,ENG,1405.42
2006-09-01,Birmingham,ENG,1629.1
2006-09-01,Blackburn,ENG,1723.06
2006-09-01,Bolton,ENG,1727.02
2006-09-01,Burnley,ENG,1456.4
2006-09-01,Cardiff,ENG,1502.95
2006-09-01,Charlton,ENG,1651.17
2006-09-01,Chelsea,ENG,1940.05
2006-09-01,Colchester,ENG,1384.52
2006-09-01,Coventry,ENG,1494.76
2006-09-01,Crystal Palace,ENG,1560.74
2006-09-01,Derby,ENG,1444.3
2006-09-01,Everton,ENG,1702.8
2006-09-01,Fulham,ENG,1680.35
2006-09-01,Hull,ENG,1411.67
2006-09-01,Ipswich,ENG,1456.77
2006-09-01,Leeds,ENG,1550.3
2006-09-01,Leicester,ENG,1478.67
2006-09-01,Liverpool,ENG,1863.3
2006-09-01,Luton,ENG,1459.11
2006-09-01,Man City,ENG,1670.93
2006-09-01,Man United,ENG,1896.66
2006-09-01,Middlesbrough,ENG,1702.26
2006-09-01,Newcastle,ENG,1744.46
2006-09-01,Norwich,ENG,1527.08
2006-09-01,Plymouth Argyle,ENG,1471.74
2006-09-01,Portsmouth,ENG,1678.92
2006-09-01,Preston,ENG,1576.6
2006-09-01,QPR,ENG,1407.01
2006-09-01,Reading,ENG,1666.08
2006-09-01,Sheffield United,ENG,1568.4
2006-09-01,Sheffield Weds,ENG,1439.75
2006-09-01,Southampton,ENG,1530.29
2006-09-01,Southend,ENG,1401.76
2006-09-01,Stoke,ENG,1465.11
2006-09-01,Sunderland,ENG,1497.39
2006-09-01,Tottenham,ENG,1738.8
2006-09-01,Watford,ENG,1574.96
2006-09-01,West Brom,ENG,1582.0
2006-09-01,West Ham,ENG,1661.95
2006-09-01,Wigan,ENG,1646.23
2006-09-01,Wolves,ENG,1536.08
2006-09-15,Arsenal,ENG,1883.38
2006-09-15,Aston Villa,ENG,1693.29
2006-09-15,Barnsley,ENG,1402.06
2006-09-15,Birmingham,ENG,1642.73
2006-09-15,Blackburn,ENG,1725.64
2006-09-15,Bolton,ENG,1734.75
2006-09-15,Burnley,ENG,1456.66
2006-09-15,Cardiff,ENG,1504.54
2006-09-15,Charlton,ENG,1654.38
2006-09-15,Chelsea,ENG,1949.75
2006-09-15,Colchester,ENG,1405.21
2006-09-15,Coventry,ENG,1504.22
2006-09-15,Crystal Palace,ENG,1541.48
2006-09-15,Derby,ENG,1452.95
2006-09-15,Everton,ENG,1725.37
2006-09-15,Fulham,ENG,1696.54
2006-09-15,Hull,ENG,1425.95
2006-09-15,Ipswich,ENG,1476.31
2006-09-15,Leeds,ENG,1525.15
2006-09-15,Leicester,ENG,1465.96
2006-09-15,Liverpool,ENG,1851.89
2006-09-15,Luton,ENG,1468.17
2006-09-15,Man City,ENG,1669.42
2006-09-15,Man United,ENG,1905.57
2006-09-15,Middlesbrough,ENG,1713.21
2006-09-15,Newcastle,ENG,1737.63
2006-09-15,Norwich,ENG,1519.1
2006-09-15,Plymouth Argyle,ENG,1471.0
2006-09-15,Portsmouth,ENG,1688.97
2006-09-15,Preston,ENG,1592.19
2006-09-15,QPR,ENG,1408.89
2006-09-15,Reading,ENG,1676.95
2006-09-15,Sheffield United,ENG,1575.19
2006-09-15,Sheffield Weds,ENG,1444.01
2006-09-15,Southampton,ENG,1542.48
2006-09-15,Southend,ENG,1406.17
2006-09-15,Stoke,ENG,1472.02
2006-09-15,Sunderland,ENG,1529.99
2006-09-15,Tottenham,ENG,1740.52
2006-09-15,Watford,ENG,1576.6
2006-09-15,West Brom,ENG,1585.93
2006-09-15,West Ham,ENG,1665.0
2006-09-15,Wigan,ENG,1645.54
2006-09-15,Wolves,ENG,1538.72
2006-10-01,Arsenal,ENG,1908.0
2006-10-01,Aston Villa,ENG,1711.02
2006-10-01,Barnsley,ENG,1404.12
2006-10-01,Birmingham,ENG,1625.33
2006-10-01,Blackburn,ENG,1752.34
2006-10-01,Bolton,ENG,1758.33
2006-10-01,Burnley,ENG,1463.14
2006-10-01,Cardiff,ENG,1543.36
2006-10-01,Charlton,ENG,1638.07
2006-10-01,Chelsea,ENG,1962.24
2006-10-01,Colchester,ENG,1427.0
2006-10-01,Coventry,ENG,1498.81
2006-10-01,Crystal Palace,ENG,1558.64
2006-10-01,Derby,ENG,1476.45
2006-10-01,Everton,ENG,1724.26
2006-10-01,Fulham,ENG,1698.43
2006-10-01,Hull,ENG,1428.39
2006-10-01,Ipswich,ENG,1488.51
2006-10-01,Leeds,ENG,1524.33
2006-10-01,Leicester,ENG,1476.06
2006-10-01,Liverpool,ENG,1853.23
2006-10-01,Luton,ENG,1472.89
2006-10-01,Man City,ENG,1678.18
2006-10-01,Man United,ENG,1901.23
2006-10-01,Middlesbrough,ENG,1700.7
2006-10-01,Newcastle,ENG,1744.24
2006-10-01,Norwich,ENG,1503.26
2006-10-01,Plymouth Argyle,ENG,1491.38
2006-10-01,Portsmouth,ENG,1692.77
2006-10-01,Preston,ENG,1595.38
2006-10-01,QPR,ENG,1429.94
2006-10-01,Reading,ENG,1691.94
2006-10-01,Sheffield United,ENG,1579.28
2006-10-01,Sheffield Weds,ENG,1427.14
2006-10-01,Southampton,ENG,1545.73
2006-10-01,Southend,ENG,1395.57
2006-10-01,Stoke,ENG,1460.24
2006-10-01,Sunderland,ENG,1524.13
2006-10-01,Tottenham,ENG,1740.05
2006-10-01,Watford,ENG,1585.66
2006-10-01,West Brom,ENG,1589.6
2006-10-01,West Ham,ENG,1630.35
2006-10-01,Wigan,ENG,1649.71
2006-10-01,Wolves,ENG,1526.96
2006-10-15,Arsenal,ENG,1910.14
2006-10-15,Aston Villa,ENG,1709.78
2006-10-15,Barnsley,ENG,1398.4
2006-10-15,Birmingham,ENG,1615.3
2006-10-15,Blackburn,ENG,1760.9
2006-10-15,Bolton,ENG,1758.33
2006-10-15,Burnley,ENG,1489.56
2006-10-15,Cardiff,ENG,1553.81
2006-10-15,Charlton,ENG,1638.07
2006-10-15,Chelsea,ENG,1966.05
2006-10-15,Colchester,ENG,1422.99
2006-10-15,Coventry,ENG,1506.1
2006-10-15,Crystal Palace,ENG,1548.19
2006-10-15,Derby,ENG,1476.45
2006-10-15,Everton,ENG,1717.51
2006-10-15,Fulham,ENG,1697.43
2006-10-15,Hull,ENG,1421.22
2006-10-15,Ipswich,ENG,1473.87
2006-10-15,Leeds,ENG,1500.81
2006-10-15,Leicester,ENG,1484.11
2006-10-15,Liverpool,ENG,1848.59
2006-10-15,Luton,ENG,1482.92
2006-10-15,Man City,ENG,1673.5
2006-10-15,Man United,ENG,1910.85
2006-10-15,Middlesbrough,ENG,1707.45
2006-10-15,Newcastle,ENG,1739.96
2006-10-15,Norwich,ENG,1484.68
2006-10-15,Plymouth Argyle,ENG,1491.38
2006-10-15,Portsmouth,ENG,1694.23
2006-10-15,Preston,ENG,1603.47
2006-10-15,QPR,ENG,1429.27
2006-10-15,Reading,ENG,1696.71
2006-10-15,Sheffield United,ENG,1583.95
2006-10-15,Sheffield Weds,ENG,1432.86
2006-10-15,Southampton,ENG,1537.68
2006-10-15,Southend,ENG,1388.28
2006-10-15,Stoke,ENG,1483.76
2006-10-15,Sunderland,ENG,1516.04
2006-10-15,Tottenham,ENG,1746.42
2006-10-15,Watford,ENG,1584.53
2006-10-15,West Brom,ENG,1604.24
2006-10-15,West Ham,ENG,1615.18
2006-10-15,Wigan,ENG,1640.44
2006-10-15,Wolves,ENG,1530.98
2006-11-01,Arsenal,ENG,1914.68
2006-11-01,Aston Villa,ENG,1713.82
2006-11-01,Barnsley,ENG,1397.8
2006-11-01,Birmingham,ENG,1636.84
2006-11-01,Blackburn,ENG,1757.45
2006-11-01,Bolton,ENG,1776.18
2006-11-01,Burnley,ENG,1521.62
2006-11-01,Cardiff,ENG,1568.21
2006-11-01,Charlton,ENG,1645.59
2006-11-01,Chelsea,ENG,1990.75
2006-11-01,Colchester,ENG,1458.46
2006-11-01,Coventry,ENG,1515.8
2006-11-01,Crystal Palace,ENG,1528.03
2006-11-01,Derby,ENG,1485.75
2006-11-01,Everton,ENG,1739.92
2006-11-01,Fulham,ENG,1704.4
2006-11-01,Hull,ENG,1431.0
2006-11-01,Ipswich,ENG,1506.54
2006-11-01,Leeds,ENG,1487.85
2006-11-01,Leicester,ENG,1511.16
2006-11-01,Liverpool,ENG,1870.65
2006-11-01,Luton,ENG,1479.03
2006-11-01,Man City,ENG,1677.82
2006-11-01,Man United,ENG,1943.69
2006-11-01,Middlesbrough,ENG,1717.89
2006-11-01,Newcastle,ENG,1733.6
2006-11-01,Norwich,ENG,1498.09
2006-11-01,Plymouth Argyle,ENG,1516.1
2006-11-01,Portsmouth,ENG,1712.14
2006-11-01,Preston,ENG,1620.71
2006-11-01,QPR,ENG,1431.7
2006-11-01,Reading,ENG,1689.3
2006-11-01,Sheffield United,ENG,1587.39
2006-11-01,Sheffield Weds,ENG,1450.27
2006-11-01,Southampton,ENG,1535.99
2006-11-01,Southend,ENG,1377.74
2006-11-01,Stoke,ENG,1504.91
2006-11-01,Sunderland,ENG,1523.49
2006-11-01,Tottenham,ENG,1768.31
2006-11-01,Watford,ENG,1601.61
2006-11-01,West Brom,ENG,1619.38
2006-11-01,West Ham,ENG,1632.77
2006-11-01,Wigan,ENG,1676.88
2006-11-01,Wolves,ENG,1535.12
2006-11-15,Arsenal,ENG,1904.93
2006-11-15,Aston Villa,ENG,1734.4
2006-11-15,Barnsley,ENG,1399.24
2006-11-15,Birmingham,ENG,1646.25
2006-11-15,Blackburn,ENG,1746.55
2006-11-15,Bolton,ENG,1761.22
2006-11-15,Burnley,ENG,1521.74
2006-11-15,Cardiff,ENG,1560.97
2006-11-15,Charlton,ENG,1647.14
2006-11-15,Chelsea,ENG,1980.63
2006-11-15,Colchester,ENG,1460.53
2006-11-15,Coventry,ENG,1498.81
2006-11-15,Crystal Palace,ENG,1505.3
2006-11-15,Derby,ENG,1509.31
2006-11-15,Everton,ENG,1722.1
2006-11-15,Fulham,ENG,1713.47
2006-11-15,Hull,ENG,1447.6
2006-11-15,Ipswich,ENG,1484.52
2006-11-15,Leeds,ENG,1489.2
2006-11-15,Leicester,ENG,1500.86
2006-11-15,Liverpool,ENG,1864.2
2006-11-15,Luton,ENG,1462.37
2006-11-15,Man City,ENG,1669.78
2006-11-15,Man United,ENG,1938.38
2006-11-15,Middlesbrough,ENG,1709.62
2006-11-15,Newcastle,ENG,1731.65
2006-11-15,Norwich,ENG,1517.1
2006-11-15,Plymouth Argyle,ENG,1511.01
2006-11-15,Portsmouth,ENG,1705.76
2006-11-15,Preston,ENG,1621.51
2006-11-15,QPR,ENG,1454.25
2006-11-15,Reading,ENG,1697.21
2006-11-15,Sheffield United,ENG,1603.01
2006-11-15,Sheffield Weds,ENG,1473.66
2006-11-15,Southampton,ENG,1541.29
2006-11-15,Southend,ENG,1377.43
2006-11-15,Stoke,ENG,1521.35
2006-11-15,Sunderland,ENG,1514.74
2006-11-15,Tottenham,ENG,1771.56
2006-11-15,Watford,ENG,1612.1
2006-11-15,West Brom,ENG,1597.22
2006-11-15,West Ham,ENG,1640.59
2006-11-15,Wigan,ENG,1694.32
2006-11-15,Wolves,ENG,1518.68
2006-12-01,Arsenal,ENG,1877.3
2006-12-01,Aston Villa,ENG,1717.26
2006-12-01,Barnsley,ENG,1410.86
2006-12-01,Birmingham,ENG,1640.96
2006-12-01,Blackburn,ENG,1747.08
2006-12-01,Bolton,ENG,1763.97
2006-12-01,Burnley,ENG,1513.73
2006-12-01,Cardiff,ENG,1538.92
2006-12-01,Charlton,ENG,1641.59
2006-12-01,Chelsea,ENG,1979.6
2006-12-01,Colchester,ENG,1473.59
2006-12-01,Coventry,ENG,1522.06
2006-12-01,Crystal Palace,ENG,1519.61
2006-12-01,Derby,ENG,1533.26
2006-12-01,Everton,ENG,1726.32
2006-12-01,Fulham,ENG,1705.46
2006-12-01,Hull,ENG,1429.86
2006-12-01,Ipswich,ENG,1482.03
2006-12-01,Leeds,ENG,1480.63
2006-12-01,Leicester,ENG,1481.58
2006-12-01,Liverpool,ENG,1867.54
2006-12-01,Luton,ENG,1442.66
2006-12-01,Man City,ENG,1695.16
2006-12-01,Man United,ENG,1932.94
2006-12-01,Middlesbrough,ENG,1715.87
2006-12-01,Newcastle,ENG,1750.22
2006-12-01,Norwich,ENG,1512.7
2006-12-01,Plymouth Argyle,ENG,1504.32
2006-12-01,Portsmouth,ENG,1711.93
2006-12-01,Preston,ENG,1619.57
2006-12-01,QPR,ENG,1450.36
2006-12-01,Reading,ENG,1715.45
2006-12-01,Sheffield United,ENG,1607.0
2006-12-01,Sheffield Weds,ENG,1480.08
2006-12-01,Southampton,ENG,1569.94
2006-12-01,Southend,ENG,1365.16
2006-12-01,Stoke,ENG,1553.23
2006-12-01,Sunderland,ENG,1533.77
2006-12-01,Tottenham,ENG,1789.29
2006-12-01,Watford,ENG,1598.74
2006-12-01,West Brom,ENG,1585.23
2006-12-01,West Ham,ENG,1645.92
2006-12-01,Wigan,ENG,1688.54
2006-12-01,Wolves,ENG,1520.3
2006-12-15,Arsenal,ENG,1896.51
2006-12-15,Aston Villa,ENG,1720.11
2006-12-15,Barnsley,ENG,1418.55
2006-12-15,Birmingham,ENG,1654.83
2006-12-15,Blackburn,ENG,1736.45
2006-12-15,Bolton,ENG,1764.45
2006-12-15,Burnley,ENG,1510.46
2006-12-15,Cardiff,ENG,1531.85
2006-12-15,Charlton,ENG,1638.4
2006-12-15,Chelsea,ENG,1979.42
2006-12-15,Colchester,ENG,1495.01
2006-12-15,Coventry,ENG,1527.31
2006-12-15,Crystal Palace,ENG,1511.9
2006-12-15,Derby,ENG,1538.48
2006-12-15,Everton,ENG,1724.01
2006-12-15,Fulham,ENG,1694.03
2006-12-15,Hull,ENG,1417.11
2006-12-15,Ipswich,ENG,1485.31
2006-12-15,Leeds,ENG,1468.4
2006-12-15,Leicester,ENG,1476.25
2006-12-15,Liverpool,ENG,1874.04
2006-12-15,Luton,ENG,1454.25
2006-12-15,Man City,ENG,1688.82
2006-12-15,Man United,ENG,1943.93
2006-12-15,Middlesbrough,ENG,1704.66
2006-12-15,Newcastle,ENG,1768.86
2006-12-15,Norwich,ENG,1497.82
2006-12-15,Plymouth Argyle,ENG,1503.9
2006-12-15,Portsmouth,ENG,1719.78
2006-12-15,Preston,ENG,1598.76
2006-12-15,QPR,ENG,1440.22
2006-12-15,Reading,ENG,1717.5
2006-12-15,Sheffield United,ENG,1615.33
2006-12-15,Sheffield Weds,ENG,1509.8
2006-12-15,Southampton,ENG,1569.13
2006-12-15,Southend,ENG,1371.1
2006-12-15,Stoke,ENG,1559.44
2006-12-15,Sunderland,ENG,1544.16
2006-12-15,Tottenham,ENG,1798.82
2006-12-15,Watford,ENG,1605.33
2006-12-15,West Brom,ENG,1588.54
2006-12-15,West Ham,ENG,1621.01
2006-12-15,Wigan,ENG,1688.83
2006-12-15,Wolves,ENG,1515.78
2007-01-01,Arsenal,ENG,1886.6
2007-01-01,Aston Villa,ENG,1690.67
2007-01-01,Barnsley,ENG,1401.65
2007-01-01,Birmingham,ENG,1668.0
2007-01-01,Blackburn,ENG,1754.9
2007-01-01,Bolton,ENG,1796.08
2007-01-01,Burnley,ENG,1487.72
2007-01-01,Cardiff,ENG,1512.97
2007-01-01,Charlton,ENG,1631.79
2007-01-01,Chelsea,ENG,1971.0
2007-01-01,Colchester,ENG,1519.24
2007-01-01,Coventry,ENG,1490.34
2007-01-01,Crystal Palace,ENG,1519.85
2007-01-01,Derby,ENG,1535.25
2007-01-01,Everton,ENG,1743.25
2007-01-01,Fulham,ENG,1704.17
2007-01-01,Hull,ENG,1437.44
2007-01-01,Ipswich,ENG,1487.68
2007-01-01,Leeds,ENG,1447.94
2007-01-01,Leicester,ENG,1484.51
2007-01-01,Liverpool,ENG,1882.94
2007-01-01,Luton,ENG,1458.87
2007-01-01,Man City,ENG,1688.29
2007-01-01,Man United,ENG,1942.64
2007-01-01,Middlesbrough,ENG,1702.91
2007-01-01,Newcastle,ENG,1762.96
2007-01-01,Norwich,ENG,1496.03
2007-01-01,Plymouth Argyle,ENG,1494.97
2007-01-01,Portsmouth,ENG,1734.66
2007-01-01,Preston,ENG,1609.6
2007-01-01,QPR,ENG,1430.61
2007-01-01,Reading,ENG,1699.5
2007-01-01,Sheffield United,ENG,1625.77
2007-01-01,Sheffield Weds,ENG,1523.01
2007-01-01,Southampton,ENG,1575.77
2007-01-01,Southend,ENG,1379.6
2007-01-01,Stoke,ENG,1549.38
2007-01-01,Sunderland,ENG,1535.8
2007-01-01,Tottenham,ENG,1791.9
2007-01-01,Watford,ENG,1597.04
2007-01-01,West Brom,ENG,1612.29
2007-01-01,West Ham,ENG,1621.89
2007-01-01,Wigan,ENG,1671.32
2007-01-01,Wolves,ENG,1529.84
2007-01-15,Arsenal,ENG,1900.2
2007-01-15,Aston Villa,ENG,1693.19
2007-01-15,Barnsley,ENG,1391.66
2007-01-15,Birmingham,ENG,1657.6
2007-01-15,Blackburn,ENG,1758.93
2007-01-15,Bolton,ENG,1784.08
2007-01-15,Burnley,ENG,1492.46
2007-01-15,Cardiff,ENG,1500.75
2007-01-15,Charlton,ENG,1616.58
2007-01-15,Chelsea,ENG,1968.49
2007-01-15,Colchester,ENG,1507.64
2007-01-15,Coventry,ENG,1470.11
2007-01-15,Crystal Palace,ENG,1540.74
2007-01-15,Derby,ENG,1552.4
2007-01-15,Everton,ENG,1732.79
2007-01-15,Fulham,ENG,1699.17
2007-01-15,Hull,ENG,1455.5
2007-01-15,Ipswich,ENG,1493.38
2007-01-15,Leeds,ENG,1454.95
2007-01-15,Leicester,ENG,1475.21
2007-01-15,Liverpool,ENG,1896.34
2007-01-15,Luton,ENG,1454.87
2007-01-15,Man City,ENG,1700.49
2007-01-15,Man United,ENG,1942.53
2007-01-15,Middlesbrough,ENG,1720.83
2007-01-15,Newcastle,ENG,1776.54
2007-01-15,Norwich,ENG,1473.93
2007-01-15,Plymouth Argyle,ENG,1509.22
2007-01-15,Portsmouth,ENG,1733.11
2007-01-15,Preston,ENG,1602.79
2007-01-15,QPR,ENG,1432.98
2007-01-15,Reading,ENG,1712.97
2007-01-15,Sheffield United,ENG,1620.4
2007-01-15,Sheffield Weds,ENG,1505.52
2007-01-15,Southampton,ENG,1571.23
2007-01-15,Southend,ENG,1409.44
2007-01-15,Stoke,ENG,1546.44
2007-01-15,Sunderland,ENG,1553.38
2007-01-15,Tottenham,ENG,1781.78
2007-01-15,Watford,ENG,1595.87
2007-01-15,West Brom,ENG,1598.68
2007-01-15,West Ham,ENG,1611.44
2007-01-15,Wigan,ENG,1654.54
2007-01-15,Wolves,ENG,1537.51
2007-02-01,Arsenal,ENG,1907.37
2007-02-01,Aston Villa,ENG,1692.3
2007-02-01,Barnsley,ENG,1417.06
2007-02-01,Birmingham,ENG,1636.22
2007-02-01,Blackburn,ENG,1759.14
2007-02-01,Bolton,ENG,1763.32
2007-02-01,Burnley,ENG,1478.83
2007-02-01,Cardiff,ENG,1517.43
2007-02-01,Charlton,ENG,1635.07
2007-02-01,Chelsea,ENG,1961.45
2007-02-01,Colchester,ENG,1510.01
2007-02-01,Coventry,ENG,1470.23
2007-02-01,Crystal Palace,ENG,1539.3
2007-02-01,Derby,ENG,1563.48
2007-02-01,Everton,ENG,1744.35
2007-02-01,Fulham,ENG,1687.64
2007-02-01,Hull,ENG,1449.53
2007-02-01,Ipswich,ENG,1503.27
2007-02-01,Leeds,ENG,1459.0
2007-02-01,Leicester,ENG,1469.84
2007-02-01,Liverpool,ENG,1911.02
2007-02-01,Luton,ENG,1433.23
2007-02-01,Man City,ENG,1685.08
2007-02-01,Man United,ENG,1937.59
2007-02-01,Middlesbrough,ENG,1737.85
2007-02-01,Newcastle,ENG,1776.84
2007-02-01,Norwich,ENG,1465.11
2007-02-01,Plymouth Argyle,ENG,1510.43
2007-02-01,Portsmouth,ENG,1718.37
2007-02-01,Preston,ENG,1599.03
2007-02-01,QPR,ENG,1414.5
2007-02-01,Reading,ENG,1722.98
2007-02-01,Sheffield United,ENG,1626.26
2007-02-01,Sheffield Weds,ENG,1488.59
2007-02-01,Southampton,ENG,1584.65
2007-02-01,Southend,ENG,1424.28
2007-02-01,Stoke,ENG,1547.03
2007-02-01,Sunderland,ENG,1563.1
2007-02-01,Tottenham,ENG,1781.83
2007-02-01,Watford,ENG,1598.97
2007-02-01,West Brom,ENG,1609.22
2007-02-01,West Ham,ENG,1614.24
2007-02-01,Wigan,ENG,1638.6
2007-02-01,Wolves,ENG,1535.0
2007-02-15,Arsenal,ENG,1906.62
2007-02-15,Aston Villa,ENG,1689.3
2007-02-15,Barnsley,ENG,1398.74
2007-02-15,Birmingham,ENG,1639.08
2007-02-15,Blackburn,ENG,1756.05
2007-02-15,Bolton,ENG,1773.8
2007-02-15,Burnley,ENG,1465.88
2007-02-15,Cardiff,ENG,1523.6
2007-02-15,Charlton,ENG,1630.55
2007-02-15,Chelsea,ENG,1967.89
2007-02-15,Colchester,ENG,1524.09
2007-02-15,Coventry,ENG,1463.9
2007-02-15,Crystal Palace,ENG,1538.39
2007-02-15,Derby,ENG,1568.74
2007-02-15,Everton,ENG,1756.96
2007-02-15,Fulham,ENG,1691.31
2007-02-15,Hull,ENG,1448.99
2007-02-15,Ipswich,ENG,1480.47
2007-02-15,Leeds,ENG,1461.5
2007-02-15,Leicester,ENG,1481.91
2007-02-15,Liverpool,ENG,1895.29
2007-02-15,Luton,ENG,1436.52
2007-02-15,Man City,ENG,1666.66
2007-02-15,Man United,ENG,1951.47
2007-02-15,Middlesbrough,ENG,1736.69
2007-02-15,Newcastle,ENG,1778.25
2007-02-15,Norwich,ENG,1470.97
2007-02-15,Plymouth Argyle,ENG,1500.91
2007-02-15,Portsmouth,ENG,1715.71
2007-02-15,Preston,ENG,1597.23
2007-02-15,QPR,ENG,1411.95
2007-02-15,Reading,ENG,1743.44
2007-02-15,Sheffield United,ENG,1632.68
2007-02-15,Sheffield Weds,ENG,1480.35
2007-02-15,Southampton,ENG,1577.33
2007-02-15,Southend,ENG,1443.06
2007-02-15,Stoke,ENG,1537.61
2007-02-15,Sunderland,ENG,1581.26
2007-02-15,Tottenham,ENG,1759.87
2007-02-15,Watford,ENG,1603.65
2007-02-15,West Brom,ENG,1611.82
2007-02-15,West Ham,ENG,1599.23
2007-02-15,Wigan,ENG,1644.86
2007-02-15,Wolves,ENG,1544.07
2007-03-01,Arsenal,ENG,1900.7
2007-03-01,Aston Villa,ENG,1689.39
2007-03-01,Barnsley,ENG,1420.66
2007-03-01,Birmingham,ENG,1629.57
2007-03-01,Blackburn,ENG,1751.7
2007-03-01,Bolton,ENG,1763.29
2007-03-01,Burnley,ENG,1455.53
2007-03-01,Cardiff,ENG,1538.38
2007-03-01,Charlton,ENG,1641.49
2007-03-01,Chelsea,ENG,1969.63
2007-03-01,Colchester,ENG,1501.48
2007-03-01,Coventry,ENG,1465.59
2007-03-01,Crystal Palace,ENG,1542.76
2007-03-01,Derby,ENG,1547.68
2007-03-01,Everton,ENG,1758.26
2007-03-01,Fulham,ENG,1687.73
2007-03-01,Hull,ENG,1452.16
2007-03-01,Ipswich,ENG,1468.25
2007-03-01,Leeds,ENG,1446.87
2007-03-01,Leicester,ENG,1502.72
2007-03-01,Liverpool,ENG,1911.18
2007-03-01,Luton,ENG,1434.74
2007-03-01,Man City,ENG,1666.76
2007-03-01,Man United,ENG,1959.59
2007-03-01,Middlesbrough,ENG,1742.98
2007-03-01,Newcastle,ENG,1770.71
2007-03-01,Norwich,ENG,1474.79
2007-03-01,Plymouth Argyle,ENG,1511.84
2007-03-01,Portsmouth,ENG,1706.33
2007-03-01,Preston,ENG,1586.78
2007-03-01,QPR,ENG,1415.97
2007-03-01,Reading,ENG,1737.35
2007-03-01,Sheffield United,ENG,1629.57
2007-03-01,Sheffield Weds,ENG,1478.57
2007-03-01,Southampton,ENG,1576.7
2007-03-01,Southend,ENG,1423.78
2007-03-01,Stoke,ENG,1535.22
2007-03-01,Sunderland,ENG,1597.08
2007-03-01,Tottenham,ENG,1780.67
2007-03-01,Watford,ENG,1591.28
2007-03-01,West Brom,ENG,1622.53
2007-03-01,West Ham,ENG,1588.48
2007-03-01,Wigan,ENG,1655.42
2007-03-01,Wolves,ENG,1561.08
2007-03-15,Arsenal,ENG,1900.92
2007-03-15,Aston Villa,ENG,1688.73
2007-03-15,Barnsley,ENG,1421.35
2007-03-15,Birmingham,ENG,1630.24
2007-03-15,Blackburn,ENG,1764.32
2007-03-15,Bolton,ENG,1754.8
2007-03-15,Burnley,ENG,1451.0
2007-03-15,Cardiff,ENG,1544.05
2007-03-15,Charlton,ENG,1644.57
2007-03-15,Chelsea,ENG,1983.47
2007-03-15,Colchester,ENG,1482.28
2007-03-15,Coventry,ENG,1487.0
2007-03-15,Crystal Palace,ENG,1563.82
2007-03-15,Derby,ENG,1557.49
2007-03-15,Everton,ENG,1759.09
2007-03-15,Fulham,ENG,1687.43
2007-03-15,Hull,ENG,1453.99
2007-03-15,Ipswich,ENG,1471.42
2007-03-15,Leeds,ENG,1448.95
2007-03-15,Leicester,ENG,1493.79
2007-03-15,Liverpool,ENG,1901.34
2007-03-15,Luton,ENG,1414.46
2007-03-15,Man City,ENG,1655.26
2007-03-15,Man United,ENG,1972.08
2007-03-15,Middlesbrough,ENG,1748.19
2007-03-15,Newcastle,ENG,1777.82
2007-03-15,Norwich,ENG,1486.35
2007-03-15,Plymouth Argyle,ENG,1495.71
2007-03-15,Portsmouth,ENG,1702.86
2007-03-15,Preston,ENG,1586.34
2007-03-15,QPR,ENG,1418.94
2007-03-15,Reading,ENG,1736.63
2007-03-15,Sheffield United,ENG,1632.87
2007-03-15,Sheffield Weds,ENG,1497.11
2007-03-15,Southampton,ENG,1560.51
2007-03-15,Southend,ENG,1448.56
2007-03-15,Stoke,ENG,1550.2
2007-03-15,Sunderland,ENG,1612.96
2007-03-15,Tottenham,ENG,1794.09
2007-03-15,Watford,ENG,1592.33
2007-03-15,West Brom,ENG,1595.03
2007-03-15,West Ham,ENG,1585.36
2007-03-15,Wigan,ENG,1668.12
2007-03-15,Wolves,ENG,1568.71
2007-04-01,Arsenal,ENG,1875.1
2007-04-01,Aston Villa,ENG,1687.13
2007-04-01,Barnsley,ENG,1401.88
2007-04-01,Birmingham,ENG,1626.1
2007-04-01,Blackburn,ENG,1741.74
2007-04-01,Bolton,ENG,1749.35
2007-04-01,Burnley,ENG,1437.37
2007-04-01,Cardiff,ENG,1522.4
2007-04-01,Charlton,ENG,1658.33
2007-04-01,Chelsea,ENG,1981.87
2007-04-01,Colchester,ENG,1499.22
2007-04-01,Coventry,ENG,1489.72
2007-04-01,Crystal Palace,ENG,1539.14
2007-04-01,Derby,ENG,1566.56
2007-04-01,Everton,ENG,1763.63
2007-04-01,Fulham,ENG,1681.99
2007-04-01,Hull,ENG,1456.58
2007-04-01,Ipswich,ENG,1489.61
2007-04-01,Leeds,ENG,1455.53
2007-04-01,Leicester,ENG,1464.94
2007-04-01,Liverpool,ENG,1902.92
2007-04-01,Luton,ENG,1400.58
2007-04-01,Man City,ENG,1679.69
2007-04-01,Man United,ENG,1974.09
2007-04-01,Middlesbrough,ENG,1711.91
2007-04-01,Newcastle,ENG,1731.09
2007-04-01,Norwich,ENG,1478.32
2007-04-01,Plymouth Argyle,ENG,1486.74
2007-04-01,Portsmouth,ENG,1702.43
2007-04-01,Preston,ENG,1576.21
2007-04-01,QPR,ENG,1424.42
2007-04-01,Reading,ENG,1728.19
2007-04-01,Sheffield United,ENG,1622.08
2007-04-01,Sheffield Weds,ENG,1503.04
2007-04-01,Southampton,ENG,1569.49
2007-04-01,Southend,ENG,1428.93
2007-04-01,Stoke,ENG,1543.9
2007-04-01,Sunderland,ENG,1619.84
2007-04-01,Tottenham,ENG,1792.04
2007-04-01,Watford,ENG,1581.84
2007-04-01,West Brom,ENG,1594.47
2007-04-01,West Ham,ENG,1606.94
2007-04-01,Wigan,ENG,1654.74
2007-04-01,Wolves,ENG,1537.46
2007-04-15,Arsenal,ENG,1865.98
2007-04-15,Aston Villa,ENG,1702.27
2007-04-15,Barnsley,ENG,1412.9
2007-04-15,Birmingham,ENG,1613.3
2007-04-15,Blackburn,ENG,1737.5
2007-04-15,Bolton,ENG,1765.61
2007-04-15,Burnley,ENG,1484.16
2007-04-15,Cardiff,ENG,1508.66
2007-04-15,Charlton,ENG,1667.98
2007-04-15,Chelsea,ENG,1998.51
2007-04-15,Colchester,ENG,1526.08
2007-04-15,Coventry,ENG,1484.39
2007-04-15,Crystal Palace,ENG,1552.31
2007-04-15,Derby,ENG,1568.78
2007-04-15,Everton,ENG,1780.32
2007-04-15,Fulham,ENG,1667.75
2007-04-15,Hull,ENG,1448.21
2007-04-15,Ipswich,ENG,1496.95
2007-04-15,Leeds,ENG,1464.36
2007-04-15,Leicester,ENG,1462.05
2007-04-15,Liverpool,ENG,1926.72
2007-04-15,Luton,ENG,1394.98
2007-04-15,Man City,ENG,1698.24
2007-04-15,Man United,ENG,1980.56
2007-04-15,Middlesbrough,ENG,1725.21
2007-04-15,Newcastle,ENG,1747.0
2007-04-15,Norwich,ENG,1487.74
2007-04-15,Plymouth Argyle,ENG,1483.36
2007-04-15,Portsmouth,ENG,1708.55
2007-04-15,Preston,ENG,1548.45
2007-04-15,QPR,ENG,1457.96
2007-04-15,Reading,ENG,1726.12
2007-04-15,Sheffield United,ENG,1622.08
2007-04-15,Sheffield Weds,ENG,1540.43
2007-04-15,Southampton,ENG,1575.96
2007-04-15,Southend,ENG,1434.95
2007-04-15,Stoke,ENG,1573.5
2007-04-15,Sunderland,ENG,1640.25
2007-04-15,Tottenham,ENG,1794.57
2007-04-15,Watford,ENG,1596.96
2007-04-15,West Brom,ENG,1581.61
2007-04-15,West Ham,ENG,1629.38
2007-04-15,Wigan,ENG,1654.84
2007-04-15,Wolves,ENG,1546.55
2007-05-01,Arsenal,ENG,1877.45
2007-05-01,Aston Villa,ENG,1729.25
2007-05-01,Barnsley,ENG,1431.15
2007-05-01,Birmingham,ENG,1638.99
2007-05-01,Blackburn,ENG,1749.83
2007-05-01,Bolton,ENG,1753.85
2007-05-01,Burnley,ENG,1494.32
2007-05-01,Cardiff,ENG,1489.7
2007-05-01,Charlton,ENG,1653.69
2007-05-01,Chelsea,ENG,1993.8
2007-05-01,Colchester,ENG,1531.08
2007-05-01,Coventry,ENG,1456.12
2007-05-01,Crystal Palace,ENG,1547.15
2007-05-01,Derby,ENG,1553.89
2007-05-01,Everton,ENG,1766.83
2007-05-01,Fulham,ENG,1659.95
2007-05-01,Hull,ENG,1465.03
2007-05-01,Ipswich,ENG,1507.92
2007-05-01,Leeds,ENG,1466.29
2007-05-01,Leicester,ENG,1469.45
2007-05-01,Liverpool,ENG,1913.16
2007-05-01,Luton,ENG,1400.09
2007-05-01,Man City,ENG,1683.54
2007-05-01,Man United,ENG,1982.16
2007-05-01,Middlesbrough,ENG,1706.76
2007-05-01,Newcastle,ENG,1738.68
2007-05-01,Norwich,ENG,1476.19
2007-05-01,Plymouth Argyle,ENG,1506.31
2007-05-01,Portsmouth,ENG,1729.47
2007-05-01,Preston,ENG,1542.1
2007-05-01,QPR,ENG,1456.7
2007-05-01,Reading,ENG,1752.65
2007-05-01,Sheffield United,ENG,1640.21
2007-05-01,Sheffield Weds,ENG,1539.14
2007-05-01,Southampton,ENG,1582.21
2007-05-01,Southend,ENG,1400.41
2007-05-01,Stoke,ENG,1576.54
2007-05-01,Sunderland,ENG,1633.89
2007-05-01,Tottenham,ENG,1801.02
2007-05-01,Watford,ENG,1587.99
2007-05-01,West Brom,ENG,1580.33
2007-05-01,West Ham,ENG,1644.12
2007-05-01,Wigan,ENG,1635.69
2007-05-01,Wolves,ENG,1546.97
2007-05-15,Arsenal,ENG,1869.21
2007-05-15,Aston Villa,ENG,1732.08
2007-05-15,Barnsley,ENG,1416.18
2007-05-15,Birmingham,ENG,1623.51
2007-05-15,Blackburn,ENG,1757.32
2007-05-15,Bolton,ENG,1732.41
2007-05-15,Burnley,ENG,1476.41
2007-05-15,Cardiff,ENG,1474.79
2007-05-15,Charlton,ENG,1645.78
2007-05-15,Chelsea,ENG,1970.03
2007-05-15,Colchester,ENG,1510.61
2007-05-15,Coventry,ENG,1460.43
2007-05-15,Crystal Palace,ENG,1554.01
2007-05-15,Derby,ENG,1563.23
2007-05-15,Everton,ENG,1776.08
2007-05-15,Fulham,ENG,1658.34
2007-05-15,Hull,ENG,1449.26
2007-05-15,Ipswich,ENG,1509.24
2007-05-15,Leeds,ENG,1453.44
2007-05-15,Leicester,ENG,1448.67
2007-05-15,Liverpool,ENG,1892.84
2007-05-15,Luton,ENG,1384.07
2007-05-15,Man City,ENG,1669.63
2007-05-15,Man United,ENG,1944.6
2007-05-15,Middlesbrough,ENG,1715.67
2007-05-15,Newcastle,ENG,1716.68
2007-05-15,Norwich,ENG,1464.71
2007-05-15,Plymouth Argyle,ENG,1508.49
2007-05-15,Portsmouth,ENG,1715.69
2007-05-15,Preston,ENG,1543.98
2007-05-15,QPR,ENG,1451.12
2007-05-15,Reading,ENG,1729.72
2007-05-15,Sheffield United,ENG,1615.9
2007-05-15,Sheffield Weds,ENG,1537.03
2007-05-15,Southampton,ENG,1569.81
2007-05-15,Southend,ENG,1389.12
2007-05-15,Stoke,ENG,1568.51
2007-05-15,Sunderland,ENG,1636.31
2007-05-15,Tottenham,ENG,1803.09
2007-05-15,Watford,ENG,1601.56
2007-05-15,West Brom,ENG,1590.9
2007-05-15,West Ham,ENG,1665.16
2007-05-15,Wigan,ENG,1630.74
2007-05-15,Wolves,ENG,1544.94
2007-06-01,Arsenal,ENG,1866.55
2007-06-01,Aston Villa,ENG,1729.42
2007-06-01,Barnsley,ENG,1413.52
2007-06-01,Birmingham,ENG,1620.85
2007-06-01,Blackburn,ENG,1754.66
2007-06-01,Bolton,ENG,1729.75
2007-06-01,Burnley,ENG,1473.75
2007-06-01,Cardiff,ENG,1472.12
2007-06-01,Charlton,ENG,1643.11
2007-06-01,Chelsea,ENG,1967.37
2007-06-01,Colchester,ENG,1507.95
2007-06-01,Coventry,ENG,1457.77
2007-06-01,Crystal Palace,ENG,1551.35
2007-06-01,Derby,ENG,1574.53
2007-06-01,Everton,ENG,1773.41
2007-06-01,Fulham,ENG,1655.68
2007-06-01,Hull,ENG,1446.59
2007-06-01,Ipswich,ENG,1506.57
2007-06-01,Leeds,ENG,1450.77
2007-06-01,Leicester,ENG,1446.01
2007-06-01,Liverpool,ENG,1881.8
2007-06-01,Luton,ENG,1381.4
2007-06-01,Man City,ENG,1666.97
2007-06-01,Man United,ENG,1941.93
2007-06-01,Middlesbrough,ENG,1713.0
2007-06-01,Newcastle,ENG,1714.02
2007-06-01,Norwich,ENG,1462.04
2007-06-01,Plymouth Argyle,ENG,1505.82
2007-06-01,Portsmouth,ENG,1713.02
2007-06-01,Preston,ENG,1541.31
2007-06-01,QPR,ENG,1448.46
2007-06-01,Reading,ENG,1727.06
2007-06-01,Sheffield United,ENG,1613.24
2007-06-01,Sheffield Weds,ENG,1534.36
2007-06-01,Southampton,ENG,1561.01
2007-06-01,Southend,ENG,1386.46
2007-06-01,Stoke,ENG,1565.85
2007-06-01,Sunderland,ENG,1633.65
2007-06-01,Tottenham,ENG,1800.42
2007-06-01,Watford,ENG,1598.9
2007-06-01,West Brom,ENG,1584.53
2007-06-01,West Ham,ENG,1662.49
2007-06-01,Wigan,ENG,1628.08
2007-06-01,Wolves,ENG,1538.14
2007-06-15,Arsenal,ENG,1866.55
2007-06-15,Aston Villa,ENG,1729.42
2007-06-15,Barnsley,ENG,1413.52
2007-06-15,Birmingham,ENG,1620.85
2007-06-15,Blackburn,ENG,1754.66
2007-06-15,Bolton,ENG,1729.75
2007-06-15,Burnley,ENG,1473.75
2007-06-15,Cardiff,ENG,1472.12
2007-06-15,Charlton,ENG,1643.11
2007-06-15,Chelsea,ENG,1967.37
2007-06-15,Colchester,ENG,1507.95
2007-06-15,Coventry,ENG,1457.77
2007-06-15,Crystal Palace,ENG,1551.35
2007-06-15,Derby,ENG,1574.53
2007-06-15,Everton,ENG,1773.41
2007-06-15,Fulham,ENG,1655.68
2007-06-15,Hull,ENG,1446.59
2007-06-15,Ipswich,ENG,1506.57
2007-06-15,Leeds,ENG,1450.77
2007-06-15,Leicester,ENG,1446.01
2007-06-15,Liverpool,ENG,1881.8
2007-06-15,Luton,ENG,1381.4
2007-06-15,Man City,ENG,1666.97
2007-06-15,Man United,ENG,1941.93
2007-06-15,Middlesbrough,ENG,1713.0
2007-06-15,Newcastle,ENG,1714.02
2007-06-15,Norwich,ENG,1462.04
2007-06-15,Plymouth Argyle,ENG,1505.82
2007-06-15,Portsmouth,ENG,1713.02
2007-06-15,Preston,ENG,1541.31
2007-06-15,QPR,ENG,1448.46
2007-06-15,Reading,ENG,1727.06
2007-06-15,Sheffield United,ENG,1613.24
2007-06-15,Sheffield Weds,ENG,1534.36
2007-06-15,Southampton,ENG,1561.01
2007-06-15,Southend,ENG,1386.46
2007-06-15,Stoke,ENG,1565.85
2007-06-15,Sunderland,ENG,1633.65
2007-06-15,Tottenham,ENG,1800.42
2007-06-15,Watford,ENG,1598.9
2007-06-15,West Brom,ENG,1584.53
2007-06-15,West Ham,ENG,1662.49
2007-06-15,Wigan,ENG,1628.08
2007-06-15,Wolves,ENG,1538.14
2007-07-01,Arsenal,ENG,1866.55
2007-07-01,Aston Villa,ENG,1729.42
2007-07-01,Barnsley,ENG,1413.52
2007-07-01,Birmingham,ENG,1620.85
2007-07-01,Blackburn,ENG,1754.66
2007-07-01,Blackpool,ENG,1408.83
2007-07-01,Bolton,ENG,1729.75
2007-07-01,Bristol City,ENG,1408.83
2007-07-01,Burnley,ENG,1473.75
2007-07-01,Cardiff,ENG,1472.12
2007-07-01,Charlton,ENG,1643.11
2007-07-01,Chelsea,ENG,1967.37
2007-07-01,Colchester,ENG,1507.95
2007-07-01,Coventry,ENG,1457.77
2007-07-01,Crystal Palace,ENG,1551.35
2007-07-01,Derby,ENG,1574.53
2007-07-01,Everton,ENG,1773.41
2007-07-01,Fulham,ENG,1655.68
2007-07-01,Hull,ENG,1446.59
2007-07-01,Ipswich,ENG,1506.57
2007-07-01,Leeds,ENG,1450.77
2007-07-01,Leicester,ENG,1446.01
2007-07-01,Liverpool,ENG,1881.8
2007-07-01,Luton,ENG,1381.4
2007-07-01,Man City,ENG,1666.97
2007-07-01,Man United,ENG,1941.93
2007-07-01,Middlesbrough,ENG,1713.0
2007-07-01,Newcastle,ENG,1714.02
2007-07-01,Norwich,ENG,1462.04
2007-07-01,Plymouth Argyle,ENG,1505.82
2007-07-01,Portsmouth,ENG,1713.02
2007-07-01,Preston,ENG,1541.31
2007-07-01,QPR,ENG,1448.46
2007-07-01,Reading,ENG,1727.06
2007-07-01,Scunthorpe,ENG,1408.83
2007-07-01,Sheffield United,ENG,1613.24
2007-07-01,Sheffield Weds,ENG,1534.36
2007-07-01,Southampton,ENG,1561.01
2007-07-01,Southend,ENG,1386.46
2007-07-01,Stoke,ENG,1565.85
2007-07-01,Sunderland,ENG,1633.65
2007-07-01,Tottenham,ENG,1800.42
2007-07-01,Watford,ENG,1598.9
2007-07-01,West Brom,ENG,1584.53
2007-07-01,West Ham,ENG,1662.49
2007-07-01,Wigan,ENG,1628.08
2007-07-01,Wolves,ENG,1538.14
2007-07-15,Arsenal,ENG,1866.55
2007-07-15,Aston Villa,ENG,1729.42
2007-07-15,Barnsley,ENG,1413.52
2007-07-15,Birmingham,ENG,1620.85
2007-07-15,Blackburn,ENG,1754.66
2007-07-15,Blackpool,ENG,1408.83
2007-07-15,Bolton,ENG,1729.75
2007-07-15,Bristol City,ENG,1408.83
2007-07-15,Burnley,ENG,1473.75
2007-07-15,Cardiff,ENG,1472.12
2007-07-15,Charlton,ENG,1643.11
2007-07-15,Chelsea,ENG,1967.37
2007-07-15,Colchester,ENG,1507.95
2007-07-15,Coventry,ENG,1457.77
2007-07-15,Crystal Palace,ENG,1551.35
2007-07-15,Derby,ENG,1574.53
2007-07-15,Everton,ENG,1773.41
2007-07-15,Fulham,ENG,1655.68
2007-07-15,Hull,ENG,1446.59
2007-07-15,Ipswich,ENG,1506.57
2007-07-15,Leicester,ENG,1446.01
2007-07-15,Liverpool,ENG,1881.8
2007-07-15,Man City,ENG,1666.97
2007-07-15,Man United,ENG,1941.93
2007-07-15,Middlesbrough,ENG,1713.0
2007-07-15,Newcastle,ENG,1714.02
2007-07-15,Norwich,ENG,1462.04
2007-07-15,Plymouth Argyle,ENG,1505.82
2007-07-15,Portsmouth,ENG,1713.02
2007-07-15,Preston,ENG,1541.31
2007-07-15,QPR,ENG,1448.46
2007-07-15,Reading,ENG,1727.06
2007-07-15,Scunthorpe,ENG,1408.83
2007-07-15,Sheffield United,ENG,1613.24
2007-07-15,Sheffield Weds,ENG,1534.36
2007-07-15,Southampton,ENG,1561.01
2007-07-15,Stoke,ENG,1565.85
2007-07-15,Sunderland,ENG,1633.65
2007-07-15,Tottenham,ENG,1800.42
2007-07-15,Watford,ENG,1598.9
2007-07-15,West Brom,ENG,1584.53
2007-07-15,West Ham,ENG,1662.49
2007-07-15,Wigan,ENG,1628.08
2007-07-15,Wolves,ENG,1538.14
2007-08-01,Arsenal,ENG,1866.55
2007-08-01,Aston Villa,ENG,1729.42
2007-08-01,Barnsley,ENG,1413.52
2007-08-01,Birmingham,ENG,1620.85
2007-08-01,Blackburn,ENG,1754.66
2007-08-01,Blackpool,ENG,1408.83
2007-08-01,Bolton,ENG,1729.75
2007-08-01,Bristol City,ENG,1408.83
2007-08-01,Burnley,ENG,1473.75
2007-08-01,Cardiff,ENG,1472.12
2007-08-01,Charlton,ENG,1643.11
2007-08-01,Chelsea,ENG,1967.37
2007-08-01,Colchester,ENG,1507.95
2007-08-01,Coventry,ENG,1457.77
2007-08-01,Crystal Palace,ENG,1551.35
2007-08-01,Derby,ENG,1574.53
2007-08-01,Everton,ENG,1773.41
2007-08-01,Fulham,ENG,1655.68
2007-08-01,Hull,ENG,1446.59
2007-08-01,Ipswich,ENG,1506.57
2007-08-01,Leicester,ENG,1446.01
2007-08-01,Liverpool,ENG,1881.8
2007-08-01,Man City,ENG,1666.97
2007-08-01,Man United,ENG,1941.93
2007-08-01,Middlesbrough,ENG,1713.0
2007-08-01,Newcastle,ENG,1714.02
2007-08-01,Norwich,ENG,1462.04
2007-08-01,Plymouth Argyle,ENG,1505.82
2007-08-01,Portsmouth,ENG,1713.02
2007-08-01,Preston,ENG,1541.31
2007-08-01,QPR,ENG,1448.46
2007-08-01,Reading,ENG,1727.06
2007-08-01,Scunthorpe,ENG,1408.83
2007-08-01,Sheffield United,ENG,1613.24
2007-08-01,Sheffield Weds,ENG,1534.36
2007-08-01,Southampton,ENG,1561.01
2007-08-01,Stoke,ENG,1565.85
2007-08-01,Sunderland,ENG,1633.65
2007-08-01,Tottenham,ENG,1800.42
2007-08-01,Watford,ENG,1598.9
2007-08-01,West Brom,ENG,1584.53
2007-08-01,West Ham,ENG,1662.49
2007-08-01,Wigan,ENG,1628.08
2007-08-01,Wolves,ENG,1538.14
2007-08-15,Arsenal,ENG,1868.93
2007-08-15,Aston Villa,ENG,1723.3
2007-08-15,Barnsley,ENG,1398.56
2007-08-15,Birmingham,ENG,1619.65
2007-08-15,Blackburn,ENG,1763.43
2007-08-15,Blackpool,ENG,1419.64
2007-08-15,Bolton,ENG,1715.09
2007-08-15,Bristol City,ENG,1407.9
2007-08-15,Burnley,ENG,1482.81
2007-08-15,Cardiff,ENG,1464.67
2007-08-15,Charlton,ENG,1636.04
2007-08-15,Chelsea,ENG,1968.57
2007-08-15,Colchester,ENG,1512.65
2007-08-15,Coventry,ENG,1472.72
2007-08-15,Crystal Palace,ENG,1568.84
2007-08-15,Derby,ENG,1576.43
2007-08-15,Everton,ENG,1790.79
2007-08-15,Fulham,ENG,1653.3
2007-08-15,Hull,ENG,1438.19
2007-08-15,Ipswich,ENG,1518.48
2007-08-15,Leicester,ENG,1435.2
2007-08-15,Liverpool,ENG,1887.92
2007-08-15,Man City,ENG,1681.04
2007-08-15,Man United,ENG,1935.26
2007-08-15,Middlesbrough,ENG,1704.23
2007-08-15,Newcastle,ENG,1728.68
2007-08-15,Norwich,ENG,1466.14
2007-08-15,Plymouth Argyle,ENG,1514.23
2007-08-15,Portsmouth,ENG,1711.13
2007-08-15,Preston,ENG,1537.22
2007-08-15,QPR,ENG,1449.39
2007-08-15,Reading,ENG,1733.73
2007-08-15,Scunthorpe,ENG,1415.9
2007-08-15,Sheffield United,ENG,1608.54
2007-08-15,Sheffield Weds,ENG,1522.46
2007-08-15,Southampton,ENG,1543.52
2007-08-15,Stoke,ENG,1573.3
2007-08-15,Sunderland,ENG,1643.97
2007-08-15,Tottenham,ENG,1776.04
2007-08-15,Watford,ENG,1607.28
2007-08-15,West Brom,ENG,1575.47
2007-08-15,West Ham,ENG,1648.42
2007-08-15,Wigan,ENG,1624.76
2007-08-15,Wolves,ENG,1529.76
2007-09-01,Arsenal,ENG,1879.73
2007-09-01,Aston Villa,ENG,1733.95
2007-09-01,Barnsley,ENG,1416.15
2007-09-01,Birmingham,ENG,1622.17
2007-09-01,Blackburn,ENG,1771.26
2007-09-01,Blackpool,ENG,1417.59
2007-09-01,Bolton,ENG,1714.86
2007-09-01,Bristol City,ENG,1420.83
2007-09-01,Burnley,ENG,1474.97
2007-09-01,Cardiff,ENG,1471.91
2007-09-01,Charlton,ENG,1635.58
2007-09-01,Chelsea,ENG,1978.06
2007-09-01,Colchester,ENG,1529.58
2007-09-01,Coventry,ENG,1483.75
2007-09-01,Crystal Palace,ENG,1560.22
2007-09-01,Derby,ENG,1562.36
2007-09-01,Everton,ENG,1784.21
2007-09-01,Fulham,ENG,1651.6
2007-09-01,Hull,ENG,1451.99
2007-09-01,Ipswich,ENG,1531.41
2007-09-01,Leicester,ENG,1463.11
2007-09-01,Liverpool,ENG,1903.68
2007-09-01,Man City,ENG,1698.72
2007-09-01,Man United,ENG,1925.64
2007-09-01,Middlesbrough,ENG,1707.02
2007-09-01,Newcastle,ENG,1731.92
2007-09-01,Norwich,ENG,1471.12
2007-09-01,Plymouth Argyle,ENG,1507.39
2007-09-01,Portsmouth,ENG,1726.13
2007-09-01,Preston,ENG,1515.4
2007-09-01,QPR,ENG,1439.93
2007-09-01,Reading,ENG,1728.92
2007-09-01,Scunthorpe,ENG,1424.6
2007-09-01,Sheffield United,ENG,1611.78
2007-09-01,Sheffield Weds,ENG,1509.01
2007-09-01,Southampton,ENG,1546.67
2007-09-01,Stoke,ENG,1577.78
2007-09-01,Sunderland,ENG,1632.05
2007-09-01,Tottenham,ENG,1781.4
2007-09-01,Watford,ENG,1598.86
2007-09-01,West Brom,ENG,1581.27
2007-09-01,West Ham,ENG,1659.04
2007-09-01,Wigan,ENG,1651.07
2007-09-01,Wolves,ENG,1550.88
2007-09-15,Arsenal,ENG,1884.33
2007-09-15,Aston Villa,ENG,1751.77
2007-09-15,Barnsley,ENG,1412.07
2007-09-15,Birmingham,ENG,1615.81
2007-09-15,Blackburn,ENG,1776.15
2007-09-15,Blackpool,ENG,1424.75
2007-09-15,Bolton,ENG,1706.76
2007-09-15,Bristol City,ENG,1432.67
2007-09-15,Burnley,ENG,1486.34
2007-09-15,Cardiff,ENG,1481.75
2007-09-15,Charlton,ENG,1643.49
2007-09-15,Chelsea,ENG,1960.24
2007-09-15,Colchester,ENG,1518.21
2007-09-15,Coventry,ENG,1490.85
2007-09-15,Crystal Palace,ENG,1552.31
2007-09-15,Derby,ENG,1559.51
2007-09-15,Everton,ENG,1792.31
2007-09-15,Fulham,ENG,1653.28
2007-09-15,Hull,ENG,1444.83
2007-09-15,Ipswich,ENG,1524.62
2007-09-15,Leicester,ENG,1466.31
2007-09-15,Liverpool,ENG,1906.53
2007-09-15,Man City,ENG,1693.82
2007-09-15,Man United,ENG,1927.11
2007-09-15,Middlesbrough,ENG,1713.39
2007-09-15,Newcastle,ENG,1736.52
2007-09-15,Norwich,ENG,1461.29
2007-09-15,Plymouth Argyle,ENG,1504.19
2007-09-15,Portsmouth,ENG,1721.52
2007-09-15,Preston,ENG,1508.3
2007-09-15,QPR,ENG,1427.89
2007-09-15,Reading,ENG,1708.94
2007-09-15,Scunthorpe,ENG,1435.66
2007-09-15,Sheffield United,ENG,1600.72
2007-09-15,Sheffield Weds,ENG,1497.18
2007-09-15,Southampton,ENG,1558.71
2007-09-15,Stoke,ENG,1575.03
2007-09-15,Sunderland,ENG,1630.57
2007-09-15,Tottenham,ENG,1779.72
2007-09-15,Watford,ENG,1605.65
2007-09-15,West Brom,ENG,1585.36
2007-09-15,West Ham,ENG,1679.03
2007-09-15,Wigan,ENG,1646.46
2007-09-15,Wolves,ENG,1553.62
2007-10-01,Arsenal,ENG,1910.89
2007-10-01,Aston Villa,ENG,1752.44
2007-10-01,Barnsley,ENG,1437.14
2007-10-01,Birmingham,ENG,1627.57
2007-10-01,Blackburn,ENG,1765.03
2007-10-01,Blackpool,ENG,1436.52
2007-10-01,Bolton,ENG,1694.55
2007-10-01,Bristol City,ENG,1455.21
2007-10-01,Burnley,ENG,1495.51
2007-10-01,Cardiff,ENG,1475.89
2007-10-01,Charlton,ENG,1644.99
2007-10-01,Chelsea,ENG,1926.07
2007-10-01,Colchester,ENG,1508.45
2007-10-01,Coventry,ENG,1467.4
2007-10-01,Crystal Palace,ENG,1546.86
2007-10-01,Derby,ENG,1567.66
2007-10-01,Everton,ENG,1776.15
2007-10-01,Fulham,ENG,1660.42
2007-10-01,Hull,ENG,1462.7
2007-10-01,Ipswich,ENG,1511.03
2007-10-01,Leicester,ENG,1458.9
2007-10-01,Liverpool,ENG,1898.43
2007-10-01,Man City,ENG,1710.98
2007-10-01,Man United,ENG,1950.66
2007-10-01,Middlesbrough,ENG,1689.05
2007-10-01,Newcastle,ENG,1721.68
2007-10-01,Norwich,ENG,1448.18
2007-10-01,Plymouth Argyle,ENG,1505.1
2007-10-01,Portsmouth,ENG,1743.84
2007-10-01,Preston,ENG,1501.85
2007-10-01,QPR,ENG,1415.68
2007-10-01,Reading,ENG,1694.42
2007-10-01,Scunthorpe,ENG,1439.15
2007-10-01,Sheffield United,ENG,1584.26
2007-10-01,Sheffield Weds,ENG,1490.24
2007-10-01,Southampton,ENG,1547.7
2007-10-01,Stoke,ENG,1569.98
2007-10-01,Sunderland,ENG,1634.0
2007-10-01,Tottenham,ENG,1769.86
2007-10-01,Watford,ENG,1606.03
2007-10-01,West Brom,ENG,1602.85
2007-10-01,West Ham,ENG,1677.48
2007-10-01,Wigan,ENG,1634.04
2007-10-01,Wolves,ENG,1540.08
2007-10-15,Arsenal,ENG,1914.82
2007-10-15,Aston Villa,ENG,1757.72
2007-10-15,Barnsley,ENG,1453.57
2007-10-15,Birmingham,ENG,1622.06
2007-10-15,Blackburn,ENG,1751.8
2007-10-15,Blackpool,ENG,1427.15
2007-10-15,Bolton,ENG,1689.96
2007-10-15,Bristol City,ENG,1455.44
2007-10-15,Burnley,ENG,1485.44
2007-10-15,Cardiff,ENG,1485.53
2007-10-15,Charlton,ENG,1641.85
2007-10-15,Chelsea,ENG,1938.5
2007-10-15,Colchester,ENG,1507.58
2007-10-15,Coventry,ENG,1468.64
2007-10-15,Crystal Palace,ENG,1533.55
2007-10-15,Derby,ENG,1562.36
2007-10-15,Everton,ENG,1772.67
2007-10-15,Fulham,ENG,1647.79
2007-10-15,Hull,ENG,1459.86
2007-10-15,Ipswich,ENG,1517.14
2007-10-15,Leicester,ENG,1472.41
2007-10-15,Liverpool,ENG,1876.52
2007-10-15,Man City,ENG,1717.34
2007-10-15,Man United,ENG,1954.27
2007-10-15,Middlesbrough,ENG,1679.1
2007-10-15,Newcastle,ENG,1727.72
2007-10-15,Norwich,ENG,1437.07
2007-10-15,Plymouth Argyle,ENG,1510.33
2007-10-15,Portsmouth,ENG,1752.88
2007-10-15,Preston,ENG,1508.48
2007-10-15,QPR,ENG,1415.06
2007-10-15,Reading,ENG,1696.14
2007-10-15,Scunthorpe,ENG,1431.67
2007-10-15,Sheffield United,ENG,1564.06
2007-10-15,Sheffield Weds,ENG,1469.6
2007-10-15,Southampton,ENG,1538.98
2007-10-15,Stoke,ENG,1576.11
2007-10-15,Sunderland,ENG,1630.65
2007-10-15,Tottenham,ENG,1770.56
2007-10-15,Watford,ENG,1616.02
2007-10-15,West Brom,ENG,1590.28
2007-10-15,West Ham,ENG,1671.12
2007-10-15,Wigan,ENG,1629.69
2007-10-15,Wolves,ENG,1542.82
2007-11-01,Arsenal,ENG,1917.89
2007-11-01,Aston Villa,ENG,1744.7
2007-11-01,Barnsley,ENG,1429.36
2007-11-01,Birmingham,ENG,1619.79
2007-11-01,Blackburn,ENG,1763.97
2007-11-01,Blackpool,ENG,1415.45
2007-11-01,Bolton,ENG,1677.84
2007-11-01,Bristol City,ENG,1481.31
2007-11-01,Burnley,ENG,1478.36
2007-11-01,Cardiff,ENG,1465.15
2007-11-01,Charlton,ENG,1598.27
2007-11-01,Chelsea,ENG,1948.15
2007-11-01,Colchester,ENG,1495.31
2007-11-01,Coventry,ENG,1455.98
2007-11-01,Crystal Palace,ENG,1504.68
2007-11-01,Derby,ENG,1555.14
2007-11-01,Everton,ENG,1769.05
2007-11-01,Fulham,ENG,1640.49
2007-11-01,Hull,ENG,1463.59
2007-11-01,Ipswich,ENG,1532.63
2007-11-01,Leicester,ENG,1469.24
2007-11-01,Liverpool,ENG,1866.36
2007-11-01,Man City,ENG,1711.64
2007-11-01,Man United,ENG,1966.13
2007-11-01,Middlesbrough,ENG,1666.7
2007-11-01,Newcastle,ENG,1725.91
2007-11-01,Norwich,ENG,1410.14
2007-11-01,Plymouth Argyle,ENG,1514.13
2007-11-01,Portsmouth,ENG,1753.75
2007-11-01,Preston,ENG,1512.72
2007-11-01,QPR,ENG,1430.02
2007-11-01,Reading,ENG,1692.06
2007-11-01,Scunthorpe,ENG,1440.41
2007-11-01,Sheffield United,ENG,1562.92
2007-11-01,Sheffield Weds,ENG,1476.68
2007-11-01,Southampton,ENG,1540.12
2007-11-01,Stoke,ENG,1558.62
2007-11-01,Sunderland,ENG,1617.16
2007-11-01,Tottenham,ENG,1735.8
2007-11-01,Watford,ENG,1635.05
2007-11-01,West Brom,ENG,1584.73
2007-11-01,West Ham,ENG,1678.39
2007-11-01,Wigan,ENG,1609.18
2007-11-01,Wolves,ENG,1546.41
2007-11-15,Arsenal,ENG,1924.3
2007-11-15,Aston Villa,ENG,1760.99
2007-11-15,Barnsley,ENG,1445.42
2007-11-15,Birmingham,ENG,1614.88
2007-11-15,Blackburn,ENG,1767.49
2007-11-15,Blackpool,ENG,1422.84
2007-11-15,Bolton,ENG,1689.65
2007-11-15,Bristol City,ENG,1471.6
2007-11-15,Burnley,ENG,1488.11
2007-11-15,Cardiff,ENG,1464.68
2007-11-15,Charlton,ENG,1625.27
2007-11-15,Chelsea,ENG,1948.94
2007-11-15,Colchester,ENG,1502.09
2007-11-15,Coventry,ENG,1475.48
2007-11-15,Crystal Palace,ENG,1508.15
2007-11-15,Derby,ENG,1542.91
2007-11-15,Everton,ENG,1795.33
2007-11-15,Fulham,ENG,1653.86
2007-11-15,Hull,ENG,1483.19
2007-11-15,Ipswich,ENG,1542.37
2007-11-15,Leicester,ENG,1471.08
2007-11-15,Liverpool,ENG,1880.14
2007-11-15,Man City,ENG,1725.5
2007-11-15,Man United,ENG,1978.51
2007-11-15,Middlesbrough,ENG,1675.21
2007-11-15,Newcastle,ENG,1715.06
2007-11-15,Norwich,ENG,1403.8
2007-11-15,Plymouth Argyle,ENG,1518.31
2007-11-15,Portsmouth,ENG,1772.66
2007-11-15,Preston,ENG,1494.98
2007-11-15,QPR,ENG,1441.01
2007-11-15,Reading,ENG,1682.0
2007-11-15,Scunthorpe,ENG,1432.01
2007-11-15,Sheffield United,ENG,1582.08
2007-11-15,Sheffield Weds,ENG,1514.55
2007-11-15,Southampton,ENG,1520.3
2007-11-15,Stoke,ENG,1544.96
2007-11-15,Sunderland,ENG,1619.85
2007-11-15,Tottenham,ENG,1753.24
2007-11-15,Watford,ENG,1623.34
2007-11-15,West Brom,ENG,1618.7
2007-11-15,West Ham,ENG,1697.26
2007-11-15,Wigan,ENG,1604.92
2007-11-15,Wolves,ENG,1554.6
2007-12-01,Arsenal,ENG,1915.91
2007-12-01,Aston Villa,ENG,1792.79
2007-12-01,Barnsley,ENG,1450.9
2007-12-01,Birmingham,ENG,1606.28
2007-12-01,Blackburn,ENG,1746.58
2007-12-01,Blackpool,ENG,1404.37
2007-12-01,Bolton,ENG,1695.88
2007-12-01,Bristol City,ENG,1459.97
2007-12-01,Burnley,ENG,1500.22
2007-12-01,Cardiff,ENG,1474.73
2007-12-01,Charlton,ENG,1614.32
2007-12-01,Chelsea,ENG,1955.58
2007-12-01,Colchester,ENG,1487.05
2007-12-01,Coventry,ENG,1460.57
2007-12-01,Crystal Palace,ENG,1523.17
2007-12-01,Derby,ENG,1540.11
2007-12-01,Everton,ENG,1801.89
2007-12-01,Fulham,ENG,1654.81
2007-12-01,Hull,ENG,1488.56
2007-12-01,Ipswich,ENG,1542.21
2007-12-01,Leicester,ENG,1482.51
2007-12-01,Liverpool,ENG,1896.85
2007-12-01,Man City,ENG,1730.5
2007-12-01,Man United,ENG,1966.41
2007-12-01,Middlesbrough,ENG,1661.81
2007-12-01,Newcastle,ENG,1704.82
2007-12-01,Norwich,ENG,1428.88
2007-12-01,Plymouth Argyle,ENG,1521.97
2007-12-01,Portsmouth,ENG,1780.46
2007-12-01,Preston,ENG,1479.61
2007-12-01,QPR,ENG,1434.86
2007-12-01,Reading,ENG,1676.21
2007-12-01,Scunthorpe,ENG,1426.03
2007-12-01,Sheffield United,ENG,1590.05
2007-12-01,Sheffield Weds,ENG,1519.03
2007-12-01,Southampton,ENG,1515.6
2007-12-01,Stoke,ENG,1550.81
2007-12-01,Sunderland,ENG,1612.5
2007-12-01,Tottenham,ENG,1754.95
2007-12-01,Watford,ENG,1599.21
2007-12-01,West Brom,ENG,1622.07
2007-12-01,West Ham,ENG,1696.56
2007-12-01,Wigan,ENG,1602.68
2007-12-01,Wolves,ENG,1562.77
2007-12-15,Arsenal,ENG,1910.12
2007-12-15,Aston Villa,ENG,1776.27
2007-12-15,Barnsley,ENG,1468.52
2007-12-15,Birmingham,ENG,1618.22
2007-12-15,Blackburn,ENG,1747.07
2007-12-15,Blackpool,ENG,1420.42
2007-12-15,Bolton,ENG,1708.05
2007-12-15,Bristol City,ENG,1490.99
2007-12-15,Burnley,ENG,1512.45
2007-12-15,Cardiff,ENG,1492.01
2007-12-15,Charlton,ENG,1616.27
2007-12-15,Chelsea,ENG,1956.49
2007-12-15,Colchester,ENG,1481.83
2007-12-15,Coventry,ENG,1476.95
2007-12-15,Crystal Palace,ENG,1534.84
2007-12-15,Derby,ENG,1537.8
2007-12-15,Everton,ENG,1815.86
2007-12-15,Fulham,ENG,1650.87
2007-12-15,Hull,ENG,1467.27
2007-12-15,Ipswich,ENG,1531.03
2007-12-15,Leicester,ENG,1466.51
2007-12-15,Liverpool,ENG,1899.77
2007-12-15,Man City,ENG,1726.19
2007-12-15,Man United,ENG,1972.43
2007-12-15,Middlesbrough,ENG,1680.57
2007-12-15,Newcastle,ENG,1710.1
2007-12-15,Norwich,ENG,1448.17
2007-12-15,Plymouth Argyle,ENG,1521.63
2007-12-15,Portsmouth,ENG,1796.91
2007-12-15,Preston,ENG,1479.3
2007-12-15,QPR,ENG,1443.21
2007-12-15,Reading,ENG,1695.07
2007-12-15,Scunthorpe,ENG,1418.72
2007-12-15,Sheffield United,ENG,1571.31
2007-12-15,Sheffield Weds,ENG,1514.7
2007-12-15,Southampton,ENG,1536.89
2007-12-15,Stoke,ENG,1575.93
2007-12-15,Sunderland,ENG,1619.4
2007-12-15,Tottenham,ENG,1750.46
2007-12-15,Watford,ENG,1598.27
2007-12-15,West Brom,ENG,1612.25
2007-12-15,West Ham,ENG,1709.56
2007-12-15,Wigan,ENG,1600.42
2007-12-15,Wolves,ENG,1551.09
2008-01-01,Arsenal,ENG,1933.71
2008-01-01,Aston Villa,ENG,1784.44
2008-01-01,Barnsley,ENG,1462.38
2008-01-01,Birmingham,ENG,1625.02
2008-01-01,Blackburn,ENG,1736.79
2008-01-01,Blackpool,ENG,1453.05
2008-01-01,Bolton,ENG,1691.74
2008-01-01,Bristol City,ENG,1508.19
2008-01-01,Burnley,ENG,1494.58
2008-01-01,Cardiff,ENG,1509.93
2008-01-01,Charlton,ENG,1599.63
2008-01-01,Chelsea,ENG,1950.86
2008-01-01,Colchester,ENG,1458.6
2008-01-01,Coventry,ENG,1460.25
2008-01-01,Crystal Palace,ENG,1569.52
2008-01-01,Derby,ENG,1533.1
2008-01-01,Everton,ENG,1822.6
2008-01-01,Fulham,ENG,1636.15
2008-01-01,Hull,ENG,1502.12
2008-01-01,Ipswich,ENG,1514.35
2008-01-01,Leicester,ENG,1476.64
2008-01-01,Liverpool,ENG,1900.42
2008-01-01,Man City,ENG,1740.49
2008-01-01,Man United,ENG,1975.87
2008-01-01,Middlesbrough,ENG,1677.17
2008-01-01,Newcastle,ENG,1702.96
2008-01-01,Norwich,ENG,1463.85
2008-01-01,Plymouth Argyle,ENG,1533.24
2008-01-01,Portsmouth,ENG,1770.47
2008-01-01,Preston,ENG,1480.99
2008-01-01,QPR,ENG,1467.42
2008-01-01,Reading,ENG,1696.47
2008-01-01,Scunthorpe,ENG,1414.32
2008-01-01,Sheffield United,ENG,1553.59
2008-01-01,Sheffield Weds,ENG,1498.03
2008-01-01,Southampton,ENG,1528.08
2008-01-01,Stoke,ENG,1592.18
2008-01-01,Sunderland,ENG,1627.45
2008-01-01,Tottenham,ENG,1774.3
2008-01-01,Watford,ENG,1573.25
2008-01-01,West Brom,ENG,1625.6
2008-01-01,West Ham,ENG,1722.51
2008-01-01,Wigan,ENG,1622.37
2008-01-01,Wolves,ENG,1535.5
2008-01-15,Arsenal,ENG,1929.29
2008-01-15,Aston Villa,ENG,1796.39
2008-01-15,Barnsley,ENG,1449.4
2008-01-15,Birmingham,ENG,1631.78
2008-01-15,Blackburn,ENG,1749.31
2008-01-15,Blackpool,ENG,1459.52
2008-01-15,Bolton,ENG,1686.51
2008-01-15,Bristol City,ENG,1510.73
2008-01-15,Burnley,ENG,1489.05
2008-01-15,Cardiff,ENG,1523.3
2008-01-15,Charlton,ENG,1593.65
2008-01-15,Chelsea,ENG,1957.53
2008-01-15,Colchester,ENG,1474.31
2008-01-15,Coventry,ENG,1445.9
2008-01-15,Crystal Palace,ENG,1580.61
2008-01-15,Derby,ENG,1522.91
2008-01-15,Everton,ENG,1835.75
2008-01-15,Fulham,ENG,1628.81
2008-01-15,Hull,ENG,1496.76
2008-01-15,Ipswich,ENG,1527.25
2008-01-15,Leicester,ENG,1475.79
2008-01-15,Liverpool,ENG,1888.51
2008-01-15,Man City,ENG,1747.99
2008-01-15,Man United,ENG,1981.05
2008-01-15,Middlesbrough,ENG,1673.31
2008-01-15,Newcastle,ENG,1686.52
2008-01-15,Norwich,ENG,1481.65
2008-01-15,Plymouth Argyle,ENG,1518.34
2008-01-15,Portsmouth,ENG,1766.2
2008-01-15,Preston,ENG,1484.24
2008-01-15,QPR,ENG,1472.3
2008-01-15,Reading,ENG,1680.01
2008-01-15,Scunthorpe,ENG,1409.66
2008-01-15,Sheffield United,ENG,1559.72
2008-01-15,Sheffield Weds,ENG,1497.93
2008-01-15,Southampton,ENG,1517.85
2008-01-15,Stoke,ENG,1588.08
2008-01-15,Sunderland,ENG,1638.28
2008-01-15,Tottenham,ENG,1764.22
2008-01-15,Watford,ENG,1578.36
2008-01-15,West Brom,ENG,1622.16
2008-01-15,West Ham,ENG,1723.67
2008-01-15,Wigan,ENG,1636.85
2008-01-15,Wolves,ENG,1518.74
2008-02-01,Arsenal,ENG,1937.63
2008-02-01,Aston Villa,ENG,1797.32
2008-02-01,Barnsley,ENG,1448.22
2008-02-01,Birmingham,ENG,1619.95
2008-02-01,Blackburn,ENG,1748.75
2008-02-01,Blackpool,ENG,1454.16
2008-02-01,Bolton,ENG,1684.78
2008-02-01,Bristol City,ENG,1509.15
2008-02-01,Burnley,ENG,1503.95
2008-02-01,Cardiff,ENG,1535.29
2008-02-01,Charlton,ENG,1601.52
2008-02-01,Chelsea,ENG,1961.8
2008-02-01,Colchester,ENG,1467.13
2008-02-01,Coventry,ENG,1432.12
2008-02-01,Crystal Palace,ENG,1578.29
2008-02-01,Derby,ENG,1524.28
2008-02-01,Everton,ENG,1836.69
2008-02-01,Fulham,ENG,1627.42
2008-02-01,Hull,ENG,1501.91
2008-02-01,Ipswich,ENG,1525.02
2008-02-01,Leicester,ENG,1487.14
2008-02-01,Liverpool,ENG,1873.83
2008-02-01,Man City,ENG,1741.25
2008-02-01,Man United,ENG,1988.26
2008-02-01,Middlesbrough,ENG,1682.53
2008-02-01,Newcastle,ENG,1681.29
2008-02-01,Norwich,ENG,1490.39
2008-02-01,Plymouth Argyle,ENG,1518.62
2008-02-01,Portsmouth,ENG,1765.82
2008-02-01,Preston,ENG,1488.16
2008-02-01,QPR,ENG,1472.99
2008-02-01,Reading,ENG,1674.48
2008-02-01,Scunthorpe,ENG,1393.67
2008-02-01,Sheffield United,ENG,1547.17
2008-02-01,Sheffield Weds,ENG,1503.41
2008-02-01,Southampton,ENG,1508.97
2008-02-01,Stoke,ENG,1587.57
2008-02-01,Sunderland,ENG,1642.29
2008-02-01,Tottenham,ENG,1773.16
2008-02-01,Watford,ENG,1577.98
2008-02-01,West Brom,ENG,1607.89
2008-02-01,West Ham,ENG,1736.63
2008-02-01,Wigan,ENG,1626.73
2008-02-01,Wolves,ENG,1534.55
2008-02-15,Arsenal,ENG,1948.3
2008-02-15,Aston Villa,ENG,1793.59
2008-02-15,Barnsley,ENG,1436.99
2008-02-15,Birmingham,ENG,1620.42
2008-02-15,Blackburn,ENG,1745.7
2008-02-15,Blackpool,ENG,1464.25
2008-02-15,Bolton,ENG,1690.03
2008-02-15,Bristol City,ENG,1510.18
2008-02-15,Burnley,ENG,1510.84
2008-02-15,Cardiff,ENG,1518.93
2008-02-15,Charlton,ENG,1597.13
2008-02-15,Chelsea,ENG,1954.19
2008-02-15,Colchester,ENG,1477.24
2008-02-15,Coventry,ENG,1440.54
2008-02-15,Crystal Palace,ENG,1555.18
2008-02-15,Derby,ENG,1522.13
2008-02-15,Everton,ENG,1838.86
2008-02-15,Fulham,ENG,1632.75
2008-02-15,Hull,ENG,1510.68
2008-02-15,Ipswich,ENG,1536.58
2008-02-15,Leicester,ENG,1466.78
2008-02-15,Liverpool,ENG,1881.6
2008-02-15,Man City,ENG,1749.3
2008-02-15,Man United,ENG,1969.18
2008-02-15,Middlesbrough,ENG,1689.71
2008-02-15,Newcastle,ENG,1672.5
2008-02-15,Norwich,ENG,1505.73
2008-02-15,Plymouth Argyle,ENG,1526.01
2008-02-15,Portsmouth,ENG,1777.48
2008-02-15,Preston,ENG,1480.38
2008-02-15,QPR,ENG,1482.27
2008-02-15,Reading,ENG,1658.36
2008-02-15,Scunthorpe,ENG,1403.41
2008-02-15,Sheffield United,ENG,1544.85
2008-02-15,Sheffield Weds,ENG,1489.22
2008-02-15,Southampton,ENG,1498.11
2008-02-15,Stoke,ENG,1608.53
2008-02-15,Sunderland,ENG,1647.35
2008-02-15,Tottenham,ENG,1783.69
2008-02-15,Watford,ENG,1599.7
2008-02-15,West Brom,ENG,1597.79
2008-02-15,West Ham,ENG,1722.63
2008-02-15,Wigan,ENG,1627.11
2008-02-15,Wolves,ENG,1513.97
2008-03-01,Arsenal,ENG,1949.8
2008-03-01,Aston Villa,ENG,1810.62
2008-03-01,Barnsley,ENG,1442.24
2008-03-01,Birmingham,ENG,1637.64
2008-03-01,Blackburn,ENG,1766.2
2008-03-01,Blackpool,ENG,1484.29
2008-03-01,Bolton,ENG,1709.18
2008-03-01,Bristol City,ENG,1529.38
2008-03-01,Burnley,ENG,1520.95
2008-03-01,Cardiff,ENG,1522.74
2008-03-01,Charlton,ENG,1592.3
2008-03-01,Chelsea,ENG,1964.32
2008-03-01,Colchester,ENG,1482.0
2008-03-01,Coventry,ENG,1454.59
2008-03-01,Crystal Palace,ENG,1551.12
2008-03-01,Derby,ENG,1527.2
2008-03-01,Everton,ENG,1863.32
2008-03-01,Fulham,ENG,1636.3
2008-03-01,Hull,ENG,1530.63
2008-03-01,Ipswich,ENG,1547.48
2008-03-01,Leicester,ENG,1482.02
2008-03-01,Liverpool,ENG,1907.34
2008-03-01,Man City,ENG,1749.68
2008-03-01,Man United,ENG,1987.14
2008-03-01,Middlesbrough,ENG,1698.11
2008-03-01,Newcastle,ENG,1677.48
2008-03-01,Norwich,ENG,1506.89
2008-03-01,Plymouth Argyle,ENG,1557.98
2008-03-01,Portsmouth,ENG,1792.04
2008-03-01,Preston,ENG,1509.92
2008-03-01,QPR,ENG,1493.54
2008-03-01,Reading,ENG,1663.14
2008-03-01,Scunthorpe,ENG,1412.36
2008-03-01,Sheffield United,ENG,1555.88
2008-03-01,Sheffield Weds,ENG,1507.22
2008-03-01,Southampton,ENG,1495.7
2008-03-01,Stoke,ENG,1612.99
2008-03-01,Sunderland,ENG,1654.61
2008-03-01,Tottenham,ENG,1798.78
2008-03-01,Watford,ENG,1607.5
2008-03-01,West Brom,ENG,1596.84
2008-03-01,West Ham,ENG,1740.91
2008-03-01,Wigan,ENG,1643.86
2008-03-01,Wolves,ENG,1540.5
2008-03-15,Arsenal,ENG,1956.19
2008-03-15,Aston Villa,ENG,1815.61
2008-03-15,Barnsley,ENG,1465.5
2008-03-15,Birmingham,ENG,1655.22
2008-03-15,Blackburn,ENG,1773.07
2008-03-15,Blackpool,ENG,1488.52
2008-03-15,Bolton,ENG,1696.78
2008-03-15,Bristol City,ENG,1544.51
2008-03-15,Burnley,ENG,1529.52
2008-03-15,Cardiff,ENG,1526.7
2008-03-15,Charlton,ENG,1585.73
2008-03-15,Chelsea,ENG,1986.08
2008-03-15,Colchester,ENG,1457.21
2008-03-15,Coventry,ENG,1455.5
2008-03-15,Crystal Palace,ENG,1569.49
2008-03-15,Derby,ENG,1532.26
2008-03-15,Everton,ENG,1876.99
2008-03-15,Fulham,ENG,1642.55
2008-03-15,Hull,ENG,1536.72
2008-03-15,Ipswich,ENG,1535.46
2008-03-15,Leicester,ENG,1481.79
2008-03-15,Liverpool,ENG,1936.77
2008-03-15,Man City,ENG,1738.09
2008-03-15,Man United,ENG,1998.96
2008-03-15,Middlesbrough,ENG,1697.37
2008-03-15,Newcastle,ENG,1671.48
2008-03-15,Norwich,ENG,1490.94
2008-03-15,Plymouth Argyle,ENG,1541.79
2008-03-15,Portsmouth,ENG,1795.03
2008-03-15,Preston,ENG,1534.71
2008-03-15,QPR,ENG,1513.92
2008-03-15,Reading,ENG,1690.36
2008-03-15,Scunthorpe,ENG,1428.68
2008-03-15,Sheffield United,ENG,1564.37
2008-03-15,Sheffield Weds,ENG,1520.4
2008-03-15,Southampton,ENG,1511.0
2008-03-15,Stoke,ENG,1604.61
2008-03-15,Sunderland,ENG,1653.07
2008-03-15,Tottenham,ENG,1793.14
2008-03-15,Watford,ENG,1607.21
2008-03-15,West Brom,ENG,1614.6
2008-03-15,West Ham,ENG,1720.48
2008-03-15,Wigan,ENG,1659.33
2008-03-15,Wolves,ENG,1543.23
2008-04-01,Arsenal,ENG,1947.03
2008-04-01,Aston Villa,ENG,1788.08
2008-04-01,Barnsley,ENG,1447.63
2008-04-01,Birmingham,ENG,1660.7
2008-04-01,Blackburn,ENG,1771.13
2008-04-01,Blackpool,ENG,1497.04
2008-04-01,Bolton,ENG,1683.38
2008-04-01,Bristol City,ENG,1533.41
2008-04-01,Burnley,ENG,1515.01
2008-04-01,Cardiff,ENG,1538.7
2008-04-01,Charlton,ENG,1563.09
2008-04-01,Chelsea,ENG,1992.24
2008-04-01,Colchester,ENG,1433.18
2008-04-01,Coventry,ENG,1470.79
2008-04-01,Crystal Palace,ENG,1571.59
2008-04-01,Derby,ENG,1529.54
2008-04-01,Everton,ENG,1854.82
2008-04-01,Fulham,ENG,1645.12
2008-04-01,Hull,ENG,1584.39
2008-04-01,Ipswich,ENG,1549.84
2008-04-01,Leicester,ENG,1496.74
2008-04-01,Liverpool,ENG,1934.77
2008-04-01,Man City,ENG,1733.67
2008-04-01,Man United,ENG,2015.08
2008-04-01,Middlesbrough,ENG,1706.05
2008-04-01,Newcastle,ENG,1703.18
2008-04-01,Norwich,ENG,1489.27
2008-04-01,Plymouth Argyle,ENG,1539.01
2008-04-01,Portsmouth,ENG,1800.32
2008-04-01,Preston,ENG,1551.62
2008-04-01,QPR,ENG,1526.22
2008-04-01,Reading,ENG,1694.0
2008-04-01,Scunthorpe,ENG,1407.66
2008-04-01,Sheffield United,ENG,1567.93
2008-04-01,Sheffield Weds,ENG,1520.31
2008-04-01,Southampton,ENG,1489.76
2008-04-01,Stoke,ENG,1601.42
2008-04-01,Sunderland,ENG,1672.05
2008-04-01,Tottenham,ENG,1776.44
2008-04-01,Watford,ENG,1593.41
2008-04-01,West Brom,ENG,1596.48
2008-04-01,West Ham,ENG,1725.4
2008-04-01,Wigan,ENG,1655.81
2008-04-01,Wolves,ENG,1567.6
2008-04-15,Arsenal,ENG,1927.74
2008-04-15,Aston Villa,ENG,1808.11
2008-04-15,Barnsley,ENG,1486.54
2008-04-15,Birmingham,ENG,1658.58
2008-04-15,Blackburn,ENG,1768.63
2008-04-15,Blackpool,ENG,1482.9
2008-04-15,Bolton,ENG,1686.08
2008-04-15,Bristol City,ENG,1525.75
2008-04-15,Burnley,ENG,1500.26
2008-04-15,Cardiff,ENG,1550.87
2008-04-15,Charlton,ENG,1571.86
2008-04-15,Chelsea,ENG,2003.98
2008-04-15,Colchester,ENG,1452.35
2008-04-15,Coventry,ENG,1467.06
2008-04-15,Crystal Palace,ENG,1590.02
2008-04-15,Derby,ENG,1522.93
2008-04-15,Everton,ENG,1855.85
2008-04-15,Fulham,ENG,1651.25
2008-04-15,Hull,ENG,1584.06
2008-04-15,Ipswich,ENG,1543.96
2008-04-15,Leicester,ENG,1488.54
2008-04-15,Liverpool,ENG,1960.24
2008-04-15,Man City,ENG,1740.35
2008-04-15,Man United,ENG,2025.17
2008-04-15,Middlesbrough,ENG,1719.22
2008-04-15,Newcastle,ENG,1721.33
2008-04-15,Norwich,ENG,1496.9
2008-04-15,Plymouth Argyle,ENG,1532.95
2008-04-15,Portsmouth,ENG,1807.37
2008-04-15,Preston,ENG,1544.41
2008-04-15,QPR,ENG,1531.84
2008-04-15,Reading,ENG,1671.18
2008-04-15,Scunthorpe,ENG,1407.94
2008-04-15,Sheffield United,ENG,1584.19
2008-04-15,Sheffield Weds,ENG,1523.07
2008-04-15,Southampton,ENG,1507.29
2008-04-15,Stoke,ENG,1600.64
2008-04-15,Sunderland,ENG,1679.62
2008-04-15,Tottenham,ENG,1777.96
2008-04-15,Watford,ENG,1580.04
2008-04-15,West Brom,ENG,1607.68
2008-04-15,West Ham,ENG,1713.34
2008-04-15,Wigan,ENG,1668.21
2008-04-15,Wolves,ENG,1571.87
2008-05-01,Arsenal,ENG,1935.64
2008-05-01,Aston Villa,ENG,1819.67
2008-05-01,Barnsley,ENG,1483.82
2008-05-01,Birmingham,ENG,1660.13
2008-05-01,Blackburn,ENG,1786.17
2008-05-01,Blackpool,ENG,1483.01
2008-05-01,Bolton,ENG,1703.05
2008-05-01,Bristol City,ENG,1518.27
2008-05-01,Burnley,ENG,1510.88
2008-05-01,Cardiff,ENG,1534.03
2008-05-01,Charlton,ENG,1551.58
2008-05-01,Chelsea,ENG,2020.53
2008-05-01,Colchester,ENG,1430.42
2008-05-01,Coventry,ENG,1488.31
2008-05-01,Crystal Palace,ENG,1598.93
2008-05-01,Derby,ENG,1519.14
2008-05-01,Everton,ENG,1848.56
2008-05-01,Fulham,ENG,1661.86
2008-05-01,Hull,ENG,1593.93
2008-05-01,Ipswich,ENG,1550.52
2008-05-01,Leicester,ENG,1486.69
2008-05-01,Liverpool,ENG,1951.02
2008-05-01,Man City,ENG,1741.68
2008-05-01,Man United,ENG,2022.26
2008-05-01,Middlesbrough,ENG,1703.27
2008-05-01,Newcastle,ENG,1732.75
2008-05-01,Norwich,ENG,1505.44
2008-05-01,Plymouth Argyle,ENG,1544.37
2008-05-01,Portsmouth,ENG,1787.21
2008-05-01,Preston,ENG,1546.23
2008-05-01,QPR,ENG,1528.13
2008-05-01,Reading,ENG,1672.94
2008-05-01,Scunthorpe,ENG,1433.46
2008-05-01,Sheffield United,ENG,1600.6
2008-05-01,Sheffield Weds,ENG,1529.72
2008-05-01,Southampton,ENG,1504.55
2008-05-01,Stoke,ENG,1612.78
2008-05-01,Sunderland,ENG,1681.26
2008-05-01,Tottenham,ENG,1775.06
2008-05-01,Watford,ENG,1555.04
2008-05-01,West Brom,ENG,1620.14
2008-05-01,West Ham,ENG,1716.48
2008-05-01,Wigan,ENG,1677.26
2008-05-01,Wolves,ENG,1572.5
2008-05-15,Arsenal,ENG,1943.64
2008-05-15,Aston Villa,ENG,1800.69
2008-05-15,Barnsley,ENG,1474.81
2008-05-15,Birmingham,ENG,1668.01
2008-05-15,Blackburn,ENG,1771.83
2008-05-15,Blackpool,ENG,1483.07
2008-05-15,Bolton,ENG,1719.41
2008-05-15,Bristol City,ENG,1550.13
2008-05-15,Burnley,ENG,1500.88
2008-05-15,Cardiff,ENG,1543.05
2008-05-15,Charlton,ENG,1560.16
2008-05-15,Chelsea,ENG,2017.16
2008-05-15,Colchester,ENG,1432.49
2008-05-15,Coventry,ENG,1479.74
2008-05-15,Crystal Palace,ENG,1589.35
2008-05-15,Derby,ENG,1504.55
2008-05-15,Everton,ENG,1849.53
2008-05-15,Fulham,ENG,1683.31
2008-05-15,Hull,ENG,1607.36
2008-05-15,Ipswich,ENG,1557.89
2008-05-15,Leicester,ENG,1491.8
2008-05-15,Liverpool,ENG,1961.07
2008-05-15,Man City,ENG,1720.84
2008-05-15,Man United,ENG,2028.5
2008-05-15,Middlesbrough,ENG,1733.8
2008-05-15,Newcastle,ENG,1722.63
2008-05-15,Norwich,ENG,1495.45
2008-05-15,Plymouth Argyle,ENG,1538.67
2008-05-15,Portsmouth,ENG,1762.59
2008-05-15,Preston,ENG,1533.94
2008-05-15,QPR,ENG,1517.9
2008-05-15,Reading,ENG,1678.11
2008-05-15,Scunthorpe,ENG,1431.4
2008-05-15,Sheffield United,ENG,1591.85
2008-05-15,Sheffield Weds,ENG,1539.71
2008-05-15,Southampton,ENG,1513.3
2008-05-15,Stoke,ENG,1607.67
2008-05-15,Sunderland,ENG,1669.41
2008-05-15,Tottenham,ENG,1774.37
2008-05-15,Watford,ENG,1534.18
2008-05-15,West Brom,ENG,1630.37
2008-05-15,West Ham,ENG,1714.42
2008-05-15,Wigan,ENG,1692.05
2008-05-15,Wolves,ENG,1578.2
2008-06-01,Arsenal,ENG,1943.64
2008-06-01,Aston Villa,ENG,1800.69
2008-06-01,Barnsley,ENG,1474.81
2008-06-01,Birmingham,ENG,1668.01
2008-06-01,Blackburn,ENG,1771.83
2008-06-01,Blackpool,ENG,1483.07
2008-06-01,Bolton,ENG,1719.41
2008-06-01,Bristol City,ENG,1543.48
2008-06-01,Burnley,ENG,1500.88
2008-06-01,Cardiff,ENG,1543.05
2008-06-01,Charlton,ENG,1560.16
2008-06-01,Chelsea,ENG,2017.49
2008-06-01,Colchester,ENG,1432.49
2008-06-01,Coventry,ENG,1479.74
2008-06-01,Crystal Palace,ENG,1589.35
2008-06-01,Derby,ENG,1504.55
2008-06-01,Everton,ENG,1849.53
2008-06-01,Fulham,ENG,1683.31
2008-06-01,Hull,ENG,1614.02
2008-06-01,Ipswich,ENG,1557.89
2008-06-01,Leicester,ENG,1491.8
2008-06-01,Liverpool,ENG,1961.07
2008-06-01,Man City,ENG,1720.84
2008-06-01,Man United,ENG,2028.17
2008-06-01,Middlesbrough,ENG,1733.8
2008-06-01,Newcastle,ENG,1722.63
2008-06-01,Norwich,ENG,1495.45
2008-06-01,Plymouth Argyle,ENG,1538.67
2008-06-01,Portsmouth,ENG,1762.59
2008-06-01,Preston,ENG,1533.94
2008-06-01,QPR,ENG,1517.9
2008-06-01,Reading,ENG,1678.11
2008-06-01,Scunthorpe,ENG,1431.4
2008-06-01,Sheffield United,ENG,1591.85
2008-06-01,Sheffield Weds,ENG,1539.71
2008-06-01,Southampton,ENG,1513.3
2008-06-01,Stoke,ENG,1607.67
2008-06-01,Sunderland,ENG,1669.41
2008-06-01,Tottenham,ENG,1774.37
2008-06-01,Watford,ENG,1534.18
2008-06-01,West Brom,ENG,1630.37
2008-06-01,West Ham,ENG,1714.42
2008-06-01,Wigan,ENG,1692.05
2008-06-01,Wolves,ENG,1578.2
2008-06-15,Arsenal,ENG,1943.64
2008-06-15,Aston Villa,ENG,1800.69
2008-06-15,Barnsley,ENG,1474.81
2008-06-15,Birmingham,ENG,1668.01
2008-06-15,Blackburn,ENG,1771.83
2008-06-15,Blackpool,ENG,1483.07
2008-06-15,Bolton,ENG,1719.41
2008-06-15,Bristol City,ENG,1543.48
2008-06-15,Burnley,ENG,1500.88
2008-06-15,Cardiff,ENG,1543.05
2008-06-15,Charlton,ENG,1560.16
2008-06-15,Chelsea,ENG,2017.49
2008-06-15,Colchester,ENG,1432.49
2008-06-15,Coventry,ENG,1479.74
2008-06-15,Crystal Palace,ENG,1589.35
2008-06-15,Derby,ENG,1504.55
2008-06-15,Everton,ENG,1849.53
2008-06-15,Fulham,ENG,1683.31
2008-06-15,Hull,ENG,1614.02
2008-06-15,Ipswich,ENG,1557.89
2008-06-15,Leicester,ENG,1491.8
2008-06-15,Liverpool,ENG,1961.07
2008-06-15,Man City,ENG,1720.84
2008-06-15,Man United,ENG,2028.17
2008-06-15,Middlesbrough,ENG,1733.8
2008-06-15,Newcastle,ENG,1722.63
2008-06-15,Norwich,ENG,1495.45
2008-06-15,Plymouth Argyle,ENG,1538.67
2008-06-15,Portsmouth,ENG,1762.59
2008-06-15,Preston,ENG,1533.94
2008-06-15,QPR,ENG,1517.9
2008-06-15,Reading,ENG,1678.11
2008-06-15,Scunthorpe,ENG,1431.4
2008-06-15,Sheffield United,ENG,1591.85
2008-06-15,Sheffield Weds,ENG,1539.71
2008-06-15,Southampton,ENG,1513.3
2008-06-15,Stoke,ENG,1607.67
2008-06-15,Sunderland,ENG,1669.41
2008-06-15,Tottenham,ENG,1774.37
2008-06-15,Watford,ENG,1534.18
2008-06-15,West Brom,ENG,1630.37
2008-06-15,West Ham,ENG,1714.42
2008-06-15,Wigan,ENG,1692.05
2008-06-15,Wolves,ENG,1578.2
2008-07-01,Arsenal,ENG,1943.64
2008-07-01,Aston Villa,ENG,1800.69
2008-07-01,Barnsley,ENG,1474.81
2008-07-01,Birmingham,ENG,1668.01
2008-07-01,Blackburn,ENG,1771.83
2008-07-01,Blackpool,ENG,1483.07
2008-07-01,Bolton,ENG,1719.41
2008-07-01,Bristol City,ENG,1543.48
2008-07-01,Burnley,ENG,1500.88
2008-07-01,Cardiff,ENG,1543.05
2008-07-01,Charlton,ENG,1560.16
2008-07-01,Chelsea,ENG,2017.49
2008-07-01,Colchester,ENG,1432.49
2008-07-01,Coventry,ENG,1479.74
2008-07-01,Crystal Palace,ENG,1589.35
2008-07-01,Derby,ENG,1504.55
2008-07-01,Doncaster,ENG,1435.39
2008-07-01,Everton,ENG,1849.53
2008-07-01,Fulham,ENG,1683.31
2008-07-01,Hull,ENG,1614.02
2008-07-01,Ipswich,ENG,1557.89
2008-07-01,Leicester,ENG,1491.8
2008-07-01,Liverpool,ENG,1961.07
2008-07-01,Man City,ENG,1720.84
2008-07-01,Man United,ENG,2028.17
2008-07-01,Middlesbrough,ENG,1733.8
2008-07-01,Newcastle,ENG,1722.63
2008-07-01,Norwich,ENG,1495.45
2008-07-01,Nottm Forest,ENG,1435.39
2008-07-01,Plymouth Argyle,ENG,1538.67
2008-07-01,Portsmouth,ENG,1762.59
2008-07-01,Preston,ENG,1533.94
2008-07-01,QPR,ENG,1517.9
2008-07-01,Reading,ENG,1678.11
2008-07-01,Scunthorpe,ENG,1431.4
2008-07-01,Sheffield United,ENG,1591.85
2008-07-01,Sheffield Weds,ENG,1539.71
2008-07-01,Southampton,ENG,1513.3
2008-07-01,Stoke,ENG,1607.67
2008-07-01,Sunderland,ENG,1669.41
2008-07-01,Swansea,ENG,1435.39
2008-07-01,Tottenham,ENG,1774.37
2008-07-01,Watford,ENG,1534.18
2008-07-01,West Brom,ENG,1630.37
2008-07-01,West Ham,ENG,1714.42
2008-07-01,Wigan,ENG,1692.05
2008-07-01,Wolves,ENG,1578.2
2008-07-15,Arsenal,ENG,1943.64
2008-07-15,Aston Villa,ENG,1800.69
2008-07-15,Barnsley,ENG,1474.81
2008-07-15,Birmingham,ENG,1668.01
2008-07-15,Blackburn,ENG,1771.83
2008-07-15,Blackpool,ENG,1483.07
2008-07-15,Bolton,ENG,1719.41
2008-07-15,Bristol City,ENG,1543.48
2008-07-15,Burnley,ENG,1500.88
2008-07-15,Cardiff,ENG,1543.05
2008-07-15,Charlton,ENG,1560.16
2008-07-15,Chelsea,ENG,2017.49
2008-07-15,Coventry,ENG,1479.74
2008-07-15,Crystal Palace,ENG,1589.35
2008-07-15,Derby,ENG,1504.55
2008-07-15,Doncaster,ENG,1435.39
2008-07-15,Everton,ENG,1849.53
2008-07-15,Fulham,ENG,1683.31
2008-07-15,Hull,ENG,1614.02
2008-07-15,Ipswich,ENG,1557.89
2008-07-15,Liverpool,ENG,1961.07
2008-07-15,Man City,ENG,1720.84
2008-07-15,Man United,ENG,2028.17
2008-07-15,Middlesbrough,ENG,1733.8
2008-07-15,Newcastle,ENG,1722.63
2008-07-15,Norwich,ENG,1495.45
2008-07-15,Nottm Forest,ENG,1435.39
2008-07-15,Plymouth Argyle,ENG,1538.67
2008-07-15,Portsmouth,ENG,1762.59
2008-07-15,Preston,ENG,1533.94
2008-07-15,QPR,ENG,1517.9
2008-07-15,Reading,ENG,1678.11
2008-07-15,Sheffield United,ENG,1591.85
2008-07-15,Sheffield Weds,ENG,1539.71
2008-07-15,Southampton,ENG,1513.3
2008-07-15,Stoke,ENG,1607.67
2008-07-15,Sunderland,ENG,1669.41
2008-07-15,Swansea,ENG,1435.39
2008-07-15,Tottenham,ENG,1774.37
2008-07-15,Watford,ENG,1534.18
2008-07-15,West Brom,ENG,1630.37
2008-07-15,West Ham,ENG,1714.42
2008-07-15,Wigan,ENG,1692.05
2008-07-15,Wolves,ENG,1578.2
2008-08-01,Arsenal,ENG,1943.65
2008-08-01,Aston Villa,ENG,1800.7
2008-08-01,Barnsley,ENG,1474.81
2008-08-01,Birmingham,ENG,1668.02
2008-08-01,Blackburn,ENG,1771.84
2008-08-01,Blackpool,ENG,1483.07
2008-08-01,Bolton,ENG,1719.42
2008-08-01,Bristol City,ENG,1543.48
2008-08-01,Burnley,ENG,1500.89
2008-08-01,Cardiff,ENG,1543.05
2008-08-01,Charlton,ENG,1560.16
2008-08-01,Chelsea,ENG,2017.49
2008-08-01,Coventry,ENG,1479.74
2008-08-01,Crystal Palace,ENG,1589.36
2008-08-01,Derby,ENG,1504.55
2008-08-01,Doncaster,ENG,1435.39
2008-08-01,Everton,ENG,1849.54
2008-08-01,Fulham,ENG,1683.31
2008-08-01,Hull,ENG,1614.02
2008-08-01,Ipswich,ENG,1557.89
2008-08-01,Liverpool,ENG,1961.08
2008-08-01,Man City,ENG,1720.86
2008-08-01,Man United,ENG,2028.18
2008-08-01,Middlesbrough,ENG,1733.81
2008-08-01,Newcastle,ENG,1722.63
2008-08-01,Norwich,ENG,1495.45
2008-08-01,Nottm Forest,ENG,1435.39
2008-08-01,Plymouth Argyle,ENG,1538.67
2008-08-01,Portsmouth,ENG,1762.6
2008-08-01,Preston,ENG,1533.95
2008-08-01,QPR,ENG,1517.9
2008-08-01,Reading,ENG,1678.11
2008-08-01,Sheffield United,ENG,1591.86
2008-08-01,Sheffield Weds,ENG,1539.72
2008-08-01,Southampton,ENG,1513.3
2008-08-01,Stoke,ENG,1607.68
2008-08-01,Sunderland,ENG,1669.41
2008-08-01,Swansea,ENG,1435.39
2008-08-01,Tottenham,ENG,1774.37
2008-08-01,Watford,ENG,1534.18
2008-08-01,West Brom,ENG,1630.37
2008-08-01,West Ham,ENG,1714.42
2008-08-01,Wigan,ENG,1692.06
2008-08-01,Wolves,ENG,1578.2
2008-08-15,Arsenal,ENG,1941.73
2008-08-15,Aston Villa,ENG,1797.11
2008-08-15,Barnsley,ENG,1465.97
2008-08-15,Birmingham,ENG,1669.02
2008-08-15,Blackburn,ENG,1768.21
2008-08-15,Blackpool,ENG,1471.0
2008-08-15,Bolton,ENG,1715.79
2008-08-15,Bristol City,ENG,1548.31
2008-08-15,Burnley,ENG,1488.02
2008-08-15,Cardiff,ENG,1544.95
2008-08-15,Charlton,ENG,1561.64
2008-08-15,Chelsea,ENG,2013.87
2008-08-15,Coventry,ENG,1485.53
2008-08-15,Crystal Palace,ENG,1582.2
2008-08-15,Derby,ENG,1489.34
2008-08-15,Doncaster,ENG,1443.35
2008-08-15,Everton,ENG,1845.91
2008-08-15,Fulham,ENG,1679.69
2008-08-15,Hull,ENG,1610.4
2008-08-15,Ipswich,ENG,1543.65
2008-08-15,Liverpool,ENG,1956.21
2008-08-15,Man City,ENG,1705.26
2008-08-15,Man United,ENG,2024.56
2008-08-15,Middlesbrough,ENG,1730.18
2008-08-15,Newcastle,ENG,1719.01
2008-08-15,Norwich,ENG,1482.41
2008-08-15,Nottm Forest,ENG,1436.29
2008-08-15,Plymouth Argyle,ENG,1534.09
2008-08-15,Portsmouth,ENG,1758.97
2008-08-15,Preston,ENG,1540.94
2008-08-15,QPR,ENG,1519.49
2008-08-15,Reading,ENG,1669.96
2008-08-15,Sheffield United,ENG,1583.61
2008-08-15,Sheffield Weds,ENG,1545.33
2008-08-15,Southampton,ENG,1504.16
2008-08-15,Stoke,ENG,1604.05
2008-08-15,Sunderland,ENG,1665.79
2008-08-15,Swansea,ENG,1426.66
2008-08-15,Tottenham,ENG,1770.75
2008-08-15,Watford,ENG,1534.09
2008-08-15,West Brom,ENG,1626.75
2008-08-15,West Ham,ENG,1710.8
2008-08-15,Wigan,ENG,1688.43
2008-08-15,Wolves,ENG,1575.54
2008-09-01,Arsenal,ENG,1938.37
2008-09-01,Aston Villa,ENG,1797.31
2008-09-01,Barnsley,ENG,1465.98
2008-09-01,Birmingham,ENG,1677.11
2008-09-01,Blackburn,ENG,1762.87
2008-09-01,Blackpool,ENG,1477.31
2008-09-01,Bolton,ENG,1713.41
2008-09-01,Bristol City,ENG,1559.47
2008-09-01,Burnley,ENG,1479.55
2008-09-01,Cardiff,ENG,1546.74
2008-09-01,Charlton,ENG,1563.73
2008-09-01,Chelsea,ENG,2015.38
2008-09-01,Coventry,ENG,1475.1
2008-09-01,Crystal Palace,ENG,1563.96
2008-09-01,Derby,ENG,1476.07
2008-09-01,Doncaster,ENG,1447.45
2008-09-01,Everton,ENG,1820.2
2008-09-01,Fulham,ENG,1687.1
2008-09-01,Hull,ENG,1607.7
2008-09-01,Ipswich,ENG,1541.4
2008-09-01,Liverpool,ENG,1963.97
2008-09-01,Man City,ENG,1734.18
2008-09-01,Man United,ENG,2023.0
2008-09-01,Middlesbrough,ENG,1741.34
2008-09-01,Newcastle,ENG,1731.54
2008-09-01,Norwich,ENG,1489.85
2008-09-01,Nottm Forest,ENG,1432.79
2008-09-01,Plymouth Argyle,ENG,1520.65
2008-09-01,Portsmouth,ENG,1775.44
2008-09-01,Preston,ENG,1562.36
2008-09-01,QPR,ENG,1523.67
2008-09-01,Reading,ENG,1670.44
2008-09-01,Sheffield United,ENG,1600.84
2008-09-01,Sheffield Weds,ENG,1536.4
2008-09-01,Southampton,ENG,1499.98
2008-09-01,Stoke,ENG,1608.79
2008-09-01,Sunderland,ENG,1662.06
2008-09-01,Swansea,ENG,1451.34
2008-09-01,Tottenham,ENG,1761.66
2008-09-01,Watford,ENG,1541.26
2008-09-01,West Brom,ENG,1627.94
2008-09-01,West Ham,ENG,1721.66
2008-09-01,Wigan,ENG,1702.17
2008-09-01,Wolves,ENG,1606.94
2008-09-15,Arsenal,ENG,1949.21
2008-09-15,Aston Villa,ENG,1797.31
2008-09-15,Barnsley,ENG,1460.02
2008-09-15,Birmingham,ENG,1679.22
2008-09-15,Blackburn,ENG,1752.03
2008-09-15,Blackpool,ENG,1483.27
2008-09-15,Bolton,ENG,1706.45
2008-09-15,Bristol City,ENG,1561.18
2008-09-15,Burnley,ENG,1488.29
2008-09-15,Cardiff,ENG,1545.03
2008-09-15,Charlton,ENG,1551.28
2008-09-15,Chelsea,ENG,2020.24
2008-09-15,Coventry,ENG,1475.51
2008-09-15,Crystal Palace,ENG,1569.5
2008-09-15,Derby,ENG,1485.54
2008-09-15,Doncaster,ENG,1445.34
2008-09-15,Everton,ENG,1820.2
2008-09-15,Fulham,ENG,1694.06
2008-09-15,Hull,ENG,1620.54
2008-09-15,Ipswich,ENG,1554.69
2008-09-15,Liverpool,ENG,1971.91
2008-09-15,Man City,ENG,1729.32
2008-09-15,Man United,ENG,2015.05
2008-09-15,Middlesbrough,ENG,1735.85
2008-09-15,Newcastle,ENG,1718.69
2008-09-15,Norwich,ENG,1500.65
2008-09-15,Nottm Forest,ENG,1424.05
2008-09-15,Plymouth Argyle,ENG,1509.86
2008-09-15,Portsmouth,ENG,1780.92
2008-09-15,Preston,ENG,1561.94
2008-09-15,QPR,ENG,1523.67
2008-09-15,Reading,ENG,1657.15
2008-09-15,Sheffield United,ENG,1591.37
2008-09-15,Sheffield Weds,ENG,1545.51
2008-09-15,Southampton,ENG,1499.98
2008-09-15,Stoke,ENG,1608.79
2008-09-15,Sunderland,ENG,1665.2
2008-09-15,Swansea,ENG,1445.81
2008-09-15,Tottenham,ENG,1761.66
2008-09-15,Watford,ENG,1532.15
2008-09-15,West Brom,ENG,1636.48
2008-09-15,West Ham,ENG,1713.12
2008-09-15,Wigan,ENG,1699.03
2008-09-15,Wolves,ENG,1619.39
2008-10-01,Arsenal,ENG,1944.43
2008-10-01,Aston Villa,ENG,1819.01
2008-10-01,Barnsley,ENG,1449.91
2008-10-01,Birmingham,ENG,1678.02
2008-10-01,Blackburn,ENG,1768.27
2008-10-01,Blackpool,ENG,1492.49
2008-10-01,Bolton,ENG,1701.28
2008-10-01,Bristol City,ENG,1554.52
2008-10-01,Burnley,ENG,1517.76
2008-10-01,Cardiff,ENG,1553.74
2008-10-01,Charlton,ENG,1542.4
2008-10-01,Chelsea,ENG,2025.55
2008-10-01,Coventry,ENG,1487.88
2008-10-01,Crystal Palace,ENG,1564.11
2008-10-01,Derby,ENG,1507.73
2008-10-01,Doncaster,ENG,1413.9
2008-10-01,Everton,ENG,1808.62
2008-10-01,Fulham,ENG,1682.68
2008-10-01,Hull,ENG,1642.05
2008-10-01,Ipswich,ENG,1564.12
2008-10-01,Liverpool,ENG,1979.4
2008-10-01,Man City,ENG,1746.01
2008-10-01,Man United,ENG,2018.65
2008-10-01,Middlesbrough,ENG,1714.81
2008-10-01,Newcastle,ENG,1703.38
2008-10-01,Norwich,ENG,1494.57
2008-10-01,Nottm Forest,ENG,1417.54
2008-10-01,Plymouth Argyle,ENG,1540.59
2008-10-01,Portsmouth,ENG,1776.9
2008-10-01,Preston,ENG,1527.35
2008-10-01,QPR,ENG,1518.39
2008-10-01,Reading,ENG,1686.99
2008-10-01,Sheffield United,ENG,1593.4
2008-10-01,Sheffield Weds,ENG,1551.38
2008-10-01,Southampton,ENG,1510.83
2008-10-01,Stoke,ENG,1612.83
2008-10-01,Sunderland,ENG,1675.97
2008-10-01,Swansea,ENG,1460.14
2008-10-01,Tottenham,ENG,1743.48
2008-10-01,Watford,ENG,1514.36
2008-10-01,West Brom,ENG,1645.82
2008-10-01,West Ham,ENG,1733.86
2008-10-01,Wigan,ENG,1712.77
2008-10-01,Wolves,ENG,1630.0
2008-10-15,Arsenal,ENG,1934.89
2008-10-15,Aston Villa,ENG,1810.82
2008-10-15,Barnsley,ENG,1455.26
2008-10-15,Birmingham,ENG,1676.82
2008-10-15,Blackburn,ENG,1758.6
2008-10-15,Blackpool,ENG,1487.97
2008-10-15,Bolton,ENG,1712.28
2008-10-15,Bristol City,ENG,1540.56
2008-10-15,Burnley,ENG,1509.31
2008-10-15,Cardiff,ENG,1549.6
2008-10-15,Charlton,ENG,1544.96
2008-10-15,Chelsea,ENG,2017.14
2008-10-15,Coventry,ENG,1495.55
2008-10-15,Crystal Palace,ENG,1568.39
2008-10-15,Derby,ENG,1512.93
2008-10-15,Doncaster,ENG,1399.89
2008-10-15,Everton,ENG,1786.88
2008-10-15,Fulham,ENG,1671.16
2008-10-15,Hull,ENG,1650.09
2008-10-15,Ipswich,ENG,1552.9
2008-10-15,Liverpool,ENG,1980.95
2008-10-15,Man City,ENG,1738.29
2008-10-15,Man United,ENG,2019.66
2008-10-15,Middlesbrough,ENG,1720.34
2008-10-15,Newcastle,ENG,1703.46
2008-10-15,Norwich,ENG,1480.71
2008-10-15,Nottm Forest,ENG,1404.6
2008-10-15,Plymouth Argyle,ENG,1549.67
2008-10-15,Portsmouth,ENG,1776.28
2008-10-15,Preston,ENG,1516.25
2008-10-15,QPR,ENG,1510.94
2008-10-15,Reading,ENG,1686.79
2008-10-15,Sheffield United,ENG,1598.7
2008-10-15,Sheffield Weds,ENG,1533.64
2008-10-15,Southampton,ENG,1494.51
2008-10-15,Stoke,ENG,1605.52
2008-10-15,Sunderland,ENG,1676.86
2008-10-15,Swansea,ENG,1471.03
2008-10-15,Tottenham,ENG,1730.46
2008-10-15,Watford,ENG,1516.8
2008-10-15,West Brom,ENG,1648.67
2008-10-15,West Ham,ENG,1714.19
2008-10-15,Wigan,ENG,1698.57
2008-10-15,Wolves,ENG,1610.45
2008-11-01,Arsenal,ENG,1939.35
2008-11-01,Aston Villa,ENG,1824.22
2008-11-01,Barnsley,ENG,1461.2
2008-11-01,Birmingham,ENG,1667.39
2008-11-01,Blackburn,ENG,1746.25
2008-11-01,Blackpool,ENG,1482.85
2008-11-01,Bolton,ENG,1689.91
2008-11-01,Bristol City,ENG,1552.55
2008-11-01,Burnley,ENG,1532.23
2008-11-01,Cardiff,ENG,1567.56
2008-11-01,Charlton,ENG,1518.26
2008-11-01,Chelsea,ENG,2014.08
2008-11-01,Coventry,ENG,1474.13
2008-11-01,Crystal Palace,ENG,1552.12
2008-11-01,Derby,ENG,1517.59
2008-11-01,Doncaster,ENG,1381.24
2008-11-01,Everton,ENG,1789.47
2008-11-01,Fulham,ENG,1678.15
2008-11-01,Hull,ENG,1665.46
2008-11-01,Ipswich,ENG,1552.69
2008-11-01,Liverpool,ENG,1989.86
2008-11-01,Man City,ENG,1730.84
2008-11-01,Man United,ENG,2015.44
2008-11-01,Middlesbrough,ENG,1721.54
2008-11-01,Newcastle,ENG,1695.28
2008-11-01,Norwich,ENG,1483.34
2008-11-01,Nottm Forest,ENG,1405.63
2008-11-01,Plymouth Argyle,ENG,1538.99
2008-11-01,Portsmouth,ENG,1749.29
2008-11-01,Preston,ENG,1520.39
2008-11-01,QPR,ENG,1527.29
2008-11-01,Reading,ENG,1656.97
2008-11-01,Sheffield United,ENG,1586.75
2008-11-01,Sheffield Weds,ENG,1513.75
2008-11-01,Southampton,ENG,1465.27
2008-11-01,Stoke,ENG,1611.87
2008-11-01,Sunderland,ENG,1672.27
2008-11-01,Swansea,ENG,1476.77
2008-11-01,Tottenham,ENG,1722.77
2008-11-01,Watford,ENG,1508.82
2008-11-01,West Brom,ENG,1620.22
2008-11-01,West Ham,ENG,1693.75
2008-11-01,Wigan,ENG,1668.57
2008-11-01,Wolves,ENG,1604.41
2008-11-15,Arsenal,ENG,1919.66
2008-11-15,Aston Villa,ENG,1798.38
2008-11-15,Barnsley,ENG,1463.94
2008-11-15,Birmingham,ENG,1642.12
2008-11-15,Blackburn,ENG,1733.03
2008-11-15,Blackpool,ENG,1478.93
2008-11-15,Bolton,ENG,1702.87
2008-11-15,Bristol City,ENG,1541.99
2008-11-15,Burnley,ENG,1526.61
2008-11-15,Cardiff,ENG,1544.97
2008-11-15,Charlton,ENG,1498.58
2008-11-15,Chelsea,ENG,1999.7
2008-11-15,Coventry,ENG,1469.99
2008-11-15,Crystal Palace,ENG,1554.66
2008-11-15,Derby,ENG,1501.06
2008-11-15,Doncaster,ENG,1372.02
2008-11-15,Everton,ENG,1797.33
2008-11-15,Fulham,ENG,1674.99
2008-11-15,Hull,ENG,1648.92
2008-11-15,Ipswich,ENG,1562.46
2008-11-15,Liverpool,ENG,1966.94
2008-11-15,Man City,ENG,1708.43
2008-11-15,Man United,ENG,1995.46
2008-11-15,Middlesbrough,ENG,1724.44
2008-11-15,Newcastle,ENG,1695.02
2008-11-15,Norwich,ENG,1468.56
2008-11-15,Nottm Forest,ENG,1408.62
2008-11-15,Plymouth Argyle,ENG,1522.3
2008-11-15,Portsmouth,ENG,1739.17
2008-11-15,Preston,ENG,1503.77
2008-11-15,QPR,ENG,1520.13
2008-11-15,Reading,ENG,1668.36
2008-11-15,Sheffield United,ENG,1594.77
2008-11-15,Sheffield Weds,ENG,1513.91
2008-11-15,Southampton,ENG,1461.85
2008-11-15,Stoke,ENG,1623.03
2008-11-15,Sunderland,ENG,1654.99
2008-11-15,Swansea,ENG,1479.43
2008-11-15,Tottenham,ENG,1743.3
2008-11-15,Watford,ENG,1482.04
2008-11-15,West Brom,ENG,1613.48
2008-11-15,West Ham,ENG,1679.8
2008-11-15,Wigan,ENG,1670.68
2008-11-15,Wolves,ENG,1613.41
2008-12-01,Arsenal,ENG,1903.94
2008-12-01,Aston Villa,ENG,1821.06
2008-12-01,Barnsley,ENG,1471.85
2008-12-01,Birmingham,ENG,1663.5
2008-12-01,Blackburn,ENG,1715.82
2008-12-01,Blackpool,ENG,1467.26
2008-12-01,Bolton,ENG,1734.07
2008-12-01,Bristol City,ENG,1522.02
2008-12-01,Burnley,ENG,1539.71
2008-12-01,Cardiff,ENG,1552.91
2008-12-01,Charlton,ENG,1480.88
2008-12-01,Chelsea,ENG,1985.28
2008-12-01,Coventry,ENG,1477.3
2008-12-01,Crystal Palace,ENG,1567.42
2008-12-01,Derby,ENG,1499.56
2008-12-01,Doncaster,ENG,1398.36
2008-12-01,Everton,ENG,1799.23
2008-12-01,Fulham,ENG,1702.36
2008-12-01,Hull,ENG,1660.57
2008-12-01,Ipswich,ENG,1560.4
2008-12-01,Liverpool,ENG,1972.8
2008-12-01,Man City,ENG,1747.24
2008-12-01,Man United,ENG,2004.18
2008-12-01,Middlesbrough,ENG,1717.57
2008-12-01,Newcastle,ENG,1709.05
2008-12-01,Norwich,ENG,1461.41
2008-12-01,Nottm Forest,ENG,1421.45
2008-12-01,Plymouth Argyle,ENG,1532.63
2008-12-01,Portsmouth,ENG,1748.28
2008-12-01,Preston,ENG,1539.46
2008-12-01,QPR,ENG,1513.9
2008-12-01,Reading,ENG,1670.22
2008-12-01,Sheffield United,ENG,1591.17
2008-12-01,Sheffield Weds,ENG,1516.1
2008-12-01,Southampton,ENG,1479.07
2008-12-01,Stoke,ENG,1632.64
2008-12-01,Sunderland,ENG,1649.26
2008-12-01,Swansea,ENG,1491.41
2008-12-01,Tottenham,ENG,1744.53
2008-12-01,Watford,ENG,1492.93
2008-12-01,West Brom,ENG,1605.92
2008-12-01,West Ham,ENG,1695.47
2008-12-01,Wigan,ENG,1694.25
2008-12-01,Wolves,ENG,1641.89
2008-12-15,Arsenal,ENG,1878.05
2008-12-15,Aston Villa,ENG,1807.3
2008-12-15,Barnsley,ENG,1452.42
2008-12-15,Birmingham,ENG,1649.37
2008-12-15,Blackburn,ENG,1685.38
2008-12-15,Blackpool,ENG,1461.49
2008-12-15,Bolton,ENG,1709.13
2008-12-15,Bristol City,ENG,1500.1
2008-12-15,Burnley,ENG,1540.99
2008-12-15,Cardiff,ENG,1559.68
2008-12-15,Charlton,ENG,1448.44
2008-12-15,Chelsea,ENG,1970.25
2008-12-15,Coventry,ENG,1460.85
2008-12-15,Crystal Palace,ENG,1572.83
2008-12-15,Derby,ENG,1472.57
2008-12-15,Doncaster,ENG,1388.4
2008-12-15,Everton,ENG,1785.17
2008-12-15,Fulham,ENG,1688.6
2008-12-15,Hull,ENG,1663.45
2008-12-15,Ipswich,ENG,1533.52
2008-12-15,Liverpool,ENG,1954.21
2008-12-15,Man City,ENG,1721.7
2008-12-15,Man United,ENG,1978.42
2008-12-15,Middlesbrough,ENG,1699.8
2008-12-15,Newcastle,ENG,1710.72
2008-12-15,Norwich,ENG,1451.57
2008-12-15,Nottm Forest,ENG,1405.63
2008-12-15,Plymouth Argyle,ENG,1501.74
2008-12-15,Portsmouth,ENG,1707.85
2008-12-15,Preston,ENG,1531.5
2008-12-15,QPR,ENG,1505.53
2008-12-15,Reading,ENG,1671.35
2008-12-15,Sheffield United,ENG,1571.79
2008-12-15,Sheffield Weds,ENG,1508.36
2008-12-15,Southampton,ENG,1452.96
2008-12-15,Stoke,ENG,1623.41
2008-12-15,Sunderland,ENG,1646.15
2008-12-15,Swansea,ENG,1479.35
2008-12-15,Tottenham,ENG,1748.32
2008-12-15,Watford,ENG,1489.05
2008-12-15,West Brom,ENG,1583.86
2008-12-15,West Ham,ENG,1685.55
2008-12-15,Wigan,ENG,1690.79
2008-12-15,Wolves,ENG,1629.41
2009-01-01,Arsenal,ENG,1875.02
2009-01-01,Aston Villa,ENG,1802.72
2009-01-01,Barnsley,ENG,1469.28
2009-01-01,Birmingham,ENG,1631.93
2009-01-01,Blackburn,ENG,1688.12
2009-01-01,Blackpool,ENG,1460.2
2009-01-01,Bolton,ENG,1696.2
2009-01-01,Bristol City,ENG,1507.49
2009-01-01,Burnley,ENG,1522.1
2009-01-01,Cardiff,ENG,1571.1
2009-01-01,Charlton,ENG,1430.07
2009-01-01,Chelsea,ENG,1957.17
2009-01-01,Coventry,ENG,1468.17
2009-01-01,Crystal Palace,ENG,1565.79
2009-01-01,Derby,ENG,1458.67
2009-01-01,Doncaster,ENG,1404.19
2009-01-01,Everton,ENG,1796.24
2009-01-01,Fulham,ENG,1702.7
2009-01-01,Hull,ENG,1624.79
2009-01-01,Ipswich,ENG,1528.71
2009-01-01,Liverpool,ENG,1959.15
2009-01-01,Man City,ENG,1709.94
2009-01-01,Man United,ENG,1976.21
2009-01-01,Middlesbrough,ENG,1673.46
2009-01-01,Newcastle,ENG,1697.46
2009-01-01,Norwich,ENG,1435.67
2009-01-01,Nottm Forest,ENG,1410.82
2009-01-01,Plymouth Argyle,ENG,1487.26
2009-01-01,Portsmouth,ENG,1679.26
2009-01-01,Preston,ENG,1526.28
2009-01-01,QPR,ENG,1503.72
2009-01-01,Reading,ENG,1668.65
2009-01-01,Sheffield United,ENG,1572.95
2009-01-01,Sheffield Weds,ENG,1481.56
2009-01-01,Southampton,ENG,1429.1
2009-01-01,Stoke,ENG,1602.02
2009-01-01,Sunderland,ENG,1650.32
2009-01-01,Swansea,ENG,1478.15
2009-01-01,Tottenham,ENG,1712.45
2009-01-01,Watford,ENG,1465.92
2009-01-01,West Brom,ENG,1600.43
2009-01-01,West Ham,ENG,1695.89
2009-01-01,Wigan,ENG,1702.16
2009-01-01,Wolves,ENG,1621.04
2009-01-15,Arsenal,ENG,1877.94
2009-01-15,Aston Villa,ENG,1805.19
2009-01-15,Barnsley,ENG,1458.48
2009-01-15,Birmingham,ENG,1631.93
2009-01-15,Blackburn,ENG,1688.12
2009-01-15,Blackpool,ENG,1460.2
2009-01-15,Bolton,ENG,1693.29
2009-01-15,Bristol City,ENG,1507.49
2009-01-15,Burnley,ENG,1506.71
2009-01-15,Cardiff,ENG,1571.1
2009-01-15,Charlton,ENG,1415.76
2009-01-15,Chelsea,ENG,1946.09
2009-01-15,Coventry,ENG,1470.94
2009-01-15,Crystal Palace,ENG,1565.79
2009-01-15,Derby,ENG,1458.67
2009-01-15,Doncaster,ENG,1404.19
2009-01-15,Everton,ENG,1800.48
2009-01-15,Fulham,ENG,1702.7
2009-01-15,Hull,ENG,1620.55
2009-01-15,Ipswich,ENG,1525.63
2009-01-15,Liverpool,ENG,1952.26
2009-01-15,Man City,ENG,1709.94
2009-01-15,Man United,ENG,1989.07
2009-01-15,Middlesbrough,ENG,1671.03
2009-01-15,Newcastle,ENG,1695.62
2009-01-15,Norwich,ENG,1432.12
2009-01-15,Nottm Forest,ENG,1425.13
2009-01-15,Plymouth Argyle,ENG,1487.26
2009-01-15,Portsmouth,ENG,1679.26
2009-01-15,Preston,ENG,1543.14
2009-01-15,QPR,ENG,1500.95
2009-01-15,Reading,ENG,1673.6
2009-01-15,Sheffield United,ENG,1576.51
2009-01-15,Sheffield Weds,ENG,1484.63
2009-01-15,Southampton,ENG,1439.9
2009-01-15,Stoke,ENG,1608.9
2009-01-15,Sunderland,ENG,1652.76
2009-01-15,Swansea,ENG,1493.53
2009-01-15,Tottenham,ENG,1705.59
2009-01-15,Watford,ENG,1460.96
2009-01-15,West Brom,ENG,1597.95
2009-01-15,West Ham,ENG,1697.74
2009-01-15,Wigan,ENG,1707.25
2009-01-15,Wolves,ENG,1604.19
2009-02-01,Arsenal,ENG,1876.64
2009-02-01,Aston Villa,ENG,1812.44
2009-02-01,Barnsley,ENG,1430.68
2009-02-01,Birmingham,ENG,1614.16
2009-02-01,Blackburn,ENG,1698.22
2009-02-01,Blackpool,ENG,1466.03
2009-02-01,Bolton,ENG,1699.25
2009-02-01,Bristol City,ENG,1527.7
2009-02-01,Burnley,ENG,1492.63
2009-02-01,Cardiff,ENG,1589.61
2009-02-01,Charlton,ENG,1412.34
2009-02-01,Chelsea,ENG,1949.64
2009-02-01,Coventry,ENG,1460.09
2009-02-01,Crystal Palace,ENG,1525.49
2009-02-01,Derby,ENG,1450.31
2009-02-01,Doncaster,ENG,1427.24
2009-02-01,Everton,ENG,1803.56
2009-02-01,Fulham,ENG,1694.41
2009-02-01,Hull,ENG,1607.58
2009-02-01,Ipswich,ENG,1547.18
2009-02-01,Liverpool,ENG,1941.96
2009-02-01,Man City,ENG,1712.64
2009-02-01,Man United,ENG,1999.07
2009-02-01,Middlesbrough,ENG,1653.62
2009-02-01,Newcastle,ENG,1678.45
2009-02-01,Norwich,ENG,1445.5
2009-02-01,Nottm Forest,ENG,1439.89
2009-02-01,Plymouth Argyle,ENG,1467.06
2009-02-01,Portsmouth,ENG,1666.56
2009-02-01,Preston,ENG,1534.99
2009-02-01,QPR,ENG,1530.37
2009-02-01,Reading,ENG,1661.15
2009-02-01,Sheffield United,ENG,1572.9
2009-02-01,Sheffield Weds,ENG,1487.03
2009-02-01,Southampton,ENG,1432.22
2009-02-01,Stoke,ENG,1610.98
2009-02-01,Sunderland,ENG,1654.81
2009-02-01,Swansea,ENG,1521.32
2009-02-01,Tottenham,ENG,1702.34
2009-02-01,Watford,ENG,1459.9
2009-02-01,West Brom,ENG,1610.13
2009-02-01,West Ham,ENG,1719.28
2009-02-01,Wigan,ENG,1710.12
2009-02-01,Wolves,ENG,1603.04
2009-02-15,Arsenal,ENG,1873.56
2009-02-15,Aston Villa,ENG,1821.94
2009-02-15,Barnsley,ENG,1430.68
2009-02-15,Birmingham,ENG,1609.2
2009-02-15,Blackburn,ENG,1688.72
2009-02-15,Blackpool,ENG,1455.07
2009-02-15,Bolton,ENG,1691.99
2009-02-15,Bristol City,ENG,1539.19
2009-02-15,Burnley,ENG,1497.59
2009-02-15,Cardiff,ENG,1589.61
2009-02-15,Charlton,ENG,1408.46
2009-02-15,Chelsea,ENG,1931.84
2009-02-15,Coventry,ENG,1469.88
2009-02-15,Crystal Palace,ENG,1525.49
2009-02-15,Derby,ENG,1468.42
2009-02-15,Doncaster,ENG,1438.2
2009-02-15,Everton,ENG,1810.82
2009-02-15,Fulham,ENG,1696.76
2009-02-15,Hull,ENG,1615.76
2009-02-15,Ipswich,ENG,1535.06
2009-02-15,Liverpool,ENG,1954.79
2009-02-15,Man City,ENG,1717.71
2009-02-15,Man United,ENG,2002.34
2009-02-15,Middlesbrough,ENG,1648.56
2009-02-15,Newcastle,ENG,1683.87
2009-02-15,Norwich,ENG,1443.6
2009-02-15,Nottm Forest,ENG,1440.56
2009-02-15,Plymouth Argyle,ENG,1452.67
2009-02-15,Portsmouth,ENG,1663.36
2009-02-15,Preston,ENG,1536.4
2009-02-15,QPR,ENG,1529.71
2009-02-15,Reading,ENG,1656.01
2009-02-15,Sheffield United,ENG,1567.05
2009-02-15,Sheffield Weds,ENG,1499.12
2009-02-15,Southampton,ENG,1425.99
2009-02-15,Stoke,ENG,1603.39
2009-02-15,Sunderland,ENG,1664.97
2009-02-15,Swansea,ENG,1533.44
2009-02-15,Tottenham,ENG,1705.42
2009-02-15,Watford,ENG,1459.9
2009-02-15,West Brom,ENG,1602.14
2009-02-15,West Ham,ENG,1716.0
2009-02-15,Wigan,ENG,1707.78
2009-02-15,Wolves,ENG,1587.54
2009-03-01,Arsenal,ENG,1862.41
2009-03-01,Aston Villa,ENG,1791.94
2009-03-01,Barnsley,ENG,1445.06
2009-03-01,Birmingham,ENG,1600.2
2009-03-01,Blackburn,ENG,1684.37
2009-03-01,Blackpool,ENG,1437.2
2009-03-01,Bolton,ENG,1695.97
2009-03-01,Bristol City,ENG,1546.07
2009-03-01,Burnley,ENG,1486.2
2009-03-01,Cardiff,ENG,1574.05
2009-03-01,Charlton,ENG,1423.43
2009-03-01,Chelsea,ENG,1941.58
2009-03-01,Coventry,ENG,1488.5
2009-03-01,Crystal Palace,ENG,1512.03
2009-03-01,Derby,ENG,1480.9
2009-03-01,Doncaster,ENG,1452.93
2009-03-01,Everton,ENG,1809.45
2009-03-01,Fulham,ENG,1703.29
2009-03-01,Hull,ENG,1605.2
2009-03-01,Ipswich,ENG,1539.39
2009-03-01,Liverpool,ENG,1932.82
2009-03-01,Man City,ENG,1718.65
2009-03-01,Man United,ENG,2003.7
2009-03-01,Middlesbrough,ENG,1665.29
2009-03-01,Newcastle,ENG,1682.6
2009-03-01,Norwich,ENG,1427.42
2009-03-01,Nottm Forest,ENG,1431.19
2009-03-01,Plymouth Argyle,ENG,1443.03
2009-03-01,Portsmouth,ENG,1671.51
2009-03-01,Preston,ENG,1531.38
2009-03-01,QPR,ENG,1508.17
2009-03-01,Reading,ENG,1620.42
2009-03-01,Sheffield United,ENG,1562.13
2009-03-01,Sheffield Weds,ENG,1501.97
2009-03-01,Southampton,ENG,1440.94
2009-03-01,Stoke,ENG,1600.48
2009-03-01,Sunderland,ENG,1668.61
2009-03-01,Swansea,ENG,1521.31
2009-03-01,Tottenham,ENG,1695.53
2009-03-01,Watford,ENG,1491.83
2009-03-01,West Brom,ENG,1589.65
2009-03-01,West Ham,ENG,1706.04
2009-03-01,Wigan,ENG,1702.82
2009-03-01,Wolves,ENG,1561.27
2009-03-15,Arsenal,ENG,1874.79
2009-03-15,Aston Villa,ENG,1781.56
2009-03-15,Barnsley,ENG,1440.32
2009-03-15,Birmingham,ENG,1616.04
2009-03-15,Blackburn,ENG,1704.71
2009-03-15,Blackpool,ENG,1461.07
2009-03-15,Bolton,ENG,1682.74
2009-03-15,Bristol City,ENG,1547.64
2009-03-15,Burnley,ENG,1522.82
2009-03-15,Cardiff,ENG,1579.24
2009-03-15,Charlton,ENG,1418.02
2009-03-15,Chelsea,ENG,1956.23
2009-03-15,Coventry,ENG,1475.58
2009-03-15,Crystal Palace,ENG,1523.44
2009-03-15,Derby,ENG,1490.52
2009-03-15,Doncaster,ENG,1464.3
2009-03-15,Everton,ENG,1819.48
2009-03-15,Fulham,ENG,1703.14
2009-03-15,Hull,ENG,1617.54
2009-03-15,Ipswich,ENG,1541.66
2009-03-15,Liverpool,ENG,1976.6
2009-03-15,Man City,ENG,1738.18
2009-03-15,Man United,ENG,2002.44
2009-03-15,Middlesbrough,ENG,1659.86
2009-03-15,Newcastle,ENG,1681.71
2009-03-15,Norwich,ENG,1458.55
2009-03-15,Nottm Forest,ENG,1432.36
2009-03-15,Plymouth Argyle,ENG,1449.96
2009-03-15,Portsmouth,ENG,1677.25
2009-03-15,Preston,ENG,1526.05
2009-03-15,QPR,ENG,1495.05
2009-03-15,Reading,ENG,1612.92
2009-03-15,Sheffield United,ENG,1585.65
2009-03-15,Sheffield Weds,ENG,1500.06
2009-03-15,Southampton,ENG,1463.8
2009-03-15,Stoke,ENG,1623.29
2009-03-15,Sunderland,ENG,1663.81
2009-03-15,Swansea,ENG,1519.32
2009-03-15,Tottenham,ENG,1715.5
2009-03-15,Watford,ENG,1502.69
2009-03-15,West Brom,ENG,1592.61
2009-03-15,West Ham,ENG,1730.1
2009-03-15,Wigan,ENG,1710.15
2009-03-15,Wolves,ENG,1584.82
2009-04-01,Arsenal,ENG,1878.15
2009-04-01,Aston Villa,ENG,1761.18
2009-04-01,Barnsley,ENG,1451.94
2009-04-01,Birmingham,ENG,1606.87
2009-04-01,Blackburn,ENG,1699.92
2009-04-01,Blackpool,ENG,1455.79
2009-04-01,Bolton,ENG,1678.58
2009-04-01,Bristol City,ENG,1535.41
2009-04-01,Burnley,ENG,1529.25
2009-04-01,Cardiff,ENG,1564.18
2009-04-01,Charlton,ENG,1415.75
2009-04-01,Chelsea,ENG,1942.8
2009-04-01,Coventry,ENG,1478.24
2009-04-01,Crystal Palace,ENG,1508.83
2009-04-01,Derby,ENG,1484.13
2009-04-01,Doncaster,ENG,1448.65
2009-04-01,Everton,ENG,1805.79
2009-04-01,Fulham,ENG,1719.55
2009-04-01,Hull,ENG,1609.55
2009-04-01,Ipswich,ENG,1532.88
2009-04-01,Liverpool,ENG,1978.59
2009-04-01,Man City,ENG,1725.46
2009-04-01,Man United,ENG,1978.94
2009-04-01,Middlesbrough,ENG,1648.85
2009-04-01,Newcastle,ENG,1671.26
2009-04-01,Norwich,ENG,1460.63
2009-04-01,Nottm Forest,ENG,1423.08
2009-04-01,Plymouth Argyle,ENG,1438.73
2009-04-01,Portsmouth,ENG,1683.85
2009-04-01,Preston,ENG,1521.23
2009-04-01,QPR,ENG,1506.43
2009-04-01,Reading,ENG,1614.01
2009-04-01,Sheffield United,ENG,1599.29
2009-04-01,Sheffield Weds,ENG,1495.04
2009-04-01,Southampton,ENG,1461.99
2009-04-01,Stoke,ENG,1627.2
2009-04-01,Sunderland,ENG,1655.16
2009-04-01,Swansea,ENG,1510.09
2009-04-01,Tottenham,ENG,1735.55
2009-04-01,Watford,ENG,1497.34
2009-04-01,West Brom,ENG,1594.88
2009-04-01,West Ham,ENG,1722.59
2009-04-01,Wigan,ENG,1711.05
2009-04-01,Wolves,ENG,1587.01
2009-04-15,Arsenal,ENG,1890.34
2009-04-15,Aston Villa,ENG,1754.59
2009-04-15,Barnsley,ENG,1434.26
2009-04-15,Birmingham,ENG,1602.68
2009-04-15,Blackburn,ENG,1699.48
2009-04-15,Blackpool,ENG,1455.48
2009-04-15,Bolton,ENG,1682.91
2009-04-15,Bristol City,ENG,1517.76
2009-04-15,Burnley,ENG,1524.11
2009-04-15,Cardiff,ENG,1584.47
2009-04-15,Charlton,ENG,1429.02
2009-04-15,Chelsea,ENG,1961.76
2009-04-15,Coventry,ENG,1461.34
2009-04-15,Crystal Palace,ENG,1484.53
2009-04-15,Derby,ENG,1474.77
2009-04-15,Doncaster,ENG,1440.96
2009-04-15,Everton,ENG,1811.11
2009-04-15,Fulham,ENG,1725.78
2009-04-15,Hull,ENG,1597.61
2009-04-15,Ipswich,ENG,1507.25
2009-04-15,Liverpool,ENG,1965.68
2009-04-15,Man City,ENG,1694.18
2009-04-15,Man United,ENG,1973.04
2009-04-15,Middlesbrough,ENG,1643.02
2009-04-15,Newcastle,ENG,1663.52
2009-04-15,Norwich,ENG,1453.78
2009-04-15,Nottm Forest,ENG,1437.1
2009-04-15,Plymouth Argyle,ENG,1465.23
2009-04-15,Portsmouth,ENG,1675.18
2009-04-15,Preston,ENG,1519.8
2009-04-15,QPR,ENG,1501.32
2009-04-15,Reading,ENG,1595.78
2009-04-15,Sheffield United,ENG,1609.43
2009-04-15,Sheffield Weds,ENG,1482.92
2009-04-15,Southampton,ENG,1451.62
2009-04-15,Stoke,ENG,1634.68
2009-04-15,Sunderland,ENG,1641.49
2009-04-15,Swansea,ENG,1525.61
2009-04-15,Tottenham,ENG,1730.9
2009-04-15,Watford,ENG,1484.25
2009-04-15,West Brom,ENG,1582.8
2009-04-15,West Ham,ENG,1719.12
2009-04-15,Wigan,ENG,1688.93
2009-04-15,Wolves,ENG,1587.92
2009-05-01,Arsenal,ENG,1909.85
2009-05-01,Aston Villa,ENG,1758.68
2009-05-01,Barnsley,ENG,1451.73
2009-05-01,Birmingham,ENG,1604.77
2009-05-01,Blackburn,ENG,1707.69
2009-05-01,Blackpool,ENG,1461.4
2009-05-01,Bolton,ENG,1683.6
2009-05-01,Bristol City,ENG,1516.02
2009-05-01,Burnley,ENG,1539.11
2009-05-01,Cardiff,ENG,1550.32
2009-05-01,Charlton,ENG,1431.39
2009-05-01,Chelsea,ENG,1969.67
2009-05-01,Coventry,ENG,1449.97
2009-05-01,Crystal Palace,ENG,1487.65
2009-05-01,Derby,ENG,1471.87
2009-05-01,Doncaster,ENG,1476.49
2009-05-01,Everton,ENG,1811.14
2009-05-01,Fulham,ENG,1737.01
2009-05-01,Hull,ENG,1596.49
2009-05-01,Ipswich,ENG,1538.76
2009-05-01,Liverpool,ENG,1971.51
2009-05-01,Man City,ENG,1719.14
2009-05-01,Man United,ENG,2002.05
2009-05-01,Middlesbrough,ENG,1648.07
2009-05-01,Newcastle,ENG,1664.47
2009-05-01,Norwich,ENG,1447.38
2009-05-01,Nottm Forest,ENG,1453.56
2009-05-01,Plymouth Argyle,ENG,1457.45
2009-05-01,Portsmouth,ENG,1688.18
2009-05-01,Preston,ENG,1558.67
2009-05-01,QPR,ENG,1500.59
2009-05-01,Reading,ENG,1614.88
2009-05-01,Sheffield United,ENG,1612.93
2009-05-01,Sheffield Weds,ENG,1500.65
2009-05-01,Southampton,ENG,1451.21
2009-05-01,Stoke,ENG,1645.27
2009-05-01,Sunderland,ENG,1639.96
2009-05-01,Swansea,ENG,1534.19
2009-05-01,Tottenham,ENG,1739.51
2009-05-01,Watford,ENG,1493.78
2009-05-01,West Brom,ENG,1598.43
2009-05-01,West Ham,ENG,1724.85
2009-05-01,Wigan,ENG,1686.76
2009-05-01,Wolves,ENG,1597.29
2009-05-15,Arsenal,ENG,1890.26
2009-05-15,Aston Villa,ENG,1748.91
2009-05-15,Barnsley,ENG,1459.05
2009-05-15,Birmingham,ENG,1612.25
2009-05-15,Blackburn,ENG,1704.64
2009-05-15,Blackpool,ENG,1470.17
2009-05-15,Bolton,ENG,1679.45
2009-05-15,Bristol City,ENG,1501.39
2009-05-15,Burnley,ENG,1570.61
2009-05-15,Cardiff,ENG,1539.78
2009-05-15,Charlton,ENG,1438.23
2009-05-15,Chelsea,ENG,1975.49
2009-05-15,Coventry,ENG,1442.66
2009-05-15,Crystal Palace,ENG,1486.63
2009-05-15,Derby,ENG,1460.79
2009-05-15,Doncaster,ENG,1469.83
2009-05-15,Everton,ENG,1812.18
2009-05-15,Fulham,ENG,1741.15
2009-05-15,Hull,ENG,1581.9
2009-05-15,Ipswich,ENG,1540.54
2009-05-15,Liverpool,ENG,1977.93
2009-05-15,Man City,ENG,1722.89
2009-05-15,Man United,ENG,2016.51
2009-05-15,Middlesbrough,ENG,1633.57
2009-05-15,Newcastle,ENG,1667.87
2009-05-15,Norwich,ENG,1435.01
2009-05-15,Nottm Forest,ENG,1459.96
2009-05-15,Plymouth Argyle,ENG,1444.61
2009-05-15,Portsmouth,ENG,1669.54
2009-05-15,Preston,ENG,1551.96
2009-05-15,QPR,ENG,1492.6
2009-05-15,Reading,ENG,1579.47
2009-05-15,Sheffield United,ENG,1617.59
2009-05-15,Sheffield Weds,ENG,1505.65
2009-05-15,Southampton,ENG,1439.28
2009-05-15,Stoke,ENG,1643.52
2009-05-15,Sunderland,ENG,1632.82
2009-05-15,Swansea,ENG,1519.88
2009-05-15,Tottenham,ENG,1744.0
2009-05-15,Watford,ENG,1499.33
2009-05-15,West Brom,ENG,1604.71
2009-05-15,West Ham,ENG,1723.06
2009-05-15,Wigan,ENG,1667.25
2009-05-15,Wolves,ENG,1598.42
2009-06-01,Arsenal,ENG,1894.85
2009-06-01,Aston Villa,ENG,1747.97
2009-06-01,Barnsley,ENG,1455.08
2009-06-01,Birmingham,ENG,1608.28
2009-06-01,Blackburn,ENG,1693.73
2009-06-01,Blackpool,ENG,1466.21
2009-06-01,Bolton,ENG,1665.67
2009-06-01,Bristol City,ENG,1497.42
2009-06-01,Burnley,ENG,1575.97
2009-06-01,Cardiff,ENG,1535.81
2009-06-01,Charlton,ENG,1434.26
2009-06-01,Chelsea,ENG,1976.26
2009-06-01,Coventry,ENG,1438.69
2009-06-01,Crystal Palace,ENG,1482.66
2009-06-01,Derby,ENG,1456.82
2009-06-01,Doncaster,ENG,1465.86
2009-06-01,Everton,ENG,1826.16
2009-06-01,Fulham,ENG,1733.57
2009-06-01,Hull,ENG,1580.84
2009-06-01,Ipswich,ENG,1536.57
2009-06-01,Liverpool,ENG,1979.56
2009-06-01,Man City,ENG,1718.45
2009-06-01,Man United,ENG,1995.64
2009-06-01,Middlesbrough,ENG,1626.32
2009-06-01,Newcastle,ENG,1651.59
2009-06-01,Norwich,ENG,1431.04
2009-06-01,Nottm Forest,ENG,1455.99
2009-06-01,Plymouth Argyle,ENG,1440.64
2009-06-01,Portsmouth,ENG,1666.55
2009-06-01,Preston,ENG,1547.99
2009-06-01,QPR,ENG,1488.63
2009-06-01,Reading,ENG,1575.5
2009-06-01,Sheffield United,ENG,1604.3
2009-06-01,Sheffield Weds,ENG,1501.68
2009-06-01,Southampton,ENG,1435.31
2009-06-01,Stoke,ENG,1646.1
2009-06-01,Sunderland,ENG,1618.62
2009-06-01,Swansea,ENG,1515.92
2009-06-01,Tottenham,ENG,1742.94
2009-06-01,Watford,ENG,1495.36
2009-06-01,West Brom,ENG,1602.59
2009-06-01,West Ham,ENG,1717.32
2009-06-01,Wigan,ENG,1660.18
2009-06-01,Wolves,ENG,1594.45
2009-06-15,Arsenal,ENG,1894.85
2009-06-15,Aston Villa,ENG,1747.97
2009-06-15,Barnsley,ENG,1455.08
2009-06-15,Birmingham,ENG,1608.28
2009-06-15,Blackburn,ENG,1693.73
2009-06-15,Blackpool,ENG,1466.21
2009-06-15,Bolton,ENG,1665.67
2009-06-15,Bristol City,ENG,1497.42
2009-06-15,Burnley,ENG,1575.97
2009-06-15,Cardiff,ENG,1535.81
2009-06-15,Charlton,ENG,1434.26
2009-06-15,Chelsea,ENG,1976.26
2009-06-15,Coventry,ENG,1438.69
2009-06-15,Crystal Palace,ENG,1482.66
2009-06-15,Derby,ENG,1456.82
2009-06-15,Doncaster,ENG,1465.86
2009-06-15,Everton,ENG,1826.16
2009-06-15,Fulham,ENG,1733.57
2009-06-15,Hull,ENG,1580.84
2009-06-15,Ipswich,ENG,1536.57
2009-06-15,Liverpool,ENG,1979.56
2009-06-15,Man City,ENG,1718.45
2009-06-15,Man United,ENG,1995.64
2009-06-15,Middlesbrough,ENG,1626.32
2009-06-15,Newcastle,ENG,1651.59
2009-06-15,Norwich,ENG,1431.04
2009-06-15,Nottm Forest,ENG,1455.99
2009-06-15,Plymouth Argyle,ENG,1440.64
2009-06-15,Portsmouth,ENG,1666.55
2009-06-15,Preston,ENG,1547.99
2009-06-15,QPR,ENG,1488.63
2009-06-15,Reading,ENG,1575.5
2009-06-15,Sheffield United,ENG,1604.3
2009-06-15,Sheffield Weds,ENG,1501.68
2009-06-15,Southampton,ENG,1435.31
2009-06-15,Stoke,ENG,1646.1
2009-06-15,Sunderland,ENG,1618.62
2009-06-15,Swansea,ENG,1515.92
2009-06-15,Tottenham,ENG,1742.94
2009-06-15,Watford,ENG,1495.36
2009-06-15,West Brom,ENG,1602.59
2009-06-15,West Ham,ENG,1717.32
2009-06-15,Wigan,ENG,1660.18
2009-06-15,Wolves,ENG,1594.45
2009-07-01,Arsenal,ENG,1894.85
2009-07-01,Aston Villa,ENG,1747.97
2009-07-01,Barnsley,ENG,1455.08
2009-07-01,Birmingham,ENG,1608.28
2009-07-01,Blackburn,ENG,1693.73
2009-07-01,Blackpool,ENG,1466.21
2009-07-01,Bolton,ENG,1665.67
2009-07-01,Bristol City,ENG,1497.42
2009-07-01,Burnley,ENG,1575.97
2009-07-01,Cardiff,ENG,1535.81
2009-07-01,Charlton,ENG,1434.26
2009-07-01,Chelsea,ENG,1976.26
2009-07-01,Coventry,ENG,1438.69
2009-07-01,Crystal Palace,ENG,1482.66
2009-07-01,Derby,ENG,1456.82
2009-07-01,Doncaster,ENG,1465.86
2009-07-01,Everton,ENG,1826.16
2009-07-01,Fulham,ENG,1733.57
2009-07-01,Hull,ENG,1580.84
2009-07-01,Ipswich,ENG,1536.57
2009-07-01,Leicester,ENG,1418.93
2009-07-01,Liverpool,ENG,1979.56
2009-07-01,Man City,ENG,1718.45
2009-07-01,Man United,ENG,1995.64
2009-07-01,Middlesbrough,ENG,1626.32
2009-07-01,Newcastle,ENG,1651.59
2009-07-01,Norwich,ENG,1431.04
2009-07-01,Nottm Forest,ENG,1455.99
2009-07-01,Peterboro,ENG,1418.93
2009-07-01,Plymouth Argyle,ENG,1440.64
2009-07-01,Portsmouth,ENG,1666.55
2009-07-01,Preston,ENG,1547.99
2009-07-01,QPR,ENG,1488.63
2009-07-01,Reading,ENG,1575.5
2009-07-01,Scunthorpe,ENG,1418.93
2009-07-01,Sheffield United,ENG,1604.3
2009-07-01,Sheffield Weds,ENG,1501.68
2009-07-01,Southampton,ENG,1435.31
2009-07-01,Stoke,ENG,1646.1
2009-07-01,Sunderland,ENG,1618.62
2009-07-01,Swansea,ENG,1515.92
2009-07-01,Tottenham,ENG,1742.94
2009-07-01,Watford,ENG,1495.36
2009-07-01,West Brom,ENG,1602.59
2009-07-01,West Ham,ENG,1717.32
2009-07-01,Wigan,ENG,1660.18
2009-07-01,Wolves,ENG,1594.45
2009-07-15,Arsenal,ENG,1894.85
2009-07-15,Aston Villa,ENG,1747.97
2009-07-15,Barnsley,ENG,1455.08
2009-07-15,Birmingham,ENG,1608.28
2009-07-15,Blackburn,ENG,1693.73
2009-07-15,Blackpool,ENG,1466.21
2009-07-15,Bolton,ENG,1665.67
2009-07-15,Bristol City,ENG,1497.42
2009-07-15,Burnley,ENG,1575.97
2009-07-15,Cardiff,ENG,1535.81
2009-07-15,Chelsea,ENG,1976.26
2009-07-15,Coventry,ENG,1438.69
2009-07-15,Crystal Palace,ENG,1482.66
2009-07-15,Derby,ENG,1456.82
2009-07-15,Doncaster,ENG,1465.86
2009-07-15,Everton,ENG,1826.16
2009-07-15,Fulham,ENG,1733.57
2009-07-15,Hull,ENG,1580.84
2009-07-15,Ipswich,ENG,1536.57
2009-07-15,Leicester,ENG,1418.93
2009-07-15,Liverpool,ENG,1979.56
2009-07-15,Man City,ENG,1718.45
2009-07-15,Man United,ENG,1995.64
2009-07-15,Middlesbrough,ENG,1626.32
2009-07-15,Newcastle,ENG,1651.59
2009-07-15,Nottm Forest,ENG,1455.99
2009-07-15,Peterboro,ENG,1418.93
2009-07-15,Plymouth Argyle,ENG,1440.64
2009-07-15,Portsmouth,ENG,1666.55
2009-07-15,Preston,ENG,1547.99
2009-07-15,QPR,ENG,1488.63
2009-07-15,Reading,ENG,1575.5
2009-07-15,Scunthorpe,ENG,1418.93
2009-07-15,Sheffield United,ENG,1604.3
2009-07-15,Sheffield Weds,ENG,1501.68
2009-07-15,Stoke,ENG,1646.1
2009-07-15,Sunderland,ENG,1618.62
2009-07-15,Swansea,ENG,1515.92
2009-07-15,Tottenham,ENG,1742.94
2009-07-15,Watford,ENG,1495.36
2009-07-15,West Brom,ENG,1602.59
2009-07-15,West Ham,ENG,1717.32
2009-07-15,Wigan,ENG,1660.18
2009-07-15,Wolves,ENG,1594.45
2009-08-01,Arsenal,ENG,1894.91
2009-08-01,Aston Villa,ENG,1748.02
2009-08-01,Barnsley,ENG,1455.13
2009-08-01,Birmingham,ENG,1608.33
2009-08-01,Blackburn,ENG,1693.79
2009-08-01,Blackpool,ENG,1466.26
2009-08-01,Bolton,ENG,1665.73
2009-08-01,Bristol City,ENG,1497.47
2009-08-01,Burnley,ENG,1576.03
2009-08-01,Cardiff,ENG,1535.87
2009-08-01,Chelsea,ENG,1976.31
2009-08-01,Coventry,ENG,1438.75
2009-08-01,Crystal Palace,ENG,1482.72
2009-08-01,Derby,ENG,1456.88
2009-08-01,Doncaster,ENG,1465.92
2009-08-01,Everton,ENG,1826.21
2009-08-01,Fulham,ENG,1733.81
2009-08-01,Hull,ENG,1580.9
2009-08-01,Ipswich,ENG,1536.62
2009-08-01,Leicester,ENG,1418.99
2009-08-01,Liverpool,ENG,1979.62
2009-08-01,Man City,ENG,1718.5
2009-08-01,Man United,ENG,1995.7
2009-08-01,Middlesbrough,ENG,1626.37
2009-08-01,Newcastle,ENG,1651.65
2009-08-01,Nottm Forest,ENG,1456.05
2009-08-01,Peterboro,ENG,1418.99
2009-08-01,Plymouth Argyle,ENG,1440.69
2009-08-01,Portsmouth,ENG,1666.61
2009-08-01,Preston,ENG,1548.05
2009-08-01,QPR,ENG,1488.68
2009-08-01,Reading,ENG,1575.55
2009-08-01,Scunthorpe,ENG,1418.99
2009-08-01,Sheffield United,ENG,1604.35
2009-08-01,Sheffield Weds,ENG,1501.74
2009-08-01,Stoke,ENG,1646.15
2009-08-01,Sunderland,ENG,1618.68
2009-08-01,Swansea,ENG,1515.97
2009-08-01,Tottenham,ENG,1743.0
2009-08-01,Watford,ENG,1495.42
2009-08-01,West Brom,ENG,1602.64
2009-08-01,West Ham,ENG,1717.38
2009-08-01,Wigan,ENG,1660.23
2009-08-01,Wolves,ENG,1594.5
2009-08-15,Arsenal,ENG,1894.93
2009-08-15,Aston Villa,ENG,1748.04
2009-08-15,Barnsley,ENG,1458.32
2009-08-15,Birmingham,ENG,1608.36
2009-08-15,Blackburn,ENG,1693.81
2009-08-15,Blackpool,ENG,1468.81
2009-08-15,Bolton,ENG,1665.75
2009-08-15,Bristol City,ENG,1500.77
2009-08-15,Burnley,ENG,1576.05
2009-08-15,Cardiff,ENG,1543.62
2009-08-15,Chelsea,ENG,1976.34
2009-08-15,Coventry,ENG,1447.65
2009-08-15,Crystal Palace,ENG,1479.69
2009-08-15,Derby,ENG,1462.37
2009-08-15,Doncaster,ENG,1468.66
2009-08-15,Everton,ENG,1826.23
2009-08-15,Fulham,ENG,1733.91
2009-08-15,Hull,ENG,1580.92
2009-08-15,Ipswich,ENG,1527.77
2009-08-15,Leicester,ENG,1427.88
2009-08-15,Liverpool,ENG,1979.64
2009-08-15,Man City,ENG,1718.53
2009-08-15,Man United,ENG,1995.72
2009-08-15,Middlesbrough,ENG,1623.88
2009-08-15,Newcastle,ENG,1652.2
2009-08-15,Nottm Forest,ENG,1460.98
2009-08-15,Peterboro,ENG,1413.54
2009-08-15,Plymouth Argyle,ENG,1443.77
2009-08-15,Portsmouth,ENG,1666.63
2009-08-15,Preston,ENG,1544.8
2009-08-15,QPR,ENG,1486.18
2009-08-15,Reading,ENG,1570.66
2009-08-15,Scunthorpe,ENG,1411.29
2009-08-15,Sheffield United,ENG,1606.9
2009-08-15,Sheffield Weds,ENG,1498.59
2009-08-15,Stoke,ENG,1646.18
2009-08-15,Sunderland,ENG,1618.7
2009-08-15,Swansea,ENG,1507.13
2009-08-15,Tottenham,ENG,1743.02
2009-08-15,Watford,ENG,1492.72
2009-08-15,West Brom,ENG,1602.14
2009-08-15,West Ham,ENG,1717.4
2009-08-15,Wigan,ENG,1660.25
2009-08-15,Wolves,ENG,1594.53
2009-09-01,Arsenal,ENG,1913.98
2009-09-01,Aston Villa,ENG,1746.46
2009-09-01,Barnsley,ENG,1414.94
2009-09-01,Birmingham,ENG,1610.4
2009-09-01,Blackburn,ENG,1671.15
2009-09-01,Blackpool,ENG,1479.18
2009-09-01,Bolton,ENG,1641.83
2009-09-01,Bristol City,ENG,1512.26
2009-09-01,Burnley,ENG,1594.45
2009-09-01,Cardiff,ENG,1548.99
2009-09-01,Chelsea,ENG,1986.47
2009-09-01,Coventry,ENG,1442.89
2009-09-01,Crystal Palace,ENG,1480.37
2009-09-01,Derby,ENG,1454.79
2009-09-01,Doncaster,ENG,1474.35
2009-09-01,Everton,ENG,1800.85
2009-09-01,Fulham,ENG,1729.19
2009-09-01,Hull,ENG,1579.67
2009-09-01,Ipswich,ENG,1500.46
2009-09-01,Leicester,ENG,1441.47
2009-09-01,Liverpool,ENG,1951.0
2009-09-01,Man City,ENG,1741.24
2009-09-01,Man United,ENG,1990.75
2009-09-01,Middlesbrough,ENG,1634.74
2009-09-01,Newcastle,ENG,1671.96
2009-09-01,Nottm Forest,ENG,1450.9
2009-09-01,Peterboro,ENG,1403.66
2009-09-01,Plymouth Argyle,ENG,1415.02
2009-09-01,Portsmouth,ENG,1638.55
2009-09-01,Preston,ENG,1560.48
2009-09-01,QPR,ENG,1484.54
2009-09-01,Reading,ENG,1558.04
2009-09-01,Scunthorpe,ENG,1394.29
2009-09-01,Sheffield United,ENG,1615.88
2009-09-01,Sheffield Weds,ENG,1514.03
2009-09-01,Stoke,ENG,1656.0
2009-09-01,Sunderland,ENG,1627.26
2009-09-01,Swansea,ENG,1501.21
2009-09-01,Tottenham,ENG,1776.22
2009-09-01,Watford,ENG,1497.78
2009-09-01,West Brom,ENG,1619.5
2009-09-01,West Ham,ENG,1717.26
2009-09-01,Wigan,ENG,1654.22
2009-09-01,Wolves,ENG,1590.18
2009-09-15,Arsenal,ENG,1898.5
2009-09-15,Aston Villa,ENG,1752.7
2009-09-15,Barnsley,ENG,1410.29
2009-09-15,Birmingham,ENG,1604.17
2009-09-15,Blackburn,ENG,1677.9
2009-09-15,Blackpool,ENG,1471.61
2009-09-15,Bolton,ENG,1651.57
2009-09-15,Bristol City,ENG,1512.04
2009-09-15,Burnley,ENG,1592.35
2009-09-15,Cardiff,ENG,1542.56
2009-09-15,Chelsea,ENG,1988.98
2009-09-15,Coventry,ENG,1443.11
2009-09-15,Crystal Palace,ENG,1456.85
2009-09-15,Derby,ENG,1449.24
2009-09-15,Doncaster,ENG,1478.3
2009-09-15,Everton,ENG,1792.38
2009-09-15,Fulham,ENG,1737.66
2009-09-15,Hull,ENG,1570.22
2009-09-15,Ipswich,ENG,1495.28
2009-09-15,Leicester,ENG,1449.04
2009-09-15,Liverpool,ENG,1953.1
2009-09-15,Man City,ENG,1756.72
2009-09-15,Man United,ENG,1996.92
2009-09-15,Middlesbrough,ENG,1639.92
2009-09-15,Newcastle,ENG,1678.4
2009-09-15,Nottm Forest,ENG,1454.35
2009-09-15,Peterboro,ENG,1407.55
2009-09-15,Plymouth Argyle,ENG,1411.45
2009-09-15,Portsmouth,ENG,1628.81
2009-09-15,Preston,ENG,1567.8
2009-09-15,QPR,ENG,1480.66
2009-09-15,Reading,ENG,1554.08
2009-09-15,Scunthorpe,ENG,1417.8
2009-09-15,Sheffield United,ENG,1621.43
2009-09-15,Sheffield Weds,ENG,1510.59
2009-09-15,Stoke,ENG,1653.49
2009-09-15,Sunderland,ENG,1636.71
2009-09-15,Swansea,ENG,1493.88
2009-09-15,Tottenham,ENG,1770.05
2009-09-15,Watford,ENG,1502.43
2009-09-15,West Brom,ENG,1623.07
2009-09-15,West Ham,ENG,1708.93
2009-09-15,Wigan,ENG,1662.56
2009-09-15,Wolves,ENG,1583.43
2009-10-01,Arsenal,ENG,1915.21
2009-10-01,Aston Villa,ENG,1750.13
2009-10-01,Barnsley,ENG,1430.06
2009-10-01,Birmingham,ENG,1604.92
2009-10-01,Blackburn,ENG,1680.53
2009-10-01,Blackpool,ENG,1490.88
2009-10-01,Bolton,ENG,1659.62
2009-10-01,Bristol City,ENG,1510.89
2009-10-01,Burnley,ENG,1597.06
2009-10-01,Cardiff,ENG,1536.56
2009-10-01,Chelsea,ENG,1977.15
2009-10-01,Coventry,ENG,1465.06
2009-10-01,Crystal Palace,ENG,1476.57
2009-10-01,Derby,ENG,1431.64
2009-10-01,Doncaster,ENG,1472.65
2009-10-01,Everton,ENG,1810.12
2009-10-01,Fulham,ENG,1720.17
2009-10-01,Hull,ENG,1560.14
2009-10-01,Ipswich,ENG,1488.99
2009-10-01,Leicester,ENG,1457.42
2009-10-01,Liverpool,ENG,1944.17
2009-10-01,Man City,ENG,1762.91
2009-10-01,Man United,ENG,2007.56
2009-10-01,Middlesbrough,ENG,1610.01
2009-10-01,Newcastle,ENG,1674.41
2009-10-01,Nottm Forest,ENG,1466.13
2009-10-01,Peterboro,ENG,1403.95
2009-10-01,Plymouth Argyle,ENG,1403.95
2009-10-01,Portsmouth,ENG,1619.09
2009-10-01,Preston,ENG,1554.68
2009-10-01,QPR,ENG,1512.37
2009-10-01,Reading,ENG,1542.84
2009-10-01,Scunthorpe,ENG,1427.8
2009-10-01,Sheffield United,ENG,1600.53
2009-10-01,Sheffield Weds,ENG,1509.74
2009-10-01,Stoke,ENG,1652.72
2009-10-01,Sunderland,ENG,1636.59
2009-10-01,Swansea,ENG,1503.89
2009-10-01,Tottenham,ENG,1773.68
2009-10-01,Watford,ENG,1498.27
2009-10-01,West Brom,ENG,1620.77
2009-10-01,West Ham,ENG,1698.37
2009-10-01,Wigan,ENG,1680.07
2009-10-01,Wolves,ENG,1584.73
2009-10-15,Arsenal,ENG,1920.92
2009-10-15,Aston Villa,ENG,1750.18
2009-10-15,Barnsley,ENG,1439.6
2009-10-15,Birmingham,ENG,1599.68
2009-10-15,Blackburn,ENG,1677.87
2009-10-15,Blackpool,ENG,1480.43
2009-10-15,Bolton,ENG,1662.58
2009-10-15,Bristol City,ENG,1518.16
2009-10-15,Burnley,ENG,1605.35
2009-10-15,Cardiff,ENG,1555.41
2009-10-15,Chelsea,ENG,1986.76
2009-10-15,Coventry,ENG,1464.56
2009-10-15,Crystal Palace,ENG,1490.07
2009-10-15,Derby,ENG,1447.73
2009-10-15,Doncaster,ENG,1479.2
2009-10-15,Everton,ENG,1808.14
2009-10-15,Fulham,ENG,1725.74
2009-10-15,Hull,ENG,1571.26
2009-10-15,Ipswich,ENG,1482.51
2009-10-15,Leicester,ENG,1460.98
2009-10-15,Liverpool,ENG,1937.61
2009-10-15,Man City,ENG,1765.91
2009-10-15,Man United,ENG,2000.6
2009-10-15,Middlesbrough,ENG,1622.9
2009-10-15,Newcastle,ENG,1670.19
2009-10-15,Nottm Forest,ENG,1475.77
2009-10-15,Peterboro,ENG,1397.37
2009-10-15,Plymouth Argyle,ENG,1412.53
2009-10-15,Portsmouth,ENG,1629.5
2009-10-15,Preston,ENG,1556.27
2009-10-15,QPR,ENG,1504.23
2009-10-15,Reading,ENG,1533.0
2009-10-15,Scunthorpe,ENG,1422.28
2009-10-15,Sheffield United,ENG,1597.04
2009-10-15,Sheffield Weds,ENG,1496.71
2009-10-15,Stoke,ENG,1659.92
2009-10-15,Sunderland,ENG,1646.61
2009-10-15,Swansea,ENG,1515.08
2009-10-15,Tottenham,ENG,1773.77
2009-10-15,Watford,ENG,1482.47
2009-10-15,West Brom,ENG,1622.24
2009-10-15,West Ham,ENG,1698.77
2009-10-15,Wigan,ENG,1672.0
2009-10-15,Wolves,ENG,1577.37
2009-11-01,Arsenal,ENG,1909.29
2009-11-01,Aston Villa,ENG,1752.92
2009-11-01,Barnsley,ENG,1436.71
2009-11-01,Birmingham,ENG,1596.75
2009-11-01,Blackburn,ENG,1668.45
2009-11-01,Blackpool,ENG,1497.6
2009-11-01,Bolton,ENG,1655.95
2009-11-01,Bristol City,ENG,1514.99
2009-11-01,Burnley,ENG,1588.07
2009-11-01,Cardiff,ENG,1558.92
2009-11-01,Chelsea,ENG,1979.63
2009-11-01,Coventry,ENG,1431.44
2009-11-01,Crystal Palace,ENG,1476.19
2009-11-01,Derby,ENG,1420.47
2009-11-01,Doncaster,ENG,1462.42
2009-11-01,Everton,ENG,1761.23
2009-11-01,Fulham,ENG,1739.08
2009-11-01,Hull,ENG,1549.1
2009-11-01,Ipswich,ENG,1475.9
2009-11-01,Leicester,ENG,1483.03
2009-11-01,Liverpool,ENG,1899.01
2009-11-01,Man City,ENG,1753.11
2009-11-01,Man United,ENG,1985.26
2009-11-01,Middlesbrough,ENG,1590.9
2009-11-01,Newcastle,ENG,1640.9
2009-11-01,Nottm Forest,ENG,1485.42
2009-11-01,Peterboro,ENG,1390.12
2009-11-01,Plymouth Argyle,ENG,1405.46
2009-11-01,Portsmouth,ENG,1631.01
2009-11-01,Preston,ENG,1536.14
2009-11-01,QPR,ENG,1521.84
2009-11-01,Reading,ENG,1507.22
2009-11-01,Scunthorpe,ENG,1416.72
2009-11-01,Sheffield United,ENG,1547.01
2009-11-01,Sheffield Weds,ENG,1479.39
2009-11-01,Stoke,ENG,1666.65
2009-11-01,Sunderland,ENG,1642.29
2009-11-01,Swansea,ENG,1527.46
2009-11-01,Tottenham,ENG,1752.52
2009-11-01,Watford,ENG,1489.85
2009-11-01,West Brom,ENG,1613.06
2009-11-01,West Ham,ENG,1687.14
2009-11-01,Wigan,ENG,1659.18
2009-11-01,Wolves,ENG,1582.55
2009-11-15,Arsenal,ENG,1907.18
2009-11-15,Aston Villa,ENG,1744.61
2009-11-15,Barnsley,ENG,1428.62
2009-11-15,Birmingham,ENG,1598.17
2009-11-15,Blackburn,ENG,1667.22
2009-11-15,Blackpool,ENG,1496.5
2009-11-15,Bolton,ENG,1638.39
2009-11-15,Bristol City,ENG,1507.41
2009-11-15,Burnley,ENG,1585.05
2009-11-15,Cardiff,ENG,1539.09
2009-11-15,Chelsea,ENG,1973.45
2009-11-15,Coventry,ENG,1415.99
2009-11-15,Crystal Palace,ENG,1479.73
2009-11-15,Derby,ENG,1418.11
2009-11-15,Doncaster,ENG,1445.65
2009-11-15,Everton,ENG,1745.84
2009-11-15,Fulham,ENG,1724.67
2009-11-15,Hull,ENG,1549.44
2009-11-15,Ipswich,ENG,1469.87
2009-11-15,Leicester,ENG,1467.64
2009-11-15,Liverpool,ENG,1882.67
2009-11-15,Man City,ENG,1735.93
2009-11-15,Man United,ENG,1961.75
2009-11-15,Middlesbrough,ENG,1572.79
2009-11-15,Newcastle,ENG,1641.98
2009-11-15,Nottm Forest,ENG,1479.15
2009-11-15,Peterboro,ENG,1378.69
2009-11-15,Plymouth Argyle,ENG,1404.43
2009-11-15,Portsmouth,ENG,1614.44
2009-11-15,Preston,ENG,1516.87
2009-11-15,QPR,ENG,1518.64
2009-11-15,Reading,ENG,1495.44
2009-11-15,Scunthorpe,ENG,1400.02
2009-11-15,Sheffield United,ENG,1529.86
2009-11-15,Sheffield Weds,ENG,1461.57
2009-11-15,Stoke,ENG,1648.51
2009-11-15,Sunderland,ENG,1627.96
2009-11-15,Swansea,ENG,1525.55
2009-11-15,Tottenham,ENG,1749.04
2009-11-15,Watford,ENG,1491.32
2009-11-15,West Brom,ENG,1610.64
2009-11-15,West Ham,ENG,1677.5
2009-11-15,Wigan,ENG,1650.28
2009-11-15,Wolves,ENG,1569.31
2009-12-01,Arsenal,ENG,1881.55
2009-12-01,Aston Villa,ENG,1738.77
2009-12-01,Barnsley,ENG,1435.85
2009-12-01,Birmingham,ENG,1615.36
2009-12-01,Blackburn,ENG,1666.67
2009-12-01,Blackpool,ENG,1486.91
2009-12-01,Bolton,ENG,1628.41
2009-12-01,Bristol City,ENG,1489.59
2009-12-01,Burnley,ENG,1580.06
2009-12-01,Cardiff,ENG,1517.15
2009-12-01,Chelsea,ENG,1993.27
2009-12-01,Coventry,ENG,1418.62
2009-12-01,Crystal Palace,ENG,1489.7
2009-12-01,Derby,ENG,1420.83
2009-12-01,Doncaster,ENG,1446.01
2009-12-01,Everton,ENG,1720.47
2009-12-01,Fulham,ENG,1717.87
2009-12-01,Hull,ENG,1566.64
2009-12-01,Ipswich,ENG,1477.29
2009-12-01,Leicester,ENG,1470.96
2009-12-01,Liverpool,ENG,1885.61
2009-12-01,Man City,ENG,1733.56
2009-12-01,Man United,ENG,1952.81
2009-12-01,Middlesbrough,ENG,1563.53
2009-12-01,Newcastle,ENG,1653.46
2009-12-01,Nottm Forest,ENG,1491.61
2009-12-01,Peterboro,ENG,1377.02
2009-12-01,Plymouth Argyle,ENG,1397.85
2009-12-01,Portsmouth,ENG,1602.85
2009-12-01,Preston,ENG,1510.04
2009-12-01,QPR,ENG,1500.78
2009-12-01,Reading,ENG,1491.8
2009-12-01,Scunthorpe,ENG,1391.24
2009-12-01,Sheffield United,ENG,1540.64
2009-12-01,Sheffield Weds,ENG,1450.13
2009-12-01,Stoke,ENG,1654.99
2009-12-01,Sunderland,ENG,1633.06
2009-12-01,Swansea,ENG,1521.52
2009-12-01,Tottenham,ENG,1760.37
2009-12-01,Watford,ENG,1485.46
2009-12-01,West Brom,ENG,1627.99
2009-12-01,West Ham,ENG,1680.06
2009-12-01,Wigan,ENG,1643.57
2009-12-01,Wolves,ENG,1556.95
2009-12-15,Arsenal,ENG,1877.03
2009-12-15,Aston Villa,ENG,1752.72
2009-12-15,Barnsley,ENG,1442.29
2009-12-15,Birmingham,ENG,1628.24
2009-12-15,Blackburn,ENG,1663.86
2009-12-15,Blackpool,ENG,1482.17
2009-12-15,Bolton,ENG,1616.34
2009-12-15,Bristol City,ENG,1487.68
2009-12-15,Burnley,ENG,1568.9
2009-12-15,Cardiff,ENG,1545.12
2009-12-15,Chelsea,ENG,1958.83
2009-12-15,Coventry,ENG,1406.39
2009-12-15,Crystal Palace,ENG,1472.74
2009-12-15,Derby,ENG,1434.25
2009-12-15,Doncaster,ENG,1472.8
2009-12-15,Everton,ENG,1726.56
2009-12-15,Fulham,ENG,1716.43
2009-12-15,Hull,ENG,1557.37
2009-12-15,Ipswich,ENG,1479.1
2009-12-15,Leicester,ENG,1450.99
2009-12-15,Liverpool,ENG,1853.58
2009-12-15,Man City,ENG,1738.9
2009-12-15,Man United,ENG,1946.44
2009-12-15,Middlesbrough,ENG,1543.13
2009-12-15,Newcastle,ENG,1653.42
2009-12-15,Nottm Forest,ENG,1511.22
2009-12-15,Peterboro,ENG,1372.29
2009-12-15,Plymouth Argyle,ENG,1376.86
2009-12-15,Portsmouth,ENG,1607.62
2009-12-15,Preston,ENG,1499.79
2009-12-15,QPR,ENG,1474.46
2009-12-15,Reading,ENG,1479.01
2009-12-15,Scunthorpe,ENG,1400.06
2009-12-15,Sheffield United,ENG,1545.19
2009-12-15,Sheffield Weds,ENG,1415.98
2009-12-15,Stoke,ENG,1643.92
2009-12-15,Sunderland,ENG,1620.59
2009-12-15,Swansea,ENG,1507.17
2009-12-15,Tottenham,ENG,1741.9
2009-12-15,Watford,ENG,1473.38
2009-12-15,West Brom,ENG,1596.17
2009-12-15,West Ham,ENG,1659.74
2009-12-15,Wigan,ENG,1629.63
2009-12-15,Wolves,ENG,1573.44
2010-01-01,Arsenal,ENG,1883.65
2010-01-01,Aston Villa,ENG,1748.5
2010-01-01,Barnsley,ENG,1451.25
2010-01-01,Birmingham,ENG,1653.17
2010-01-01,Blackburn,ENG,1642.07
2010-01-01,Blackpool,ENG,1491.56
2010-01-01,Bolton,ENG,1620.47
2010-01-01,Bristol City,ENG,1473.73
2010-01-01,Burnley,ENG,1558.53
2010-01-01,Cardiff,ENG,1526.39
2010-01-01,Chelsea,ENG,1947.83
2010-01-01,Coventry,ENG,1415.44
2010-01-01,Crystal Palace,ENG,1479.77
2010-01-01,Derby,ENG,1414.44
2010-01-01,Doncaster,ENG,1474.67
2010-01-01,Everton,ENG,1708.42
2010-01-01,Fulham,ENG,1737.53
2010-01-01,Hull,ENG,1553.76
2010-01-01,Ipswich,ENG,1478.45
2010-01-01,Leicester,ENG,1457.1
2010-01-01,Liverpool,ENG,1846.09
2010-01-01,Man City,ENG,1745.52
2010-01-01,Man United,ENG,1930.65
2010-01-01,Middlesbrough,ENG,1532.2
2010-01-01,Newcastle,ENG,1644.33
2010-01-01,Nottm Forest,ENG,1525.34
2010-01-01,Peterboro,ENG,1377.49
2010-01-01,Plymouth Argyle,ENG,1394.33
2010-01-01,Portsmouth,ENG,1607.29
2010-01-01,Preston,ENG,1481.67
2010-01-01,QPR,ENG,1467.32
2010-01-01,Reading,ENG,1462.49
2010-01-01,Scunthorpe,ENG,1384.98
2010-01-01,Sheffield United,ENG,1539.08
2010-01-01,Sheffield Weds,ENG,1407.45
2010-01-01,Stoke,ENG,1621.51
2010-01-01,Sunderland,ENG,1609.25
2010-01-01,Swansea,ENG,1513.16
2010-01-01,Tottenham,ENG,1767.25
2010-01-01,Watford,ENG,1464.23
2010-01-01,West Brom,ENG,1603.41
2010-01-01,West Ham,ENG,1655.0
2010-01-01,Wigan,ENG,1620.26
2010-01-01,Wolves,ENG,1565.49
2010-01-15,Arsenal,ENG,1877.45
2010-01-15,Aston Villa,ENG,1748.5
2010-01-15,Barnsley,ENG,1441.32
2010-01-15,Birmingham,ENG,1658.38
2010-01-15,Blackburn,ENG,1635.38
2010-01-15,Blackpool,ENG,1494.67
2010-01-15,Bolton,ENG,1620.47
2010-01-15,Bristol City,ENG,1473.73
2010-01-15,Burnley,ENG,1558.53
2010-01-15,Cardiff,ENG,1523.28
2010-01-15,Chelsea,ENG,1947.83
2010-01-15,Coventry,ENG,1425.38
2010-01-15,Crystal Palace,ENG,1479.77
2010-01-15,Derby,ENG,1396.02
2010-01-15,Doncaster,ENG,1474.67
2010-01-15,Everton,ENG,1714.63
2010-01-15,Fulham,ENG,1728.29
2010-01-15,Hull,ENG,1553.76
2010-01-15,Ipswich,ENG,1480.01
2010-01-15,Leicester,ENG,1455.54
2010-01-15,Liverpool,ENG,1846.09
2010-01-15,Man City,ENG,1752.21
2010-01-15,Man United,ENG,1925.45
2010-01-15,Middlesbrough,ENG,1532.2
2010-01-15,Newcastle,ENG,1644.33
2010-01-15,Nottm Forest,ENG,1541.94
2010-01-15,Peterboro,ENG,1377.49
2010-01-15,Plymouth Argyle,ENG,1394.33
2010-01-15,Portsmouth,ENG,1607.29
2010-01-15,Preston,ENG,1481.67
2010-01-15,QPR,ENG,1467.32
2010-01-15,Reading,ENG,1462.49
2010-01-15,Scunthorpe,ENG,1403.41
2010-01-15,Sheffield United,ENG,1539.08
2010-01-15,Sheffield Weds,ENG,1407.45
2010-01-15,Stoke,ENG,1630.76
2010-01-15,Sunderland,ENG,1609.25
2010-01-15,Swansea,ENG,1513.16
2010-01-15,Tottenham,ENG,1767.25
2010-01-15,Watford,ENG,1464.23
2010-01-15,West Brom,ENG,1586.81
2010-01-15,West Ham,ENG,1655.0
2010-01-15,Wigan,ENG,1620.26
2010-01-15,Wolves,ENG,1565.49
2010-02-01,Arsenal,ENG,1870.61
2010-02-01,Aston Villa,ENG,1758.76
2010-02-01,Barnsley,ENG,1431.39
2010-02-01,Birmingham,ENG,1656.53
2010-02-01,Blackburn,ENG,1655.77
2010-02-01,Blackpool,ENG,1486.29
2010-02-01,Bolton,ENG,1614.92
2010-02-01,Bristol City,ENG,1465.19
2010-02-01,Burnley,ENG,1550.32
2010-02-01,Cardiff,ENG,1548.28
2010-02-01,Chelsea,ENG,1954.72
2010-02-01,Coventry,ENG,1424.57
2010-02-01,Crystal Palace,ENG,1487.96
2010-02-01,Derby,ENG,1415.66
2010-02-01,Doncaster,ENG,1460.64
2010-02-01,Everton,ENG,1736.99
2010-02-01,Fulham,ENG,1695.67
2010-02-01,Hull,ENG,1556.47
2010-02-01,Ipswich,ENG,1476.95
2010-02-01,Leicester,ENG,1447.27
2010-02-01,Liverpool,ENG,1845.83
2010-02-01,Man City,ENG,1746.93
2010-02-01,Man United,ENG,1941.44
2010-02-01,Middlesbrough,ENG,1535.07
2010-02-01,Newcastle,ENG,1641.73
2010-02-01,Nottm Forest,ENG,1546.68
2010-02-01,Peterboro,ENG,1344.64
2010-02-01,Plymouth Argyle,ENG,1387.79
2010-02-01,Portsmouth,ENG,1601.98
2010-02-01,Preston,ENG,1488.36
2010-02-01,QPR,ENG,1448.84
2010-02-01,Reading,ENG,1456.36
2010-02-01,Scunthorpe,ENG,1425.49
2010-02-01,Sheffield United,ENG,1545.21
2010-02-01,Sheffield Weds,ENG,1430.3
2010-02-01,Stoke,ENG,1634.56
2010-02-01,Sunderland,ENG,1601.61
2010-02-01,Swansea,ENG,1515.86
2010-02-01,Tottenham,ENG,1760.95
2010-02-01,Watford,ENG,1452.73
2010-02-01,West Brom,ENG,1597.04
2010-02-01,West Ham,ENG,1657.81
2010-02-01,Wigan,ENG,1619.44
2010-02-01,Wolves,ENG,1560.95
2010-02-15,Arsenal,ENG,1869.98
2010-02-15,Aston Villa,ENG,1763.79
2010-02-15,Barnsley,ENG,1453.11
2010-02-15,Birmingham,ENG,1651.63
2010-02-15,Blackburn,ENG,1648.72
2010-02-15,Blackpool,ENG,1458.5
2010-02-15,Bolton,ENG,1610.21
2010-02-15,Bristol City,ENG,1453.34
2010-02-15,Burnley,ENG,1553.49
2010-02-15,Cardiff,ENG,1543.61
2010-02-15,Chelsea,ENG,1942.18
2010-02-15,Coventry,ENG,1437.09
2010-02-15,Crystal Palace,ENG,1486.95
2010-02-15,Derby,ENG,1441.15
2010-02-15,Doncaster,ENG,1452.96
2010-02-15,Everton,ENG,1744.71
2010-02-15,Fulham,ENG,1705.22
2010-02-15,Hull,ENG,1569.98
2010-02-15,Ipswich,ENG,1485.44
2010-02-15,Leicester,ENG,1455.61
2010-02-15,Liverpool,ENG,1844.01
2010-02-15,Man City,ENG,1741.09
2010-02-15,Man United,ENG,1941.12
2010-02-15,Middlesbrough,ENG,1540.07
2010-02-15,Newcastle,ENG,1629.44
2010-02-15,Nottm Forest,ENG,1541.12
2010-02-15,Peterboro,ENG,1349.83
2010-02-15,Plymouth Argyle,ENG,1378.81
2010-02-15,Portsmouth,ENG,1593.23
2010-02-15,Preston,ENG,1469.12
2010-02-15,QPR,ENG,1431.09
2010-02-15,Reading,ENG,1470.86
2010-02-15,Scunthorpe,ENG,1413.47
2010-02-15,Sheffield United,ENG,1517.87
2010-02-15,Sheffield Weds,ENG,1436.58
2010-02-15,Stoke,ENG,1648.97
2010-02-15,Sunderland,ENG,1600.79
2010-02-15,Swansea,ENG,1532.79
2010-02-15,Tottenham,ENG,1747.63
2010-02-15,Watford,ENG,1469.38
2010-02-15,West Brom,ENG,1612.11
2010-02-15,West Ham,ENG,1658.07
2010-02-15,Wigan,ENG,1619.58
2010-02-15,Wolves,ENG,1567.86
2010-03-01,Arsenal,ENG,1872.75
2010-03-01,Aston Villa,ENG,1765.4
2010-03-01,Barnsley,ENG,1452.32
2010-03-01,Birmingham,ENG,1649.87
2010-03-01,Blackburn,ENG,1653.08
2010-03-01,Blackpool,ENG,1472.66
2010-03-01,Bolton,ENG,1607.29
2010-03-01,Bristol City,ENG,1456.09
2010-03-01,Burnley,ENG,1538.31
2010-03-01,Cardiff,ENG,1509.57
2010-03-01,Chelsea,ENG,1917.57
2010-03-01,Coventry,ENG,1453.0
2010-03-01,Crystal Palace,ENG,1460.71
2010-03-01,Derby,ENG,1435.99
2010-03-01,Doncaster,ENG,1453.25
2010-03-01,Everton,ENG,1731.84
2010-03-01,Fulham,ENG,1721.17
2010-03-01,Hull,ENG,1561.14
2010-03-01,Ipswich,ENG,1476.57
2010-03-01,Leicester,ENG,1489.67
2010-03-01,Liverpool,ENG,1847.92
2010-03-01,Man City,ENG,1760.16
2010-03-01,Man United,ENG,1931.92
2010-03-01,Middlesbrough,ENG,1528.8
2010-03-01,Newcastle,ENG,1641.71
2010-03-01,Nottm Forest,ENG,1529.25
2010-03-01,Peterboro,ENG,1356.03
2010-03-01,Plymouth Argyle,ENG,1391.25
2010-03-01,Portsmouth,ENG,1591.68
2010-03-01,Preston,ENG,1463.85
2010-03-01,QPR,ENG,1424.87
2010-03-01,Reading,ENG,1485.49
2010-03-01,Scunthorpe,ENG,1401.59
2010-03-01,Sheffield United,ENG,1519.96
2010-03-01,Sheffield Weds,ENG,1401.5
2010-03-01,Stoke,ENG,1648.85
2010-03-01,Sunderland,ENG,1597.55
2010-03-01,Swansea,ENG,1540.69
2010-03-01,Tottenham,ENG,1762.99
2010-03-01,Watford,ENG,1462.3
2010-03-01,West Brom,ENG,1604.49
2010-03-01,West Ham,ENG,1660.19
2010-03-01,Wigan,ENG,1597.58
2010-03-01,Wolves,ENG,1557.64
2010-03-15,Arsenal,ENG,1903.87
2010-03-15,Aston Villa,ENG,1769.12
2010-03-15,Barnsley,ENG,1448.87
2010-03-15,Birmingham,ENG,1662.72
2010-03-15,Blackburn,ENG,1652.52
2010-03-15,Blackpool,ENG,1479.51
2010-03-15,Bolton,ENG,1622.19
2010-03-15,Bristol City,ENG,1446.88
2010-03-15,Burnley,ENG,1531.57
2010-03-15,Cardiff,ENG,1504.23
2010-03-15,Chelsea,ENG,1924.37
2010-03-15,Coventry,ENG,1460.58
2010-03-15,Crystal Palace,ENG,1463.33
2010-03-15,Derby,ENG,1435.89
2010-03-15,Doncaster,ENG,1483.13
2010-03-15,Everton,ENG,1741.75
2010-03-15,Fulham,ENG,1712.41
2010-03-15,Hull,ENG,1557.63
2010-03-15,Ipswich,ENG,1488.38
2010-03-15,Leicester,ENG,1488.79
2010-03-15,Liverpool,ENG,1834.31
2010-03-15,Man City,ENG,1762.95
2010-03-15,Man United,ENG,1948.7
2010-03-15,Middlesbrough,ENG,1527.58
2010-03-15,Newcastle,ENG,1650.44
2010-03-15,Nottm Forest,ENG,1532.23
2010-03-15,Peterboro,ENG,1374.7
2010-03-15,Plymouth Argyle,ENG,1392.86
2010-03-15,Portsmouth,ENG,1586.78
2010-03-15,Preston,ENG,1473.7
2010-03-15,QPR,ENG,1454.39
2010-03-15,Reading,ENG,1504.87
2010-03-15,Scunthorpe,ENG,1401.89
2010-03-15,Sheffield United,ENG,1502.89
2010-03-15,Sheffield Weds,ENG,1420.68
2010-03-15,Stoke,ENG,1653.24
2010-03-15,Sunderland,ENG,1615.78
2010-03-15,Swansea,ENG,1541.57
2010-03-15,Tottenham,ENG,1772.07
2010-03-15,Watford,ENG,1436.44
2010-03-15,West Brom,ENG,1600.08
2010-03-15,West Ham,ENG,1650.4
2010-03-15,Wigan,ENG,1602.15
2010-03-15,Wolves,ENG,1569.67
2010-04-01,Arsenal,ENG,1905.0
2010-04-01,Aston Villa,ENG,1761.34
2010-04-01,Barnsley,ENG,1441.28
2010-04-01,Birmingham,ENG,1657.55
2010-04-01,Blackburn,ENG,1675.2
2010-04-01,Blackpool,ENG,1500.28
2010-04-01,Bolton,ENG,1617.76
2010-04-01,Bristol City,ENG,1465.35
2010-04-01,Burnley,ENG,1526.29
2010-04-01,Cardiff,ENG,1536.06
2010-04-01,Chelsea,ENG,1925.66
2010-04-01,Coventry,ENG,1455.0
2010-04-01,Crystal Palace,ENG,1461.86
2010-04-01,Derby,ENG,1453.8
2010-04-01,Doncaster,ENG,1497.83
2010-04-01,Everton,ENG,1766.05
2010-04-01,Fulham,ENG,1716.16
2010-04-01,Hull,ENG,1572.63
2010-04-01,Ipswich,ENG,1478.28
2010-04-01,Leicester,ENG,1479.15
2010-04-01,Liverpool,ENG,1862.2
2010-04-01,Man City,ENG,1767.69
2010-04-01,Man United,ENG,1959.2
2010-04-01,Middlesbrough,ENG,1536.66
2010-04-01,Newcastle,ENG,1667.01
2010-04-01,Nottm Forest,ENG,1534.34
2010-04-01,Peterboro,ENG,1352.36
2010-04-01,Plymouth Argyle,ENG,1403.97
2010-04-01,Portsmouth,ENG,1584.67
2010-04-01,Preston,ENG,1463.27
2010-04-01,QPR,ENG,1455.15
2010-04-01,Reading,ENG,1528.68
2010-04-01,Scunthorpe,ENG,1433.2
2010-04-01,Sheffield United,ENG,1509.87
2010-04-01,Sheffield Weds,ENG,1437.55
2010-04-01,Stoke,ENG,1661.87
2010-04-01,Sunderland,ENG,1634.05
2010-04-01,Swansea,ENG,1516.65
2010-04-01,Tottenham,ENG,1788.47
2010-04-01,Watford,ENG,1423.02
2010-04-01,West Brom,ENG,1624.34
2010-04-01,West Ham,ENG,1626.41
2010-04-01,Wigan,ENG,1601.24
2010-04-01,Wolves,ENG,1602.01
2010-04-15,Arsenal,ENG,1902.19
2010-04-15,Aston Villa,ENG,1773.21
2010-04-15,Barnsley,ENG,1443.53
2010-04-15,Birmingham,ENG,1658.83
2010-04-15,Blackburn,ENG,1685.12
2010-04-15,Blackpool,ENG,1520.18
2010-04-15,Bolton,ENG,1615.07
2010-04-15,Bristol City,ENG,1486.67
2010-04-15,Burnley,ENG,1541.14
2010-04-15,Cardiff,ENG,1546.05
2010-04-15,Chelsea,ENG,1943.2
2010-04-15,Coventry,ENG,1438.01
2010-04-15,Crystal Palace,ENG,1463.5
2010-04-15,Derby,ENG,1457.44
2010-04-15,Doncaster,ENG,1476.36
2010-04-15,Everton,ENG,1765.38
2010-04-15,Fulham,ENG,1748.53
2010-04-15,Hull,ENG,1552.85
2010-04-15,Ipswich,ENG,1495.66
2010-04-15,Leicester,ENG,1497.05
2010-04-15,Liverpool,ENG,1872.2
2010-04-15,Man City,ENG,1789.43
2010-04-15,Man United,ENG,1943.19
2010-04-15,Middlesbrough,ENG,1551.36
2010-04-15,Newcastle,ENG,1689.4
2010-04-15,Nottm Forest,ENG,1546.7
2010-04-15,Peterboro,ENG,1352.28
2010-04-15,Plymouth Argyle,ENG,1406.1
2010-04-15,Portsmouth,ENG,1589.72
2010-04-15,Preston,ENG,1461.48
2010-04-15,QPR,ENG,1462.55
2010-04-15,Reading,ENG,1530.49
2010-04-15,Scunthorpe,ENG,1414.27
2010-04-15,Sheffield United,ENG,1512.47
2010-04-15,Sheffield Weds,ENG,1432.3
2010-04-15,Stoke,ENG,1673.22
2010-04-15,Sunderland,ENG,1646.61
2010-04-15,Swansea,ENG,1516.26
2010-04-15,Tottenham,ENG,1779.99
2010-04-15,Watford,ENG,1440.22
2010-04-15,West Brom,ENG,1637.92
2010-04-15,West Ham,ENG,1643.54
2010-04-15,Wigan,ENG,1602.92
2010-04-15,Wolves,ENG,1605.24
2010-05-01,Arsenal,ENG,1875.43
2010-05-01,Aston Villa,ENG,1786.4
2010-05-01,Barnsley,ENG,1427.24
2010-05-01,Birmingham,ENG,1650.33
2010-05-01,Blackburn,ENG,1677.43
2010-05-01,Blackpool,ENG,1534.87
2010-05-01,Bolton,ENG,1623.07
2010-05-01,Bristol City,ENG,1478.8
2010-05-01,Burnley,ENG,1531.92
2010-05-01,Cardiff,ENG,1557.59
2010-05-01,Chelsea,ENG,1937.49
2010-05-01,Coventry,ENG,1441.23
2010-05-01,Crystal Palace,ENG,1468.22
2010-05-01,Derby,ENG,1449.55
2010-05-01,Doncaster,ENG,1484.08
2010-05-01,Everton,ENG,1781.54
2010-05-01,Fulham,ENG,1749.02
2010-05-01,Hull,ENG,1543.21
2010-05-01,Ipswich,ENG,1499.4
2010-05-01,Leicester,ENG,1514.27
2010-05-01,Liverpool,ENG,1869.14
2010-05-01,Man City,ENG,1788.01
2010-05-01,Man United,ENG,1953.45
2010-05-01,Middlesbrough,ENG,1540.47
2010-05-01,Newcastle,ENG,1687.56
2010-05-01,Nottm Forest,ENG,1542.98
2010-05-01,Peterboro,ENG,1340.48
2010-05-01,Plymouth Argyle,ENG,1395.38
2010-05-01,Portsmouth,ENG,1590.3
2010-05-01,Preston,ENG,1454.06
2010-05-01,QPR,ENG,1469.41
2010-05-01,Reading,ENG,1521.37
2010-05-01,Scunthorpe,ENG,1423.15
2010-05-01,Sheffield United,ENG,1521.54
2010-05-01,Sheffield Weds,ENG,1428.56
2010-05-01,Stoke,ENG,1657.4
2010-05-01,Sunderland,ENG,1657.89
2010-05-01,Swansea,ENG,1513.57
2010-05-01,Tottenham,ENG,1794.3
2010-05-01,Watford,ENG,1441.47
2010-05-01,West Brom,ENG,1641.0
2010-05-01,West Ham,ENG,1645.39
2010-05-01,Wigan,ENG,1607.67
2010-05-01,Wolves,ENG,1610.28
2010-05-15,Arsenal,ENG,1869.0
2010-05-15,Aston Villa,ENG,1763.42
2010-05-15,Barnsley,ENG,1432.1
2010-05-15,Birmingham,ENG,1644.72
2010-05-15,Blackburn,ENG,1698.66
2010-05-15,Blackpool,ENG,1544.11
2010-05-15,Bolton,ENG,1625.05
2010-05-15,Bristol City,ENG,1480.63
2010-05-15,Burnley,ENG,1544.0
2010-05-15,Cardiff,ENG,1534.83
2010-05-15,Chelsea,ENG,1950.45
2010-05-15,Coventry,ENG,1418.43
2010-05-15,Crystal Palace,ENG,1467.54
2010-05-15,Derby,ENG,1459.22
2010-05-15,Doncaster,ENG,1485.25
2010-05-15,Everton,ENG,1780.85
2010-05-15,Fulham,ENG,1723.38
2010-05-15,Hull,ENG,1550.75
2010-05-15,Ipswich,ENG,1479.67
2010-05-15,Leicester,ENG,1529.82
2010-05-15,Liverpool,ENG,1848.84
2010-05-15,Man City,ENG,1782.32
2010-05-15,Man United,ENG,1957.54
2010-05-15,Middlesbrough,ENG,1529.05
2010-05-15,Newcastle,ENG,1690.24
2010-05-15,Nottm Forest,ENG,1524.45
2010-05-15,Peterboro,ENG,1349.85
2010-05-15,Plymouth Argyle,ENG,1381.53
2010-05-15,Portsmouth,ENG,1594.6
2010-05-15,Preston,ENG,1444.45
2010-05-15,QPR,ENG,1462.26
2010-05-15,Reading,ENG,1526.51
2010-05-15,Scunthorpe,ENG,1421.66
2010-05-15,Sheffield United,ENG,1536.8
2010-05-15,Sheffield Weds,ENG,1424.77
2010-05-15,Stoke,ENG,1666.05
2010-05-15,Sunderland,ENG,1644.95
2010-05-15,Swansea,ENG,1507.92
2010-05-15,Tottenham,ENG,1786.95
2010-05-15,Watford,ENG,1459.8
2010-05-15,West Brom,ENG,1631.67
2010-05-15,West Ham,ENG,1641.09
2010-05-15,Wigan,ENG,1598.52
2010-05-15,Wolves,ENG,1606.3
2010-06-01,Arsenal,ENG,1869.0
2010-06-01,Aston Villa,ENG,1763.42
2010-06-01,Barnsley,ENG,1432.1
2010-06-01,Birmingham,ENG,1644.72
2010-06-01,Blackburn,ENG,1698.66
2010-06-01,Blackpool,ENG,1551.8
2010-06-01,Bolton,ENG,1625.05
2010-06-01,Bristol City,ENG,1480.63
2010-06-01,Burnley,ENG,1544.0
2010-06-01,Cardiff,ENG,1527.14
2010-06-01,Chelsea,ENG,1950.45
2010-06-01,Coventry,ENG,1418.43
2010-06-01,Crystal Palace,ENG,1467.54
2010-06-01,Derby,ENG,1459.22
2010-06-01,Doncaster,ENG,1485.25
2010-06-01,Everton,ENG,1780.85
2010-06-01,Fulham,ENG,1723.38
2010-06-01,Hull,ENG,1550.75
2010-06-01,Ipswich,ENG,1479.67
2010-06-01,Leicester,ENG,1529.82
2010-06-01,Liverpool,ENG,1848.84
2010-06-01,Man City,ENG,1782.32
2010-06-01,Man United,ENG,1957.54
2010-06-01,Middlesbrough,ENG,1529.05
2010-06-01,Newcastle,ENG,1690.24
2010-06-01,Nottm Forest,ENG,1524.45
2010-06-01,Peterboro,ENG,1349.85
2010-06-01,Plymouth Argyle,ENG,1381.53
2010-06-01,Portsmouth,ENG,1594.6
2010-06-01,Preston,ENG,1444.45
2010-06-01,QPR,ENG,1462.26
2010-06-01,Reading,ENG,1526.51
2010-06-01,Scunthorpe,ENG,1421.66
2010-06-01,Sheffield United,ENG,1536.8
2010-06-01,Sheffield Weds,ENG,1424.77
2010-06-01,Stoke,ENG,1666.05
2010-06-01,Sunderland,ENG,1644.95
2010-06-01,Swansea,ENG,1507.92
2010-06-01,Tottenham,ENG,1786.95
2010-06-01,Watford,ENG,1459.8
2010-06-01,West Brom,ENG,1631.67
2010-06-01,West Ham,ENG,1641.09
2010-06-01,Wigan,ENG,1598.52
2010-06-01,Wolves,ENG,1606.3
2010-06-15,Arsenal,ENG,1869.0
2010-06-15,Aston Villa,ENG,1763.42
2010-06-15,Barnsley,ENG,1432.1
2010-06-15,Birmingham,ENG,1644.72
2010-06-15,Blackburn,ENG,1698.66
2010-06-15,Blackpool,ENG,1551.8
2010-06-15,Bolton,ENG,1625.05
2010-06-15,Bristol City,ENG,1480.63
2010-06-15,Burnley,ENG,1544.0
2010-06-15,Cardiff,ENG,1527.14
2010-06-15,Chelsea,ENG,1950.45
2010-06-15,Coventry,ENG,1418.43
2010-06-15,Crystal Palace,ENG,1467.54
2010-06-15,Derby,ENG,1459.22
2010-06-15,Doncaster,ENG,1485.25
2010-06-15,Everton,ENG,1780.85
2010-06-15,Fulham,ENG,1723.38
2010-06-15,Hull,ENG,1550.75
2010-06-15,Ipswich,ENG,1479.67
2010-06-15,Leicester,ENG,1529.82
2010-06-15,Liverpool,ENG,1848.84
2010-06-15,Man City,ENG,1782.32
2010-06-15,Man United,ENG,1957.54
2010-06-15,Middlesbrough,ENG,1529.05
2010-06-15,Newcastle,ENG,1690.24
2010-06-15,Nottm Forest,ENG,1524.45
2010-06-15,Peterboro,ENG,1349.85
2010-06-15,Plymouth Argyle,ENG,1381.53
2010-06-15,Portsmouth,ENG,1594.6
2010-06-15,Preston,ENG,1444.45
2010-06-15,QPR,ENG,1462.26
2010-06-15,Reading,ENG,1526.51
2010-06-15,Scunthorpe,ENG,1421.66
2010-06-15,Sheffield United,ENG,1536.8
2010-06-15,Sheffield Weds,ENG,1424.77
2010-06-15,Stoke,ENG,1666.05
2010-06-15,Sunderland,ENG,1644.95
2010-06-15,Swansea,ENG,1507.92
2010-06-15,Tottenham,ENG,1786.95
2010-06-15,Watford,ENG,1459.8
2010-06-15,West Brom,ENG,1631.67
2010-06-15,West Ham,ENG,1641.09
2010-06-15,Wigan,ENG,1598.52
2010-06-15,Wolves,ENG,1606.3
2010-07-01,Arsenal,ENG,1869.0
2010-07-01,Aston Villa,ENG,1763.42
2010-07-01,Barnsley,ENG,1432.1
2010-07-01,Birmingham,ENG,1644.72
2010-07-01,Blackburn,ENG,1698.66
2010-07-01,Blackpool,ENG,1551.8
2010-07-01,Bolton,ENG,1625.05
2010-07-01,Bristol City,ENG,1480.63
2010-07-01,Burnley,ENG,1544.0
2010-07-01,Cardiff,ENG,1527.14
2010-07-01,Chelsea,ENG,1950.45
2010-07-01,Coventry,ENG,1418.43
2010-07-01,Crystal Palace,ENG,1467.54
2010-07-01,Derby,ENG,1459.22
2010-07-01,Doncaster,ENG,1485.25
2010-07-01,Everton,ENG,1780.85
2010-07-01,Fulham,ENG,1723.38
2010-07-01,Hull,ENG,1550.75
2010-07-01,Ipswich,ENG,1479.67
2010-07-01,Leeds,ENG,1414.23
2010-07-01,Leicester,ENG,1529.82
2010-07-01,Liverpool,ENG,1848.84
2010-07-01,Man City,ENG,1782.32
2010-07-01,Man United,ENG,1957.54
2010-07-01,Middlesbrough,ENG,1529.05
2010-07-01,Millwall,ENG,1414.23
2010-07-01,Newcastle,ENG,1690.24
2010-07-01,Norwich,ENG,1414.23
2010-07-01,Nottm Forest,ENG,1524.45
2010-07-01,Peterboro,ENG,1349.85
2010-07-01,Plymouth Argyle,ENG,1381.53
2010-07-01,Portsmouth,ENG,1594.6
2010-07-01,Preston,ENG,1444.45
2010-07-01,QPR,ENG,1462.26
2010-07-01,Reading,ENG,1526.51
2010-07-01,Scunthorpe,ENG,1421.66
2010-07-01,Sheffield United,ENG,1536.8
2010-07-01,Sheffield Weds,ENG,1424.77
2010-07-01,Stoke,ENG,1666.05
2010-07-01,Sunderland,ENG,1644.95
2010-07-01,Swansea,ENG,1507.92
2010-07-01,Tottenham,ENG,1786.95
2010-07-01,Watford,ENG,1459.8
2010-07-01,West Brom,ENG,1631.67
2010-07-01,West Ham,ENG,1641.09
2010-07-01,Wigan,ENG,1598.52
2010-07-01,Wolves,ENG,1606.3
2010-07-15,Arsenal,ENG,1869.0
2010-07-15,Aston Villa,ENG,1763.42
2010-07-15,Barnsley,ENG,1432.1
2010-07-15,Birmingham,ENG,1644.72
2010-07-15,Blackburn,ENG,1698.66
2010-07-15,Blackpool,ENG,1551.8
2010-07-15,Bolton,ENG,1625.05
2010-07-15,Bristol City,ENG,1480.63
2010-07-15,Burnley,ENG,1544.0
2010-07-15,Cardiff,ENG,1527.14
2010-07-15,Chelsea,ENG,1950.45
2010-07-15,Coventry,ENG,1418.43
2010-07-15,Crystal Palace,ENG,1467.54
2010-07-15,Derby,ENG,1459.22
2010-07-15,Doncaster,ENG,1485.25
2010-07-15,Everton,ENG,1780.85
2010-07-15,Fulham,ENG,1723.38
2010-07-15,Hull,ENG,1550.75
2010-07-15,Ipswich,ENG,1479.67
2010-07-15,Leeds,ENG,1414.23
2010-07-15,Leicester,ENG,1529.82
2010-07-15,Liverpool,ENG,1848.84
2010-07-15,Man City,ENG,1782.32
2010-07-15,Man United,ENG,1957.54
2010-07-15,Middlesbrough,ENG,1529.05
2010-07-15,Millwall,ENG,1414.23
2010-07-15,Newcastle,ENG,1690.24
2010-07-15,Norwich,ENG,1414.23
2010-07-15,Nottm Forest,ENG,1524.45
2010-07-15,Portsmouth,ENG,1594.6
2010-07-15,Preston,ENG,1444.45
2010-07-15,QPR,ENG,1462.26
2010-07-15,Reading,ENG,1526.51
2010-07-15,Scunthorpe,ENG,1421.66
2010-07-15,Sheffield United,ENG,1536.8
2010-07-15,Stoke,ENG,1666.05
2010-07-15,Sunderland,ENG,1644.95
2010-07-15,Swansea,ENG,1507.92
2010-07-15,Tottenham,ENG,1786.95
2010-07-15,Watford,ENG,1459.8
2010-07-15,West Brom,ENG,1631.67
2010-07-15,West Ham,ENG,1641.09
2010-07-15,Wigan,ENG,1598.52
2010-07-15,Wolves,ENG,1606.3
2010-08-01,Arsenal,ENG,1869.06
2010-08-01,Aston Villa,ENG,1763.48
2010-08-01,Barnsley,ENG,1432.16
2010-08-01,Birmingham,ENG,1644.78
2010-08-01,Blackburn,ENG,1698.72
2010-08-01,Blackpool,ENG,1551.86
2010-08-01,Bolton,ENG,1625.11
2010-08-01,Bristol City,ENG,1480.69
2010-08-01,Burnley,ENG,1544.05
2010-08-01,Cardiff,ENG,1527.19
2010-08-01,Chelsea,ENG,1950.51
2010-08-01,Coventry,ENG,1418.48
2010-08-01,Crystal Palace,ENG,1467.59
2010-08-01,Derby,ENG,1459.28
2010-08-01,Doncaster,ENG,1485.31
2010-08-01,Everton,ENG,1780.91
2010-08-01,Fulham,ENG,1723.43
2010-08-01,Hull,ENG,1550.81
2010-08-01,Ipswich,ENG,1479.73
2010-08-01,Leeds,ENG,1414.28
2010-08-01,Leicester,ENG,1529.88
2010-08-01,Liverpool,ENG,1849.08
2010-08-01,Man City,ENG,1782.38
2010-08-01,Man United,ENG,1957.59
2010-08-01,Middlesbrough,ENG,1529.11
2010-08-01,Millwall,ENG,1414.28
2010-08-01,Newcastle,ENG,1690.29
2010-08-01,Norwich,ENG,1414.28
2010-08-01,Nottm Forest,ENG,1524.51
2010-08-01,Portsmouth,ENG,1594.66
2010-08-01,Preston,ENG,1444.51
2010-08-01,QPR,ENG,1462.32
2010-08-01,Reading,ENG,1526.57
2010-08-01,Scunthorpe,ENG,1421.72
2010-08-01,Sheffield United,ENG,1536.86
2010-08-01,Stoke,ENG,1666.1
2010-08-01,Sunderland,ENG,1645.01
2010-08-01,Swansea,ENG,1507.98
2010-08-01,Tottenham,ENG,1787.01
2010-08-01,Watford,ENG,1459.86
2010-08-01,West Brom,ENG,1631.73
2010-08-01,West Ham,ENG,1641.15
2010-08-01,Wigan,ENG,1598.58
2010-08-01,Wolves,ENG,1606.36
2010-08-15,Arsenal,ENG,1869.08
2010-08-15,Aston Villa,ENG,1769.39
2010-08-15,Barnsley,ENG,1429.07
2010-08-15,Birmingham,ENG,1647.25
2010-08-15,Blackburn,ENG,1706.82
2010-08-15,Blackpool,ENG,1574.19
2010-08-15,Bolton,ENG,1625.47
2010-08-15,Bristol City,ENG,1463.83
2010-08-15,Burnley,ENG,1550.41
2010-08-15,Cardiff,ENG,1533.81
2010-08-15,Chelsea,ENG,1953.3
2010-08-15,Coventry,ENG,1436.53
2010-08-15,Crystal Palace,ENG,1467.85
2010-08-15,Derby,ENG,1459.67
2010-08-15,Doncaster,ENG,1494.91
2010-08-15,Everton,ENG,1772.85
2010-08-15,Fulham,ENG,1723.11
2010-08-15,Hull,ENG,1539.93
2010-08-15,Ipswich,ENG,1495.04
2010-08-15,Leeds,ENG,1405.16
2010-08-15,Leicester,ENG,1519.68
2010-08-15,Liverpool,ENG,1849.17
2010-08-15,Man City,ENG,1784.96
2010-08-15,Man United,ENG,1957.62
2010-08-15,Middlesbrough,ENG,1515.59
2010-08-15,Millwall,ENG,1452.7
2010-08-15,Newcastle,ENG,1690.32
2010-08-15,Norwich,ENG,1416.1
2010-08-15,Nottm Forest,ENG,1519.14
2010-08-15,Portsmouth,ENG,1575.91
2010-08-15,Preston,ENG,1422.41
2010-08-15,QPR,ENG,1493.11
2010-08-15,Reading,ENG,1518.09
2010-08-15,Scunthorpe,ENG,1423.51
2010-08-15,Sheffield United,ENG,1518.69
2010-08-15,Stoke,ENG,1658.56
2010-08-15,Sunderland,ENG,1642.58
2010-08-15,Swansea,ENG,1509.93
2010-08-15,Tottenham,ENG,1784.47
2010-08-15,Watford,ENG,1465.56
2010-08-15,West Brom,ENG,1628.98
2010-08-15,West Ham,ENG,1635.28
2010-08-15,Wigan,ENG,1576.29
2010-08-15,Wolves,ENG,1613.95
2010-09-01,Arsenal,ENG,1877.38
2010-09-01,Aston Villa,ENG,1734.3
2010-09-01,Barnsley,ENG,1441.47
2010-09-01,Birmingham,ENG,1654.5
2010-09-01,Blackburn,ENG,1690.94
2010-09-01,Blackpool,ENG,1570.48
2010-09-01,Bolton,ENG,1635.4
2010-09-01,Bristol City,ENG,1451.12
2010-09-01,Burnley,ENG,1549.53
2010-09-01,Cardiff,ENG,1556.67
2010-09-01,Chelsea,ENG,1957.64
2010-09-01,Coventry,ENG,1432.25
2010-09-01,Crystal Palace,ENG,1443.91
2010-09-01,Derby,ENG,1449.36
2010-09-01,Doncaster,ENG,1492.42
2010-09-01,Everton,ENG,1757.61
2010-09-01,Fulham,ENG,1722.84
2010-09-01,Hull,ENG,1523.11
2010-09-01,Ipswich,ENG,1509.21
2010-09-01,Leeds,ENG,1428.95
2010-09-01,Leicester,ENG,1498.01
2010-09-01,Liverpool,ENG,1837.7
2010-09-01,Man City,ENG,1788.06
2010-09-01,Man United,ENG,1955.58
2010-09-01,Middlesbrough,ENG,1507.69
2010-09-01,Millwall,ENG,1448.71
2010-09-01,Newcastle,ENG,1704.93
2010-09-01,Norwich,ENG,1430.37
2010-09-01,Nottm Forest,ENG,1509.27
2010-09-01,Portsmouth,ENG,1548.44
2010-09-01,Preston,ENG,1425.59
2010-09-01,QPR,ENG,1498.16
2010-09-01,Reading,ENG,1523.28
2010-09-01,Scunthorpe,ENG,1426.52
2010-09-01,Sheffield United,ENG,1514.17
2010-09-01,Stoke,ENG,1647.23
2010-09-01,Sunderland,ENG,1643.74
2010-09-01,Swansea,ENG,1502.88
2010-09-01,Tottenham,ENG,1779.54
2010-09-01,Watford,ENG,1456.18
2010-09-01,West Brom,ENG,1630.58
2010-09-01,West Ham,ENG,1616.5
2010-09-01,Wigan,ENG,1583.67
2010-09-01,Wolves,ENG,1617.45
2010-09-15,Arsenal,ENG,1880.34
2010-09-15,Aston Villa,ENG,1726.15
2010-09-15,Barnsley,ENG,1435.36
2010-09-15,Birmingham,ENG,1657.11
2010-09-15,Blackburn,ENG,1695.88
2010-09-15,Blackpool,ENG,1589.57
2010-09-15,Bolton,ENG,1632.43
2010-09-15,Bristol City,ENG,1465.07
2010-09-15,Burnley,ENG,1552.74
2010-09-15,Cardiff,ENG,1563.72
2010-09-15,Chelsea,ENG,1961.34
2010-09-15,Coventry,ENG,1431.52
2010-09-15,Crystal Palace,ENG,1436.78
2010-09-15,Derby,ENG,1440.53
2010-09-15,Doncaster,ENG,1493.99
2010-09-15,Everton,ENG,1760.59
2010-09-15,Fulham,ENG,1726.52
2010-09-15,Hull,ENG,1516.06
2010-09-15,Ipswich,ENG,1512.8
2010-09-15,Leeds,ENG,1436.8
2010-09-15,Leicester,ENG,1498.74
2010-09-15,Liverpool,ENG,1835.1
2010-09-15,Man City,ENG,1783.12
2010-09-15,Man United,ENG,1952.6
2010-09-15,Middlesbrough,ENG,1497.02
2010-09-15,Millwall,ENG,1452.82
2010-09-15,Newcastle,ENG,1685.84
2010-09-15,Norwich,ENG,1436.49
2010-09-15,Nottm Forest,ENG,1505.16
2010-09-15,Portsmouth,ENG,1544.85
2010-09-15,Preston,ENG,1422.37
2010-09-15,QPR,ENG,1508.83
2010-09-15,Reading,ENG,1530.41
2010-09-15,Scunthorpe,ENG,1412.56
2010-09-15,Sheffield United,ENG,1523.0
2010-09-15,Stoke,ENG,1655.37
2010-09-15,Sunderland,ENG,1644.64
2010-09-15,Swansea,ENG,1495.02
2010-09-15,Tottenham,ENG,1777.89
2010-09-15,Watford,ENG,1454.61
2010-09-15,West Brom,ENG,1632.23
2010-09-15,West Ham,ENG,1612.8
2010-09-15,Wigan,ENG,1582.78
2010-09-15,Wolves,ENG,1613.77
2010-10-01,Arsenal,ENG,1881.58
2010-10-01,Aston Villa,ENG,1736.95
2010-10-01,Barnsley,ENG,1446.16
2010-10-01,Birmingham,ENG,1651.78
2010-10-01,Blackburn,ENG,1709.79
2010-10-01,Blackpool,ENG,1588.79
2010-10-01,Bolton,ENG,1651.1
2010-10-01,Bristol City,ENG,1447.23
2010-10-01,Burnley,ENG,1559.9
2010-10-01,Cardiff,ENG,1552.31
2010-10-01,Chelsea,ENG,1967.3
2010-10-01,Coventry,ENG,1442.27
2010-10-01,Crystal Palace,ENG,1451.11
2010-10-01,Derby,ENG,1469.95
2010-10-01,Doncaster,ENG,1488.33
2010-10-01,Everton,ENG,1758.63
2010-10-01,Fulham,ENG,1734.48
2010-10-01,Hull,ENG,1527.97
2010-10-01,Ipswich,ENG,1508.54
2010-10-01,Leeds,ENG,1431.79
2010-10-01,Leicester,ENG,1481.34
2010-10-01,Liverpool,ENG,1830.25
2010-10-01,Man City,ENG,1810.37
2010-10-01,Man United,ENG,1957.16
2010-10-01,Middlesbrough,ENG,1502.38
2010-10-01,Millwall,ENG,1440.3
2010-10-01,Newcastle,ENG,1694.69
2010-10-01,Norwich,ENG,1443.38
2010-10-01,Nottm Forest,ENG,1529.47
2010-10-01,Portsmouth,ENG,1548.58
2010-10-01,Preston,ENG,1438.59
2010-10-01,QPR,ENG,1552.27
2010-10-01,Reading,ENG,1542.22
2010-10-01,Scunthorpe,ENG,1437.44
2010-10-01,Sheffield United,ENG,1507.35
2010-10-01,Stoke,ENG,1671.34
2010-10-01,Sunderland,ENG,1663.54
2010-10-01,Swansea,ENG,1516.35
2010-10-01,Tottenham,ENG,1790.78
2010-10-01,Watford,ENG,1498.64
2010-10-01,West Brom,ENG,1664.44
2010-10-01,West Ham,ENG,1634.68
2010-10-01,Wigan,ENG,1588.25
2010-10-01,Wolves,ENG,1610.74
2010-10-15,Arsenal,ENG,1876.03
2010-10-15,Aston Villa,ENG,1732.2
2010-10-15,Barnsley,ENG,1438.69
2010-10-15,Birmingham,ENG,1640.98
2010-10-15,Blackburn,ENG,1702.88
2010-10-15,Blackpool,ENG,1603.75
2010-10-15,Bolton,ENG,1653.96
2010-10-15,Bristol City,ENG,1429.6
2010-10-15,Burnley,ENG,1559.02
2010-10-15,Cardiff,ENG,1559.78
2010-10-15,Chelsea,ENG,1972.84
2010-10-15,Coventry,ENG,1446.91
2010-10-15,Crystal Palace,ENG,1443.35
2010-10-15,Derby,ENG,1473.65
2010-10-15,Doncaster,ENG,1486.97
2010-10-15,Everton,ENG,1769.43
2010-10-15,Fulham,ENG,1734.16
2010-10-15,Hull,ENG,1523.33
2010-10-15,Ipswich,ENG,1512.76
2010-10-15,Leeds,ENG,1427.58
2010-10-15,Leicester,ENG,1488.22
2010-10-15,Liverpool,ENG,1815.29
2010-10-15,Man City,ENG,1813.85
2010-10-15,Man United,ENG,1951.86
2010-10-15,Middlesbrough,ENG,1501.16
2010-10-15,Millwall,ENG,1441.18
2010-10-15,Newcastle,ENG,1691.21
2010-10-15,Norwich,ENG,1461.01
2010-10-15,Nottm Forest,ENG,1530.83
2010-10-15,Portsmouth,ENG,1549.8
2010-10-15,Preston,ENG,1439.01
2010-10-15,QPR,ENG,1560.02
2010-10-15,Reading,ENG,1541.8
2010-10-15,Scunthorpe,ENG,1430.57
2010-10-15,Sheffield United,ENG,1497.02
2010-10-15,Stoke,ENG,1678.25
2010-10-15,Sunderland,ENG,1668.83
2010-10-15,Swansea,ENG,1512.65
2010-10-15,Tottenham,ENG,1795.54
2010-10-15,Watford,ENG,1508.97
2010-10-15,West Brom,ENG,1661.58
2010-10-15,West Ham,ENG,1634.99
2010-10-15,Wigan,ENG,1597.43
2010-10-15,Wolves,ENG,1601.56
2010-11-01,Arsenal,ENG,1906.2
2010-11-01,Aston Villa,ENG,1727.68
2010-11-01,Barnsley,ENG,1437.04
2010-11-01,Birmingham,ENG,1654.16
2010-11-01,Blackburn,ENG,1695.74
2010-11-01,Blackpool,ENG,1595.21
2010-11-01,Bolton,ENG,1658.3
2010-11-01,Bristol City,ENG,1450.79
2010-11-01,Burnley,ENG,1549.65
2010-11-01,Cardiff,ENG,1591.67
2010-11-01,Chelsea,ENG,1981.18
2010-11-01,Coventry,ENG,1476.13
2010-11-01,Crystal Palace,ENG,1427.34
2010-11-01,Derby,ENG,1496.7
2010-11-01,Doncaster,ENG,1496.75
2010-11-01,Everton,ENG,1789.63
2010-11-01,Fulham,ENG,1726.46
2010-11-01,Hull,ENG,1508.7
2010-11-01,Ipswich,ENG,1498.41
2010-11-01,Leeds,ENG,1439.5
2010-11-01,Leicester,ENG,1495.83
2010-11-01,Liverpool,ENG,1818.18
2010-11-01,Man City,ENG,1797.59
2010-11-01,Man United,ENG,1956.52
2010-11-01,Middlesbrough,ENG,1469.26
2010-11-01,Millwall,ENG,1450.12
2010-11-01,Newcastle,ENG,1710.25
2010-11-01,Norwich,ENG,1460.24
2010-11-01,Nottm Forest,ENG,1530.6
2010-11-01,Portsmouth,ENG,1579.67
2010-11-01,Preston,ENG,1425.7
2010-11-01,QPR,ENG,1556.3
2010-11-01,Reading,ENG,1552.87
2010-11-01,Scunthorpe,ENG,1430.1
2010-11-01,Sheffield United,ENG,1490.21
2010-11-01,Stoke,ENG,1667.71
2010-11-01,Sunderland,ENG,1671.77
2010-11-01,Swansea,ENG,1547.3
2010-11-01,Tottenham,ENG,1797.0
2010-11-01,Watford,ENG,1486.0
2010-11-01,West Brom,ENG,1680.52
2010-11-01,West Ham,ENG,1629.67
2010-11-01,Wigan,ENG,1599.85
2010-11-01,Wolves,ENG,1613.54
2010-11-15,Arsenal,ENG,1887.19
2010-11-15,Aston Villa,ENG,1736.17
2010-11-15,Barnsley,ENG,1449.51
2010-11-15,Birmingham,ENG,1649.38
2010-11-15,Blackburn,ENG,1702.57
2010-11-15,Blackpool,ENG,1604.19
2010-11-15,Bolton,ENG,1684.07
2010-11-15,Bristol City,ENG,1450.25
2010-11-15,Burnley,ENG,1549.14
2010-11-15,Cardiff,ENG,1588.39
2010-11-15,Chelsea,ENG,1969.36
2010-11-15,Coventry,ENG,1449.13
2010-11-15,Crystal Palace,ENG,1438.36
2010-11-15,Derby,ENG,1511.71
2010-11-15,Doncaster,ENG,1515.24
2010-11-15,Everton,ENG,1780.31
2010-11-15,Fulham,ENG,1722.83
2010-11-15,Hull,ENG,1507.48
2010-11-15,Ipswich,ENG,1476.8
2010-11-15,Leeds,ENG,1457.35
2010-11-15,Leicester,ENG,1513.15
2010-11-15,Liverpool,ENG,1816.43
2010-11-15,Man City,ENG,1783.72
2010-11-15,Man United,ENG,1954.34
2010-11-15,Middlesbrough,ENG,1486.04
2010-11-15,Millwall,ENG,1432.92
2010-11-15,Newcastle,ENG,1710.57
2010-11-15,Norwich,ENG,1465.16
2010-11-15,Nottm Forest,ENG,1533.78
2010-11-15,Portsmouth,ENG,1553.24
2010-11-15,Preston,ENG,1406.3
2010-11-15,QPR,ENG,1567.06
2010-11-15,Reading,ENG,1537.63
2010-11-15,Scunthorpe,ENG,1419.33
2010-11-15,Sheffield United,ENG,1490.69
2010-11-15,Stoke,ENG,1678.87
2010-11-15,Sunderland,ENG,1684.13
2010-11-15,Swansea,ENG,1544.48
2010-11-15,Tottenham,ENG,1795.31
2010-11-15,Watford,ENG,1471.42
2010-11-15,West Brom,ENG,1654.51
2010-11-15,West Ham,ENG,1627.03
2010-11-15,Wigan,ENG,1606.71
2010-11-15,Wolves,ENG,1597.91
2010-12-01,Arsenal,ENG,1873.89
2010-12-01,Aston Villa,ENG,1715.83
2010-12-01,Barnsley,ENG,1455.12
2010-12-01,Birmingham,ENG,1664.72
2010-12-01,Blackburn,ENG,1706.35
2010-12-01,Blackpool,ENG,1613.06
2010-12-01,Bolton,ENG,1691.98
2010-12-01,Bristol City,ENG,1472.23
2010-12-01,Burnley,ENG,1544.48
2010-12-01,Cardiff,ENG,1564.58
2010-12-01,Chelsea,ENG,1923.83
2010-12-01,Coventry,ENG,1468.71
2010-12-01,Crystal Palace,ENG,1439.9
2010-12-01,Derby,ENG,1508.74
2010-12-01,Doncaster,ENG,1504.43
2010-12-01,Everton,ENG,1749.41
2010-12-01,Fulham,ENG,1703.12
2010-12-01,Hull,ENG,1512.45
2010-12-01,Ipswich,ENG,1458.37
2010-12-01,Leeds,ENG,1462.17
2010-12-01,Leicester,ENG,1507.92
2010-12-01,Liverpool,ENG,1813.04
2010-12-01,Man City,ENG,1796.23
2010-12-01,Man United,ENG,1961.71
2010-12-01,Middlesbrough,ENG,1467.31
2010-12-01,Millwall,ENG,1443.52
2010-12-01,Newcastle,ENG,1699.6
2010-12-01,Norwich,ENG,1472.63
2010-12-01,Nottm Forest,ENG,1540.8
2010-12-01,Portsmouth,ENG,1553.11
2010-12-01,Preston,ENG,1399.63
2010-12-01,QPR,ENG,1576.09
2010-12-01,Reading,ENG,1532.18
2010-12-01,Scunthorpe,ENG,1401.27
2010-12-01,Sheffield United,ENG,1481.93
2010-12-01,Stoke,ENG,1694.27
2010-12-01,Sunderland,ENG,1699.59
2010-12-01,Swansea,ENG,1538.88
2010-12-01,Tottenham,ENG,1819.6
2010-12-01,Watford,ENG,1471.44
2010-12-01,West Brom,ENG,1659.58
2010-12-01,West Ham,ENG,1629.26
2010-12-01,Wigan,ENG,1595.32
2010-12-01,Wolves,ENG,1599.66
2010-12-15,Arsenal,ENG,1868.71
2010-12-15,Aston Villa,ENG,1708.81
2010-12-15,Barnsley,ENG,1457.05
2010-12-15,Birmingham,ENG,1653.85
2010-12-15,Blackburn,ENG,1701.39
2010-12-15,Blackpool,ENG,1619.88
2010-12-15,Bolton,ENG,1689.95
2010-12-15,Bristol City,ENG,1476.85
2010-12-15,Burnley,ENG,1528.0
2010-12-15,Cardiff,ENG,1544.97
2010-12-15,Chelsea,ENG,1903.53
2010-12-15,Coventry,ENG,1473.68
2010-12-15,Crystal Palace,ENG,1429.36
2010-12-15,Derby,ENG,1483.47
2010-12-15,Doncaster,ENG,1486.97
2010-12-15,Everton,ENG,1744.72
2010-12-15,Fulham,ENG,1693.33
2010-12-15,Hull,ENG,1507.42
2010-12-15,Ipswich,ENG,1434.92
2010-12-15,Leeds,ENG,1474.41
2010-12-15,Leicester,ENG,1508.52
2010-12-15,Liverpool,ENG,1796.39
2010-12-15,Man City,ENG,1806.09
2010-12-15,Man United,ENG,1954.86
2010-12-15,Middlesbrough,ENG,1464.76
2010-12-15,Millwall,ENG,1452.18
2010-12-15,Newcastle,ENG,1698.01
2010-12-15,Norwich,ENG,1466.8
2010-12-15,Nottm Forest,ENG,1535.85
2010-12-15,Portsmouth,ENG,1559.78
2010-12-15,Preston,ENG,1407.78
2010-12-15,QPR,ENG,1553.5
2010-12-15,Reading,ENG,1523.58
2010-12-15,Scunthorpe,ENG,1387.37
2010-12-15,Sheffield United,ENG,1470.1
2010-12-15,Stoke,ENG,1676.85
2010-12-15,Sunderland,ENG,1701.35
2010-12-15,Swansea,ENG,1540.68
2010-12-15,Tottenham,ENG,1812.31
2010-12-15,Watford,ENG,1491.09
2010-12-15,West Brom,ENG,1659.39
2010-12-15,West Ham,ENG,1611.97
2010-12-15,Wigan,ENG,1596.96
2010-12-15,Wolves,ENG,1596.17
2011-01-01,Arsenal,ENG,1871.16
2011-01-01,Aston Villa,ENG,1691.57
2011-01-01,Barnsley,ENG,1441.85
2011-01-01,Birmingham,ENG,1657.37
2011-01-01,Blackburn,ENG,1692.65
2011-01-01,Blackpool,ENG,1634.63
2011-01-01,Bolton,ENG,1687.15
2011-01-01,Bristol City,ENG,1455.48
2011-01-01,Burnley,ENG,1515.15
2011-01-01,Cardiff,ENG,1535.81
2011-01-01,Chelsea,ENG,1893.89
2011-01-01,Coventry,ENG,1444.47
2011-01-01,Crystal Palace,ENG,1423.65
2011-01-01,Derby,ENG,1464.0
2011-01-01,Doncaster,ENG,1490.4
2011-01-01,Everton,ENG,1752.72
2011-01-01,Fulham,ENG,1688.88
2011-01-01,Hull,ENG,1520.46
2011-01-01,Ipswich,ENG,1446.53
2011-01-01,Leeds,ENG,1485.82
2011-01-01,Leicester,ENG,1480.05
2011-01-01,Liverpool,ENG,1772.04
2011-01-01,Man City,ENG,1810.65
2011-01-01,Man United,ENG,1949.5
2011-01-01,Middlesbrough,ENG,1469.27
2011-01-01,Millwall,ENG,1464.8
2011-01-01,Newcastle,ENG,1680.55
2011-01-01,Norwich,ENG,1483.26
2011-01-01,Nottm Forest,ENG,1548.63
2011-01-01,Portsmouth,ENG,1552.93
2011-01-01,Preston,ENG,1393.16
2011-01-01,QPR,ENG,1562.66
2011-01-01,Reading,ENG,1540.22
2011-01-01,Scunthorpe,ENG,1404.01
2011-01-01,Sheffield United,ENG,1458.26
2011-01-01,Stoke,ENG,1674.79
2011-01-01,Sunderland,ENG,1685.42
2011-01-01,Swansea,ENG,1522.91
2011-01-01,Tottenham,ENG,1821.99
2011-01-01,Watford,ENG,1501.92
2011-01-01,West Brom,ENG,1636.62
2011-01-01,West Ham,ENG,1632.49
2011-01-01,Wigan,ENG,1610.01
2011-01-01,Wolves,ENG,1598.54
2011-01-15,Arsenal,ENG,1875.33
2011-01-15,Aston Villa,ENG,1688.13
2011-01-15,Barnsley,ENG,1452.73
2011-01-15,Birmingham,ENG,1658.97
2011-01-15,Blackburn,ENG,1693.64
2011-01-15,Blackpool,ENG,1631.89
2011-01-15,Bolton,ENG,1678.45
2011-01-15,Bristol City,ENG,1473.99
2011-01-15,Burnley,ENG,1516.35
2011-01-15,Cardiff,ENG,1526.81
2011-01-15,Chelsea,ENG,1873.75
2011-01-15,Coventry,ENG,1436.32
2011-01-15,Crystal Palace,ENG,1419.83
2011-01-15,Derby,ENG,1469.85
2011-01-15,Doncaster,ENG,1498.6
2011-01-15,Everton,ENG,1749.16
2011-01-15,Fulham,ENG,1694.14
2011-01-15,Hull,ENG,1520.27
2011-01-15,Ipswich,ENG,1440.98
2011-01-15,Leeds,ENG,1478.13
2011-01-15,Leicester,ENG,1498.19
2011-01-15,Liverpool,ENG,1754.65
2011-01-15,Man City,ENG,1817.24
2011-01-15,Man United,ENG,1954.0
2011-01-15,Middlesbrough,ENG,1470.16
2011-01-15,Millwall,ENG,1476.17
2011-01-15,Newcastle,ENG,1699.99
2011-01-15,Norwich,ENG,1493.11
2011-01-15,Nottm Forest,ENG,1551.43
2011-01-15,Portsmouth,ENG,1529.41
2011-01-15,Preston,ENG,1379.76
2011-01-15,QPR,ENG,1550.1
2011-01-15,Reading,ENG,1539.22
2011-01-15,Scunthorpe,ENG,1390.02
2011-01-15,Sheffield United,ENG,1450.4
2011-01-15,Stoke,ENG,1684.8
2011-01-15,Sunderland,ENG,1706.76
2011-01-15,Swansea,ENG,1522.51
2011-01-15,Tottenham,ENG,1817.26
2011-01-15,Watford,ENG,1521.36
2011-01-15,West Brom,ENG,1625.14
2011-01-15,West Ham,ENG,1629.11
2011-01-15,Wigan,ENG,1605.96
2011-01-15,Wolves,ENG,1604.26
2011-02-01,Arsenal,ENG,1884.79
2011-02-01,Aston Villa,ENG,1706.63
2011-02-01,Barnsley,ENG,1453.15
2011-02-01,Birmingham,ENG,1654.24
2011-02-01,Blackburn,ENG,1696.65
2011-02-01,Blackpool,ENG,1615.15
2011-02-01,Bolton,ENG,1660.15
2011-02-01,Bristol City,ENG,1451.05
2011-02-01,Burnley,ENG,1523.52
2011-02-01,Cardiff,ENG,1536.58
2011-02-01,Chelsea,ENG,1887.26
2011-02-01,Coventry,ENG,1430.79
2011-02-01,Crystal Palace,ENG,1412.11
2011-02-01,Derby,ENG,1453.93
2011-02-01,Doncaster,ENG,1460.7
2011-02-01,Everton,ENG,1746.21
2011-02-01,Fulham,ENG,1697.75
2011-02-01,Hull,ENG,1528.33
2011-02-01,Ipswich,ENG,1442.83
2011-02-01,Leeds,ENG,1489.41
2011-02-01,Leicester,ENG,1505.21
2011-02-01,Liverpool,ENG,1768.13
2011-02-01,Man City,ENG,1810.11
2011-02-01,Man United,ENG,1958.18
2011-02-01,Middlesbrough,ENG,1485.55
2011-02-01,Millwall,ENG,1481.69
2011-02-01,Newcastle,ENG,1703.48
2011-02-01,Norwich,ENG,1500.56
2011-02-01,Nottm Forest,ENG,1568.33
2011-02-01,Portsmouth,ENG,1510.56
2011-02-01,Preston,ENG,1385.85
2011-02-01,QPR,ENG,1556.63
2011-02-01,Reading,ENG,1551.67
2011-02-01,Scunthorpe,ENG,1383.52
2011-02-01,Sheffield United,ENG,1443.22
2011-02-01,Stoke,ENG,1684.48
2011-02-01,Sunderland,ENG,1712.38
2011-02-01,Swansea,ENG,1529.28
2011-02-01,Tottenham,ENG,1817.82
2011-02-01,Watford,ENG,1521.22
2011-02-01,West Brom,ENG,1624.54
2011-02-01,West Ham,ENG,1627.67
2011-02-01,Wigan,ENG,1595.91
2011-02-01,Wolves,ENG,1591.07
2011-02-15,Arsenal,ENG,1884.84
2011-02-15,Aston Villa,ENG,1701.93
2011-02-15,Barnsley,ENG,1451.14
2011-02-15,Birmingham,ENG,1666.34
2011-02-15,Blackburn,ENG,1681.43
2011-02-15,Blackpool,ENG,1596.99
2011-02-15,Bolton,ENG,1661.86
2011-02-15,Bristol City,ENG,1456.4
2011-02-15,Burnley,ENG,1521.83
2011-02-15,Cardiff,ENG,1545.02
2011-02-15,Chelsea,ENG,1882.32
2011-02-15,Coventry,ENG,1419.52
2011-02-15,Crystal Palace,ENG,1425.2
2011-02-15,Derby,ENG,1447.53
2011-02-15,Doncaster,ENG,1462.27
2011-02-15,Everton,ENG,1747.5
2011-02-15,Fulham,ENG,1706.28
2011-02-15,Hull,ENG,1537.43
2011-02-15,Ipswich,ENG,1462.98
2011-02-15,Leeds,ENG,1497.33
2011-02-15,Leicester,ENG,1522.3
2011-02-15,Liverpool,ENG,1787.34
2011-02-15,Man City,ENG,1812.25
2011-02-15,Man United,ENG,1945.91
2011-02-15,Middlesbrough,ENG,1482.86
2011-02-15,Millwall,ENG,1481.98
2011-02-15,Newcastle,ENG,1700.3
2011-02-15,Norwich,ENG,1500.39
2011-02-15,Nottm Forest,ENG,1579.76
2011-02-15,Portsmouth,ENG,1499.7
2011-02-15,Preston,ENG,1362.31
2011-02-15,QPR,ENG,1573.64
2011-02-15,Reading,ENG,1543.61
2011-02-15,Scunthorpe,ENG,1365.7
2011-02-15,Sheffield United,ENG,1424.65
2011-02-15,Stoke,ENG,1685.15
2011-02-15,Sunderland,ENG,1697.45
2011-02-15,Swansea,ENG,1530.7
2011-02-15,Tottenham,ENG,1827.53
2011-02-15,Watford,ENG,1511.47
2011-02-15,West Brom,ENG,1617.18
2011-02-15,West Ham,ENG,1631.44
2011-02-15,Wigan,ENG,1607.36
2011-02-15,Wolves,ENG,1601.22
2011-03-01,Arsenal,ENG,1901.01
2011-03-01,Aston Villa,ENG,1718.7
2011-03-01,Barnsley,ENG,1443.72
2011-03-01,Birmingham,ENG,1667.61
2011-03-01,Blackburn,ENG,1677.53
2011-03-01,Blackpool,ENG,1609.33
2011-03-01,Bolton,ENG,1684.48
2011-03-01,Bristol City,ENG,1469.6
2011-03-01,Burnley,ENG,1551.33
2011-03-01,Cardiff,ENG,1569.91
2011-03-01,Chelsea,ENG,1894.07
2011-03-01,Coventry,ENG,1431.47
2011-03-01,Crystal Palace,ENG,1429.94
2011-03-01,Derby,ENG,1446.4
2011-03-01,Doncaster,ENG,1430.95
2011-03-01,Everton,ENG,1750.72
2011-03-01,Fulham,ENG,1721.41
2011-03-01,Hull,ENG,1541.5
2011-03-01,Ipswich,ENG,1476.56
2011-03-01,Leeds,ENG,1502.84
2011-03-01,Leicester,ENG,1532.08
2011-03-01,Liverpool,ENG,1778.2
2011-03-01,Man City,ENG,1814.82
2011-03-01,Man United,ENG,1961.82
2011-03-01,Middlesbrough,ENG,1478.31
2011-03-01,Millwall,ENG,1475.9
2011-03-01,Newcastle,ENG,1719.55
2011-03-01,Norwich,ENG,1525.05
2011-03-01,Nottm Forest,ENG,1575.95
2011-03-01,Portsmouth,ENG,1541.62
2011-03-01,Preston,ENG,1377.46
2011-03-01,QPR,ENG,1595.43
2011-03-01,Reading,ENG,1543.61
2011-03-01,Scunthorpe,ENG,1382.95
2011-03-01,Sheffield United,ENG,1409.41
2011-03-01,Stoke,ENG,1680.1
2011-03-01,Sunderland,ENG,1691.2
2011-03-01,Swansea,ENG,1569.73
2011-03-01,Tottenham,ENG,1832.41
2011-03-01,Watford,ENG,1487.91
2011-03-01,West Brom,ENG,1624.18
2011-03-01,West Ham,ENG,1655.31
2011-03-01,Wigan,ENG,1616.22
2011-03-01,Wolves,ENG,1622.32
2011-03-15,Arsenal,ENG,1877.59
2011-03-15,Aston Villa,ENG,1703.72
2011-03-15,Barnsley,ENG,1446.86
2011-03-15,Birmingham,ENG,1648.8
2011-03-15,Blackburn,ENG,1664.31
2011-03-15,Blackpool,ENG,1597.11
2011-03-15,Bolton,ENG,1683.59
2011-03-15,Bristol City,ENG,1477.43
2011-03-15,Burnley,ENG,1536.45
2011-03-15,Cardiff,ENG,1530.79
2011-03-15,Chelsea,ENG,1898.46
2011-03-15,Coventry,ENG,1403.79
2011-03-15,Crystal Palace,ENG,1424.62
2011-03-15,Derby,ENG,1426.75
2011-03-15,Doncaster,ENG,1431.46
2011-03-15,Everton,ENG,1747.02
2011-03-15,Fulham,ENG,1718.76
2011-03-15,Hull,ENG,1541.35
2011-03-15,Ipswich,ENG,1476.98
2011-03-15,Leeds,ENG,1506.58
2011-03-15,Leicester,ENG,1520.29
2011-03-15,Liverpool,ENG,1779.18
2011-03-15,Man City,ENG,1797.14
2011-03-15,Man United,ENG,1930.44
2011-03-15,Middlesbrough,ENG,1471.84
2011-03-15,Millwall,ENG,1496.24
2011-03-15,Newcastle,ENG,1702.59
2011-03-15,Norwich,ENG,1529.24
2011-03-15,Nottm Forest,ENG,1541.05
2011-03-15,Portsmouth,ENG,1529.68
2011-03-15,Preston,ENG,1368.73
2011-03-15,QPR,ENG,1581.93
2011-03-15,Reading,ENG,1555.99
2011-03-15,Scunthorpe,ENG,1365.89
2011-03-15,Sheffield United,ENG,1400.79
2011-03-15,Stoke,ENG,1660.25
2011-03-15,Sunderland,ENG,1689.99
2011-03-15,Swansea,ENG,1537.22
2011-03-15,Tottenham,ENG,1822.03
2011-03-15,Watford,ENG,1497.29
2011-03-15,West Brom,ENG,1631.93
2011-03-15,West Ham,ENG,1659.29
2011-03-15,Wigan,ENG,1605.83
2011-03-15,Wolves,ENG,1618.16
2011-04-01,Arsenal,ENG,1871.44
2011-04-01,Aston Villa,ENG,1690.52
2011-04-01,Barnsley,ENG,1438.52
2011-04-01,Birmingham,ENG,1639.84
2011-04-01,Blackburn,ENG,1659.14
2011-04-01,Blackpool,ENG,1599.38
2011-04-01,Bolton,ENG,1680.28
2011-04-01,Bristol City,ENG,1486.79
2011-04-01,Burnley,ENG,1518.9
2011-04-01,Cardiff,ENG,1530.32
2011-04-01,Chelsea,ENG,1901.82
2011-04-01,Coventry,ENG,1400.68
2011-04-01,Crystal Palace,ENG,1421.28
2011-04-01,Derby,ENG,1427.19
2011-04-01,Doncaster,ENG,1424.06
2011-04-01,Everton,ENG,1751.34
2011-04-01,Fulham,ENG,1711.53
2011-04-01,Hull,ENG,1537.61
2011-04-01,Ipswich,ENG,1465.04
2011-04-01,Leeds,ENG,1492.37
2011-04-01,Leicester,ENG,1509.3
2011-04-01,Liverpool,ENG,1779.91
2011-04-01,Man City,ENG,1789.04
2011-04-01,Man United,ENG,1936.85
2011-04-01,Middlesbrough,ENG,1477.66
2011-04-01,Millwall,ENG,1493.81
2011-04-01,Newcastle,ENG,1686.27
2011-04-01,Norwich,ENG,1530.07
2011-04-01,Nottm Forest,ENG,1532.94
2011-04-01,Portsmouth,ENG,1537.76
2011-04-01,Preston,ENG,1391.06
2011-04-01,QPR,ENG,1586.43
2011-04-01,Reading,ENG,1561.43
2011-04-01,Scunthorpe,ENG,1342.15
2011-04-01,Sheffield United,ENG,1412.09
2011-04-01,Stoke,ENG,1673.67
2011-04-01,Sunderland,ENG,1677.35
2011-04-01,Swansea,ENG,1542.43
2011-04-01,Tottenham,ENG,1814.76
2011-04-01,Watford,ENG,1504.5
2011-04-01,West Brom,ENG,1635.17
2011-04-01,West Ham,ENG,1663.67
2011-04-01,Wigan,ENG,1611.89
2011-04-01,Wolves,ENG,1628.46
2011-04-15,Arsenal,ENG,1866.93
2011-04-15,Aston Villa,ENG,1697.63
2011-04-15,Barnsley,ENG,1433.13
2011-04-15,Birmingham,ENG,1647.34
2011-04-15,Blackburn,ENG,1660.6
2011-04-15,Blackpool,ENG,1585.59
2011-04-15,Bolton,ENG,1680.33
2011-04-15,Bristol City,ENG,1481.32
2011-04-15,Burnley,ENG,1485.06
2011-04-15,Cardiff,ENG,1553.16
2011-04-15,Chelsea,ENG,1884.09
2011-04-15,Coventry,ENG,1435.35
2011-04-15,Crystal Palace,ENG,1425.2
2011-04-15,Derby,ENG,1423.27
2011-04-15,Doncaster,ENG,1404.56
2011-04-15,Everton,ENG,1756.8
2011-04-15,Fulham,ENG,1712.51
2011-04-15,Hull,ENG,1535.44
2011-04-15,Ipswich,ENG,1476.6
2011-04-15,Leeds,ENG,1488.38
2011-04-15,Leicester,ENG,1515.12
2011-04-15,Liverpool,ENG,1779.35
2011-04-15,Man City,ENG,1783.02
2011-04-15,Man United,ENG,1954.54
2011-04-15,Middlesbrough,ENG,1484.46
2011-04-15,Millwall,ENG,1505.42
2011-04-15,Newcastle,ENG,1686.22
2011-04-15,Norwich,ENG,1523.96
2011-04-15,Nottm Forest,ENG,1517.11
2011-04-15,Portsmouth,ENG,1499.51
2011-04-15,Preston,ENG,1403.68
2011-04-15,QPR,ENG,1574.03
2011-04-15,Reading,ENG,1584.68
2011-04-15,Scunthorpe,ENG,1348.59
2011-04-15,Sheffield United,ENG,1387.49
2011-04-15,Stoke,ENG,1671.83
2011-04-15,Sunderland,ENG,1655.85
2011-04-15,Swansea,ENG,1538.18
2011-04-15,Tottenham,ENG,1803.64
2011-04-15,Watford,ENG,1479.2
2011-04-15,West Brom,ENG,1653.01
2011-04-15,West Ham,ENG,1646.33
2011-04-15,Wigan,ENG,1611.34
2011-04-15,Wolves,ENG,1605.69
2011-05-01,Arsenal,ENG,1854.53
2011-05-01,Aston Villa,ENG,1698.2
2011-05-01,Barnsley,ENG,1432.22
2011-05-01,Birmingham,ENG,1647.87
2011-05-01,Blackburn,ENG,1657.38
2011-05-01,Blackpool,ENG,1576.95
2011-05-01,Bolton,ENG,1676.38
2011-05-01,Bristol City,ENG,1468.79
2011-05-01,Burnley,ENG,1504.91
2011-05-01,Cardiff,ENG,1567.72
2011-05-01,Chelsea,ENG,1902.16
2011-05-01,Coventry,ENG,1438.14
2011-05-01,Crystal Palace,ENG,1430.14
2011-05-01,Derby,ENG,1403.89
2011-05-01,Doncaster,ENG,1404.13
2011-05-01,Everton,ENG,1760.18
2011-05-01,Fulham,ENG,1738.44
2011-05-01,Hull,ENG,1524.74
2011-05-01,Ipswich,ENG,1467.55
2011-05-01,Leeds,ENG,1487.78
2011-05-01,Leicester,ENG,1511.78
2011-05-01,Liverpool,ENG,1793.9
2011-05-01,Man City,ENG,1791.89
2011-05-01,Man United,ENG,1961.55
2011-05-01,Middlesbrough,ENG,1496.27
2011-05-01,Millwall,ENG,1501.17
2011-05-01,Newcastle,ENG,1692.22
2011-05-01,Norwich,ENG,1553.14
2011-05-01,Nottm Forest,ENG,1533.71
2011-05-01,Portsmouth,ENG,1494.96
2011-05-01,Preston,ENG,1394.95
2011-05-01,QPR,ENG,1579.81
2011-05-01,Reading,ENG,1576.11
2011-05-01,Scunthorpe,ENG,1354.84
2011-05-01,Sheffield United,ENG,1403.08
2011-05-01,Stoke,ENG,1684.39
2011-05-01,Sunderland,ENG,1642.24
2011-05-01,Swansea,ENG,1555.65
2011-05-01,Tottenham,ENG,1795.51
2011-05-01,Watford,ENG,1470.13
2011-05-01,West Brom,ENG,1662.28
2011-05-01,West Ham,ENG,1636.82
2011-05-01,Wigan,ENG,1620.35
2011-05-01,Wolves,ENG,1600.57
2011-05-15,Arsenal,ENG,1849.32
2011-05-15,Aston Villa,ENG,1695.16
2011-05-15,Barnsley,ENG,1441.3
2011-05-15,Birmingham,ENG,1640.28
2011-05-15,Blackburn,ENG,1665.64
2011-05-15,Blackpool,ENG,1592.91
2011-05-15,Bolton,ENG,1658.68
2011-05-15,Bristol City,ENG,1483.03
2011-05-15,Burnley,ENG,1505.09
2011-05-15,Cardiff,ENG,1551.58
2011-05-15,Chelsea,ENG,1898.27
2011-05-15,Coventry,ENG,1444.41
2011-05-15,Crystal Palace,ENG,1418.56
2011-05-15,Derby,ENG,1402.23
2011-05-15,Doncaster,ENG,1398.81
2011-05-15,Everton,ENG,1759.33
2011-05-15,Fulham,ENG,1724.45
2011-05-15,Hull,ENG,1512.7
2011-05-15,Ipswich,ENG,1461.51
2011-05-15,Leeds,ENG,1501.18
2011-05-15,Leicester,ENG,1520.02
2011-05-15,Liverpool,ENG,1816.97
2011-05-15,Man City,ENG,1795.15
2011-05-15,Man United,ENG,1956.69
2011-05-15,Middlesbrough,ENG,1523.61
2011-05-15,Millwall,ENG,1494.29
2011-05-15,Newcastle,ENG,1691.7
2011-05-15,Norwich,ENG,1557.65
2011-05-15,Nottm Forest,ENG,1546.58
2011-05-15,Portsmouth,ENG,1485.86
2011-05-15,Preston,ENG,1407.17
2011-05-15,QPR,ENG,1568.6
2011-05-15,Reading,ENG,1578.29
2011-05-15,Scunthorpe,ENG,1357.55
2011-05-15,Sheffield United,ENG,1397.79
2011-05-15,Stoke,ENG,1700.65
2011-05-15,Sunderland,ENG,1638.51
2011-05-15,Swansea,ENG,1564.02
2011-05-15,Tottenham,ENG,1783.57
2011-05-15,Watford,ENG,1460.1
2011-05-15,West Brom,ENG,1661.76
2011-05-15,West Ham,ENG,1633.39
2011-05-15,Wigan,ENG,1625.58
2011-05-15,Wolves,ENG,1631.3
2011-06-01,Arsenal,ENG,1832.46
2011-06-01,Aston Villa,ENG,1715.04
2011-06-01,Barnsley,ENG,1438.89
2011-06-01,Birmingham,ENG,1623.81
2011-06-01,Blackburn,ENG,1672.27
2011-06-01,Blackpool,ENG,1589.22
2011-06-01,Bolton,ENG,1647.44
2011-06-01,Bristol City,ENG,1480.62
2011-06-01,Burnley,ENG,1502.68
2011-06-01,Cardiff,ENG,1531.06
2011-06-01,Chelsea,ENG,1879.51
2011-06-01,Coventry,ENG,1442.0
2011-06-01,Crystal Palace,ENG,1416.16
2011-06-01,Derby,ENG,1399.82
2011-06-01,Doncaster,ENG,1396.41
2011-06-01,Everton,ENG,1766.53
2011-06-01,Fulham,ENG,1733.97
2011-06-01,Hull,ENG,1510.29
2011-06-01,Ipswich,ENG,1459.1
2011-06-01,Leeds,ENG,1498.78
2011-06-01,Leicester,ENG,1517.61
2011-06-01,Liverpool,ENG,1790.55
2011-06-01,Man City,ENG,1808.77
2011-06-01,Man United,ENG,1947.73
2011-06-01,Middlesbrough,ENG,1521.21
2011-06-01,Millwall,ENG,1491.89
2011-06-01,Newcastle,ENG,1692.93
2011-06-01,Norwich,ENG,1555.25
2011-06-01,Nottm Forest,ENG,1530.5
2011-06-01,Portsmouth,ENG,1483.45
2011-06-01,Preston,ENG,1404.77
2011-06-01,QPR,ENG,1566.2
2011-06-01,Reading,ENG,1581.84
2011-06-01,Scunthorpe,ENG,1355.15
2011-06-01,Sheffield United,ENG,1395.39
2011-06-01,Stoke,ENG,1679.66
2011-06-01,Sunderland,ENG,1652.82
2011-06-01,Swansea,ENG,1587.45
2011-06-01,Tottenham,ENG,1799.51
2011-06-01,Watford,ENG,1457.69
2011-06-01,West Brom,ENG,1662.48
2011-06-01,West Ham,ENG,1607.99
2011-06-01,Wigan,ENG,1640.88
2011-06-01,Wolves,ENG,1619.87
2011-06-15,Arsenal,ENG,1832.46
2011-06-15,Aston Villa,ENG,1715.04
2011-06-15,Barnsley,ENG,1438.89
2011-06-15,Birmingham,ENG,1623.81
2011-06-15,Blackburn,ENG,1672.27
2011-06-15,Blackpool,ENG,1589.22
2011-06-15,Bolton,ENG,1647.44
2011-06-15,Bristol City,ENG,1480.62
2011-06-15,Burnley,ENG,1502.68
2011-06-15,Cardiff,ENG,1531.06
2011-06-15,Chelsea,ENG,1879.51
2011-06-15,Coventry,ENG,1442.0
2011-06-15,Crystal Palace,ENG,1416.16
2011-06-15,Derby,ENG,1399.82
2011-06-15,Doncaster,ENG,1396.41
2011-06-15,Everton,ENG,1766.53
2011-06-15,Fulham,ENG,1733.97
2011-06-15,Hull,ENG,1510.29
2011-06-15,Ipswich,ENG,1459.1
2011-06-15,Leeds,ENG,1498.78
2011-06-15,Leicester,ENG,1517.61
2011-06-15,Liverpool,ENG,1790.55
2011-06-15,Man City,ENG,1808.77
2011-06-15,Man United,ENG,1947.73
2011-06-15,Middlesbrough,ENG,1521.21
2011-06-15,Millwall,ENG,1491.89
2011-06-15,Newcastle,ENG,1692.93
2011-06-15,Norwich,ENG,1555.25
2011-06-15,Nottm Forest,ENG,1530.5
2011-06-15,Portsmouth,ENG,1483.45
2011-06-15,Preston,ENG,1404.77
2011-06-15,QPR,ENG,1566.2
2011-06-15,Reading,ENG,1581.84
2011-06-15,Scunthorpe,ENG,1355.15
2011-06-15,Sheffield United,ENG,1395.39
2011-06-15,Stoke,ENG,1679.66
2011-06-15,Sunderland,ENG,1652.82
2011-06-15,Swansea,ENG,1587.45
2011-06-15,Tottenham,ENG,1799.51
2011-06-15,Watford,ENG,1457.69
2011-06-15,West Brom,ENG,1662.48
2011-06-15,West Ham,ENG,1607.99
2011-06-15,Wigan,ENG,1640.88
2011-06-15,Wolves,ENG,1619.87
2011-07-01,Arsenal,ENG,1832.47
2011-07-01,Aston Villa,ENG,1715.04
2011-07-01,Barnsley,ENG,1438.9
2011-07-01,Birmingham,ENG,1623.82
2011-07-01,Blackburn,ENG,1672.27
2011-07-01,Blackpool,ENG,1589.22
2011-07-01,Bolton,ENG,1647.44
2011-07-01,Bristol City,ENG,1480.63
2011-07-01,Burnley,ENG,1502.69
2011-07-01,Cardiff,ENG,1531.06
2011-07-01,Chelsea,ENG,1879.52
2011-07-01,Coventry,ENG,1442.01
2011-07-01,Crystal Palace,ENG,1416.16
2011-07-01,Derby,ENG,1399.83
2011-07-01,Doncaster,ENG,1396.41
2011-07-01,Everton,ENG,1766.54
2011-07-01,Fulham,ENG,1733.99
2011-07-01,Hull,ENG,1510.3
2011-07-01,Ipswich,ENG,1459.11
2011-07-01,Leeds,ENG,1498.78
2011-07-01,Leicester,ENG,1517.62
2011-07-01,Liverpool,ENG,1790.56
2011-07-01,Man City,ENG,1808.77
2011-07-01,Man United,ENG,1947.73
2011-07-01,Middlesbrough,ENG,1521.22
2011-07-01,Millwall,ENG,1491.89
2011-07-01,Newcastle,ENG,1692.93
2011-07-01,Norwich,ENG,1555.25
2011-07-01,Nottm Forest,ENG,1530.51
2011-07-01,Portsmouth,ENG,1483.46
2011-07-01,Preston,ENG,1404.77
2011-07-01,QPR,ENG,1566.2
2011-07-01,Reading,ENG,1581.85
2011-07-01,Scunthorpe,ENG,1355.15
2011-07-01,Sheffield United,ENG,1395.39
2011-07-01,Stoke,ENG,1679.66
2011-07-01,Sunderland,ENG,1652.82
2011-07-01,Swansea,ENG,1587.46
2011-07-01,Tottenham,ENG,1799.52
2011-07-01,Watford,ENG,1457.7
2011-07-01,West Brom,ENG,1662.48
2011-07-01,West Ham,ENG,1607.99
2011-07-01,Wigan,ENG,1640.88
2011-07-01,Wolves,ENG,1619.87
2011-07-15,Arsenal,ENG,1832.47
2011-07-15,Aston Villa,ENG,1715.05
2011-07-15,Barnsley,ENG,1438.91
2011-07-15,Birmingham,ENG,1623.82
2011-07-15,Blackburn,ENG,1672.28
2011-07-15,Blackpool,ENG,1589.23
2011-07-15,Bolton,ENG,1647.45
2011-07-15,Brighton,ENG,1388.42
2011-07-15,Bristol City,ENG,1480.64
2011-07-15,Burnley,ENG,1502.7
2011-07-15,Cardiff,ENG,1531.07
2011-07-15,Chelsea,ENG,1879.52
2011-07-15,Coventry,ENG,1442.02
2011-07-15,Crystal Palace,ENG,1416.17
2011-07-15,Derby,ENG,1399.84
2011-07-15,Doncaster,ENG,1396.42
2011-07-15,Everton,ENG,1766.54
2011-07-15,Fulham,ENG,1734.02
2011-07-15,Hull,ENG,1510.31
2011-07-15,Ipswich,ENG,1459.12
2011-07-15,Leeds,ENG,1498.79
2011-07-15,Leicester,ENG,1517.63
2011-07-15,Liverpool,ENG,1790.56
2011-07-15,Man City,ENG,1808.78
2011-07-15,Man United,ENG,1947.74
2011-07-15,Middlesbrough,ENG,1521.22
2011-07-15,Millwall,ENG,1491.9
2011-07-15,Newcastle,ENG,1692.94
2011-07-15,Norwich,ENG,1555.26
2011-07-15,Nottm Forest,ENG,1530.52
2011-07-15,Peterboro,ENG,1388.42
2011-07-15,Portsmouth,ENG,1483.47
2011-07-15,QPR,ENG,1566.21
2011-07-15,Reading,ENG,1581.86
2011-07-15,Southampton,ENG,1388.42
2011-07-15,Stoke,ENG,1679.67
2011-07-15,Sunderland,ENG,1652.83
2011-07-15,Swansea,ENG,1587.46
2011-07-15,Tottenham,ENG,1799.53
2011-07-15,Watford,ENG,1457.71
2011-07-15,West Brom,ENG,1662.49
2011-07-15,West Ham,ENG,1608.0
2011-07-15,Wigan,ENG,1640.89
2011-07-15,Wolves,ENG,1619.88
2011-08-01,Arsenal,ENG,1832.33
2011-08-01,Aston Villa,ENG,1714.91
2011-08-01,Barnsley,ENG,1438.76
2011-08-01,Birmingham,ENG,1623.68
2011-08-01,Blackburn,ENG,1672.14
2011-08-01,Blackpool,ENG,1589.09
2011-08-01,Bolton,ENG,1647.31
2011-08-01,Brighton,ENG,1388.28
2011-08-01,Bristol City,ENG,1480.49
2011-08-01,Burnley,ENG,1502.55
2011-08-01,Cardiff,ENG,1530.93
2011-08-01,Chelsea,ENG,1879.38
2011-08-01,Coventry,ENG,1441.87
2011-08-01,Crystal Palace,ENG,1416.03
2011-08-01,Derby,ENG,1399.69
2011-08-01,Doncaster,ENG,1396.28
2011-08-01,Everton,ENG,1766.4
2011-08-01,Fulham,ENG,1732.49
2011-08-01,Hull,ENG,1510.16
2011-08-01,Ipswich,ENG,1458.97
2011-08-01,Leeds,ENG,1498.65
2011-08-01,Leicester,ENG,1517.49
2011-08-01,Liverpool,ENG,1790.42
2011-08-01,Man City,ENG,1808.64
2011-08-01,Man United,ENG,1947.6
2011-08-01,Middlesbrough,ENG,1521.08
2011-08-01,Millwall,ENG,1491.76
2011-08-01,Newcastle,ENG,1692.8
2011-08-01,Norwich,ENG,1555.12
2011-08-01,Nottm Forest,ENG,1530.37
2011-08-01,Peterboro,ENG,1388.28
2011-08-01,Portsmouth,ENG,1483.32
2011-08-01,QPR,ENG,1566.07
2011-08-01,Reading,ENG,1581.72
2011-08-01,Southampton,ENG,1388.28
2011-08-01,Stoke,ENG,1680.47
2011-08-01,Sunderland,ENG,1652.69
2011-08-01,Swansea,ENG,1587.32
2011-08-01,Tottenham,ENG,1799.38
2011-08-01,Watford,ENG,1457.56
2011-08-01,West Brom,ENG,1662.35
2011-08-01,West Ham,ENG,1607.86
2011-08-01,Wigan,ENG,1640.75
2011-08-01,Wolves,ENG,1619.74
2011-08-15,Arsenal,ENG,1831.84
2011-08-15,Aston Villa,ENG,1718.92
2011-08-15,Barnsley,ENG,1433.61
2011-08-15,Birmingham,ENG,1616.08
2011-08-15,Blackburn,ENG,1662.36
2011-08-15,Blackpool,ENG,1600.64
2011-08-15,Bolton,ENG,1664.28
2011-08-15,Brighton,ENG,1408.27
2011-08-15,Bristol City,ENG,1457.7
2011-08-15,Burnley,ENG,1488.65
2011-08-15,Cardiff,ENG,1550.3
2011-08-15,Chelsea,ENG,1877.21
2011-08-15,Coventry,ENG,1432.63
2011-08-15,Crystal Palace,ENG,1422.57
2011-08-15,Derby,ENG,1423.94
2011-08-15,Doncaster,ENG,1386.6
2011-08-15,Everton,ENG,1767.84
2011-08-15,Fulham,ENG,1733.66
2011-08-15,Hull,ENG,1513.1
2011-08-15,Ipswich,ENG,1468.96
2011-08-15,Leeds,ENG,1478.53
2011-08-15,Leicester,ENG,1514.76
2011-08-15,Liverpool,ENG,1786.46
2011-08-15,Man City,ENG,1810.07
2011-08-15,Man United,ENG,1952.06
2011-08-15,Middlesbrough,ENG,1528.26
2011-08-15,Millwall,ENG,1507.48
2011-08-15,Newcastle,ENG,1696.16
2011-08-15,Norwich,ENG,1560.79
2011-08-15,Nottm Forest,ENG,1517.48
2011-08-15,Peterboro,ENG,1394.23
2011-08-15,Portsmouth,ENG,1475.74
2011-08-15,QPR,ENG,1551.96
2011-08-15,Reading,ENG,1590.78
2011-08-15,Southampton,ENG,1413.44
2011-08-15,Stoke,ENG,1687.8
2011-08-15,Sunderland,ENG,1659.51
2011-08-15,Swansea,ENG,1588.76
2011-08-15,Tottenham,ENG,1800.82
2011-08-15,Watford,ENG,1451.31
2011-08-15,West Brom,ENG,1660.75
2011-08-15,West Ham,ENG,1602.5
2011-08-15,Wigan,ENG,1637.94
2011-08-15,Wolves,ENG,1632.38
2011-09-01,Arsenal,ENG,1828.05
2011-09-01,Aston Villa,ENG,1735.46
2011-09-01,Barnsley,ENG,1453.17
2011-09-01,Birmingham,ENG,1632.15
2011-09-01,Blackburn,ENG,1661.12
2011-09-01,Blackpool,ENG,1594.91
2011-09-01,Bolton,ENG,1666.75
2011-09-01,Brighton,ENG,1451.36
2011-09-01,Bristol City,ENG,1479.52
2011-09-01,Burnley,ENG,1509.81
2011-09-01,Cardiff,ENG,1546.01
2011-09-01,Chelsea,ENG,1894.57
2011-09-01,Coventry,ENG,1442.53
2011-09-01,Crystal Palace,ENG,1456.28
2011-09-01,Derby,ENG,1451.13
2011-09-01,Doncaster,ENG,1385.45
2011-09-01,Everton,ENG,1773.29
2011-09-01,Fulham,ENG,1733.39
2011-09-01,Hull,ENG,1510.74
2011-09-01,Ipswich,ENG,1451.71
2011-09-01,Leeds,ENG,1501.03
2011-09-01,Leicester,ENG,1524.1
2011-09-01,Liverpool,ENG,1819.73
2011-09-01,Man City,ENG,1851.46
2011-09-01,Man United,ENG,1979.67
2011-09-01,Middlesbrough,ENG,1558.78
2011-09-01,Millwall,ENG,1504.29
2011-09-01,Newcastle,ENG,1725.02
2011-09-01,Norwich,ENG,1574.01
2011-09-01,Nottm Forest,ENG,1521.95
2011-09-01,Peterboro,ENG,1422.19
2011-09-01,Portsmouth,ENG,1499.1
2011-09-01,QPR,ENG,1572.79
2011-09-01,Reading,ENG,1572.62
2011-09-01,Southampton,ENG,1449.22
2011-09-01,Stoke,ENG,1716.46
2011-09-01,Sunderland,ENG,1663.81
2011-09-01,Swansea,ENG,1597.2
2011-09-01,Tottenham,ENG,1791.42
2011-09-01,Watford,ENG,1457.62
2011-09-01,West Brom,ENG,1662.78
2011-09-01,West Ham,ENG,1634.89
2011-09-01,Wigan,ENG,1658.26
2011-09-01,Wolves,ENG,1662.83
2011-09-15,Arsenal,ENG,1835.71
2011-09-15,Aston Villa,ENG,1740.81
2011-09-15,Barnsley,ENG,1455.99
2011-09-15,Birmingham,ENG,1641.3
2011-09-15,Blackburn,ENG,1667.32
2011-09-15,Blackpool,ENG,1602.13
2011-09-15,Bolton,ENG,1663.46
2011-09-15,Brighton,ENG,1464.12
2011-09-15,Bristol City,ENG,1471.87
2011-09-15,Burnley,ENG,1500.66
2011-09-15,Cardiff,ENG,1553.04
2011-09-15,Chelsea,ENG,1906.58
2011-09-15,Coventry,ENG,1454.71
2011-09-15,Crystal Palace,ENG,1453.35
2011-09-15,Derby,ENG,1444.06
2011-09-15,Doncaster,ENG,1383.53
2011-09-15,Everton,ENG,1773.05
2011-09-15,Fulham,ENG,1732.3
2011-09-15,Hull,ENG,1520.66
2011-09-15,Ipswich,ENG,1449.6
2011-09-15,Leeds,ENG,1509.07
2011-09-15,Leicester,ENG,1526.39
2011-09-15,Liverpool,ENG,1812.93
2011-09-15,Man City,ENG,1858.66
2011-09-15,Man United,ENG,1988.07
2011-09-15,Middlesbrough,ENG,1573.04
2011-09-15,Millwall,ENG,1500.25
2011-09-15,Newcastle,ENG,1724.99
2011-09-15,Norwich,ENG,1569.52
2011-09-15,Nottm Forest,ENG,1516.21
2011-09-15,Peterboro,ENG,1417.38
2011-09-15,Portsmouth,ENG,1498.07
2011-09-15,QPR,ENG,1577.93
2011-09-15,Reading,ENG,1557.78
2011-09-15,Southampton,ENG,1460.08
2011-09-15,Stoke,ENG,1728.37
2011-09-15,Sunderland,ENG,1662.31
2011-09-15,Swansea,ENG,1597.57
2011-09-15,Tottenham,ENG,1802.83
2011-09-15,Watford,ENG,1477.57
2011-09-15,West Brom,ENG,1672.37
2011-09-15,West Ham,ENG,1641.03
2011-09-15,Wigan,ENG,1656.17
2011-09-15,Wolves,ENG,1656.53
2011-10-01,Arsenal,ENG,1826.87
2011-10-01,Aston Villa,ENG,1731.16
2011-10-01,Barnsley,ENG,1457.27
2011-10-01,Birmingham,ENG,1605.15
2011-10-01,Blackburn,ENG,1665.23
2011-10-01,Blackpool,ENG,1582.33
2011-10-01,Bolton,ENG,1641.5
2011-10-01,Brighton,ENG,1438.7
2011-10-01,Bristol City,ENG,1453.36
2011-10-01,Burnley,ENG,1498.09
2011-10-01,Cardiff,ENG,1552.73
2011-10-01,Chelsea,ENG,1897.84
2011-10-01,Coventry,ENG,1441.48
2011-10-01,Crystal Palace,ENG,1447.91
2011-10-01,Derby,ENG,1460.9
2011-10-01,Doncaster,ENG,1383.98
2011-10-01,Everton,ENG,1766.43
2011-10-01,Fulham,ENG,1732.8
2011-10-01,Hull,ENG,1519.53
2011-10-01,Ipswich,ENG,1474.19
2011-10-01,Leeds,ENG,1509.5
2011-10-01,Leicester,ENG,1531.6
2011-10-01,Liverpool,ENG,1796.8
2011-10-01,Man City,ENG,1845.82
2011-10-01,Man United,ENG,1973.6
2011-10-01,Middlesbrough,ENG,1566.19
2011-10-01,Millwall,ENG,1477.1
2011-10-01,Newcastle,ENG,1729.1
2011-10-01,Norwich,ENG,1584.39
2011-10-01,Nottm Forest,ENG,1494.65
2011-10-01,Peterboro,ENG,1429.89
2011-10-01,Portsmouth,ENG,1483.91
2011-10-01,QPR,ENG,1594.63
2011-10-01,Reading,ENG,1562.35
2011-10-01,Southampton,ENG,1471.09
2011-10-01,Stoke,ENG,1718.67
2011-10-01,Sunderland,ENG,1664.81
2011-10-01,Swansea,ENG,1603.83
2011-10-01,Tottenham,ENG,1813.38
2011-10-01,Watford,ENG,1471.11
2011-10-01,West Brom,ENG,1652.59
2011-10-01,West Ham,ENG,1621.86
2011-10-01,Wigan,ENG,1639.52
2011-10-01,Wolves,ENG,1627.81
2011-10-15,Arsenal,ENG,1820.33
2011-10-15,Aston Villa,ENG,1737.32
2011-10-15,Barnsley,ENG,1465.94
2011-10-15,Birmingham,ENG,1614.96
2011-10-15,Blackburn,ENG,1654.92
2011-10-15,Blackpool,ENG,1590.12
2011-10-15,Bolton,ENG,1634.2
2011-10-15,Brighton,ENG,1430.88
2011-10-15,Bristol City,ENG,1445.57
2011-10-15,Burnley,ENG,1507.27
2011-10-15,Cardiff,ENG,1545.5
2011-10-15,Chelsea,ENG,1905.15
2011-10-15,Coventry,ENG,1432.81
2011-10-15,Crystal Palace,ENG,1450.87
2011-10-15,Derby,ENG,1451.43
2011-10-15,Doncaster,ENG,1383.43
2011-10-15,Everton,ENG,1753.63
2011-10-15,Fulham,ENG,1741.49
2011-10-15,Hull,ENG,1526.76
2011-10-15,Ipswich,ENG,1482.0
2011-10-15,Leeds,ENG,1526.67
2011-10-15,Leicester,ENG,1541.08
2011-10-15,Liverpool,ENG,1809.61
2011-10-15,Man City,ENG,1856.12
2011-10-15,Man United,ENG,1974.77
2011-10-15,Middlesbrough,ENG,1568.01
2011-10-15,Millwall,ENG,1467.92
2011-10-15,Newcastle,ENG,1736.19
2011-10-15,Norwich,ENG,1583.23
2011-10-15,Nottm Forest,ENG,1484.84
2011-10-15,Peterboro,ENG,1419.01
2011-10-15,Portsmouth,ENG,1478.18
2011-10-15,QPR,ENG,1585.94
2011-10-15,Reading,ENG,1560.53
2011-10-15,Southampton,ENG,1483.68
2011-10-15,Stoke,ENG,1705.23
2011-10-15,Sunderland,ENG,1662.54
2011-10-15,Swansea,ENG,1617.28
2011-10-15,Tottenham,ENG,1819.92
2011-10-15,Watford,ENG,1458.52
2011-10-15,West Brom,ENG,1654.86
2011-10-15,West Ham,ENG,1618.9
2011-10-15,Wigan,ENG,1633.35
2011-10-15,Wolves,ENG,1620.72
2011-11-01,Arsenal,ENG,1859.61
2011-11-01,Aston Villa,ENG,1726.35
2011-11-01,Barnsley,ENG,1456.4
2011-11-01,Birmingham,ENG,1642.87
2011-11-01,Blackburn,ENG,1656.22
2011-11-01,Blackpool,ENG,1564.42
2011-11-01,Bolton,ENG,1630.8
2011-11-01,Brighton,ENG,1442.69
2011-11-01,Bristol City,ENG,1439.82
2011-11-01,Burnley,ENG,1514.98
2011-11-01,Cardiff,ENG,1547.25
2011-11-01,Chelsea,ENG,1888.66
2011-11-01,Coventry,ENG,1442.27
2011-11-01,Crystal Palace,ENG,1487.64
2011-11-01,Derby,ENG,1466.23
2011-11-01,Doncaster,ENG,1381.33
2011-11-01,Everton,ENG,1763.18
2011-11-01,Fulham,ENG,1722.37
2011-11-01,Hull,ENG,1545.63
2011-11-01,Ipswich,ENG,1477.01
2011-11-01,Leeds,ENG,1530.78
2011-11-01,Leicester,ENG,1522.44
2011-11-01,Liverpool,ENG,1820.68
2011-11-01,Man City,ENG,1902.17
2011-11-01,Man United,ENG,1957.05
2011-11-01,Middlesbrough,ENG,1550.02
2011-11-01,Millwall,ENG,1506.6
2011-11-01,Newcastle,ENG,1759.4
2011-11-01,Norwich,ENG,1606.03
2011-11-01,Nottm Forest,ENG,1498.27
2011-11-01,Peterboro,ENG,1431.01
2011-11-01,Portsmouth,ENG,1482.22
2011-11-01,QPR,ENG,1603.4
2011-11-01,Reading,ENG,1565.93
2011-11-01,Southampton,ENG,1518.42
2011-11-01,Stoke,ENG,1706.88
2011-11-01,Sunderland,ENG,1678.79
2011-11-01,Swansea,ENG,1625.53
2011-11-01,Tottenham,ENG,1837.39
2011-11-01,Watford,ENG,1446.82
2011-11-01,West Brom,ENG,1671.26
2011-11-01,West Ham,ENG,1635.44
2011-11-01,Wigan,ENG,1611.52
2011-11-01,Wolves,ENG,1614.75
2011-11-15,Arsenal,ENG,1857.87
2011-11-15,Aston Villa,ENG,1728.87
2011-11-15,Barnsley,ENG,1453.81
2011-11-15,Birmingham,ENG,1629.82
2011-11-15,Blackburn,ENG,1650.93
2011-11-15,Blackpool,ENG,1587.28
2011-11-15,Bolton,ENG,1648.39
2011-11-15,Brighton,ENG,1445.26
2011-11-15,Bristol City,ENG,1455.99
2011-11-15,Burnley,ENG,1489.36
2011-11-15,Cardiff,ENG,1565.82
2011-11-15,Chelsea,ENG,1886.56
2011-11-15,Coventry,ENG,1421.8
2011-11-15,Crystal Palace,ENG,1477.57
2011-11-15,Derby,ENG,1445.0
2011-11-15,Doncaster,ENG,1384.5
2011-11-15,Everton,ENG,1755.36
2011-11-15,Fulham,ENG,1714.09
2011-11-15,Hull,ENG,1525.26
2011-11-15,Ipswich,ENG,1463.69
2011-11-15,Leeds,ENG,1520.29
2011-11-15,Leicester,ENG,1524.56
2011-11-15,Liverpool,ENG,1813.12
2011-11-15,Man City,ENG,1913.84
2011-11-15,Man United,ENG,1958.01
2011-11-15,Middlesbrough,ENG,1560.54
2011-11-15,Millwall,ENG,1509.27
2011-11-15,Newcastle,ENG,1764.75
2011-11-15,Norwich,ENG,1601.04
2011-11-15,Nottm Forest,ENG,1492.92
2011-11-15,Peterboro,ENG,1432.35
2011-11-15,Portsmouth,ENG,1495.2
2011-11-15,QPR,ENG,1599.41
2011-11-15,Reading,ENG,1565.12
2011-11-15,Southampton,ENG,1532.1
2011-11-15,Stoke,ENG,1691.98
2011-11-15,Sunderland,ENG,1675.91
2011-11-15,Swansea,ENG,1630.62
2011-11-15,Tottenham,ENG,1836.59
2011-11-15,Watford,ENG,1447.83
2011-11-15,West Brom,ENG,1665.37
2011-11-15,West Ham,ENG,1638.21
2011-11-15,Wigan,ENG,1601.2
2011-11-15,Wolves,ENG,1622.6
2011-12-01,Arsenal,ENG,1849.76
2011-12-01,Aston Villa,ENG,1710.92
2011-12-01,Barnsley,ENG,1460.47
2011-12-01,Birmingham,ENG,1612.38
2011-12-01,Blackburn,ENG,1631.91
2011-12-01,Blackpool,ENG,1565.54
2011-12-01,Bolton,ENG,1621.77
2011-12-01,Brighton,ENG,1441.56
2011-12-01,Bristol City,ENG,1468.44
2011-12-01,Burnley,ENG,1488.05
2011-12-01,Cardiff,ENG,1566.27
2011-12-01,Chelsea,ENG,1859.15
2011-12-01,Coventry,ENG,1402.47
2011-12-01,Crystal Palace,ENG,1455.84
2011-12-01,Derby,ENG,1410.03
2011-12-01,Doncaster,ENG,1362.86
2011-12-01,Everton,ENG,1756.89
2011-12-01,Fulham,ENG,1709.09
2011-12-01,Hull,ENG,1507.02
2011-12-01,Ipswich,ENG,1428.67
2011-12-01,Leeds,ENG,1524.1
2011-12-01,Leicester,ENG,1533.67
2011-12-01,Liverpool,ENG,1813.87
2011-12-01,Man City,ENG,1895.58
2011-12-01,Man United,ENG,1937.15
2011-12-01,Middlesbrough,ENG,1536.06
2011-12-01,Millwall,ENG,1491.65
2011-12-01,Newcastle,ENG,1755.17
2011-12-01,Norwich,ENG,1592.9
2011-12-01,Nottm Forest,ENG,1464.73
2011-12-01,Peterboro,ENG,1425.2
2011-12-01,Portsmouth,ENG,1472.69
2011-12-01,QPR,ENG,1593.39
2011-12-01,Reading,ENG,1554.83
2011-12-01,Southampton,ENG,1523.49
2011-12-01,Stoke,ENG,1676.62
2011-12-01,Sunderland,ENG,1652.22
2011-12-01,Swansea,ENG,1617.55
2011-12-01,Tottenham,ENG,1822.6
2011-12-01,Watford,ENG,1445.42
2011-12-01,West Brom,ENG,1652.39
2011-12-01,West Ham,ENG,1644.96
2011-12-01,Wigan,ENG,1600.78
2011-12-01,Wolves,ENG,1604.35
2011-12-15,Arsenal,ENG,1836.55
2011-12-15,Aston Villa,ENG,1704.14
2011-12-15,Barnsley,ENG,1449.84
2011-12-15,Birmingham,ENG,1588.25
2011-12-15,Blackburn,ENG,1624.43
2011-12-15,Blackpool,ENG,1561.95
2011-12-15,Bolton,ENG,1600.26
2011-12-15,Brighton,ENG,1434.29
2011-12-15,Bristol City,ENG,1443.13
2011-12-15,Burnley,ENG,1481.05
2011-12-15,Cardiff,ENG,1563.22
2011-12-15,Chelsea,ENG,1877.33
2011-12-15,Coventry,ENG,1380.94
2011-12-15,Crystal Palace,ENG,1446.82
2011-12-15,Derby,ENG,1410.68
2011-12-15,Doncaster,ENG,1361.07
2011-12-15,Everton,ENG,1731.07
2011-12-15,Fulham,ENG,1682.8
2011-12-15,Hull,ENG,1519.67
2011-12-15,Ipswich,ENG,1425.33
2011-12-15,Leeds,ENG,1521.84
2011-12-15,Leicester,ENG,1511.96
2011-12-15,Liverpool,ENG,1796.86
2011-12-15,Man City,ENG,1889.53
2011-12-15,Man United,ENG,1921.84
2011-12-15,Middlesbrough,ENG,1538.33
2011-12-15,Millwall,ENG,1474.39
2011-12-15,Newcastle,ENG,1719.01
2011-12-15,Norwich,ENG,1594.4
2011-12-15,Nottm Forest,ENG,1437.57
2011-12-15,Peterboro,ENG,1411.26
2011-12-15,Portsmouth,ENG,1477.97
2011-12-15,QPR,ENG,1580.87
2011-12-15,Reading,ENG,1553.3
2011-12-15,Southampton,ENG,1502.95
2011-12-15,Stoke,ENG,1676.37
2011-12-15,Sunderland,ENG,1640.96
2011-12-15,Swansea,ENG,1611.95
2011-12-15,Tottenham,ENG,1806.96
2011-12-15,Watford,ENG,1444.8
2011-12-15,West Brom,ENG,1631.49
2011-12-15,West Ham,ENG,1607.26
2011-12-15,Wigan,ENG,1594.68
2011-12-15,Wolves,ENG,1599.75
2012-01-01,Arsenal,ENG,1833.47
2012-01-01,Aston Villa,ENG,1709.89
2012-01-01,Barnsley,ENG,1452.27
2012-01-01,Birmingham,ENG,1591.47
2012-01-01,Blackburn,ENG,1627.94
2012-01-01,Blackpool,ENG,1556.94
2012-01-01,Bolton,ENG,1593.47
2012-01-01,Brighton,ENG,1410.08
2012-01-01,Bristol City,ENG,1445.52
2012-01-01,Burnley,ENG,1504.47
2012-01-01,Cardiff,ENG,1559.43
2012-01-01,Chelsea,ENG,1847.2
2012-01-01,Coventry,ENG,1395.17
2012-01-01,Crystal Palace,ENG,1461.08
2012-01-01,Derby,ENG,1426.49
2012-01-01,Doncaster,ENG,1357.85
2012-01-01,Everton,ENG,1730.46
2012-01-01,Fulham,ENG,1686.76
2012-01-01,Hull,ENG,1515.35
2012-01-01,Ipswich,ENG,1432.57
2012-01-01,Leeds,ENG,1491.16
2012-01-01,Leicester,ENG,1496.76
2012-01-01,Liverpool,ENG,1804.86
2012-01-01,Man City,ENG,1894.98
2012-01-01,Man United,ENG,1922.8
2012-01-01,Middlesbrough,ENG,1550.86
2012-01-01,Millwall,ENG,1464.22
2012-01-01,Newcastle,ENG,1707.49
2012-01-01,Norwich,ENG,1597.15
2012-01-01,Nottm Forest,ENG,1424.11
2012-01-01,Peterboro,ENG,1433.21
2012-01-01,Portsmouth,ENG,1473.64
2012-01-01,QPR,ENG,1571.56
2012-01-01,Reading,ENG,1572.96
2012-01-01,Southampton,ENG,1501.47
2012-01-01,Stoke,ENG,1675.71
2012-01-01,Sunderland,ENG,1647.9
2012-01-01,Swansea,ENG,1614.58
2012-01-01,Tottenham,ENG,1814.6
2012-01-01,Watford,ENG,1459.79
2012-01-01,West Brom,ENG,1658.15
2012-01-01,West Ham,ENG,1601.08
2012-01-01,Wigan,ENG,1606.24
2012-01-01,Wolves,ENG,1600.33
2012-01-15,Arsenal,ENG,1823.27
2012-01-15,Aston Villa,ENG,1691.69
2012-01-15,Barnsley,ENG,1451.06
2012-01-15,Birmingham,ENG,1607.6
2012-01-15,Blackburn,ENG,1631.28
2012-01-15,Blackpool,ENG,1565.41
2012-01-15,Bolton,ENG,1603.95
2012-01-15,Brighton,ENG,1435.42
2012-01-15,Bristol City,ENG,1442.42
2012-01-15,Burnley,ENG,1513.0
2012-01-15,Cardiff,ENG,1565.38
2012-01-15,Chelsea,ENG,1853.81
2012-01-15,Coventry,ENG,1387.25
2012-01-15,Crystal Palace,ENG,1451.68
2012-01-15,Derby,ENG,1443.77
2012-01-15,Doncaster,ENG,1373.95
2012-01-15,Everton,ENG,1720.05
2012-01-15,Fulham,ENG,1685.21
2012-01-15,Hull,ENG,1508.4
2012-01-15,Ipswich,ENG,1418.03
2012-01-15,Leeds,ENG,1498.39
2012-01-15,Leicester,ENG,1494.34
2012-01-15,Liverpool,ENG,1791.87
2012-01-15,Man City,ENG,1890.76
2012-01-15,Man United,ENG,1905.03
2012-01-15,Middlesbrough,ENG,1524.76
2012-01-15,Millwall,ENG,1441.43
2012-01-15,Newcastle,ENG,1727.78
2012-01-15,Norwich,ENG,1616.62
2012-01-15,Nottm Forest,ENG,1423.37
2012-01-15,Peterboro,ENG,1430.96
2012-01-15,Portsmouth,ENG,1475.76
2012-01-15,QPR,ENG,1562.66
2012-01-15,Reading,ENG,1570.13
2012-01-15,Southampton,ENG,1500.95
2012-01-15,Stoke,ENG,1688.85
2012-01-15,Sunderland,ENG,1671.88
2012-01-15,Swansea,ENG,1631.63
2012-01-15,Tottenham,ENG,1817.04
2012-01-15,Watford,ENG,1444.23
2012-01-15,West Brom,ENG,1636.81
2012-01-15,West Ham,ENG,1610.26
2012-01-15,Wigan,ENG,1591.86
2012-01-15,Wolves,ENG,1603.49
2012-02-01,Arsenal,ENG,1804.73
2012-02-01,Aston Villa,ENG,1699.04
2012-02-01,Barnsley,ENG,1443.64
2012-02-01,Birmingham,ENG,1624.9
2012-02-01,Blackburn,ENG,1635.39
2012-02-01,Blackpool,ENG,1572.47
2012-02-01,Bolton,ENG,1619.84
2012-02-01,Brighton,ENG,1446.92
2012-02-01,Bristol City,ENG,1443.33
2012-02-01,Burnley,ENG,1519.76
2012-02-01,Cardiff,ENG,1569.37
2012-02-01,Chelsea,ENG,1845.08
2012-02-01,Coventry,ENG,1398.53
2012-02-01,Crystal Palace,ENG,1445.81
2012-02-01,Derby,ENG,1440.65
2012-02-01,Doncaster,ENG,1374.5
2012-02-01,Everton,ENG,1727.02
2012-02-01,Fulham,ENG,1698.43
2012-02-01,Hull,ENG,1514.33
2012-02-01,Ipswich,ENG,1434.48
2012-02-01,Leeds,ENG,1492.97
2012-02-01,Leicester,ENG,1508.29
2012-02-01,Liverpool,ENG,1784.97
2012-02-01,Man City,ENG,1887.19
2012-02-01,Man United,ENG,1915.24
2012-02-01,Middlesbrough,ENG,1510.42
2012-02-01,Millwall,ENG,1441.28
2012-02-01,Newcastle,ENG,1717.7
2012-02-01,Norwich,ENG,1621.25
2012-02-01,Nottm Forest,ENG,1410.21
2012-02-01,Peterboro,ENG,1406.74
2012-02-01,Portsmouth,ENG,1485.8
2012-02-01,QPR,ENG,1569.72
2012-02-01,Reading,ENG,1562.73
2012-02-01,Southampton,ENG,1487.56
2012-02-01,Stoke,ENG,1674.85
2012-02-01,Sunderland,ENG,1680.23
2012-02-01,Swansea,ENG,1638.74
2012-02-01,Tottenham,ENG,1815.34
2012-02-01,Watford,ENG,1453.08
2012-02-01,West Brom,ENG,1647.79
2012-02-01,West Ham,ENG,1590.17
2012-02-01,Wigan,ENG,1575.86
2012-02-01,Wolves,ENG,1587.15
2012-02-15,Arsenal,ENG,1815.03
2012-02-15,Aston Villa,ENG,1683.73
2012-02-15,Barnsley,ENG,1437.41
2012-02-15,Birmingham,ENG,1623.43
2012-02-15,Blackburn,ENG,1623.29
2012-02-15,Blackpool,ENG,1581.44
2012-02-15,Bolton,ENG,1603.45
2012-02-15,Brighton,ENG,1465.87
2012-02-15,Bristol City,ENG,1420.73
2012-02-15,Burnley,ENG,1505.16
2012-02-15,Cardiff,ENG,1548.08
2012-02-15,Chelsea,ENG,1831.62
2012-02-15,Coventry,ENG,1385.51
2012-02-15,Crystal Palace,ENG,1449.37
2012-02-15,Derby,ENG,1442.31
2012-02-15,Doncaster,ENG,1374.5
2012-02-15,Everton,ENG,1738.28
2012-02-15,Fulham,ENG,1696.67
2012-02-15,Hull,ENG,1522.55
2012-02-15,Ipswich,ENG,1443.13
2012-02-15,Leeds,ENG,1496.42
2012-02-15,Leicester,ENG,1506.43
2012-02-15,Liverpool,ENG,1780.35
2012-02-15,Man City,ENG,1896.41
2012-02-15,Man United,ENG,1918.7
2012-02-15,Middlesbrough,ENG,1508.61
2012-02-15,Millwall,ENG,1436.26
2012-02-15,Newcastle,ENG,1723.42
2012-02-15,Norwich,ENG,1632.24
2012-02-15,Nottm Forest,ENG,1409.88
2012-02-15,Peterboro,ENG,1411.41
2012-02-15,Portsmouth,ENG,1486.48
2012-02-15,QPR,ENG,1560.19
2012-02-15,Reading,ENG,1567.11
2012-02-15,Southampton,ENG,1502.69
2012-02-15,Stoke,ENG,1659.45
2012-02-15,Sunderland,ENG,1691.55
2012-02-15,Swansea,ENG,1638.49
2012-02-15,Tottenham,ENG,1826.58
2012-02-15,Watford,ENG,1459.64
2012-02-15,West Brom,ENG,1657.7
2012-02-15,West Ham,ENG,1593.54
2012-02-15,Wigan,ENG,1588.72
2012-02-15,Wolves,ENG,1579.68
2012-03-01,Arsenal,ENG,1804.15
2012-03-01,Aston Villa,ENG,1679.36
2012-03-01,Barnsley,ENG,1422.75
2012-03-01,Birmingham,ENG,1608.48
2012-03-01,Blackburn,ENG,1617.32
2012-03-01,Blackpool,ENG,1575.11
2012-03-01,Bolton,ENG,1595.99
2012-03-01,Brighton,ENG,1474.73
2012-03-01,Bristol City,ENG,1396.88
2012-03-01,Burnley,ENG,1487.1
2012-03-01,Cardiff,ENG,1534.12
2012-03-01,Chelsea,ENG,1820.53
2012-03-01,Coventry,ENG,1390.05
2012-03-01,Crystal Palace,ENG,1466.12
2012-03-01,Derby,ENG,1414.83
2012-03-01,Doncaster,ENG,1360.74
2012-03-01,Everton,ENG,1734.81
2012-03-01,Fulham,ENG,1699.45
2012-03-01,Hull,ENG,1519.91
2012-03-01,Ipswich,ENG,1454.44
2012-03-01,Leeds,ENG,1488.44
2012-03-01,Leicester,ENG,1503.1
2012-03-01,Liverpool,ENG,1776.88
2012-03-01,Man City,ENG,1918.65
2012-03-01,Man United,ENG,1921.13
2012-03-01,Middlesbrough,ENG,1508.96
2012-03-01,Millwall,ENG,1440.63
2012-03-01,Newcastle,ENG,1714.61
2012-03-01,Norwich,ENG,1625.89
2012-03-01,Nottm Forest,ENG,1425.72
2012-03-01,Peterboro,ENG,1415.06
2012-03-01,Portsmouth,ENG,1460.39
2012-03-01,QPR,ENG,1550.48
2012-03-01,Reading,ENG,1586.89
2012-03-01,Southampton,ENG,1526.82
2012-03-01,Stoke,ENG,1658.63
2012-03-01,Sunderland,ENG,1673.71
2012-03-01,Swansea,ENG,1626.01
2012-03-01,Tottenham,ENG,1810.74
2012-03-01,Watford,ENG,1436.11
2012-03-01,West Brom,ENG,1668.6
2012-03-01,West Ham,ENG,1597.35
2012-03-01,Wigan,ENG,1586.16
2012-03-01,Wolves,ENG,1581.55
2012-03-15,Arsenal,ENG,1827.72
2012-03-15,Aston Villa,ENG,1688.74
2012-03-15,Barnsley,ENG,1411.53
2012-03-15,Birmingham,ENG,1587.07
2012-03-15,Blackburn,ENG,1631.07
2012-03-15,Blackpool,ENG,1548.77
2012-03-15,Bolton,ENG,1601.95
2012-03-15,Brighton,ENG,1483.67
2012-03-15,Bristol City,ENG,1393.52
2012-03-15,Burnley,ENG,1479.59
2012-03-15,Cardiff,ENG,1514.1
2012-03-15,Chelsea,ENG,1835.55
2012-03-15,Coventry,ENG,1391.49
2012-03-15,Crystal Palace,ENG,1474.79
2012-03-15,Derby,ENG,1431.11
2012-03-15,Doncaster,ENG,1386.79
2012-03-15,Everton,ENG,1731.08
2012-03-15,Fulham,ENG,1703.11
2012-03-15,Hull,ENG,1536.89
2012-03-15,Ipswich,ENG,1472.11
2012-03-15,Leeds,ENG,1500.15
2012-03-15,Leicester,ENG,1508.17
2012-03-15,Liverpool,ENG,1771.96
2012-03-15,Man City,ENG,1902.86
2012-03-15,Man United,ENG,1921.03
2012-03-15,Middlesbrough,ENG,1513.93
2012-03-15,Millwall,ENG,1441.66
2012-03-15,Newcastle,ENG,1709.98
2012-03-15,Norwich,ENG,1619.23
2012-03-15,Nottm Forest,ENG,1421.97
2012-03-15,Peterboro,ENG,1411.54
2012-03-15,Portsmouth,ENG,1438.4
2012-03-15,QPR,ENG,1550.36
2012-03-15,Reading,ENG,1600.48
2012-03-15,Southampton,ENG,1539.43
2012-03-15,Stoke,ENG,1663.01
2012-03-15,Sunderland,ENG,1687.7
2012-03-15,Swansea,ENG,1653.56
2012-03-15,Tottenham,ENG,1795.06
2012-03-15,Watford,ENG,1460.6
2012-03-15,West Brom,ENG,1678.05
2012-03-15,West Ham,ENG,1598.08
2012-03-15,Wigan,ENG,1579.12
2012-03-15,Wolves,ENG,1563.28
2012-04-01,Arsenal,ENG,1824.33
2012-04-01,Aston Villa,ENG,1671.81
2012-04-01,Barnsley,ENG,1396.06
2012-04-01,Birmingham,ENG,1576.57
2012-04-01,Blackburn,ENG,1631.97
2012-04-01,Blackpool,ENG,1553.74
2012-04-01,Bolton,ENG,1614.32
2012-04-01,Brighton,ENG,1481.31
2012-04-01,Bristol City,ENG,1386.88
2012-04-01,Burnley,ENG,1492.58
2012-04-01,Cardiff,ENG,1503.79
2012-04-01,Chelsea,ENG,1842.24
2012-04-01,Coventry,ENG,1425.48
2012-04-01,Crystal Palace,ENG,1446.23
2012-04-01,Derby,ENG,1436.88
2012-04-01,Doncaster,ENG,1355.68
2012-04-01,Everton,ENG,1739.9
2012-04-01,Fulham,ENG,1683.73
2012-04-01,Hull,ENG,1484.33
2012-04-01,Ipswich,ENG,1477.64
2012-04-01,Leeds,ENG,1470.21
2012-04-01,Leicester,ENG,1502.3
2012-04-01,Liverpool,ENG,1742.88
2012-04-01,Man City,ENG,1885.33
2012-04-01,Man United,ENG,1914.12
2012-04-01,Middlesbrough,ENG,1504.08
2012-04-01,Millwall,ENG,1440.65
2012-04-01,Newcastle,ENG,1723.52
2012-04-01,Norwich,ENG,1611.94
2012-04-01,Nottm Forest,ENG,1462.87
2012-04-01,Peterboro,ENG,1414.91
2012-04-01,Portsmouth,ENG,1433.54
2012-04-01,QPR,ENG,1567.26
2012-04-01,Reading,ENG,1612.39
2012-04-01,Southampton,ENG,1549.09
2012-04-01,Stoke,ENG,1657.57
2012-04-01,Sunderland,ENG,1685.91
2012-04-01,Swansea,ENG,1658.03
2012-04-01,Tottenham,ENG,1789.91
2012-04-01,Watford,ENG,1485.82
2012-04-01,West Brom,ENG,1655.08
2012-04-01,West Ham,ENG,1582.07
2012-04-01,Wigan,ENG,1603.15
2012-04-01,Wolves,ENG,1542.41
2012-04-15,Arsenal,ENG,1838.72
2012-04-15,Aston Villa,ENG,1674.85
2012-04-15,Barnsley,ENG,1394.05
2012-04-15,Birmingham,ENG,1595.6
2012-04-15,Blackburn,ENG,1612.82
2012-04-15,Blackpool,ENG,1560.17
2012-04-15,Bolton,ENG,1597.97
2012-04-15,Brighton,ENG,1470.58
2012-04-15,Bristol City,ENG,1410.3
2012-04-15,Burnley,ENG,1496.46
2012-04-15,Cardiff,ENG,1516.27
2012-04-15,Chelsea,ENG,1849.4
2012-04-15,Coventry,ENG,1415.06
2012-04-15,Crystal Palace,ENG,1433.01
2012-04-15,Derby,ENG,1452.66
2012-04-15,Doncaster,ENG,1344.71
2012-04-15,Everton,ENG,1750.72
2012-04-15,Fulham,ENG,1701.44
2012-04-15,Hull,ENG,1482.11
2012-04-15,Ipswich,ENG,1471.4
2012-04-15,Leeds,ENG,1452.6
2012-04-15,Leicester,ENG,1519.45
2012-04-15,Liverpool,ENG,1737.98
2012-04-15,Man City,ENG,1884.09
2012-04-15,Man United,ENG,1907.47
2012-04-15,Middlesbrough,ENG,1485.2
2012-04-15,Millwall,ENG,1462.72
2012-04-15,Newcastle,ENG,1750.66
2012-04-15,Norwich,ENG,1629.32
2012-04-15,Nottm Forest,ENG,1461.81
2012-04-15,Peterboro,ENG,1410.09
2012-04-15,Portsmouth,ENG,1430.78
2012-04-15,QPR,ENG,1582.51
2012-04-15,Reading,ENG,1635.74
2012-04-15,Southampton,ENG,1545.28
2012-04-15,Stoke,ENG,1665.45
2012-04-15,Sunderland,ENG,1678.12
2012-04-15,Swansea,ENG,1628.9
2012-04-15,Tottenham,ENG,1781.92
2012-04-15,Watford,ENG,1479.85
2012-04-15,West Brom,ENG,1662.06
2012-04-15,West Ham,ENG,1591.91
2012-04-15,Wigan,ENG,1617.13
2012-04-15,Wolves,ENG,1535.49
2012-05-01,Arsenal,ENG,1827.02
2012-05-01,Aston Villa,ENG,1666.17
2012-05-01,Barnsley,ENG,1380.49
2012-05-01,Birmingham,ENG,1603.37
2012-05-01,Blackburn,ENG,1613.45
2012-05-01,Blackpool,ENG,1578.96
2012-05-01,Bolton,ENG,1618.61
2012-05-01,Brighton,ENG,1467.2
2012-05-01,Bristol City,ENG,1437.61
2012-05-01,Burnley,ENG,1488.25
2012-05-01,Cardiff,ENG,1539.49
2012-05-01,Chelsea,ENG,1882.07
2012-05-01,Coventry,ENG,1394.08
2012-05-01,Crystal Palace,ENG,1431.65
2012-05-01,Derby,ENG,1450.39
2012-05-01,Doncaster,ENG,1358.63
2012-05-01,Everton,ENG,1774.03
2012-05-01,Fulham,ENG,1701.7
2012-05-01,Hull,ENG,1498.46
2012-05-01,Ipswich,ENG,1470.93
2012-05-01,Leeds,ENG,1459.69
2012-05-01,Leicester,ENG,1516.99
2012-05-01,Liverpool,ENG,1744.3
2012-05-01,Man City,ENG,1907.78
2012-05-01,Man United,ENG,1906.01
2012-05-01,Middlesbrough,ENG,1496.06
2012-05-01,Millwall,ENG,1502.03
2012-05-01,Newcastle,ENG,1745.26
2012-05-01,Norwich,ENG,1607.28
2012-05-01,Nottm Forest,ENG,1469.24
2012-05-01,Peterboro,ENG,1402.8
2012-05-01,Portsmouth,ENG,1432.45
2012-05-01,QPR,ENG,1592.11
2012-05-01,Reading,ENG,1627.71
2012-05-01,Southampton,ENG,1558.47
2012-05-01,Stoke,ENG,1666.8
2012-05-01,Sunderland,ENG,1677.64
2012-05-01,Swansea,ENG,1642.48
2012-05-01,Tottenham,ENG,1781.19
2012-05-01,Watford,ENG,1491.99
2012-05-01,West Brom,ENG,1682.58
2012-05-01,West Ham,ENG,1615.92
2012-05-01,Wigan,ENG,1652.94
2012-05-01,Wolves,ENG,1548.46
2012-05-15,Arsenal,ENG,1826.21
2012-05-15,Aston Villa,ENG,1656.92
2012-05-15,Barnsley,ENG,1380.49
2012-05-15,Birmingham,ENG,1592.04
2012-05-15,Blackburn,ENG,1603.1
2012-05-15,Blackpool,ENG,1590.29
2012-05-15,Bolton,ENG,1612.95
2012-05-15,Brighton,ENG,1467.2
2012-05-15,Bristol City,ENG,1437.61
2012-05-15,Burnley,ENG,1488.25
2012-05-15,Cardiff,ENG,1523.29
2012-05-15,Chelsea,ENG,1848.65
2012-05-15,Coventry,ENG,1394.08
2012-05-15,Crystal Palace,ENG,1431.65
2012-05-15,Derby,ENG,1450.39
2012-05-15,Doncaster,ENG,1358.63
2012-05-15,Everton,ENG,1777.1
2012-05-15,Fulham,ENG,1711.27
2012-05-15,Hull,ENG,1498.46
2012-05-15,Ipswich,ENG,1470.93
2012-05-15,Leeds,ENG,1459.69
2012-05-15,Leicester,ENG,1516.99
2012-05-15,Liverpool,ENG,1741.48
2012-05-15,Man City,ENG,1917.11
2012-05-15,Man United,ENG,1912.46
2012-05-15,Middlesbrough,ENG,1496.06
2012-05-15,Millwall,ENG,1502.03
2012-05-15,Newcastle,ENG,1746.15
2012-05-15,Norwich,ENG,1625.12
2012-05-15,Nottm Forest,ENG,1469.24
2012-05-15,Peterboro,ENG,1402.8
2012-05-15,Portsmouth,ENG,1432.45
2012-05-15,QPR,ENG,1599.44
2012-05-15,Reading,ENG,1627.71
2012-05-15,Southampton,ENG,1558.47
2012-05-15,Stoke,ENG,1656.59
2012-05-15,Sunderland,ENG,1667.9
2012-05-15,Swansea,ENG,1649.46
2012-05-15,Tottenham,ENG,1795.5
2012-05-15,Watford,ENG,1491.99
2012-05-15,West Brom,ENG,1676.25
2012-05-15,West Ham,ENG,1632.11
2012-05-15,Wigan,ENG,1665.42
2012-05-15,Wolves,ENG,1548.81
2012-06-01,Arsenal,ENG,1826.91
2012-06-01,Aston Villa,ENG,1657.62
2012-06-01,Barnsley,ENG,1381.2
2012-06-01,Birmingham,ENG,1592.74
2012-06-01,Blackburn,ENG,1603.81
2012-06-01,Blackpool,ENG,1584.22
2012-06-01,Bolton,ENG,1613.66
2012-06-01,Brighton,ENG,1467.9
2012-06-01,Bristol City,ENG,1438.31
2012-06-01,Burnley,ENG,1488.96
2012-06-01,Cardiff,ENG,1524.0
2012-06-01,Chelsea,ENG,1851.69
2012-06-01,Coventry,ENG,1394.78
2012-06-01,Crystal Palace,ENG,1432.35
2012-06-01,Derby,ENG,1451.09
2012-06-01,Doncaster,ENG,1359.34
2012-06-01,Everton,ENG,1777.8
2012-06-01,Fulham,ENG,1711.97
2012-06-01,Hull,ENG,1499.16
2012-06-01,Ipswich,ENG,1471.63
2012-06-01,Leeds,ENG,1460.4
2012-06-01,Leicester,ENG,1517.7
2012-06-01,Liverpool,ENG,1742.19
2012-06-01,Man City,ENG,1917.82
2012-06-01,Man United,ENG,1913.17
2012-06-01,Middlesbrough,ENG,1496.76
2012-06-01,Millwall,ENG,1502.73
2012-06-01,Newcastle,ENG,1746.85
2012-06-01,Norwich,ENG,1625.83
2012-06-01,Nottm Forest,ENG,1469.95
2012-06-01,Peterboro,ENG,1403.51
2012-06-01,Portsmouth,ENG,1433.16
2012-06-01,QPR,ENG,1600.14
2012-06-01,Reading,ENG,1628.41
2012-06-01,Southampton,ENG,1559.18
2012-06-01,Stoke,ENG,1657.3
2012-06-01,Sunderland,ENG,1668.6
2012-06-01,Swansea,ENG,1650.16
2012-06-01,Tottenham,ENG,1796.2
2012-06-01,Watford,ENG,1492.69
2012-06-01,West Brom,ENG,1676.95
2012-06-01,West Ham,ENG,1639.6
2012-06-01,Wigan,ENG,1666.12
2012-06-01,Wolves,ENG,1549.52
2012-06-15,Arsenal,ENG,1826.91
2012-06-15,Aston Villa,ENG,1657.62
2012-06-15,Barnsley,ENG,1381.2
2012-06-15,Birmingham,ENG,1592.74
2012-06-15,Blackburn,ENG,1603.81
2012-06-15,Blackpool,ENG,1584.22
2012-06-15,Bolton,ENG,1613.66
2012-06-15,Brighton,ENG,1467.9
2012-06-15,Bristol City,ENG,1438.31
2012-06-15,Burnley,ENG,1488.96
2012-06-15,Cardiff,ENG,1524.0
2012-06-15,Chelsea,ENG,1851.69
2012-06-15,Coventry,ENG,1394.78
2012-06-15,Crystal Palace,ENG,1432.35
2012-06-15,Derby,ENG,1451.09
2012-06-15,Doncaster,ENG,1359.34
2012-06-15,Everton,ENG,1777.8
2012-06-15,Fulham,ENG,1711.97
2012-06-15,Hull,ENG,1499.16
2012-06-15,Ipswich,ENG,1471.63
2012-06-15,Leeds,ENG,1460.4
2012-06-15,Leicester,ENG,1517.7
2012-06-15,Liverpool,ENG,1742.19
2012-06-15,Man City,ENG,1917.82
2012-06-15,Man United,ENG,1913.17
2012-06-15,Middlesbrough,ENG,1496.76
2012-06-15,Millwall,ENG,1502.73
2012-06-15,Newcastle,ENG,1746.85
2012-06-15,Norwich,ENG,1625.83
2012-06-15,Nottm Forest,ENG,1469.95
2012-06-15,Peterboro,ENG,1403.51
2012-06-15,Portsmouth,ENG,1433.16
2012-06-15,QPR,ENG,1600.14
2012-06-15,Reading,ENG,1628.41
2012-06-15,Southampton,ENG,1559.18
2012-06-15,Stoke,ENG,1657.3
2012-06-15,Sunderland,ENG,1668.6
2012-06-15,Swansea,ENG,1650.16
2012-06-15,Tottenham,ENG,1796.2
2012-06-15,Watford,ENG,1492.69
2012-06-15,West Brom,ENG,1676.95
2012-06-15,West Ham,ENG,1639.6
2012-06-15,Wigan,ENG,1666.12
2012-06-15,Wolves,ENG,1549.52
2012-07-01,Arsenal,ENG,1826.91
2012-07-01,Aston Villa,ENG,1657.62
2012-07-01,Barnsley,ENG,1381.2
2012-07-01,Birmingham,ENG,1592.74
2012-07-01,Blackburn,ENG,1603.81
2012-07-01,Blackpool,ENG,1584.22
2012-07-01,Bolton,ENG,1613.66
2012-07-01,Brighton,ENG,1467.9
2012-07-01,Bristol City,ENG,1438.31
2012-07-01,Burnley,ENG,1488.96
2012-07-01,Cardiff,ENG,1524.0
2012-07-01,Charlton,ENG,1386.96
2012-07-01,Chelsea,ENG,1851.69
2012-07-01,Coventry,ENG,1394.78
2012-07-01,Crystal Palace,ENG,1432.35
2012-07-01,Derby,ENG,1451.09
2012-07-01,Doncaster,ENG,1359.34
2012-07-01,Everton,ENG,1777.8
2012-07-01,Fulham,ENG,1711.97
2012-07-01,Huddersfield,ENG,1386.96
2012-07-01,Hull,ENG,1499.16
2012-07-01,Ipswich,ENG,1471.63
2012-07-01,Leeds,ENG,1460.4
2012-07-01,Leicester,ENG,1517.7
2012-07-01,Liverpool,ENG,1742.19
2012-07-01,Man City,ENG,1917.82
2012-07-01,Man United,ENG,1913.17
2012-07-01,Middlesbrough,ENG,1496.76
2012-07-01,Millwall,ENG,1502.73
2012-07-01,Newcastle,ENG,1746.85
2012-07-01,Norwich,ENG,1625.83
2012-07-01,Nottm Forest,ENG,1469.95
2012-07-01,Peterboro,ENG,1403.51
2012-07-01,Portsmouth,ENG,1433.16
2012-07-01,QPR,ENG,1600.14
2012-07-01,Reading,ENG,1628.41
2012-07-01,Sheffield Weds,ENG,1386.96
2012-07-01,Southampton,ENG,1559.18
2012-07-01,Stoke,ENG,1657.3
2012-07-01,Sunderland,ENG,1668.6
2012-07-01,Swansea,ENG,1650.16
2012-07-01,Tottenham,ENG,1796.2
2012-07-01,Watford,ENG,1492.69
2012-07-01,West Brom,ENG,1676.95
2012-07-01,West Ham,ENG,1639.6
2012-07-01,Wigan,ENG,1666.12
2012-07-01,Wolves,ENG,1549.52
2012-07-15,Arsenal,ENG,1826.91
2012-07-15,Aston Villa,ENG,1657.62
2012-07-15,Barnsley,ENG,1381.2
2012-07-15,Birmingham,ENG,1592.74
2012-07-15,Blackburn,ENG,1603.81
2012-07-15,Blackpool,ENG,1584.22
2012-07-15,Bolton,ENG,1613.66
2012-07-15,Brighton,ENG,1467.9
2012-07-15,Bristol City,ENG,1438.31
2012-07-15,Burnley,ENG,1488.96
2012-07-15,Cardiff,ENG,1524.0
2012-07-15,Charlton,ENG,1386.96
2012-07-15,Chelsea,ENG,1851.69
2012-07-15,Crystal Palace,ENG,1432.35
2012-07-15,Derby,ENG,1451.09
2012-07-15,Everton,ENG,1777.8
2012-07-15,Fulham,ENG,1711.97
2012-07-15,Huddersfield,ENG,1386.96
2012-07-15,Hull,ENG,1499.16
2012-07-15,Ipswich,ENG,1471.63
2012-07-15,Leeds,ENG,1460.4
2012-07-15,Leicester,ENG,1517.7
2012-07-15,Liverpool,ENG,1742.19
2012-07-15,Man City,ENG,1917.82
2012-07-15,Man United,ENG,1913.17
2012-07-15,Middlesbrough,ENG,1496.76
2012-07-15,Millwall,ENG,1502.73
2012-07-15,Newcastle,ENG,1746.85
2012-07-15,Norwich,ENG,1625.83
2012-07-15,Nottm Forest,ENG,1469.95
2012-07-15,Peterboro,ENG,1403.51
2012-07-15,QPR,ENG,1600.14
2012-07-15,Reading,ENG,1628.41
2012-07-15,Sheffield Weds,ENG,1386.96
2012-07-15,Southampton,ENG,1559.18
2012-07-15,Stoke,ENG,1657.3
2012-07-15,Sunderland,ENG,1668.6
2012-07-15,Swansea,ENG,1650.16
2012-07-15,Tottenham,ENG,1796.2
2012-07-15,Watford,ENG,1492.69
2012-07-15,West Brom,ENG,1676.95
2012-07-15,West Ham,ENG,1639.6
2012-07-15,Wigan,ENG,1666.12
2012-07-15,Wolves,ENG,1549.52
2012-08-01,Arsenal,ENG,1826.91
2012-08-01,Aston Villa,ENG,1657.62
2012-08-01,Barnsley,ENG,1381.2
2012-08-01,Birmingham,ENG,1592.74
2012-08-01,Blackburn,ENG,1603.81
2012-08-01,Blackpool,ENG,1584.22
2012-08-01,Bolton,ENG,1613.66
2012-08-01,Brighton,ENG,1467.9
2012-08-01,Bristol City,ENG,1438.31
2012-08-01,Burnley,ENG,1488.96
2012-08-01,Cardiff,ENG,1524.0
2012-08-01,Charlton,ENG,1386.96
2012-08-01,Chelsea,ENG,1851.69
2012-08-01,Crystal Palace,ENG,1432.35
2012-08-01,Derby,ENG,1451.09
2012-08-01,Everton,ENG,1777.8
2012-08-01,Fulham,ENG,1711.97
2012-08-01,Huddersfield,ENG,1386.96
2012-08-01,Hull,ENG,1499.16
2012-08-01,Ipswich,ENG,1471.63
2012-08-01,Leeds,ENG,1460.4
2012-08-01,Leicester,ENG,1517.7
2012-08-01,Liverpool,ENG,1742.19
2012-08-01,Man City,ENG,1917.82
2012-08-01,Man United,ENG,1913.17
2012-08-01,Middlesbrough,ENG,1496.76
2012-08-01,Millwall,ENG,1502.73
2012-08-01,Newcastle,ENG,1746.85
2012-08-01,Norwich,ENG,1625.83
2012-08-01,Nottm Forest,ENG,1469.95
2012-08-01,Peterboro,ENG,1403.51
2012-08-01,QPR,ENG,1600.14
2012-08-01,Reading,ENG,1628.41
2012-08-01,Sheffield Weds,ENG,1386.96
2012-08-01,Southampton,ENG,1559.18
2012-08-01,Stoke,ENG,1657.3
2012-08-01,Sunderland,ENG,1668.6
2012-08-01,Swansea,ENG,1650.16
2012-08-01,Tottenham,ENG,1796.2
2012-08-01,Watford,ENG,1492.69
2012-08-01,West Brom,ENG,1676.95
2012-08-01,West Ham,ENG,1639.6
2012-08-01,Wigan,ENG,1666.12
2012-08-01,Wolves,ENG,1549.52
2012-08-15,Arsenal,ENG,1827.48
2012-08-15,Aston Villa,ENG,1658.19
2012-08-15,Barnsley,ENG,1381.77
2012-08-15,Birmingham,ENG,1593.31
2012-08-15,Blackburn,ENG,1604.38
2012-08-15,Blackpool,ENG,1584.79
2012-08-15,Bolton,ENG,1614.23
2012-08-15,Brighton,ENG,1468.47
2012-08-15,Bristol City,ENG,1438.88
2012-08-15,Burnley,ENG,1489.53
2012-08-15,Cardiff,ENG,1524.57
2012-08-15,Charlton,ENG,1387.53
2012-08-15,Chelsea,ENG,1852.26
2012-08-15,Crystal Palace,ENG,1432.92
2012-08-15,Derby,ENG,1451.67
2012-08-15,Everton,ENG,1778.37
2012-08-15,Fulham,ENG,1712.55
2012-08-15,Huddersfield,ENG,1387.53
2012-08-15,Hull,ENG,1499.73
2012-08-15,Ipswich,ENG,1472.21
2012-08-15,Leeds,ENG,1460.97
2012-08-15,Leicester,ENG,1518.27
2012-08-15,Liverpool,ENG,1744.59
2012-08-15,Man City,ENG,1918.39
2012-08-15,Man United,ENG,1913.74
2012-08-15,Middlesbrough,ENG,1497.34
2012-08-15,Millwall,ENG,1503.3
2012-08-15,Newcastle,ENG,1747.42
2012-08-15,Norwich,ENG,1626.4
2012-08-15,Nottm Forest,ENG,1470.52
2012-08-15,Peterboro,ENG,1404.08
2012-08-15,QPR,ENG,1600.71
2012-08-15,Reading,ENG,1628.99
2012-08-15,Sheffield Weds,ENG,1387.53
2012-08-15,Southampton,ENG,1559.75
2012-08-15,Stoke,ENG,1657.87
2012-08-15,Sunderland,ENG,1669.17
2012-08-15,Swansea,ENG,1650.73
2012-08-15,Tottenham,ENG,1796.78
2012-08-15,Watford,ENG,1493.26
2012-08-15,West Brom,ENG,1677.52
2012-08-15,West Ham,ENG,1640.17
2012-08-15,Wigan,ENG,1666.69
2012-08-15,Wolves,ENG,1550.09
2012-09-01,Arsenal,ENG,1820.24
2012-09-01,Aston Villa,ENG,1643.35
2012-09-01,Barnsley,ENG,1378.02
2012-09-01,Birmingham,ENG,1564.41
2012-09-01,Blackburn,ENG,1611.92
2012-09-01,Blackpool,ENG,1608.99
2012-09-01,Bolton,ENG,1601.13
2012-09-01,Brighton,ENG,1473.12
2012-09-01,Bristol City,ENG,1457.29
2012-09-01,Burnley,ENG,1484.01
2012-09-01,Cardiff,ENG,1516.92
2012-09-01,Charlton,ENG,1405.68
2012-09-01,Chelsea,ENG,1868.93
2012-09-01,Crystal Palace,ENG,1409.96
2012-09-01,Derby,ENG,1449.04
2012-09-01,Everton,ENG,1798.18
2012-09-01,Fulham,ENG,1720.97
2012-09-01,Huddersfield,ENG,1398.96
2012-09-01,Hull,ENG,1501.39
2012-09-01,Ipswich,ENG,1476.1
2012-09-01,Leeds,ENG,1474.49
2012-09-01,Leicester,ENG,1510.7
2012-09-01,Liverpool,ENG,1735.49
2012-09-01,Man City,ENG,1917.05
2012-09-01,Man United,ENG,1907.5
2012-09-01,Middlesbrough,ENG,1500.31
2012-09-01,Millwall,ENG,1492.12
2012-09-01,Newcastle,ENG,1752.54
2012-09-01,Norwich,ENG,1614.29
2012-09-01,Nottm Forest,ENG,1481.55
2012-09-01,Peterboro,ENG,1384.77
2012-09-01,QPR,ENG,1585.93
2012-09-01,Reading,ENG,1626.06
2012-09-01,Sheffield Weds,ENG,1412.3
2012-09-01,Southampton,ENG,1549.76
2012-09-01,Stoke,ENG,1662.33
2012-09-01,Sunderland,ENG,1675.65
2012-09-01,Swansea,ENG,1680.49
2012-09-01,Tottenham,ENG,1785.64
2012-09-01,Watford,ENG,1504.02
2012-09-01,West Brom,ENG,1697.16
2012-09-01,West Ham,ENG,1637.79
2012-09-01,Wigan,ENG,1670.58
2012-09-01,Wolves,ENG,1542.6
2012-09-15,Arsenal,ENG,1831.14
2012-09-15,Aston Villa,ENG,1648.17
2012-09-15,Barnsley,ENG,1386.27
2012-09-15,Birmingham,ENG,1567.16
2012-09-15,Blackburn,ENG,1609.95
2012-09-15,Blackpool,ENG,1600.34
2012-09-15,Bolton,ENG,1588.48
2012-09-15,Brighton,ENG,1487.49
2012-09-15,Bristol City,ENG,1449.04
2012-09-15,Burnley,ENG,1469.64
2012-09-15,Cardiff,ENG,1526.5
2012-09-15,Charlton,ENG,1400.99
2012-09-15,Chelsea,ENG,1868.93
2012-09-15,Crystal Palace,ENG,1416.47
2012-09-15,Derby,ENG,1464.37
2012-09-15,Everton,ENG,1785.61
2012-09-15,Fulham,ENG,1706.49
2012-09-15,Huddersfield,ENG,1402.92
2012-09-15,Hull,ENG,1514.03
2012-09-15,Ipswich,ENG,1472.14
2012-09-15,Leeds,ENG,1476.45
2012-09-15,Leicester,ENG,1519.35
2012-09-15,Liverpool,ENG,1724.59
2012-09-15,Man City,ENG,1918.74
2012-09-15,Man United,ENG,1909.68
2012-09-15,Middlesbrough,ENG,1490.93
2012-09-15,Millwall,ENG,1501.5
2012-09-15,Newcastle,ENG,1747.72
2012-09-15,Norwich,ENG,1620.27
2012-09-15,Nottm Forest,ENG,1486.25
2012-09-15,Peterboro,ENG,1382.01
2012-09-15,QPR,ENG,1584.24
2012-09-15,Reading,ENG,1626.06
2012-09-15,Sheffield Weds,ENG,1405.79
2012-09-15,Southampton,ENG,1547.59
2012-09-15,Stoke,ENG,1664.49
2012-09-15,Sunderland,ENG,1677.72
2012-09-15,Swansea,ENG,1678.42
2012-09-15,Tottenham,ENG,1779.66
2012-09-15,Watford,ENG,1488.69
2012-09-15,West Brom,ENG,1709.73
2012-09-15,West Ham,ENG,1652.27
2012-09-15,Wigan,ENG,1668.41
2012-09-15,Wolves,ENG,1533.02
2012-10-01,Arsenal,ENG,1837.2
2012-10-01,Aston Villa,ENG,1643.24
2012-10-01,Barnsley,ENG,1419.47
2012-10-01,Birmingham,ENG,1551.89
2012-10-01,Blackburn,ENG,1604.28
2012-10-01,Blackpool,ENG,1571.97
2012-10-01,Bolton,ENG,1577.99
2012-10-01,Brighton,ENG,1506.1
2012-10-01,Bristol City,ENG,1443.82
2012-10-01,Burnley,ENG,1480.03
2012-10-01,Cardiff,ENG,1548.47
2012-10-01,Charlton,ENG,1402.82
2012-10-01,Chelsea,ENG,1872.22
2012-10-01,Crystal Palace,ENG,1449.2
2012-10-01,Derby,ENG,1463.18
2012-10-01,Everton,ENG,1798.39
2012-10-01,Fulham,ENG,1721.78
2012-10-01,Huddersfield,ENG,1435.88
2012-10-01,Hull,ENG,1505.2
2012-10-01,Ipswich,ENG,1443.95
2012-10-01,Leeds,ENG,1479.62
2012-10-01,Leicester,ENG,1538.46
2012-10-01,Liverpool,ENG,1740.89
2012-10-01,Man City,ENG,1913.42
2012-10-01,Man United,ENG,1908.39
2012-10-01,Middlesbrough,ENG,1496.97
2012-10-01,Millwall,ENG,1472.36
2012-10-01,Newcastle,ENG,1751.72
2012-10-01,Norwich,ENG,1604.68
2012-10-01,Nottm Forest,ENG,1470.68
2012-10-01,Peterboro,ENG,1379.62
2012-10-01,QPR,ENG,1588.05
2012-10-01,Reading,ENG,1616.04
2012-10-01,Sheffield Weds,ENG,1377.85
2012-10-01,Southampton,ENG,1558.06
2012-10-01,Stoke,ENG,1676.46
2012-10-01,Sunderland,ENG,1685.23
2012-10-01,Swansea,ENG,1648.46
2012-10-01,Tottenham,ENG,1799.58
2012-10-01,Watford,ENG,1482.13
2012-10-01,West Brom,ENG,1704.14
2012-10-01,West Ham,ENG,1652.95
2012-10-01,Wigan,ENG,1651.16
2012-10-01,Wolves,ENG,1560.77
2012-10-15,Arsenal,ENG,1849.39
2012-10-15,Aston Villa,ENG,1639.02
2012-10-15,Barnsley,ENG,1400.53
2012-10-15,Birmingham,ENG,1533.54
2012-10-15,Blackburn,ENG,1592.11
2012-10-15,Blackpool,ENG,1561.17
2012-10-15,Bolton,ENG,1565.29
2012-10-15,Brighton,ENG,1503.96
2012-10-15,Bristol City,ENG,1437.62
2012-10-15,Burnley,ENG,1469.4
2012-10-15,Cardiff,ENG,1562.37
2012-10-15,Charlton,ENG,1415.37
2012-10-15,Chelsea,ENG,1880.72
2012-10-15,Crystal Palace,ENG,1469.21
2012-10-15,Derby,ENG,1465.86
2012-10-15,Everton,ENG,1796.55
2012-10-15,Fulham,ENG,1719.42
2012-10-15,Huddersfield,ENG,1439.26
2012-10-15,Hull,ENG,1504.66
2012-10-15,Ipswich,ENG,1441.46
2012-10-15,Leeds,ENG,1489.31
2012-10-15,Leicester,ENG,1554.86
2012-10-15,Liverpool,ENG,1726.63
2012-10-15,Man City,ENG,1915.17
2012-10-15,Man United,ENG,1921.46
2012-10-15,Middlesbrough,ENG,1504.3
2012-10-15,Millwall,ENG,1483.09
2012-10-15,Newcastle,ENG,1752.17
2012-10-15,Norwich,ENG,1602.39
2012-10-15,Nottm Forest,ENG,1480.96
2012-10-15,Peterboro,ENG,1387.84
2012-10-15,QPR,ENG,1577.0
2012-10-15,Reading,ENG,1619.26
2012-10-15,Sheffield Weds,ENG,1376.36
2012-10-15,Southampton,ENG,1561.81
2012-10-15,Stoke,ENG,1680.13
2012-10-15,Sunderland,ENG,1681.92
2012-10-15,Swansea,ENG,1646.63
2012-10-15,Tottenham,ENG,1800.68
2012-10-15,Watford,ENG,1481.08
2012-10-15,West Brom,ENG,1708.7
2012-10-15,West Ham,ENG,1654.67
2012-10-15,Wigan,ENG,1654.39
2012-10-15,Wolves,ENG,1559.77
2012-11-01,Arsenal,ENG,1814.28
2012-11-01,Aston Villa,ENG,1622.59
2012-11-01,Barnsley,ENG,1388.32
2012-11-01,Birmingham,ENG,1531.64
2012-11-01,Blackburn,ENG,1587.1
2012-11-01,Blackpool,ENG,1536.45
2012-11-01,Bolton,ENG,1553.2
2012-11-01,Brighton,ENG,1483.24
2012-11-01,Bristol City,ENG,1408.7
2012-11-01,Burnley,ENG,1467.36
2012-11-01,Cardiff,ENG,1555.2
2012-11-01,Charlton,ENG,1405.15
2012-11-01,Chelsea,ENG,1867.16
2012-11-01,Crystal Palace,ENG,1470.36
2012-11-01,Derby,ENG,1452.17
2012-11-01,Everton,ENG,1779.69
2012-11-01,Fulham,ENG,1713.48
2012-11-01,Huddersfield,ENG,1417.17
2012-11-01,Hull,ENG,1498.7
2012-11-01,Ipswich,ENG,1399.7
2012-11-01,Leeds,ENG,1466.32
2012-11-01,Leicester,ENG,1539.97
2012-11-01,Liverpool,ENG,1730.53
2012-11-01,Man City,ENG,1897.63
2012-11-01,Man United,ENG,1925.36
2012-11-01,Middlesbrough,ENG,1521.42
2012-11-01,Millwall,ENG,1485.56
2012-11-01,Newcastle,ENG,1750.98
2012-11-01,Norwich,ENG,1607.77
2012-11-01,Nottm Forest,ENG,1499.99
2012-11-01,Peterboro,ENG,1400.5
2012-11-01,QPR,ENG,1569.91
2012-11-01,Reading,ENG,1607.04
2012-11-01,Sheffield Weds,ENG,1384.89
2012-11-01,Southampton,ENG,1540.81
2012-11-01,Stoke,ENG,1666.14
2012-11-01,Sunderland,ENG,1674.45
2012-11-01,Swansea,ENG,1642.18
2012-11-01,Tottenham,ENG,1779.57
2012-11-01,Watford,ENG,1467.23
2012-11-01,West Brom,ENG,1689.73
2012-11-01,West Ham,ENG,1646.22
2012-11-01,Wigan,ENG,1645.03
2012-11-01,Wolves,ENG,1534.38
2012-11-15,Arsenal,ENG,1810.23
2012-11-15,Aston Villa,ENG,1631.69
2012-11-15,Barnsley,ENG,1370.11
2012-11-15,Birmingham,ENG,1528.66
2012-11-15,Blackburn,ENG,1568.9
2012-11-15,Blackpool,ENG,1529.95
2012-11-15,Bolton,ENG,1559.31
2012-11-15,Brighton,ENG,1489.37
2012-11-15,Bristol City,ENG,1384.59
2012-11-15,Burnley,ENG,1477.62
2012-11-15,Cardiff,ENG,1545.14
2012-11-15,Charlton,ENG,1418.24
2012-11-15,Chelsea,ENG,1864.73
2012-11-15,Crystal Palace,ENG,1502.71
2012-11-15,Derby,ENG,1469.05
2012-11-15,Everton,ENG,1784.41
2012-11-15,Fulham,ENG,1719.11
2012-11-15,Huddersfield,ENG,1435.49
2012-11-15,Hull,ENG,1505.11
2012-11-15,Ipswich,ENG,1410.8
2012-11-15,Leeds,ENG,1442.82
2012-11-15,Leicester,ENG,1531.93
2012-11-15,Liverpool,ENG,1729.27
2012-11-15,Man City,ENG,1891.02
2012-11-15,Man United,ENG,1940.05
2012-11-15,Middlesbrough,ENG,1538.77
2012-11-15,Millwall,ENG,1510.37
2012-11-15,Newcastle,ENG,1739.18
2012-11-15,Norwich,ENG,1618.42
2012-11-15,Nottm Forest,ENG,1486.78
2012-11-15,Peterboro,ENG,1383.1
2012-11-15,QPR,ENG,1565.67
2012-11-15,Reading,ENG,1607.11
2012-11-15,Sheffield Weds,ENG,1379.52
2012-11-15,Southampton,ENG,1538.49
2012-11-15,Stoke,ENG,1663.65
2012-11-15,Sunderland,ENG,1660.54
2012-11-15,Swansea,ENG,1646.3
2012-11-15,Tottenham,ENG,1765.66
2012-11-15,Watford,ENG,1496.02
2012-11-15,West Brom,ENG,1704.0
2012-11-15,West Ham,ENG,1664.02
2012-11-15,Wigan,ENG,1650.17
2012-11-15,Wolves,ENG,1514.28
2012-12-01,Arsenal,ENG,1811.07
2012-12-01,Aston Villa,ENG,1628.18
2012-12-01,Barnsley,ENG,1363.29
2012-12-01,Birmingham,ENG,1509.88
2012-12-01,Blackburn,ENG,1542.57
2012-12-01,Blackpool,ENG,1513.83
2012-12-01,Bolton,ENG,1553.64
2012-12-01,Brighton,ENG,1494.7
2012-12-01,Bristol City,ENG,1389.72
2012-12-01,Burnley,ENG,1466.73
2012-12-01,Cardiff,ENG,1546.47
2012-12-01,Charlton,ENG,1425.88
2012-12-01,Chelsea,ENG,1828.11
2012-12-01,Crystal Palace,ENG,1496.87
2012-12-01,Derby,ENG,1458.64
2012-12-01,Everton,ENG,1758.69
2012-12-01,Fulham,ENG,1691.73
2012-12-01,Huddersfield,ENG,1411.65
2012-12-01,Hull,ENG,1493.69
2012-12-01,Ipswich,ENG,1402.66
2012-12-01,Leeds,ENG,1446.22
2012-12-01,Leicester,ENG,1530.47
2012-12-01,Liverpool,ENG,1715.06
2012-12-01,Man City,ENG,1893.17
2012-12-01,Man United,ENG,1907.43
2012-12-01,Middlesbrough,ENG,1506.03
2012-12-01,Millwall,ENG,1530.13
2012-12-01,Newcastle,ENG,1688.83
2012-12-01,Norwich,ENG,1628.1
2012-12-01,Nottm Forest,ENG,1478.69
2012-12-01,Peterboro,ENG,1360.36
2012-12-01,QPR,ENG,1545.11
2012-12-01,Reading,ENG,1596.62
2012-12-01,Sheffield Weds,ENG,1348.39
2012-12-01,Southampton,ENG,1559.28
2012-12-01,Stoke,ENG,1671.11
2012-12-01,Sunderland,ENG,1650.56
2012-12-01,Swansea,ENG,1660.81
2012-12-01,Tottenham,ENG,1759.95
2012-12-01,Watford,ENG,1506.16
2012-12-01,West Brom,ENG,1705.71
2012-12-01,West Ham,ENG,1644.82
2012-12-01,Wigan,ENG,1633.57
2012-12-01,Wolves,ENG,1479.78
2012-12-15,Arsenal,ENG,1785.7
2012-12-15,Aston Villa,ENG,1621.31
2012-12-15,Barnsley,ENG,1357.05
2012-12-15,Birmingham,ENG,1496.75
2012-12-15,Blackburn,ENG,1520.1
2012-12-15,Blackpool,ENG,1518.29
2012-12-15,Bolton,ENG,1532.07
2012-12-15,Brighton,ENG,1477.04
2012-12-15,Bristol City,ENG,1379.78
2012-12-15,Burnley,ENG,1451.83
2012-12-15,Cardiff,ENG,1558.66
2012-12-15,Charlton,ENG,1424.04
2012-12-15,Chelsea,ENG,1816.11
2012-12-15,Crystal Palace,ENG,1501.09
2012-12-15,Derby,ENG,1453.59
2012-12-15,Everton,ENG,1764.5
2012-12-15,Fulham,ENG,1679.15
2012-12-15,Huddersfield,ENG,1395.8
2012-12-15,Hull,ENG,1506.48
2012-12-15,Ipswich,ENG,1425.71
2012-12-15,Leeds,ENG,1442.6
2012-12-15,Leicester,ENG,1526.78
2012-12-15,Liverpool,ENG,1728.58
2012-12-15,Man City,ENG,1868.36
2012-12-15,Man United,ENG,1896.61
2012-12-15,Middlesbrough,ENG,1505.28
2012-12-15,Millwall,ENG,1503.31
2012-12-15,Newcastle,ENG,1677.89
2012-12-15,Norwich,ENG,1639.74
2012-12-15,Nottm Forest,ENG,1472.6
2012-12-15,Peterboro,ENG,1339.28
2012-12-15,QPR,ENG,1543.28
2012-12-15,Reading,ENG,1570.86
2012-12-15,Sheffield Weds,ENG,1331.05
2012-12-15,Southampton,ENG,1557.29
2012-12-15,Stoke,ENG,1675.58
2012-12-15,Sunderland,ENG,1639.44
2012-12-15,Swansea,ENG,1662.61
2012-12-15,Tottenham,ENG,1763.21
2012-12-15,Watford,ENG,1496.27
2012-12-15,West Brom,ENG,1682.54
2012-12-15,West Ham,ENG,1646.62
2012-12-15,Wigan,ENG,1614.53
2012-12-15,Wolves,ENG,1492.84
2013-01-01,Arsenal,ENG,1805.26
2013-01-01,Aston Villa,ENG,1600.67
2013-01-01,Barnsley,ENG,1346.39
2013-01-01,Birmingham,ENG,1489.7
2013-01-01,Blackburn,ENG,1512.12
2013-01-01,Blackpool,ENG,1505.82
2013-01-01,Bolton,ENG,1522.13
2013-01-01,Brighton,ENG,1462.57
2013-01-01,Bristol City,ENG,1381.81
2013-01-01,Burnley,ENG,1455.53
2013-01-01,Cardiff,ENG,1563.54
2013-01-01,Charlton,ENG,1396.66
2013-01-01,Chelsea,ENG,1837.2
2013-01-01,Crystal Palace,ENG,1493.86
2013-01-01,Derby,ENG,1446.64
2013-01-01,Everton,ENG,1765.43
2013-01-01,Fulham,ENG,1644.08
2013-01-01,Huddersfield,ENG,1393.8
2013-01-01,Hull,ENG,1525.97
2013-01-01,Ipswich,ENG,1438.25
2013-01-01,Leeds,ENG,1443.09
2013-01-01,Leicester,ENG,1520.97
2013-01-01,Liverpool,ENG,1720.68
2013-01-01,Man City,ENG,1867.85
2013-01-01,Man United,ENG,1900.39
2013-01-01,Middlesbrough,ENG,1522.12
2013-01-01,Millwall,ENG,1492.43
2013-01-01,Newcastle,ENG,1665.23
2013-01-01,Norwich,ENG,1631.36
2013-01-01,Nottm Forest,ENG,1473.72
2013-01-01,Peterboro,ENG,1376.46
2013-01-01,QPR,ENG,1534.38
2013-01-01,Reading,ENG,1572.17
2013-01-01,Sheffield Weds,ENG,1369.39
2013-01-01,Southampton,ENG,1559.4
2013-01-01,Stoke,ENG,1686.59
2013-01-01,Sunderland,ENG,1650.06
2013-01-01,Swansea,ENG,1670.97
2013-01-01,Tottenham,ENG,1782.21
2013-01-01,Watford,ENG,1517.46
2013-01-01,West Brom,ENG,1688.09
2013-01-01,West Ham,ENG,1634.09
2013-01-01,Wigan,ENG,1617.79
2013-01-01,Wolves,ENG,1457.84
2013-01-15,Arsenal,ENG,1789.86
2013-01-15,Aston Villa,ENG,1593.6
2013-01-15,Barnsley,ENG,1353.89
2013-01-15,Birmingham,ENG,1481.07
2013-01-15,Blackburn,ENG,1521.61
2013-01-15,Blackpool,ENG,1495.8
2013-01-15,Bolton,ENG,1511.6
2013-01-15,Brighton,ENG,1483.97
2013-01-15,Bristol City,ENG,1366.77
2013-01-15,Burnley,ENG,1473.1
2013-01-15,Cardiff,ENG,1565.69
2013-01-15,Charlton,ENG,1418.03
2013-01-15,Chelsea,ENG,1833.4
2013-01-15,Crystal Palace,ENG,1494.6
2013-01-15,Derby,ENG,1452.47
2013-01-15,Everton,ENG,1767.94
2013-01-15,Fulham,ENG,1651.93
2013-01-15,Huddersfield,ENG,1386.29
2013-01-15,Hull,ENG,1507.63
2013-01-15,Ipswich,ENG,1428.43
2013-01-15,Leeds,ENG,1438.16
2013-01-15,Leicester,ENG,1540.58
2013-01-15,Liverpool,ENG,1726.44
2013-01-15,Man City,ENG,1883.54
2013-01-15,Man United,ENG,1909.17
2013-01-15,Middlesbrough,ENG,1500.65
2013-01-15,Millwall,ENG,1498.62
2013-01-15,Newcastle,ENG,1659.02
2013-01-15,Norwich,ENG,1624.25
2013-01-15,Nottm Forest,ENG,1468.41
2013-01-15,Peterboro,ENG,1377.69
2013-01-15,QPR,ENG,1554.67
2013-01-15,Reading,ENG,1578.05
2013-01-15,Sheffield Weds,ENG,1378.65
2013-01-15,Southampton,ENG,1574.91
2013-01-15,Stoke,ENG,1669.61
2013-01-15,Sunderland,ENG,1652.94
2013-01-15,Swansea,ENG,1671.82
2013-01-15,Tottenham,ENG,1780.99
2013-01-15,Watford,ENG,1514.45
2013-01-15,West Brom,ENG,1668.06
2013-01-15,West Ham,ENG,1628.99
2013-01-15,Wigan,ENG,1614.71
2013-01-15,Wolves,ENG,1450.12
2013-02-01,Arsenal,ENG,1787.78
2013-02-01,Aston Villa,ENG,1589.23
2013-02-01,Barnsley,ENG,1371.69
2013-02-01,Birmingham,ENG,1489.09
2013-02-01,Blackburn,ENG,1507.91
2013-02-01,Blackpool,ENG,1496.58
2013-02-01,Bolton,ENG,1512.57
2013-02-01,Brighton,ENG,1487.44
2013-02-01,Bristol City,ENG,1385.42
2013-02-01,Burnley,ENG,1477.77
2013-02-01,Cardiff,ENG,1573.02
2013-02-01,Charlton,ENG,1418.9
2013-02-01,Chelsea,ENG,1827.08
2013-02-01,Crystal Palace,ENG,1483.79
2013-02-01,Derby,ENG,1451.48
2013-02-01,Everton,ENG,1768.75
2013-02-01,Fulham,ENG,1657.33
2013-02-01,Huddersfield,ENG,1388.45
2013-02-01,Hull,ENG,1505.39
2013-02-01,Ipswich,ENG,1416.73
2013-02-01,Leeds,ENG,1443.08
2013-02-01,Leicester,ENG,1550.77
2013-02-01,Liverpool,ENG,1739.34
2013-02-01,Man City,ENG,1880.09
2013-02-01,Man United,ENG,1908.3
2013-02-01,Middlesbrough,ENG,1494.85
2013-02-01,Millwall,ENG,1470.22
2013-02-01,Newcastle,ENG,1655.59
2013-02-01,Norwich,ENG,1617.56
2013-02-01,Nottm Forest,ENG,1455.98
2013-02-01,Peterboro,ENG,1379.94
2013-02-01,QPR,ENG,1564.82
2013-02-01,Reading,ENG,1594.37
2013-02-01,Sheffield Weds,ENG,1389.97
2013-02-01,Southampton,ENG,1584.38
2013-02-01,Stoke,ENG,1657.09
2013-02-01,Sunderland,ENG,1660.49
2013-02-01,Swansea,ENG,1682.29
2013-02-01,Tottenham,ENG,1779.92
2013-02-01,Watford,ENG,1520.23
2013-02-01,West Brom,ENG,1660.06
2013-02-01,West Ham,ENG,1610.22
2013-02-01,Wigan,ENG,1609.2
2013-02-01,Wolves,ENG,1437.02
2013-02-15,Arsenal,ENG,1797.42
2013-02-15,Aston Villa,ENG,1602.09
2013-02-15,Barnsley,ENG,1395.56
2013-02-15,Birmingham,ENG,1494.31
2013-02-15,Blackburn,ENG,1518.22
2013-02-15,Blackpool,ENG,1490.36
2013-02-15,Bolton,ENG,1512.07
2013-02-15,Brighton,ENG,1482.02
2013-02-15,Bristol City,ENG,1391.72
2013-02-15,Burnley,ENG,1470.54
2013-02-15,Cardiff,ENG,1574.95
2013-02-15,Charlton,ENG,1414.44
2013-02-15,Chelsea,ENG,1820.45
2013-02-15,Crystal Palace,ENG,1491.62
2013-02-15,Derby,ENG,1460.46
2013-02-15,Everton,ENG,1758.2
2013-02-15,Fulham,ENG,1654.48
2013-02-15,Huddersfield,ENG,1383.33
2013-02-15,Hull,ENG,1506.14
2013-02-15,Ipswich,ENG,1429.33
2013-02-15,Leeds,ENG,1438.78
2013-02-15,Leicester,ENG,1539.9
2013-02-15,Liverpool,ENG,1728.17
2013-02-15,Man City,ENG,1855.45
2013-02-15,Man United,ENG,1916.42
2013-02-15,Middlesbrough,ENG,1465.96
2013-02-15,Millwall,ENG,1455.58
2013-02-15,Newcastle,ENG,1662.55
2013-02-15,Norwich,ENG,1617.0
2013-02-15,Nottm Forest,ENG,1438.14
2013-02-15,Peterboro,ENG,1392.13
2013-02-15,QPR,ENG,1557.32
2013-02-15,Reading,ENG,1597.27
2013-02-15,Sheffield Weds,ENG,1403.23
2013-02-15,Southampton,ENG,1606.06
2013-02-15,Stoke,ENG,1658.75
2013-02-15,Sunderland,ENG,1646.29
2013-02-15,Swansea,ENG,1681.22
2013-02-15,Tottenham,ENG,1790.27
2013-02-15,Watford,ENG,1524.02
2013-02-15,West Brom,ENG,1669.98
2013-02-15,West Ham,ENG,1611.78
2013-02-15,Wigan,ENG,1602.73
2013-02-15,Wolves,ENG,1435.46
2013-03-01,Arsenal,ENG,1799.33
2013-03-01,Aston Villa,ENG,1604.6
2013-03-01,Barnsley,ENG,1398.48
2013-03-01,Birmingham,ENG,1489.65
2013-03-01,Blackburn,ENG,1500.79
2013-03-01,Blackpool,ENG,1476.8
2013-03-01,Bolton,ENG,1532.7
2013-03-01,Brighton,ENG,1509.14
2013-03-01,Bristol City,ENG,1399.91
2013-03-01,Burnley,ENG,1456.3
2013-03-01,Cardiff,ENG,1572.49
2013-03-01,Charlton,ENG,1415.34
2013-03-01,Chelsea,ENG,1821.29
2013-03-01,Crystal Palace,ENG,1502.26
2013-03-01,Derby,ENG,1453.48
2013-03-01,Everton,ENG,1753.34
2013-03-01,Fulham,ENG,1666.44
2013-03-01,Huddersfield,ENG,1388.31
2013-03-01,Hull,ENG,1518.84
2013-03-01,Ipswich,ENG,1432.98
2013-03-01,Leeds,ENG,1452.42
2013-03-01,Leicester,ENG,1543.03
2013-03-01,Liverpool,ENG,1739.89
2013-03-01,Man City,ENG,1868.76
2013-03-01,Man United,ENG,1928.89
2013-03-01,Middlesbrough,ENG,1458.06
2013-03-01,Millwall,ENG,1448.88
2013-03-01,Newcastle,ENG,1687.28
2013-03-01,Norwich,ENG,1632.29
2013-03-01,Nottm Forest,ENG,1467.88
2013-03-01,Peterboro,ENG,1404.84
2013-03-01,QPR,ENG,1559.73
2013-03-01,Reading,ENG,1586.42
2013-03-01,Sheffield Weds,ENG,1421.27
2013-03-01,Southampton,ENG,1604.42
2013-03-01,Stoke,ENG,1657.23
2013-03-01,Sunderland,ENG,1645.51
2013-03-01,Swansea,ENG,1673.78
2013-03-01,Tottenham,ENG,1809.0
2013-03-01,Watford,ENG,1560.34
2013-03-01,West Brom,ENG,1681.2
2013-03-01,West Ham,ENG,1612.1
2013-03-01,Wigan,ENG,1624.02
2013-03-01,Wolves,ENG,1429.26
2013-03-15,Arsenal,ENG,1800.66
2013-03-15,Aston Villa,ENG,1614.39
2013-03-15,Barnsley,ENG,1409.72
2013-03-15,Birmingham,ENG,1489.97
2013-03-15,Blackburn,ENG,1488.16
2013-03-15,Blackpool,ENG,1490.34
2013-03-15,Bolton,ENG,1554.06
2013-03-15,Brighton,ENG,1503.37
2013-03-15,Bristol City,ENG,1420.43
2013-03-15,Burnley,ENG,1457.2
2013-03-15,Cardiff,ENG,1559.68
2013-03-15,Charlton,ENG,1422.04
2013-03-15,Chelsea,ENG,1833.11
2013-03-15,Crystal Palace,ENG,1521.48
2013-03-15,Derby,ENG,1445.78
2013-03-15,Everton,ENG,1761.89
2013-03-15,Fulham,ENG,1671.79
2013-03-15,Huddersfield,ENG,1385.33
2013-03-15,Hull,ENG,1531.51
2013-03-15,Ipswich,ENG,1441.84
2013-03-15,Leeds,ENG,1466.88
2013-03-15,Leicester,ENG,1524.55
2013-03-15,Liverpool,ENG,1765.49
2013-03-15,Man City,ENG,1876.36
2013-03-15,Man United,ENG,1925.25
2013-03-15,Middlesbrough,ENG,1451.96
2013-03-15,Millwall,ENG,1432.78
2013-03-15,Newcastle,ENG,1703.8
2013-03-15,Norwich,ENG,1630.79
2013-03-15,Nottm Forest,ENG,1494.19
2013-03-15,Peterboro,ENG,1420.66
2013-03-15,QPR,ENG,1586.74
2013-03-15,Reading,ENG,1577.27
2013-03-15,Sheffield Weds,ENG,1426.21
2013-03-15,Southampton,ENG,1600.5
2013-03-15,Stoke,ENG,1644.8
2013-03-15,Sunderland,ENG,1636.57
2013-03-15,Swansea,ENG,1678.14
2013-03-15,Tottenham,ENG,1815.14
2013-03-15,Watford,ENG,1554.74
2013-03-15,West Brom,ENG,1688.56
2013-03-15,West Ham,ENG,1627.19
2013-03-15,Wigan,ENG,1615.08
2013-03-15,Wolves,ENG,1441.32
2013-04-01,Arsenal,ENG,1813.43
2013-04-01,Aston Villa,ENG,1613.96
2013-04-01,Barnsley,ENG,1413.04
2013-04-01,Birmingham,ENG,1518.14
2013-04-01,Blackburn,ENG,1483.62
2013-04-01,Blackpool,ENG,1481.23
2013-04-01,Bolton,ENG,1534.68
2013-04-01,Brighton,ENG,1516.86
2013-04-01,Bristol City,ENG,1404.91
2013-04-01,Burnley,ENG,1463.79
2013-04-01,Cardiff,ENG,1558.48
2013-04-01,Charlton,ENG,1418.95
2013-04-01,Chelsea,ENG,1824.69
2013-04-01,Crystal Palace,ENG,1489.75
2013-04-01,Derby,ENG,1463.83
2013-04-01,Everton,ENG,1779.11
2013-04-01,Fulham,ENG,1684.84
2013-04-01,Huddersfield,ENG,1390.26
2013-04-01,Hull,ENG,1527.24
2013-04-01,Ipswich,ENG,1462.69
2013-04-01,Leeds,ENG,1443.97
2013-04-01,Leicester,ENG,1504.66
2013-04-01,Liverpool,ENG,1756.83
2013-04-01,Man City,ENG,1869.15
2013-04-01,Man United,ENG,1929.28
2013-04-01,Middlesbrough,ENG,1436.98
2013-04-01,Millwall,ENG,1457.3
2013-04-01,Newcastle,ENG,1688.91
2013-04-01,Norwich,ENG,1626.03
2013-04-01,Nottm Forest,ENG,1503.53
2013-04-01,Peterboro,ENG,1441.71
2013-04-01,QPR,ENG,1580.82
2013-04-01,Reading,ENG,1572.51
2013-04-01,Sheffield Weds,ENG,1424.05
2013-04-01,Southampton,ENG,1627.41
2013-04-01,Stoke,ENG,1640.47
2013-04-01,Sunderland,ENG,1631.74
2013-04-01,Swansea,ENG,1662.89
2013-04-01,Tottenham,ENG,1808.23
2013-04-01,Watford,ENG,1540.78
2013-04-01,West Brom,ENG,1677.59
2013-04-01,West Ham,ENG,1635.2
2013-04-01,Wigan,ENG,1630.44
2013-04-01,Wolves,ENG,1453.74
2013-04-15,Arsenal,ENG,1822.44
2013-04-15,Aston Villa,ENG,1628.0
2013-04-15,Barnsley,ENG,1409.51
2013-04-15,Birmingham,ENG,1504.51
2013-04-15,Blackburn,ENG,1476.09
2013-04-15,Blackpool,ENG,1495.44
2013-04-15,Bolton,ENG,1549.59
2013-04-15,Brighton,ENG,1520.02
2013-04-15,Bristol City,ENG,1390.12
2013-04-15,Burnley,ENG,1463.35
2013-04-15,Cardiff,ENG,1570.98
2013-04-15,Charlton,ENG,1453.1
2013-04-15,Chelsea,ENG,1833.46
2013-04-15,Crystal Palace,ENG,1479.03
2013-04-15,Derby,ENG,1453.12
2013-04-15,Everton,ENG,1784.39
2013-04-15,Fulham,ENG,1681.89
2013-04-15,Huddersfield,ENG,1401.92
2013-04-15,Hull,ENG,1530.38
2013-04-15,Ipswich,ENG,1465.07
2013-04-15,Leeds,ENG,1434.34
2013-04-15,Leicester,ENG,1492.44
2013-04-15,Liverpool,ENG,1747.65
2013-04-15,Man City,ENG,1879.62
2013-04-15,Man United,ENG,1917.33
2013-04-15,Middlesbrough,ENG,1419.19
2013-04-15,Millwall,ENG,1447.69
2013-04-15,Newcastle,ENG,1688.96
2013-04-15,Norwich,ENG,1620.79
2013-04-15,Nottm Forest,ENG,1492.35
2013-04-15,Peterboro,ENG,1452.0
2013-04-15,QPR,ENG,1572.04
2013-04-15,Reading,ENG,1563.81
2013-04-15,Sheffield Weds,ENG,1435.83
2013-04-15,Southampton,ENG,1636.52
2013-04-15,Stoke,ENG,1624.75
2013-04-15,Sunderland,ENG,1628.43
2013-04-15,Swansea,ENG,1662.94
2013-04-15,Tottenham,ENG,1801.47
2013-04-15,Watford,ENG,1538.81
2013-04-15,West Brom,ENG,1670.8
2013-04-15,West Ham,ENG,1641.01
2013-04-15,Wigan,ENG,1629.95
2013-04-15,Wolves,ENG,1441.54
2013-05-01,Arsenal,ENG,1828.16
2013-05-01,Aston Villa,ENG,1643.32
2013-05-01,Barnsley,ENG,1427.66
2013-05-01,Birmingham,ENG,1507.39
2013-05-01,Blackburn,ENG,1479.0
2013-05-01,Blackpool,ENG,1486.74
2013-05-01,Bolton,ENG,1549.8
2013-05-01,Brighton,ENG,1542.13
2013-05-01,Bristol City,ENG,1377.86
2013-05-01,Burnley,ENG,1468.64
2013-05-01,Cardiff,ENG,1564.36
2013-05-01,Charlton,ENG,1466.7
2013-05-01,Chelsea,ENG,1854.14
2013-05-01,Crystal Palace,ENG,1470.87
2013-05-01,Derby,ENG,1458.52
2013-05-01,Everton,ENG,1782.79
2013-05-01,Fulham,ENG,1664.26
2013-05-01,Huddersfield,ENG,1425.68
2013-05-01,Hull,ENG,1505.15
2013-05-01,Ipswich,ENG,1489.92
2013-05-01,Leeds,ENG,1431.34
2013-05-01,Leicester,ENG,1494.48
2013-05-01,Liverpool,ENG,1768.99
2013-05-01,Man City,ENG,1873.88
2013-05-01,Man United,ENG,1919.59
2013-05-01,Middlesbrough,ENG,1424.79
2013-05-01,Millwall,ENG,1426.31
2013-05-01,Newcastle,ENG,1654.55
2013-05-01,Norwich,ENG,1621.37
2013-05-01,Nottm Forest,ENG,1490.61
2013-05-01,Peterboro,ENG,1451.29
2013-05-01,QPR,ENG,1563.65
2013-05-01,Reading,ENG,1558.76
2013-05-01,Sheffield Weds,ENG,1433.94
2013-05-01,Southampton,ENG,1625.56
2013-05-01,Stoke,ENG,1640.79
2013-05-01,Sunderland,ENG,1643.73
2013-05-01,Swansea,ENG,1658.5
2013-05-01,Tottenham,ENG,1811.64
2013-05-01,Watford,ENG,1550.92
2013-05-01,West Brom,ENG,1686.15
2013-05-01,West Ham,ENG,1654.71
2013-05-01,Wigan,ENG,1624.81
2013-05-01,Wolves,ENG,1436.67
2013-05-15,Arsenal,ENG,1836.64
2013-05-15,Aston Villa,ENG,1648.77
2013-05-15,Barnsley,ENG,1430.17
2013-05-15,Birmingham,ENG,1505.52
2013-05-15,Blackburn,ENG,1482.34
2013-05-15,Blackpool,ENG,1490.98
2013-05-15,Bolton,ENG,1547.02
2013-05-15,Brighton,ENG,1528.88
2013-05-15,Bristol City,ENG,1370.83
2013-05-15,Burnley,ENG,1479.21
2013-05-15,Cardiff,ENG,1565.24
2013-05-15,Charlton,ENG,1475.2
2013-05-15,Chelsea,ENG,1869.5
2013-05-15,Crystal Palace,ENG,1497.41
2013-05-15,Derby,ENG,1465.0
2013-05-15,Everton,ENG,1790.2
2013-05-15,Fulham,ENG,1638.48
2013-05-15,Huddersfield,ENG,1424.64
2013-05-15,Hull,ENG,1505.74
2013-05-15,Ipswich,ENG,1480.82
2013-05-15,Leeds,ENG,1444.54
2013-05-15,Leicester,ENG,1495.54
2013-05-15,Liverpool,ENG,1777.53
2013-05-15,Man City,ENG,1877.24
2013-05-15,Man United,ENG,1911.34
2013-05-15,Middlesbrough,ENG,1416.59
2013-05-15,Millwall,ENG,1421.3
2013-05-15,Newcastle,ENG,1664.23
2013-05-15,Norwich,ENG,1629.08
2013-05-15,Nottm Forest,ENG,1481.76
2013-05-15,Peterboro,ENG,1446.06
2013-05-15,QPR,ENG,1553.82
2013-05-15,Reading,ENG,1572.73
2013-05-15,Sheffield Weds,ENG,1443.61
2013-05-15,Southampton,ENG,1625.85
2013-05-15,Stoke,ENG,1638.09
2013-05-15,Sunderland,ENG,1640.36
2013-05-15,Swansea,ENG,1670.06
2013-05-15,Tottenham,ENG,1823.53
2013-05-15,Watford,ENG,1548.46
2013-05-15,West Brom,ENG,1657.14
2013-05-15,West Ham,ENG,1648.34
2013-05-15,Wigan,ENG,1623.52
2013-05-15,Wolves,ENG,1431.55
2013-06-01,Arsenal,ENG,1844.23
2013-06-01,Aston Villa,ENG,1652.21
2013-06-01,Barnsley,ENG,1432.6
2013-06-01,Birmingham,ENG,1507.95
2013-06-01,Blackburn,ENG,1484.77
2013-06-01,Blackpool,ENG,1493.41
2013-06-01,Bolton,ENG,1549.46
2013-06-01,Brighton,ENG,1531.31
2013-06-01,Bristol City,ENG,1373.26
2013-06-01,Burnley,ENG,1481.64
2013-06-01,Cardiff,ENG,1567.67
2013-06-01,Charlton,ENG,1477.63
2013-06-01,Chelsea,ENG,1884.53
2013-06-01,Crystal Palace,ENG,1509.17
2013-06-01,Derby,ENG,1467.43
2013-06-01,Everton,ENG,1788.06
2013-06-01,Fulham,ENG,1659.09
2013-06-01,Huddersfield,ENG,1427.07
2013-06-01,Hull,ENG,1508.18
2013-06-01,Ipswich,ENG,1483.25
2013-06-01,Leeds,ENG,1446.97
2013-06-01,Leicester,ENG,1497.97
2013-06-01,Liverpool,ENG,1782.27
2013-06-01,Man City,ENG,1864.79
2013-06-01,Man United,ENG,1908.71
2013-06-01,Middlesbrough,ENG,1419.02
2013-06-01,Millwall,ENG,1423.73
2013-06-01,Newcastle,ENG,1661.5
2013-06-01,Norwich,ENG,1646.4
2013-06-01,Nottm Forest,ENG,1484.19
2013-06-01,Peterboro,ENG,1448.49
2013-06-01,QPR,ENG,1553.95
2013-06-01,Reading,ENG,1568.42
2013-06-01,Sheffield Weds,ENG,1446.04
2013-06-01,Southampton,ENG,1626.9
2013-06-01,Stoke,ENG,1641.9
2013-06-01,Sunderland,ENG,1639.96
2013-06-01,Swansea,ENG,1654.32
2013-06-01,Tottenham,ENG,1828.79
2013-06-01,Watford,ENG,1541.56
2013-06-01,West Brom,ENG,1664.63
2013-06-01,West Ham,ENG,1657.52
2013-06-01,Wigan,ENG,1624.95
2013-06-01,Wolves,ENG,1433.98
2013-06-15,Arsenal,ENG,1844.23
2013-06-15,Aston Villa,ENG,1652.21
2013-06-15,Barnsley,ENG,1432.6
2013-06-15,Birmingham,ENG,1507.95
2013-06-15,Blackburn,ENG,1484.77
2013-06-15,Blackpool,ENG,1493.41
2013-06-15,Bolton,ENG,1549.46
2013-06-15,Brighton,ENG,1531.31
2013-06-15,Bristol City,ENG,1373.26
2013-06-15,Burnley,ENG,1481.64
2013-06-15,Cardiff,ENG,1567.67
2013-06-15,Charlton,ENG,1477.63
2013-06-15,Chelsea,ENG,1884.53
2013-06-15,Crystal Palace,ENG,1509.17
2013-06-15,Derby,ENG,1467.43
2013-06-15,Everton,ENG,1788.06
2013-06-15,Fulham,ENG,1659.09
2013-06-15,Huddersfield,ENG,1427.07
2013-06-15,Hull,ENG,1508.18
2013-06-15,Ipswich,ENG,1483.25
2013-06-15,Leeds,ENG,1446.97
2013-06-15,Leicester,ENG,1497.97
2013-06-15,Liverpool,ENG,1782.27
2013-06-15,Man City,ENG,1864.79
2013-06-15,Man United,ENG,1908.71
2013-06-15,Middlesbrough,ENG,1419.02
2013-06-15,Millwall,ENG,1423.73
2013-06-15,Newcastle,ENG,1661.5
2013-06-15,Norwich,ENG,1646.4
2013-06-15,Nottm Forest,ENG,1484.19
2013-06-15,Peterboro,ENG,1448.49
2013-06-15,QPR,ENG,1553.95
2013-06-15,Reading,ENG,1568.42
2013-06-15,Sheffield Weds,ENG,1446.04
2013-06-15,Southampton,ENG,1626.9
2013-06-15,Stoke,ENG,1641.9
2013-06-15,Sunderland,ENG,1639.96
2013-06-15,Swansea,ENG,1654.32
2013-06-15,Tottenham,ENG,1828.79
2013-06-15,Watford,ENG,1541.56
2013-06-15,West Brom,ENG,1664.63
2013-06-15,West Ham,ENG,1657.52
2013-06-15,Wigan,ENG,1624.95
2013-06-15,Wolves,ENG,1433.98
2013-07-01,Arsenal,ENG,1844.23
2013-07-01,Aston Villa,ENG,1652.21
2013-07-01,Barnsley,ENG,1432.6
2013-07-01,Birmingham,ENG,1507.95
2013-07-01,Blackburn,ENG,1484.77
2013-07-01,Blackpool,ENG,1493.41
2013-07-01,Bolton,ENG,1549.46
2013-07-01,Bournemouth,ENG,1386.63
2013-07-01,Brighton,ENG,1531.31
2013-07-01,Bristol City,ENG,1373.26
2013-07-01,Burnley,ENG,1481.64
2013-07-01,Cardiff,ENG,1567.67
2013-07-01,Charlton,ENG,1477.63
2013-07-01,Chelsea,ENG,1884.53
2013-07-01,Crystal Palace,ENG,1509.17
2013-07-01,Derby,ENG,1467.43
2013-07-01,Doncaster,ENG,1386.63
2013-07-01,Everton,ENG,1788.06
2013-07-01,Fulham,ENG,1659.09
2013-07-01,Huddersfield,ENG,1427.07
2013-07-01,Hull,ENG,1508.18
2013-07-01,Ipswich,ENG,1483.25
2013-07-01,Leeds,ENG,1446.97
2013-07-01,Leicester,ENG,1497.97
2013-07-01,Liverpool,ENG,1782.27
2013-07-01,Man City,ENG,1864.79
2013-07-01,Man United,ENG,1908.71
2013-07-01,Middlesbrough,ENG,1419.02
2013-07-01,Millwall,ENG,1423.73
2013-07-01,Newcastle,ENG,1661.5
2013-07-01,Norwich,ENG,1646.4
2013-07-01,Nottm Forest,ENG,1484.19
2013-07-01,Peterboro,ENG,1448.49
2013-07-01,QPR,ENG,1553.95
2013-07-01,Reading,ENG,1568.42
2013-07-01,Sheffield Weds,ENG,1446.04
2013-07-01,Southampton,ENG,1626.9
2013-07-01,Stoke,ENG,1641.9
2013-07-01,Sunderland,ENG,1639.96
2013-07-01,Swansea,ENG,1654.32
2013-07-01,Tottenham,ENG,1828.79
2013-07-01,Watford,ENG,1541.56
2013-07-01,West Brom,ENG,1664.63
2013-07-01,West Ham,ENG,1657.52
2013-07-01,Wigan,ENG,1624.95
2013-07-01,Wolves,ENG,1433.98
2013-07-01,Yeovil,ENG,1386.63
2013-07-15,Arsenal,ENG,1844.23
2013-07-15,Aston Villa,ENG,1652.21
2013-07-15,Barnsley,ENG,1432.6
2013-07-15,Birmingham,ENG,1507.95
2013-07-15,Blackburn,ENG,1484.77
2013-07-15,Blackpool,ENG,1493.41
2013-07-15,Bolton,ENG,1549.46
2013-07-15,Bournemouth,ENG,1386.63
2013-07-15,Brighton,ENG,1531.31
2013-07-15,Burnley,ENG,1481.64
2013-07-15,Cardiff,ENG,1567.67
2013-07-15,Charlton,ENG,1477.63
2013-07-15,Chelsea,ENG,1884.53
2013-07-15,Crystal Palace,ENG,1509.17
2013-07-15,Derby,ENG,1467.43
2013-07-15,Doncaster,ENG,1386.63
2013-07-15,Everton,ENG,1788.06
2013-07-15,Fulham,ENG,1659.09
2013-07-15,Huddersfield,ENG,1427.07
2013-07-15,Hull,ENG,1508.18
2013-07-15,Ipswich,ENG,1483.25
2013-07-15,Leeds,ENG,1446.97
2013-07-15,Leicester,ENG,1497.97
2013-07-15,Liverpool,ENG,1782.27
2013-07-15,Man City,ENG,1864.79
2013-07-15,Man United,ENG,1908.71
2013-07-15,Middlesbrough,ENG,1419.02
2013-07-15,Millwall,ENG,1423.73
2013-07-15,Newcastle,ENG,1661.5
2013-07-15,Norwich,ENG,1646.4
2013-07-15,Nottm Forest,ENG,1484.19
2013-07-15,QPR,ENG,1553.95
2013-07-15,Reading,ENG,1568.42
2013-07-15,Sheffield Weds,ENG,1446.04
2013-07-15,Southampton,ENG,1626.9
2013-07-15,Stoke,ENG,1641.9
2013-07-15,Sunderland,ENG,1639.96
2013-07-15,Swansea,ENG,1654.32
2013-07-15,Tottenham,ENG,1828.79
2013-07-15,Watford,ENG,1541.56
2013-07-15,West Brom,ENG,1664.63
2013-07-15,West Ham,ENG,1657.52
2013-07-15,Wigan,ENG,1624.95
2013-07-15,Yeovil,ENG,1386.63
2013-08-01,Arsenal,ENG,1844.23
2013-08-01,Aston Villa,ENG,1652.21
2013-08-01,Barnsley,ENG,1432.6
2013-08-01,Birmingham,ENG,1507.95
2013-08-01,Blackburn,ENG,1484.77
2013-08-01,Blackpool,ENG,1493.41
2013-08-01,Bolton,ENG,1549.46
2013-08-01,Bournemouth,ENG,1386.63
2013-08-01,Brighton,ENG,1531.31
2013-08-01,Burnley,ENG,1481.64
2013-08-01,Cardiff,ENG,1567.67
2013-08-01,Charlton,ENG,1477.63
2013-08-01,Chelsea,ENG,1884.53
2013-08-01,Crystal Palace,ENG,1509.17
2013-08-01,Derby,ENG,1467.43
2013-08-01,Doncaster,ENG,1386.63
2013-08-01,Everton,ENG,1788.06
2013-08-01,Fulham,ENG,1659.09
2013-08-01,Huddersfield,ENG,1427.07
2013-08-01,Hull,ENG,1508.18
2013-08-01,Ipswich,ENG,1483.25
2013-08-01,Leeds,ENG,1446.97
2013-08-01,Leicester,ENG,1497.97
2013-08-01,Liverpool,ENG,1782.27
2013-08-01,Man City,ENG,1864.79
2013-08-01,Man United,ENG,1908.71
2013-08-01,Middlesbrough,ENG,1419.02
2013-08-01,Millwall,ENG,1423.73
2013-08-01,Newcastle,ENG,1661.5
2013-08-01,Norwich,ENG,1646.4
2013-08-01,Nottm Forest,ENG,1484.19
2013-08-01,QPR,ENG,1553.95
2013-08-01,Reading,ENG,1568.42
2013-08-01,Sheffield Weds,ENG,1446.04
2013-08-01,Southampton,ENG,1626.9
2013-08-01,Stoke,ENG,1641.9
2013-08-01,Sunderland,ENG,1639.96
2013-08-01,Swansea,ENG,1654.32
2013-08-01,Tottenham,ENG,1828.79
2013-08-01,Watford,ENG,1541.56
2013-08-01,West Brom,ENG,1664.63
2013-08-01,West Ham,ENG,1657.52
2013-08-01,Wigan,ENG,1624.95
2013-08-01,Yeovil,ENG,1386.63
2013-08-15,Arsenal,ENG,1846.91
2013-08-15,Aston Villa,ENG,1654.9
2013-08-15,Barnsley,ENG,1421.22
2013-08-15,Birmingham,ENG,1508.94
2013-08-15,Blackburn,ENG,1479.2
2013-08-15,Blackpool,ENG,1510.36
2013-08-15,Bolton,ENG,1550.91
2013-08-15,Bournemouth,ENG,1390.82
2013-08-15,Brighton,ENG,1514.1
2013-08-15,Burnley,ENG,1493.14
2013-08-15,Cardiff,ENG,1570.36
2013-08-15,Charlton,ENG,1460.35
2013-08-15,Chelsea,ENG,1887.22
2013-08-15,Crystal Palace,ENG,1511.86
2013-08-15,Derby,ENG,1480.12
2013-08-15,Doncaster,ENG,1379.75
2013-08-15,Everton,ENG,1790.75
2013-08-15,Fulham,ENG,1661.78
2013-08-15,Huddersfield,ENG,1426.76
2013-08-15,Hull,ENG,1510.86
2013-08-15,Ipswich,ENG,1490.21
2013-08-15,Leeds,ENG,1461.34
2013-08-15,Leicester,ENG,1505.15
2013-08-15,Liverpool,ENG,1784.95
2013-08-15,Man City,ENG,1867.47
2013-08-15,Man United,ENG,1911.4
2013-08-15,Middlesbrough,ENG,1425.34
2013-08-15,Millwall,ENG,1406.86
2013-08-15,Newcastle,ENG,1664.19
2013-08-15,Norwich,ENG,1649.08
2013-08-15,Nottm Forest,ENG,1501.52
2013-08-15,QPR,ENG,1558.68
2013-08-15,Reading,ENG,1576.72
2013-08-15,Sheffield Weds,ENG,1435.9
2013-08-15,Southampton,ENG,1629.59
2013-08-15,Stoke,ENG,1644.59
2013-08-15,Sunderland,ENG,1642.65
2013-08-15,Swansea,ENG,1665.55
2013-08-15,Tottenham,ENG,1831.48
2013-08-15,Watford,ENG,1560.18
2013-08-15,West Brom,ENG,1667.31
2013-08-15,West Ham,ENG,1660.2
2013-08-15,Wigan,ENG,1636.98
2013-08-15,Yeovil,ENG,1393.11
2013-09-01,Arsenal,ENG,1850.15
2013-09-01,Aston Villa,ENG,1671.77
2013-09-01,Barnsley,ENG,1424.5
2013-09-01,Birmingham,ENG,1497.06
2013-09-01,Blackburn,ENG,1495.51
2013-09-01,Blackpool,ENG,1531.22
2013-09-01,Bolton,ENG,1520.71
2013-09-01,Bournemouth,ENG,1407.16
2013-09-01,Brighton,ENG,1533.3
2013-09-01,Burnley,ENG,1512.71
2013-09-01,Cardiff,ENG,1588.11
2013-09-01,Charlton,ENG,1474.92
2013-09-01,Chelsea,ENG,1899.35
2013-09-01,Crystal Palace,ENG,1525.75
2013-09-01,Derby,ENG,1473.69
2013-09-01,Doncaster,ENG,1395.88
2013-09-01,Everton,ENG,1785.35
2013-09-01,Fulham,ENG,1662.54
2013-09-01,Huddersfield,ENG,1446.16
2013-09-01,Hull,ENG,1523.87
2013-09-01,Ipswich,ENG,1483.09
2013-09-01,Leeds,ENG,1468.23
2013-09-01,Leicester,ENG,1518.23
2013-09-01,Liverpool,ENG,1801.01
2013-09-01,Man City,ENG,1866.28
2013-09-01,Man United,ENG,1921.33
2013-09-01,Middlesbrough,ENG,1436.72
2013-09-01,Millwall,ENG,1411.36
2013-09-01,Newcastle,ENG,1670.31
2013-09-01,Norwich,ENG,1653.74
2013-09-01,Nottm Forest,ENG,1519.47
2013-09-01,QPR,ENG,1585.33
2013-09-01,Reading,ENG,1577.11
2013-09-01,Sheffield Weds,ENG,1443.0
2013-09-01,Southampton,ENG,1637.65
2013-09-01,Stoke,ENG,1660.96
2013-09-01,Sunderland,ENG,1627.01
2013-09-01,Swansea,ENG,1671.06
2013-09-01,Tottenham,ENG,1843.38
2013-09-01,Watford,ENG,1557.81
2013-09-01,West Brom,ENG,1667.75
2013-09-01,West Ham,ENG,1663.87
2013-09-01,Wigan,ENG,1621.98
2013-09-01,Yeovil,ENG,1375.54
2013-09-15,Arsenal,ENG,1856.6
2013-09-15,Aston Villa,ENG,1671.77
2013-09-15,Barnsley,ENG,1424.5
2013-09-15,Birmingham,ENG,1497.06
2013-09-15,Blackburn,ENG,1495.51
2013-09-15,Blackpool,ENG,1531.22
2013-09-15,Bolton,ENG,1520.71
2013-09-15,Bournemouth,ENG,1407.16
2013-09-15,Brighton,ENG,1533.3
2013-09-15,Burnley,ENG,1512.71
2013-09-15,Cardiff,ENG,1588.11
2013-09-15,Charlton,ENG,1474.92
2013-09-15,Chelsea,ENG,1899.35
2013-09-15,Crystal Palace,ENG,1525.75
2013-09-15,Derby,ENG,1473.69
2013-09-15,Doncaster,ENG,1395.88
2013-09-15,Everton,ENG,1785.35
2013-09-15,Fulham,ENG,1662.54
2013-09-15,Huddersfield,ENG,1446.16
2013-09-15,Hull,ENG,1523.87
2013-09-15,Ipswich,ENG,1483.09
2013-09-15,Leeds,ENG,1468.23
2013-09-15,Leicester,ENG,1518.23
2013-09-15,Liverpool,ENG,1810.73
2013-09-15,Man City,ENG,1866.28
2013-09-15,Man United,ENG,1911.61
2013-09-15,Middlesbrough,ENG,1436.72
2013-09-15,Millwall,ENG,1411.36
2013-09-15,Newcastle,ENG,1670.31
2013-09-15,Norwich,ENG,1653.74
2013-09-15,Nottm Forest,ENG,1519.47
2013-09-15,QPR,ENG,1585.33
2013-09-15,Reading,ENG,1577.11
2013-09-15,Sheffield Weds,ENG,1443.0
2013-09-15,Southampton,ENG,1637.65
2013-09-15,Stoke,ENG,1660.96
2013-09-15,Sunderland,ENG,1627.01
2013-09-15,Swansea,ENG,1684.3
2013-09-15,Tottenham,ENG,1836.93
2013-09-15,Watford,ENG,1557.81
2013-09-15,West Brom,ENG,1654.51
2013-09-15,West Ham,ENG,1663.87
2013-09-15,Wigan,ENG,1621.98
2013-09-15,Yeovil,ENG,1375.54
2013-10-01,Arsenal,ENG,1885.98
2013-10-01,Aston Villa,ENG,1693.01
2013-10-01,Barnsley,ENG,1407.6
2013-10-01,Birmingham,ENG,1494.48
2013-10-01,Blackburn,ENG,1508.89
2013-10-01,Blackpool,ENG,1530.98
2013-10-01,Bolton,ENG,1504.07
2013-10-01,Bournemouth,ENG,1409.43
2013-10-01,Brighton,ENG,1545.55
2013-10-01,Burnley,ENG,1548.16
2013-10-01,Cardiff,ENG,1605.39
2013-10-01,Charlton,ENG,1460.83
2013-10-01,Chelsea,ENG,1888.94
2013-10-01,Crystal Palace,ENG,1521.73
2013-10-01,Derby,ENG,1485.28
2013-10-01,Doncaster,ENG,1417.33
2013-10-01,Everton,ENG,1814.6
2013-10-01,Fulham,ENG,1655.44
2013-10-01,Huddersfield,ENG,1463.4
2013-10-01,Hull,ENG,1557.08
2013-10-01,Ipswich,ENG,1510.45
2013-10-01,Leeds,ENG,1464.79
2013-10-01,Leicester,ENG,1551.58
2013-10-01,Liverpool,ENG,1811.54
2013-10-01,Man City,ENG,1884.02
2013-10-01,Man United,ENG,1900.68
2013-10-01,Middlesbrough,ENG,1435.5
2013-10-01,Millwall,ENG,1441.93
2013-10-01,Newcastle,ENG,1672.12
2013-10-01,Norwich,ENG,1660.27
2013-10-01,Nottm Forest,ENG,1533.35
2013-10-01,QPR,ENG,1605.54
2013-10-01,Reading,ENG,1604.81
2013-10-01,Sheffield Weds,ENG,1429.14
2013-10-01,Southampton,ENG,1665.5
2013-10-01,Stoke,ENG,1660.57
2013-10-01,Sunderland,ENG,1614.09
2013-10-01,Swansea,ENG,1719.1
2013-10-01,Tottenham,ENG,1854.19
2013-10-01,Watford,ENG,1585.94
2013-10-01,West Brom,ENG,1690.43
2013-10-01,West Ham,ENG,1658.05
2013-10-01,Wigan,ENG,1617.31
2013-10-01,Yeovil,ENG,1384.8
2013-10-15,Arsenal,ENG,1892.62
2013-10-15,Aston Villa,ENG,1696.06
2013-10-15,Barnsley,ENG,1412.79
2013-10-15,Birmingham,ENG,1501.13
2013-10-15,Blackburn,ENG,1518.38
2013-10-15,Blackpool,ENG,1533.59
2013-10-15,Bolton,ENG,1521.06
2013-10-15,Bournemouth,ENG,1421.85
2013-10-15,Brighton,ENG,1532.33
2013-10-15,Burnley,ENG,1569.84
2013-10-15,Cardiff,ENG,1602.95
2013-10-15,Charlton,ENG,1466.81
2013-10-15,Chelsea,ENG,1907.57
2013-10-15,Crystal Palace,ENG,1524.69
2013-10-15,Derby,ENG,1498.48
2013-10-15,Doncaster,ENG,1424.17
2013-10-15,Everton,ENG,1812.53
2013-10-15,Fulham,ENG,1667.57
2013-10-15,Huddersfield,ENG,1462.93
2013-10-15,Hull,ENG,1564.56
2013-10-15,Ipswich,ENG,1516.06
2013-10-15,Leeds,ENG,1466.48
2013-10-15,Leicester,ENG,1551.9
2013-10-15,Liverpool,ENG,1819.11
2013-10-15,Man City,ENG,1889.48
2013-10-15,Man United,ENG,1907.86
2013-10-15,Middlesbrough,ENG,1449.12
2013-10-15,Millwall,ENG,1424.02
2013-10-15,Newcastle,ENG,1685.08
2013-10-15,Norwich,ENG,1660.13
2013-10-15,Nottm Forest,ENG,1552.05
2013-10-15,QPR,ENG,1614.7
2013-10-15,Reading,ENG,1598.54
2013-10-15,Sheffield Weds,ENG,1439.6
2013-10-15,Southampton,ENG,1682.13
2013-10-15,Stoke,ENG,1658.97
2013-10-15,Sunderland,ENG,1616.39
2013-10-15,Swansea,ENG,1716.52
2013-10-15,Tottenham,ENG,1840.09
2013-10-15,Watford,ENG,1589.33
2013-10-15,West Brom,ENG,1699.54
2013-10-15,West Ham,ENG,1687.92
2013-10-15,Wigan,ENG,1630.02
2013-10-15,Yeovil,ENG,1375.54
2013-11-01,Arsenal,ENG,1892.87
2013-11-01,Aston Villa,ENG,1681.22
2013-11-01,Barnsley,ENG,1421.4
2013-11-01,Birmingham,ENG,1491.16
2013-11-01,Blackburn,ENG,1512.4
2013-11-01,Blackpool,ENG,1542.24
2013-11-01,Bolton,ENG,1517.6
2013-11-01,Bournemouth,ENG,1425.46
2013-11-01,Brighton,ENG,1531.51
2013-11-01,Burnley,ENG,1590.86
2013-11-01,Cardiff,ENG,1605.93
2013-11-01,Charlton,ENG,1482.43
2013-11-01,Chelsea,ENG,1930.05
2013-11-01,Crystal Palace,ENG,1514.19
2013-11-01,Derby,ENG,1509.91
2013-11-01,Doncaster,ENG,1409.24
2013-11-01,Everton,ENG,1825.92
2013-11-01,Fulham,ENG,1671.13
2013-11-01,Huddersfield,ENG,1467.7
2013-11-01,Hull,ENG,1563.15
2013-11-01,Ipswich,ENG,1512.18
2013-11-01,Leeds,ENG,1476.45
2013-11-01,Leicester,ENG,1562.52
2013-11-01,Liverpool,ENG,1826.18
2013-11-01,Man City,ENG,1896.48
2013-11-01,Man United,ENG,1909.41
2013-11-01,Middlesbrough,ENG,1456.19
2013-11-01,Millwall,ENG,1435.87
2013-11-01,Newcastle,ENG,1681.08
2013-11-01,Norwich,ENG,1655.51
2013-11-01,Nottm Forest,ENG,1534.01
2013-11-01,QPR,ENG,1605.21
2013-11-01,Reading,ENG,1600.17
2013-11-01,Sheffield Weds,ENG,1446.82
2013-11-01,Southampton,ENG,1700.22
2013-11-01,Stoke,ENG,1658.68
2013-11-01,Sunderland,ENG,1618.42
2013-11-01,Swansea,ENG,1719.71
2013-11-01,Tottenham,ENG,1853.79
2013-11-01,Watford,ENG,1580.64
2013-11-01,West Brom,ENG,1695.57
2013-11-01,West Ham,ENG,1686.61
2013-11-01,Wigan,ENG,1618.74
2013-11-01,Yeovil,ENG,1396.03
2013-11-15,Arsenal,ENG,1908.83
2013-11-15,Aston Villa,ENG,1694.42
2013-11-15,Barnsley,ENG,1427.34
2013-11-15,Birmingham,ENG,1498.68
2013-11-15,Blackburn,ENG,1511.5
2013-11-15,Blackpool,ENG,1545.04
2013-11-15,Bolton,ENG,1538.25
2013-11-15,Bournemouth,ENG,1425.67
2013-11-15,Brighton,ENG,1555.52
2013-11-15,Burnley,ENG,1586.65
2013-11-15,Cardiff,ENG,1612.78
2013-11-15,Charlton,ENG,1482.53
2013-11-15,Chelsea,ENG,1916.32
2013-11-15,Crystal Palace,ENG,1520.68
2013-11-15,Derby,ENG,1519.18
2013-11-15,Doncaster,ENG,1406.72
2013-11-15,Everton,ENG,1823.04
2013-11-15,Fulham,ENG,1663.57
2013-11-15,Huddersfield,ENG,1455.67
2013-11-15,Hull,ENG,1568.98
2013-11-15,Ipswich,ENG,1523.27
2013-11-15,Leeds,ENG,1501.46
2013-11-15,Leicester,ENG,1568.33
2013-11-15,Liverpool,ENG,1830.05
2013-11-15,Man City,ENG,1896.42
2013-11-15,Man United,ENG,1923.9
2013-11-15,Middlesbrough,ENG,1456.78
2013-11-15,Millwall,ENG,1436.51
2013-11-15,Newcastle,ENG,1716.63
2013-11-15,Norwich,ENG,1664.64
2013-11-15,Nottm Forest,ENG,1544.77
2013-11-15,QPR,ENG,1615.02
2013-11-15,Reading,ENG,1585.58
2013-11-15,Sheffield Weds,ENG,1459.61
2013-11-15,Southampton,ENG,1711.65
2013-11-15,Stoke,ENG,1665.6
2013-11-15,Sunderland,ENG,1628.48
2013-11-15,Swansea,ENG,1710.47
2013-11-15,Tottenham,ENG,1846.17
2013-11-15,Watford,ENG,1566.25
2013-11-15,West Brom,ENG,1710.61
2013-11-15,West Ham,ENG,1678.81
2013-11-15,Wigan,ENG,1625.11
2013-11-15,Yeovil,ENG,1389.58
2013-12-01,Arsenal,ENG,1918.0
2013-12-01,Aston Villa,ENG,1690.88
2013-12-01,Barnsley,ENG,1406.18
2013-12-01,Birmingham,ENG,1509.11
2013-12-01,Blackburn,ENG,1516.18
2013-12-01,Blackpool,ENG,1549.77
2013-12-01,Bolton,ENG,1537.67
2013-12-01,Bournemouth,ENG,1419.04
2013-12-01,Brighton,ENG,1562.57
2013-12-01,Burnley,ENG,1575.58
2013-12-01,Cardiff,ENG,1611.89
2013-12-01,Charlton,ENG,1475.0
2013-12-01,Chelsea,ENG,1909.04
2013-12-01,Crystal Palace,ENG,1526.12
2013-12-01,Derby,ENG,1524.27
2013-12-01,Doncaster,ENG,1415.85
2013-12-01,Everton,ENG,1826.38
2013-12-01,Fulham,ENG,1642.46
2013-12-01,Huddersfield,ENG,1473.12
2013-12-01,Hull,ENG,1555.83
2013-12-01,Ipswich,ENG,1521.66
2013-12-01,Leeds,ENG,1498.37
2013-12-01,Leicester,ENG,1581.11
2013-12-01,Liverpool,ENG,1829.69
2013-12-01,Man City,ENG,1910.51
2013-12-01,Man United,ENG,1934.68
2013-12-01,Middlesbrough,ENG,1458.41
2013-12-01,Millwall,ENG,1434.51
2013-12-01,Newcastle,ENG,1725.95
2013-12-01,Norwich,ENG,1661.22
2013-12-01,Nottm Forest,ENG,1533.56
2013-12-01,QPR,ENG,1604.67
2013-12-01,Reading,ENG,1591.89
2013-12-01,Sheffield Weds,ENG,1441.69
2013-12-01,Southampton,ENG,1706.01
2013-12-01,Stoke,ENG,1664.66
2013-12-01,Sunderland,ENG,1622.26
2013-12-01,Swansea,ENG,1708.39
2013-12-01,Tottenham,ENG,1832.22
2013-12-01,Watford,ENG,1530.1
2013-12-01,West Brom,ENG,1700.24
2013-12-01,West Ham,ENG,1680.67
2013-12-01,Wigan,ENG,1600.15
2013-12-01,Yeovil,ENG,1405.32
2013-12-15,Arsenal,ENG,1887.78
2013-12-15,Aston Villa,ENG,1685.84
2013-12-15,Barnsley,ENG,1410.73
2013-12-15,Birmingham,ENG,1508.66
2013-12-15,Blackburn,ENG,1512.71
2013-12-15,Blackpool,ENG,1512.14
2013-12-15,Bolton,ENG,1529.6
2013-12-15,Bournemouth,ENG,1413.34
2013-12-15,Brighton,ENG,1562.1
2013-12-15,Burnley,ENG,1573.39
2013-12-15,Cardiff,ENG,1607.64
2013-12-15,Charlton,ENG,1457.08
2013-12-15,Chelsea,ENG,1901.74
2013-12-15,Crystal Palace,ENG,1543.59
2013-12-15,Derby,ENG,1563.99
2013-12-15,Doncaster,ENG,1396.8
2013-12-15,Everton,ENG,1843.38
2013-12-15,Fulham,ENG,1640.38
2013-12-15,Huddersfield,ENG,1468.22
2013-12-15,Hull,ENG,1575.27
2013-12-15,Ipswich,ENG,1534.11
2013-12-15,Leeds,ENG,1517.8
2013-12-15,Leicester,ENG,1555.8
2013-12-15,Liverpool,ENG,1819.26
2013-12-15,Man City,ENG,1934.55
2013-12-15,Man United,ENG,1907.22
2013-12-15,Middlesbrough,ENG,1446.21
2013-12-15,Millwall,ENG,1436.8
2013-12-15,Newcastle,ENG,1721.63
2013-12-15,Norwich,ENG,1666.19
2013-12-15,Nottm Forest,ENG,1534.26
2013-12-15,QPR,ENG,1612.17
2013-12-15,Reading,ENG,1585.07
2013-12-15,Sheffield Weds,ENG,1452.07
2013-12-15,Southampton,ENG,1695.66
2013-12-15,Stoke,ENG,1669.46
2013-12-15,Sunderland,ENG,1614.25
2013-12-15,Swansea,ENG,1696.29
2013-12-15,Tottenham,ENG,1841.07
2013-12-15,Watford,ENG,1518.88
2013-12-15,West Brom,ENG,1668.52
2013-12-15,West Ham,ENG,1657.51
2013-12-15,Wigan,ENG,1548.02
2013-12-15,Yeovil,ENG,1413.36
2014-01-01,Arsenal,ENG,1897.62
2014-01-01,Aston Villa,ENG,1658.23
2014-01-01,Barnsley,ENG,1403.1
2014-01-01,Birmingham,ENG,1520.35
2014-01-01,Blackburn,ENG,1506.49
2014-01-01,Blackpool,ENG,1497.15
2014-01-01,Bolton,ENG,1519.06
2014-01-01,Bournemouth,ENG,1436.34
2014-01-01,Brighton,ENG,1557.08
2014-01-01,Burnley,ENG,1570.06
2014-01-01,Cardiff,ENG,1591.51
2014-01-01,Charlton,ENG,1467.61
2014-01-01,Chelsea,ENG,1910.44
2014-01-01,Crystal Palace,ENG,1546.53
2014-01-01,Derby,ENG,1572.5
2014-01-01,Doncaster,ENG,1381.69
2014-01-01,Everton,ENG,1838.18
2014-01-01,Fulham,ENG,1625.78
2014-01-01,Huddersfield,ENG,1483.34
2014-01-01,Hull,ENG,1597.95
2014-01-01,Ipswich,ENG,1540.63
2014-01-01,Leeds,ENG,1508.84
2014-01-01,Leicester,ENG,1581.59
2014-01-01,Liverpool,ENG,1835.75
2014-01-01,Man City,ENG,1943.78
2014-01-01,Man United,ENG,1922.74
2014-01-01,Middlesbrough,ENG,1485.03
2014-01-01,Millwall,ENG,1415.53
2014-01-01,Newcastle,ENG,1735.91
2014-01-01,Norwich,ENG,1652.06
2014-01-01,Nottm Forest,ENG,1553.09
2014-01-01,QPR,ENG,1588.9
2014-01-01,Reading,ENG,1551.95
2014-01-01,Sheffield Weds,ENG,1447.36
2014-01-01,Southampton,ENG,1698.12
2014-01-01,Stoke,ENG,1659.52
2014-01-01,Sunderland,ENG,1629.25
2014-01-01,Swansea,ENG,1689.67
2014-01-01,Tottenham,ENG,1825.01
2014-01-01,Watford,ENG,1529.97
2014-01-01,West Brom,ENG,1670.85
2014-01-01,West Ham,ENG,1648.36
2014-01-01,Wigan,ENG,1559.99
2014-01-01,Yeovil,ENG,1385.67
2014-01-15,Arsenal,ENG,1903.57
2014-01-15,Aston Villa,ENG,1663.22
2014-01-15,Barnsley,ENG,1407.75
2014-01-15,Birmingham,ENG,1509.87
2014-01-15,Blackburn,ENG,1519.69
2014-01-15,Blackpool,ENG,1472.69
2014-01-15,Bolton,ENG,1515.95
2014-01-15,Bournemouth,ENG,1434.47
2014-01-15,Brighton,ENG,1558.17
2014-01-15,Burnley,ENG,1579.58
2014-01-15,Cardiff,ENG,1577.78
2014-01-15,Charlton,ENG,1471.21
2014-01-15,Chelsea,ENG,1921.33
2014-01-15,Crystal Palace,ENG,1545.53
2014-01-15,Derby,ENG,1552.45
2014-01-15,Doncaster,ENG,1375.39
2014-01-15,Everton,ENG,1838.93
2014-01-15,Fulham,ENG,1615.86
2014-01-15,Huddersfield,ENG,1483.63
2014-01-15,Hull,ENG,1591.38
2014-01-15,Ipswich,ENG,1525.41
2014-01-15,Leeds,ENG,1480.53
2014-01-15,Leicester,ENG,1599.4
2014-01-15,Liverpool,ENG,1845.93
2014-01-15,Man City,ENG,1952.86
2014-01-15,Man United,ENG,1914.4
2014-01-15,Middlesbrough,ENG,1500.87
2014-01-15,Millwall,ENG,1403.05
2014-01-15,Newcastle,ENG,1722.2
2014-01-15,Norwich,ENG,1646.59
2014-01-15,Nottm Forest,ENG,1555.23
2014-01-15,QPR,ENG,1603.15
2014-01-15,Reading,ENG,1559.18
2014-01-15,Sheffield Weds,ENG,1477.36
2014-01-15,Southampton,ENG,1697.11
2014-01-15,Stoke,ENG,1655.72
2014-01-15,Sunderland,ENG,1637.34
2014-01-15,Swansea,ENG,1682.92
2014-01-15,Tottenham,ENG,1839.0
2014-01-15,Watford,ENG,1521.12
2014-01-15,West Brom,ENG,1672.6
2014-01-15,West Ham,ENG,1652.99
2014-01-15,Wigan,ENG,1576.34
2014-01-15,Yeovil,ENG,1380.82
2014-02-01,Arsenal,ENG,1901.82
2014-02-01,Aston Villa,ENG,1675.74
2014-02-01,Barnsley,ENG,1420.36
2014-02-01,Birmingham,ENG,1485.67
2014-02-01,Blackburn,ENG,1508.38
2014-02-01,Blackpool,ENG,1449.07
2014-02-01,Bolton,ENG,1497.96
2014-02-01,Bournemouth,ENG,1443.0
2014-02-01,Brighton,ENG,1553.68
2014-02-01,Burnley,ENG,1573.01
2014-02-01,Cardiff,ENG,1574.55
2014-02-01,Charlton,ENG,1450.98
2014-02-01,Chelsea,ENG,1922.71
2014-02-01,Crystal Palace,ENG,1562.72
2014-02-01,Derby,ENG,1562.71
2014-02-01,Doncaster,ENG,1413.58
2014-02-01,Everton,ENG,1823.02
2014-02-01,Fulham,ENG,1606.34
2014-02-01,Huddersfield,ENG,1471.91
2014-02-01,Hull,ENG,1578.53
2014-02-01,Ipswich,ENG,1526.94
2014-02-01,Leeds,ENG,1474.06
2014-02-01,Leicester,ENG,1618.26
2014-02-01,Liverpool,ENG,1852.91
2014-02-01,Man City,ENG,1967.81
2014-02-01,Man United,ENG,1907.19
2014-02-01,Middlesbrough,ENG,1500.59
2014-02-01,Millwall,ENG,1413.28
2014-02-01,Newcastle,ENG,1732.22
2014-02-01,Norwich,ENG,1652.65
2014-02-01,Nottm Forest,ENG,1572.97
2014-02-01,QPR,ENG,1611.55
2014-02-01,Reading,ENG,1570.07
2014-02-01,Sheffield Weds,ENG,1481.31
2014-02-01,Southampton,ENG,1700.99
2014-02-01,Stoke,ENG,1639.17
2014-02-01,Sunderland,ENG,1644.27
2014-02-01,Swansea,ENG,1682.23
2014-02-01,Tottenham,ENG,1833.34
2014-02-01,Watford,ENG,1512.62
2014-02-01,West Brom,ENG,1669.01
2014-02-01,West Ham,ENG,1650.04
2014-02-01,Wigan,ENG,1555.93
2014-02-01,Yeovil,ENG,1395.4
2014-02-15,Arsenal,ENG,1888.38
2014-02-15,Aston Villa,ENG,1657.66
2014-02-15,Barnsley,ENG,1416.74
2014-02-15,Birmingham,ENG,1492.8
2014-02-15,Blackburn,ENG,1517.0
2014-02-15,Blackpool,ENG,1443.85
2014-02-15,Bolton,ENG,1481.68
2014-02-15,Bournemouth,ENG,1441.15
2014-02-15,Brighton,ENG,1552.17
2014-02-15,Burnley,ENG,1587.26
2014-02-15,Cardiff,ENG,1575.72
2014-02-15,Charlton,ENG,1434.43
2014-02-15,Chelsea,ENG,1931.84
2014-02-15,Crystal Palace,ENG,1574.18
2014-02-15,Derby,ENG,1569.85
2014-02-15,Doncaster,ENG,1410.51
2014-02-15,Everton,ENG,1819.97
2014-02-15,Fulham,ENG,1601.89
2014-02-15,Huddersfield,ENG,1456.09
2014-02-15,Hull,ENG,1593.18
2014-02-15,Ipswich,ENG,1531.18
2014-02-15,Leeds,ENG,1488.78
2014-02-15,Leicester,ENG,1619.0
2014-02-15,Liverpool,ENG,1864.78
2014-02-15,Man City,ENG,1950.98
2014-02-15,Man United,ENG,1886.3
2014-02-15,Middlesbrough,ENG,1498.47
2014-02-15,Millwall,ENG,1400.87
2014-02-15,Newcastle,ENG,1708.12
2014-02-15,Norwich,ENG,1642.02
2014-02-15,Nottm Forest,ENG,1587.05
2014-02-15,QPR,ENG,1601.16
2014-02-15,Reading,ENG,1563.02
2014-02-15,Sheffield Weds,ENG,1488.26
2014-02-15,Southampton,ENG,1716.73
2014-02-15,Stoke,ENG,1655.75
2014-02-15,Sunderland,ENG,1647.9
2014-02-15,Swansea,ENG,1679.84
2014-02-15,Tottenham,ENG,1834.75
2014-02-15,Watford,ENG,1533.16
2014-02-15,West Brom,ENG,1664.56
2014-02-15,West Ham,ENG,1682.71
2014-02-15,Wigan,ENG,1566.04
2014-02-15,Yeovil,ENG,1382.77
2014-03-01,Arsenal,ENG,1875.03
2014-03-01,Aston Villa,ENG,1641.58
2014-03-01,Barnsley,ENG,1409.3
2014-03-01,Birmingham,ENG,1480.37
2014-03-01,Blackburn,ENG,1517.7
2014-03-01,Blackpool,ENG,1428.72
2014-03-01,Bolton,ENG,1481.73
2014-03-01,Bournemouth,ENG,1429.44
2014-03-01,Brighton,ENG,1532.35
2014-03-01,Burnley,ENG,1583.74
2014-03-01,Cardiff,ENG,1546.49
2014-03-01,Charlton,ENG,1434.42
2014-03-01,Chelsea,ENG,1924.97
2014-03-01,Crystal Palace,ENG,1559.85
2014-03-01,Derby,ENG,1570.28
2014-03-01,Doncaster,ENG,1391.34
2014-03-01,Everton,ENG,1805.41
2014-03-01,Fulham,ENG,1591.58
2014-03-01,Huddersfield,ENG,1443.14
2014-03-01,Hull,ENG,1601.41
2014-03-01,Ipswich,ENG,1508.91
2014-03-01,Leeds,ENG,1480.15
2014-03-01,Leicester,ENG,1617.04
2014-03-01,Liverpool,ENG,1860.33
2014-03-01,Man City,ENG,1932.68
2014-03-01,Man United,ENG,1867.39
2014-03-01,Middlesbrough,ENG,1480.51
2014-03-01,Millwall,ENG,1384.65
2014-03-01,Newcastle,ENG,1690.33
2014-03-01,Norwich,ENG,1643.06
2014-03-01,Nottm Forest,ENG,1566.39
2014-03-01,QPR,ENG,1564.91
2014-03-01,Reading,ENG,1556.6
2014-03-01,Sheffield Weds,ENG,1483.5
2014-03-01,Southampton,ENG,1695.98
2014-03-01,Stoke,ENG,1642.49
2014-03-01,Sunderland,ENG,1633.68
2014-03-01,Swansea,ENG,1658.28
2014-03-01,Tottenham,ENG,1829.59
2014-03-01,Watford,ENG,1514.56
2014-03-01,West Brom,ENG,1650.54
2014-03-01,West Ham,ENG,1682.46
2014-03-01,Wigan,ENG,1569.66
2014-03-01,Yeovil,ENG,1381.97
2014-03-15,Arsenal,ENG,1858.74
2014-03-15,Aston Villa,ENG,1648.14
2014-03-15,Barnsley,ENG,1394.63
2014-03-15,Birmingham,ENG,1461.21
2014-03-15,Blackburn,ENG,1480.28
2014-03-15,Blackpool,ENG,1411.89
2014-03-15,Bolton,ENG,1512.75
2014-03-15,Bournemouth,ENG,1457.2
2014-03-15,Brighton,ENG,1542.55
2014-03-15,Burnley,ENG,1593.11
2014-03-15,Cardiff,ENG,1550.57
2014-03-15,Charlton,ENG,1423.42
2014-03-15,Chelsea,ENG,1932.12
2014-03-15,Crystal Palace,ENG,1552.89
2014-03-15,Derby,ENG,1540.22
2014-03-15,Doncaster,ENG,1395.76
2014-03-15,Everton,ENG,1804.54
2014-03-15,Fulham,ENG,1573.1
2014-03-15,Huddersfield,ENG,1440.85
2014-03-15,Hull,ENG,1583.89
2014-03-15,Ipswich,ENG,1506.63
2014-03-15,Leeds,ENG,1450.6
2014-03-15,Leicester,ENG,1624.76
2014-03-15,Liverpool,ENG,1864.84
2014-03-15,Man City,ENG,1925.12
2014-03-15,Man United,ENG,1870.21
2014-03-15,Middlesbrough,ENG,1479.45
2014-03-15,Millwall,ENG,1381.88
2014-03-15,Newcastle,ENG,1698.44
2014-03-15,Norwich,ENG,1625.86
2014-03-15,Nottm Forest,ENG,1535.24
2014-03-15,QPR,ENG,1556.38
2014-03-15,Reading,ENG,1557.85
2014-03-15,Sheffield Weds,ENG,1468.39
2014-03-15,Southampton,ENG,1688.74
2014-03-15,Stoke,ENG,1651.42
2014-03-15,Sunderland,ENG,1628.98
2014-03-15,Swansea,ENG,1649.17
2014-03-15,Tottenham,ENG,1804.66
2014-03-15,Watford,ENG,1509.0
2014-03-15,West Brom,ENG,1638.33
2014-03-15,West Ham,ENG,1673.92
2014-03-15,Wigan,ENG,1585.56
2014-03-15,Yeovil,ENG,1388.97
2014-04-01,Arsenal,ENG,1856.78
2014-04-01,Aston Villa,ENG,1648.64
2014-04-01,Barnsley,ENG,1423.93
2014-04-01,Birmingham,ENG,1446.44
2014-04-01,Blackburn,ENG,1503.02
2014-04-01,Blackpool,ENG,1424.44
2014-04-01,Bolton,ENG,1511.8
2014-04-01,Bournemouth,ENG,1488.59
2014-04-01,Brighton,ENG,1522.73
2014-04-01,Burnley,ENG,1604.66
2014-04-01,Cardiff,ENG,1556.66
2014-04-01,Charlton,ENG,1434.67
2014-04-01,Chelsea,ENG,1929.11
2014-04-01,Crystal Palace,ENG,1576.38
2014-04-01,Derby,ENG,1563.65
2014-04-01,Doncaster,ENG,1424.77
2014-04-01,Everton,ENG,1834.52
2014-04-01,Fulham,ENG,1582.89
2014-04-01,Huddersfield,ENG,1433.93
2014-04-01,Hull,ENG,1590.45
2014-04-01,Ipswich,ENG,1525.23
2014-04-01,Leeds,ENG,1438.66
2014-04-01,Leicester,ENG,1640.2
2014-04-01,Liverpool,ENG,1904.13
2014-04-01,Man City,ENG,1952.25
2014-04-01,Man United,ENG,1878.03
2014-04-01,Middlesbrough,ENG,1493.96
2014-04-01,Millwall,ENG,1378.16
2014-04-01,Newcastle,ENG,1676.46
2014-04-01,Norwich,ENG,1625.52
2014-04-01,Nottm Forest,ENG,1514.45
2014-04-01,QPR,ENG,1567.88
2014-04-01,Reading,ENG,1545.78
2014-04-01,Sheffield Weds,ENG,1485.43
2014-04-01,Southampton,ENG,1711.93
2014-04-01,Stoke,ENG,1690.8
2014-04-01,Sunderland,ENG,1613.59
2014-04-01,Swansea,ENG,1661.48
2014-04-01,Tottenham,ENG,1799.73
2014-04-01,Watford,ENG,1532.58
2014-04-01,West Brom,ENG,1640.51
2014-04-01,West Ham,ENG,1679.01
2014-04-01,Wigan,ENG,1594.56
2014-04-01,Yeovil,ENG,1389.92
2014-04-15,Arsenal,ENG,1845.29
2014-04-15,Aston Villa,ENG,1630.39
2014-04-15,Barnsley,ENG,1416.6
2014-04-15,Birmingham,ENG,1451.94
2014-04-15,Blackburn,ENG,1524.14
2014-04-15,Blackpool,ENG,1397.46
2014-04-15,Bolton,ENG,1530.97
2014-04-15,Bournemouth,ENG,1507.61
2014-04-15,Brighton,ENG,1553.06
2014-04-15,Burnley,ENG,1598.21
2014-04-15,Cardiff,ENG,1555.03
2014-04-15,Charlton,ENG,1436.02
2014-04-15,Chelsea,ENG,1943.83
2014-04-15,Crystal Palace,ENG,1600.94
2014-04-15,Derby,ENG,1569.32
2014-04-15,Doncaster,ENG,1402.16
2014-04-15,Everton,ENG,1851.37
2014-04-15,Fulham,ENG,1601.84
2014-04-15,Huddersfield,ENG,1412.33
2014-04-15,Hull,ENG,1599.67
2014-04-15,Ipswich,ENG,1530.33
2014-04-15,Leeds,ENG,1428.59
2014-04-15,Leicester,ENG,1622.99
2014-04-15,Liverpool,ENG,1916.28
2014-04-15,Man City,ENG,1949.03
2014-04-15,Man United,ENG,1883.45
2014-04-15,Middlesbrough,ENG,1522.83
2014-04-15,Millwall,ENG,1408.28
2014-04-15,Newcastle,ENG,1661.99
2014-04-15,Norwich,ENG,1610.28
2014-04-15,Nottm Forest,ENG,1490.61
2014-04-15,QPR,ENG,1558.54
2014-04-15,Reading,ENG,1542.28
2014-04-15,Sheffield Weds,ENG,1484.61
2014-04-15,Southampton,ENG,1695.81
2014-04-15,Stoke,ENG,1693.89
2014-04-15,Sunderland,ENG,1604.89
2014-04-15,Swansea,ENG,1650.88
2014-04-15,Tottenham,ENG,1803.41
2014-04-15,Watford,ENG,1538.67
2014-04-15,West Brom,ENG,1653.16
2014-04-15,West Ham,ENG,1675.96
2014-04-15,Wigan,ENG,1583.84
2014-04-15,Yeovil,ENG,1397.14
2014-05-01,Arsenal,ENG,1856.56
2014-05-01,Aston Villa,ENG,1616.32
2014-05-01,Barnsley,ENG,1403.39
2014-05-01,Birmingham,ENG,1413.4
2014-05-01,Blackburn,ENG,1535.55
2014-05-01,Blackpool,ENG,1414.0
2014-05-01,Bolton,ENG,1530.78
2014-05-01,Bournemouth,ENG,1503.63
2014-05-01,Brighton,ENG,1546.41
2014-05-01,Burnley,ENG,1612.82
2014-05-01,Cardiff,ENG,1543.2
2014-05-01,Charlton,ENG,1438.35
2014-05-01,Chelsea,ENG,1923.68
2014-05-01,Crystal Palace,ENG,1619.74
2014-05-01,Derby,ENG,1584.29
2014-05-01,Doncaster,ENG,1385.05
2014-05-01,Everton,ENG,1828.46
2014-05-01,Fulham,ENG,1592.7
2014-05-01,Huddersfield,ENG,1413.96
2014-05-01,Hull,ENG,1591.14
2014-05-01,Ipswich,ENG,1510.34
2014-05-01,Leeds,ENG,1436.2
2014-05-01,Leicester,ENG,1636.18
2014-05-01,Liverpool,ENG,1902.51
2014-05-01,Man City,ENG,1942.7
2014-05-01,Man United,ENG,1872.14
2014-05-01,Middlesbrough,ENG,1504.66
2014-05-01,Millwall,ENG,1419.43
2014-05-01,Newcastle,ENG,1643.82
2014-05-01,Norwich,ENG,1599.99
2014-05-01,Nottm Forest,ENG,1491.25
2014-05-01,QPR,ENG,1550.99
2014-05-01,Reading,ENG,1545.99
2014-05-01,Sheffield Weds,ENG,1471.62
2014-05-01,Southampton,ENG,1706.59
2014-05-01,Stoke,ENG,1681.18
2014-05-01,Sunderland,ENG,1635.27
2014-05-01,Swansea,ENG,1667.04
2014-05-01,Tottenham,ENG,1809.54
2014-05-01,Watford,ENG,1515.76
2014-05-01,West Brom,ENG,1653.85
2014-05-01,West Ham,ENG,1649.8
2014-05-01,Wigan,ENG,1566.43
2014-05-01,Yeovil,ENG,1384.01
2014-05-15,Arsenal,ENG,1864.09
2014-05-15,Aston Villa,ENG,1616.97
2014-05-15,Barnsley,ENG,1397.76
2014-05-15,Birmingham,ENG,1417.88
2014-05-15,Blackburn,ENG,1543.02
2014-05-15,Blackpool,ENG,1398.78
2014-05-15,Bolton,ENG,1526.31
2014-05-15,Bournemouth,ENG,1494.67
2014-05-15,Brighton,ENG,1534.92
2014-05-15,Burnley,ENG,1612.34
2014-05-15,Cardiff,ENG,1533.7
2014-05-15,Charlton,ENG,1453.58
2014-05-15,Chelsea,ENG,1917.5
2014-05-15,Crystal Palace,ENG,1625.85
2014-05-15,Derby,ENG,1600.88
2014-05-15,Doncaster,ENG,1382.97
2014-05-15,Everton,ENG,1827.28
2014-05-15,Fulham,ENG,1584.22
2014-05-15,Huddersfield,ENG,1434.06
2014-05-15,Hull,ENG,1574.51
2014-05-15,Ipswich,ENG,1516.19
2014-05-15,Leeds,ENG,1438.96
2014-05-15,Leicester,ENG,1638.26
2014-05-15,Liverpool,ENG,1898.66
2014-05-15,Man City,ENG,1954.14
2014-05-15,Man United,ENG,1857.45
2014-05-15,Middlesbrough,ENG,1515.5
2014-05-15,Millwall,ENG,1428.39
2014-05-15,Newcastle,ENG,1649.57
2014-05-15,Norwich,ENG,1603.04
2014-05-15,Nottm Forest,ENG,1483.4
2014-05-15,QPR,ENG,1567.59
2014-05-15,Reading,ENG,1546.48
2014-05-15,Sheffield Weds,ENG,1465.77
2014-05-15,Southampton,ENG,1717.62
2014-05-15,Stoke,ENG,1697.49
2014-05-15,Sunderland,ENG,1646.49
2014-05-15,Swansea,ENG,1671.77
2014-05-15,Tottenham,ENG,1799.68
2014-05-15,Watford,ENG,1495.66
2014-05-15,West Brom,ENG,1633.46
2014-05-15,West Ham,ENG,1662.74
2014-05-15,Wigan,ENG,1547.99
2014-05-15,Yeovil,ENG,1373.17
2014-06-01,Arsenal,ENG,1864.09
2014-06-01,Aston Villa,ENG,1616.97
2014-06-01,Barnsley,ENG,1397.76
2014-06-01,Birmingham,ENG,1417.88
2014-06-01,Blackburn,ENG,1543.02
2014-06-01,Blackpool,ENG,1398.78
2014-06-01,Bolton,ENG,1526.31
2014-06-01,Bournemouth,ENG,1494.67
2014-06-01,Brighton,ENG,1534.92
2014-06-01,Burnley,ENG,1612.34
2014-06-01,Cardiff,ENG,1533.7
2014-06-01,Charlton,ENG,1453.58
2014-06-01,Chelsea,ENG,1917.5
2014-06-01,Crystal Palace,ENG,1625.85
2014-06-01,Derby,ENG,1591.95
2014-06-01,Doncaster,ENG,1382.97
2014-06-01,Everton,ENG,1827.28
2014-06-01,Fulham,ENG,1584.22
2014-06-01,Huddersfield,ENG,1434.06
2014-06-01,Hull,ENG,1574.51
2014-06-01,Ipswich,ENG,1516.19
2014-06-01,Leeds,ENG,1438.96
2014-06-01,Leicester,ENG,1638.26
2014-06-01,Liverpool,ENG,1898.66
2014-06-01,Man City,ENG,1954.14
2014-06-01,Man United,ENG,1857.45
2014-06-01,Middlesbrough,ENG,1515.5
2014-06-01,Millwall,ENG,1428.39
2014-06-01,Newcastle,ENG,1649.57
2014-06-01,Norwich,ENG,1603.04
2014-06-01,Nottm Forest,ENG,1483.4
2014-06-01,QPR,ENG,1576.53
2014-06-01,Reading,ENG,1546.48
2014-06-01,Sheffield Weds,ENG,1465.77
2014-06-01,Southampton,ENG,1717.62
2014-06-01,Stoke,ENG,1697.49
2014-06-01,Sunderland,ENG,1646.49
2014-06-01,Swansea,ENG,1671.77
2014-06-01,Tottenham,ENG,1799.68
2014-06-01,Watford,ENG,1495.66
2014-06-01,West Brom,ENG,1633.46
2014-06-01,West Ham,ENG,1662.74
2014-06-01,Wigan,ENG,1547.99
2014-06-01,Yeovil,ENG,1373.17
2014-06-15,Arsenal,ENG,1864.09
2014-06-15,Aston Villa,ENG,1616.97
2014-06-15,Barnsley,ENG,1397.76
2014-06-15,Birmingham,ENG,1417.88
2014-06-15,Blackburn,ENG,1543.02
2014-06-15,Blackpool,ENG,1398.78
2014-06-15,Bolton,ENG,1526.31
2014-06-15,Bournemouth,ENG,1494.67
2014-06-15,Brighton,ENG,1534.92
2014-06-15,Burnley,ENG,1612.34
2014-06-15,Cardiff,ENG,1533.7
2014-06-15,Charlton,ENG,1453.58
2014-06-15,Chelsea,ENG,1917.5
2014-06-15,Crystal Palace,ENG,1625.85
2014-06-15,Derby,ENG,1591.95
2014-06-15,Doncaster,ENG,1382.97
2014-06-15,Everton,ENG,1827.28
2014-06-15,Fulham,ENG,1584.22
2014-06-15,Huddersfield,ENG,1434.06
2014-06-15,Hull,ENG,1574.51
2014-06-15,Ipswich,ENG,1516.19
2014-06-15,Leeds,ENG,1438.96
2014-06-15,Leicester,ENG,1638.26
2014-06-15,Liverpool,ENG,1898.66
2014-06-15,Man City,ENG,1954.14
2014-06-15,Man United,ENG,1857.45
2014-06-15,Middlesbrough,ENG,1515.5
2014-06-15,Millwall,ENG,1428.39
2014-06-15,Newcastle,ENG,1649.57
2014-06-15,Norwich,ENG,1603.04
2014-06-15,Nottm Forest,ENG,1483.4
2014-06-15,QPR,ENG,1576.53
2014-06-15,Reading,ENG,1546.48
2014-06-15,Sheffield Weds,ENG,1465.77
2014-06-15,Southampton,ENG,1717.62
2014-06-15,Stoke,ENG,1697.49
2014-06-15,Sunderland,ENG,1646.49
2014-06-15,Swansea,ENG,1671.77
2014-06-15,Tottenham,ENG,1799.68
2014-06-15,Watford,ENG,1495.66
2014-06-15,West Brom,ENG,1633.46
2014-06-15,West Ham,ENG,1662.74
2014-06-15,Wigan,ENG,1547.99
2014-06-15,Yeovil,ENG,1373.17
2014-07-01,Arsenal,ENG,1864.09
2014-07-01,Aston Villa,ENG,1616.97
2014-07-01,Barnsley,ENG,1397.76
2014-07-01,Birmingham,ENG,1417.88
2014-07-01,Blackburn,ENG,1543.02
2014-07-01,Blackpool,ENG,1398.78
2014-07-01,Bolton,ENG,1526.31
2014-07-01,Bournemouth,ENG,1494.67
2014-07-01,Brentford,ENG,1424.53
2014-07-01,Brighton,ENG,1534.92
2014-07-01,Burnley,ENG,1612.34
2014-07-01,Cardiff,ENG,1533.7
2014-07-01,Charlton,ENG,1453.58
2014-07-01,Chelsea,ENG,1917.5
2014-07-01,Crystal Palace,ENG,1625.85
2014-07-01,Derby,ENG,1591.95
2014-07-01,Doncaster,ENG,1382.97
2014-07-01,Everton,ENG,1827.28
2014-07-01,Fulham,ENG,1584.22
2014-07-01,Huddersfield,ENG,1434.06
2014-07-01,Hull,ENG,1574.51
2014-07-01,Ipswich,ENG,1516.19
2014-07-01,Leeds,ENG,1438.96
2014-07-01,Leicester,ENG,1638.26
2014-07-01,Liverpool,ENG,1898.66
2014-07-01,Man City,ENG,1954.14
2014-07-01,Man United,ENG,1857.45
2014-07-01,Middlesbrough,ENG,1515.5
2014-07-01,Millwall,ENG,1428.39
2014-07-01,Newcastle,ENG,1649.57
2014-07-01,Norwich,ENG,1603.04
2014-07-01,Nottm Forest,ENG,1483.4
2014-07-01,QPR,ENG,1576.53
2014-07-01,Reading,ENG,1546.48
2014-07-01,Rotherham,ENG,1424.53
2014-07-01,Sheffield Weds,ENG,1465.77
2014-07-01,Southampton,ENG,1717.62
2014-07-01,Stoke,ENG,1697.49
2014-07-01,Sunderland,ENG,1646.49
2014-07-01,Swansea,ENG,1671.77
2014-07-01,Tottenham,ENG,1799.68
2014-07-01,Watford,ENG,1495.66
2014-07-01,West Brom,ENG,1633.46
2014-07-01,West Ham,ENG,1662.74
2014-07-01,Wigan,ENG,1547.99
2014-07-01,Wolves,ENG,1424.53
2014-07-01,Yeovil,ENG,1373.17
2014-07-15,Arsenal,ENG,1864.09
2014-07-15,Aston Villa,ENG,1616.97
2014-07-15,Birmingham,ENG,1417.88
2014-07-15,Blackburn,ENG,1543.02
2014-07-15,Blackpool,ENG,1398.78
2014-07-15,Bolton,ENG,1526.31
2014-07-15,Bournemouth,ENG,1494.67
2014-07-15,Brentford,ENG,1424.53
2014-07-15,Brighton,ENG,1534.92
2014-07-15,Burnley,ENG,1612.34
2014-07-15,Cardiff,ENG,1533.7
2014-07-15,Charlton,ENG,1453.58
2014-07-15,Chelsea,ENG,1917.5
2014-07-15,Crystal Palace,ENG,1625.85
2014-07-15,Derby,ENG,1591.95
2014-07-15,Everton,ENG,1827.28
2014-07-15,Fulham,ENG,1584.22
2014-07-15,Huddersfield,ENG,1434.06
2014-07-15,Hull,ENG,1574.51
2014-07-15,Ipswich,ENG,1516.19
2014-07-15,Leeds,ENG,1438.96
2014-07-15,Leicester,ENG,1638.26
2014-07-15,Liverpool,ENG,1898.66
2014-07-15,Man City,ENG,1954.14
2014-07-15,Man United,ENG,1857.45
2014-07-15,Middlesbrough,ENG,1515.5
2014-07-15,Millwall,ENG,1428.39
2014-07-15,Newcastle,ENG,1649.57
2014-07-15,Norwich,ENG,1603.04
2014-07-15,Nottm Forest,ENG,1483.4
2014-07-15,QPR,ENG,1576.53
2014-07-15,Reading,ENG,1546.48
2014-07-15,Rotherham,ENG,1424.53
2014-07-15,Sheffield Weds,ENG,1465.77
2014-07-15,Southampton,ENG,1717.62
2014-07-15,Stoke,ENG,1697.49
2014-07-15,Sunderland,ENG,1646.49
2014-07-15,Swansea,ENG,1671.77
2014-07-15,Tottenham,ENG,1799.68
2014-07-15,Watford,ENG,1495.66
2014-07-15,West Brom,ENG,1633.46
2014-07-15,West Ham,ENG,1662.74
2014-07-15,Wigan,ENG,1547.99
2014-07-15,Wolves,ENG,1424.53
2014-08-01,Arsenal,ENG,1863.56
2014-08-01,Aston Villa,ENG,1616.44
2014-08-01,Birmingham,ENG,1417.35
2014-08-01,Blackburn,ENG,1542.49
2014-08-01,Blackpool,ENG,1398.25
2014-08-01,Bolton,ENG,1525.78
2014-08-01,Bournemouth,ENG,1494.14
2014-08-01,Brentford,ENG,1424.0
2014-08-01,Brighton,ENG,1534.39
2014-08-01,Burnley,ENG,1611.8
2014-08-01,Cardiff,ENG,1533.17
2014-08-01,Charlton,ENG,1453.05
2014-08-01,Chelsea,ENG,1916.97
2014-08-01,Crystal Palace,ENG,1625.32
2014-08-01,Derby,ENG,1591.42
2014-08-01,Everton,ENG,1826.75
2014-08-01,Fulham,ENG,1583.69
2014-08-01,Huddersfield,ENG,1433.53
2014-08-01,Hull,ENG,1572.31
2014-08-01,Ipswich,ENG,1515.66
2014-08-01,Leeds,ENG,1438.42
2014-08-01,Leicester,ENG,1637.73
2014-08-01,Liverpool,ENG,1898.12
2014-08-01,Man City,ENG,1953.61
2014-08-01,Man United,ENG,1856.92
2014-08-01,Middlesbrough,ENG,1514.97
2014-08-01,Millwall,ENG,1427.86
2014-08-01,Newcastle,ENG,1649.03
2014-08-01,Norwich,ENG,1602.51
2014-08-01,Nottm Forest,ENG,1482.86
2014-08-01,QPR,ENG,1575.99
2014-08-01,Reading,ENG,1545.95
2014-08-01,Rotherham,ENG,1424.0
2014-08-01,Sheffield Weds,ENG,1465.24
2014-08-01,Southampton,ENG,1717.09
2014-08-01,Stoke,ENG,1696.96
2014-08-01,Sunderland,ENG,1645.95
2014-08-01,Swansea,ENG,1671.24
2014-08-01,Tottenham,ENG,1799.15
2014-08-01,Watford,ENG,1495.13
2014-08-01,West Brom,ENG,1632.93
2014-08-01,West Ham,ENG,1662.21
2014-08-01,Wigan,ENG,1547.46
2014-08-01,Wolves,ENG,1424.0
2014-08-15,Arsenal,ENG,1865.24
2014-08-15,Aston Villa,ENG,1618.12
2014-08-15,Birmingham,ENG,1412.59
2014-08-15,Blackburn,ENG,1542.52
2014-08-15,Blackpool,ENG,1393.08
2014-08-15,Bolton,ENG,1514.7
2014-08-15,Bournemouth,ENG,1510.87
2014-08-15,Brentford,ENG,1425.12
2014-08-15,Brighton,ENG,1524.86
2014-08-15,Burnley,ENG,1613.48
2014-08-15,Cardiff,ENG,1536.5
2014-08-15,Charlton,ENG,1455.28
2014-08-15,Chelsea,ENG,1918.65
2014-08-15,Crystal Palace,ENG,1627.0
2014-08-15,Derby,ENG,1596.33
2014-08-15,Everton,ENG,1828.43
2014-08-15,Fulham,ENG,1576.87
2014-08-15,Huddersfield,ENG,1420.16
2014-08-15,Hull,ENG,1579.25
2014-08-15,Ipswich,ENG,1525.84
2014-08-15,Leeds,ENG,1430.22
2014-08-15,Leicester,ENG,1639.41
2014-08-15,Liverpool,ENG,1899.8
2014-08-15,Man City,ENG,1955.29
2014-08-15,Man United,ENG,1858.6
2014-08-15,Middlesbrough,ENG,1523.08
2014-08-15,Millwall,ENG,1439.43
2014-08-15,Newcastle,ENG,1650.72
2014-08-15,Norwich,ENG,1592.83
2014-08-15,Nottm Forest,ENG,1491.39
2014-08-15,QPR,ENG,1577.67
2014-08-15,Reading,ENG,1549.06
2014-08-15,Rotherham,ENG,1422.44
2014-08-15,Sheffield Weds,ENG,1478.14
2014-08-15,Southampton,ENG,1718.77
2014-08-15,Stoke,ENG,1698.64
2014-08-15,Sunderland,ENG,1647.63
2014-08-15,Swansea,ENG,1672.92
2014-08-15,Tottenham,ENG,1800.83
2014-08-15,Watford,ENG,1509.56
2014-08-15,West Brom,ENG,1634.61
2014-08-15,West Ham,ENG,1663.89
2014-08-15,Wigan,ENG,1547.72
2014-08-15,Wolves,ENG,1437.03
2014-09-01,Arsenal,ENG,1863.08
2014-09-01,Aston Villa,ENG,1631.72
2014-09-01,Birmingham,ENG,1414.0
2014-09-01,Blackburn,ENG,1530.63
2014-09-01,Blackpool,ENG,1367.53
2014-09-01,Bolton,ENG,1485.63
2014-09-01,Bournemouth,ENG,1501.79
2014-09-01,Brentford,ENG,1437.98
2014-09-01,Brighton,ENG,1526.24
2014-09-01,Burnley,ENG,1606.85
2014-09-01,Cardiff,ENG,1538.1
2014-09-01,Charlton,ENG,1475.05
2014-09-01,Chelsea,ENG,1934.08
2014-09-01,Crystal Palace,ENG,1612.36
2014-09-01,Derby,ENG,1589.7
2014-09-01,Everton,ENG,1810.03
2014-09-01,Fulham,ENG,1535.75
2014-09-01,Huddersfield,ENG,1417.89
2014-09-01,Hull,ENG,1569.79
2014-09-01,Ipswich,ENG,1512.41
2014-09-01,Leeds,ENG,1426.66
2014-09-01,Leicester,ENG,1642.78
2014-09-01,Liverpool,ENG,1904.48
2014-09-01,Man City,ENG,1948.35
2014-09-01,Man United,ENG,1833.37
2014-09-01,Middlesbrough,ENG,1501.05
2014-09-01,Millwall,ENG,1446.6
2014-09-01,Newcastle,ENG,1642.87
2014-09-01,Norwich,ENG,1608.65
2014-09-01,Nottm Forest,ENG,1524.48
2014-09-01,QPR,ENG,1570.3
2014-09-01,Reading,ENG,1533.31
2014-09-01,Rotherham,ENG,1413.56
2014-09-01,Sheffield Weds,ENG,1477.24
2014-09-01,Southampton,ENG,1721.45
2014-09-01,Stoke,ENG,1698.12
2014-09-01,Sunderland,ENG,1640.86
2014-09-01,Swansea,ENG,1698.4
2014-09-01,Tottenham,ENG,1797.6
2014-09-01,Watford,ENG,1523.66
2014-09-01,West Brom,ENG,1625.01
2014-09-01,West Ham,ENG,1655.79
2014-09-01,Wigan,ENG,1541.25
2014-09-01,Wolves,ENG,1462.47
2014-09-15,Arsenal,ENG,1864.13
2014-09-15,Aston Villa,ENG,1646.67
2014-09-15,Birmingham,ENG,1412.96
2014-09-15,Blackburn,ENG,1540.4
2014-09-15,Blackpool,ENG,1368.86
2014-09-15,Bolton,ENG,1484.0
2014-09-15,Bournemouth,ENG,1498.04
2014-09-15,Brentford,ENG,1447.21
2014-09-15,Brighton,ENG,1517.01
2014-09-15,Burnley,ENG,1608.4
2014-09-15,Cardiff,ENG,1527.61
2014-09-15,Charlton,ENG,1482.98
2014-09-15,Chelsea,ENG,1937.29
2014-09-15,Crystal Palace,ENG,1610.81
2014-09-15,Derby,ENG,1589.24
2014-09-15,Everton,ENG,1816.62
2014-09-15,Fulham,ENG,1524.06
2014-09-15,Huddersfield,ENG,1410.87
2014-09-15,Hull,ENG,1569.79
2014-09-15,Ipswich,ENG,1519.94
2014-09-15,Leeds,ENG,1427.69
2014-09-15,Leicester,ENG,1653.65
2014-09-15,Liverpool,ENG,1889.53
2014-09-15,Man City,ENG,1947.3
2014-09-15,Man United,ENG,1837.33
2014-09-15,Middlesbrough,ENG,1508.07
2014-09-15,Millwall,ENG,1439.07
2014-09-15,Newcastle,ENG,1632.98
2014-09-15,Norwich,ENG,1619.14
2014-09-15,Nottm Forest,ENG,1524.94
2014-09-15,QPR,ENG,1566.33
2014-09-15,Reading,ENG,1545.0
2014-09-15,Rotherham,ENG,1417.31
2014-09-15,Sheffield Weds,ENG,1478.87
2014-09-15,Southampton,ENG,1731.34
2014-09-15,Stoke,ENG,1687.24
2014-09-15,Sunderland,ENG,1643.88
2014-09-15,Swansea,ENG,1695.2
2014-09-15,Tottenham,ENG,1794.59
2014-09-15,Watford,ENG,1515.74
2014-09-15,West Brom,ENG,1618.42
2014-09-15,West Ham,ENG,1655.79
2014-09-15,Wigan,ENG,1531.49
2014-09-15,Wolves,ENG,1461.15
2014-10-01,Arsenal,ENG,1854.44
2014-10-01,Aston Villa,ENG,1631.47
2014-10-01,Birmingham,ENG,1411.36
2014-10-01,Blackburn,ENG,1519.63
2014-10-01,Blackpool,ENG,1363.83
2014-10-01,Bolton,ENG,1467.74
2014-10-01,Bournemouth,ENG,1484.42
2014-10-01,Brentford,ENG,1428.91
2014-10-01,Brighton,ENG,1498.57
2014-10-01,Burnley,ENG,1590.32
2014-10-01,Cardiff,ENG,1523.23
2014-10-01,Charlton,ENG,1488.13
2014-10-01,Chelsea,ENG,1934.78
2014-10-01,Crystal Palace,ENG,1631.23
2014-10-01,Derby,ENG,1603.31
2014-10-01,Everton,ENG,1808.95
2014-10-01,Fulham,ENG,1507.5
2014-10-01,Huddersfield,ENG,1404.95
2014-10-01,Hull,ENG,1566.17
2014-10-01,Ipswich,ENG,1539.37
2014-10-01,Leeds,ENG,1438.32
2014-10-01,Leicester,ENG,1653.37
2014-10-01,Liverpool,ENG,1864.75
2014-10-01,Man City,ENG,1933.22
2014-10-01,Man United,ENG,1819.52
2014-10-01,Middlesbrough,ENG,1517.16
2014-10-01,Millwall,ENG,1409.23
2014-10-01,Newcastle,ENG,1619.27
2014-10-01,Norwich,ENG,1608.08
2014-10-01,Nottm Forest,ENG,1526.39
2014-10-01,QPR,ENG,1559.98
2014-10-01,Reading,ENG,1532.64
2014-10-01,Rotherham,ENG,1416.16
2014-10-01,Sheffield Weds,ENG,1486.28
2014-10-01,Southampton,ENG,1737.81
2014-10-01,Stoke,ENG,1685.49
2014-10-01,Sunderland,ENG,1638.94
2014-10-01,Swansea,ENG,1681.79
2014-10-01,Tottenham,ENG,1773.6
2014-10-01,Watford,ENG,1520.39
2014-10-01,West Brom,ENG,1639.05
2014-10-01,West Ham,ENG,1663.61
2014-10-01,Wigan,ENG,1503.37
2014-10-01,Wolves,ENG,1468.72
2014-10-15,Arsenal,ENG,1847.97
2014-10-15,Aston Villa,ENG,1623.42
2014-10-15,Birmingham,ENG,1410.49
2014-10-15,Blackburn,ENG,1511.22
2014-10-15,Blackpool,ENG,1370.42
2014-10-15,Bolton,ENG,1443.33
2014-10-15,Bournemouth,ENG,1488.65
2014-10-15,Brentford,ENG,1437.82
2014-10-15,Brighton,ENG,1496.24
2014-10-15,Burnley,ENG,1589.09
2014-10-15,Cardiff,ENG,1507.92
2014-10-15,Charlton,ENG,1480.27
2014-10-15,Chelsea,ENG,1937.44
2014-10-15,Crystal Palace,ENG,1614.73
2014-10-15,Derby,ENG,1592.89
2014-10-15,Everton,ENG,1795.53
2014-10-15,Fulham,ENG,1505.0
2014-10-15,Huddersfield,ENG,1420.17
2014-10-15,Hull,ENG,1573.94
2014-10-15,Ipswich,ENG,1536.08
2014-10-15,Leeds,ENG,1435.15
2014-10-15,Leicester,ENG,1645.87
2014-10-15,Liverpool,ENG,1852.01
2014-10-15,Man City,ENG,1932.54
2014-10-15,Man United,ENG,1821.53
2014-10-15,Middlesbrough,ENG,1522.38
2014-10-15,Millwall,ENG,1410.92
2014-10-15,Newcastle,ENG,1618.04
2014-10-15,Norwich,ENG,1597.69
2014-10-15,Nottm Forest,ENG,1520.95
2014-10-15,QPR,ENG,1549.31
2014-10-15,Reading,ENG,1513.71
2014-10-15,Rotherham,ENG,1417.81
2014-10-15,Sheffield Weds,ENG,1482.01
2014-10-15,Southampton,ENG,1727.45
2014-10-15,Stoke,ENG,1669.69
2014-10-15,Sunderland,ENG,1646.01
2014-10-15,Swansea,ENG,1674.3
2014-10-15,Tottenham,ENG,1769.91
2014-10-15,Watford,ENG,1513.99
2014-10-15,West Brom,ENG,1632.27
2014-10-15,West Ham,ENG,1665.55
2014-10-15,Wigan,ENG,1499.0
2014-10-15,Wolves,ENG,1448.82
2014-11-01,Arsenal,ENG,1849.49
2014-11-01,Aston Villa,ENG,1604.55
2014-11-01,Birmingham,ENG,1377.89
2014-11-01,Blackburn,ENG,1529.12
2014-11-01,Blackpool,ENG,1351.04
2014-11-01,Bolton,ENG,1449.57
2014-11-01,Bournemouth,ENG,1524.24
2014-11-01,Brentford,ENG,1429.67
2014-11-01,Brighton,ENG,1482.53
2014-11-01,Burnley,ENG,1571.5
2014-11-01,Cardiff,ENG,1513.98
2014-11-01,Charlton,ENG,1468.56
2014-11-01,Chelsea,ENG,1937.84
2014-11-01,Crystal Palace,ENG,1613.17
2014-11-01,Derby,ENG,1595.27
2014-11-01,Everton,ENG,1803.98
2014-11-01,Fulham,ENG,1521.73
2014-11-01,Huddersfield,ENG,1430.95
2014-11-01,Hull,ENG,1587.24
2014-11-01,Ipswich,ENG,1518.36
2014-11-01,Leeds,ENG,1423.46
2014-11-01,Leicester,ENG,1628.98
2014-11-01,Liverpool,ENG,1838.08
2014-11-01,Man City,ENG,1920.19
2014-11-01,Man United,ENG,1818.42
2014-11-01,Middlesbrough,ENG,1516.04
2014-11-01,Millwall,ENG,1422.53
2014-11-01,Newcastle,ENG,1636.68
2014-11-01,Norwich,ENG,1584.06
2014-11-01,Nottm Forest,ENG,1501.66
2014-11-01,QPR,ENG,1557.49
2014-11-01,Reading,ENG,1494.8
2014-11-01,Rotherham,ENG,1427.83
2014-11-01,Sheffield Weds,ENG,1468.32
2014-11-01,Southampton,ENG,1744.96
2014-11-01,Stoke,ENG,1670.14
2014-11-01,Sunderland,ENG,1624.95
2014-11-01,Swansea,ENG,1674.39
2014-11-01,Tottenham,ENG,1753.55
2014-11-01,Watford,ENG,1526.9
2014-11-01,West Brom,ENG,1632.42
2014-11-01,West Ham,ENG,1687.49
2014-11-01,Wigan,ENG,1503.05
2014-11-01,Wolves,ENG,1469.24
2014-11-15,Arsenal,ENG,1827.39
2014-11-15,Aston Villa,ENG,1596.14
2014-11-15,Birmingham,ENG,1386.81
2014-11-15,Blackburn,ENG,1528.66
2014-11-15,Blackpool,ENG,1335.57
2014-11-15,Bolton,ENG,1467.64
2014-11-15,Bournemouth,ENG,1535.83
2014-11-15,Brentford,ENG,1457.5
2014-11-15,Brighton,ENG,1477.11
2014-11-15,Burnley,ENG,1568.65
2014-11-15,Cardiff,ENG,1497.44
2014-11-15,Charlton,ENG,1470.54
2014-11-15,Chelsea,ENG,1930.5
2014-11-15,Crystal Palace,ENG,1590.91
2014-11-15,Derby,ENG,1589.57
2014-11-15,Everton,ENG,1795.58
2014-11-15,Fulham,ENG,1516.56
2014-11-15,Huddersfield,ENG,1428.43
2014-11-15,Hull,ENG,1567.89
2014-11-15,Ipswich,ENG,1530.57
2014-11-15,Leeds,ENG,1417.07
2014-11-15,Leicester,ENG,1607.77
2014-11-15,Liverpool,ENG,1811.35
2014-11-15,Man City,ENG,1896.08
2014-11-15,Man United,ENG,1809.78
2014-11-15,Middlesbrough,ENG,1536.08
2014-11-15,Millwall,ENG,1402.85
2014-11-15,Newcastle,ENG,1654.42
2014-11-15,Norwich,ENG,1551.91
2014-11-15,Nottm Forest,ENG,1474.21
2014-11-15,QPR,ENG,1556.59
2014-11-15,Reading,ENG,1478.21
2014-11-15,Rotherham,ENG,1403.14
2014-11-15,Sheffield Weds,ENG,1449.02
2014-11-15,Southampton,ENG,1748.87
2014-11-15,Stoke,ENG,1674.18
2014-11-15,Sunderland,ENG,1634.09
2014-11-15,Swansea,ENG,1683.14
2014-11-15,Tottenham,ENG,1744.29
2014-11-15,Watford,ENG,1509.64
2014-11-15,West Brom,ENG,1621.67
2014-11-15,West Ham,ENG,1677.7
2014-11-15,Wigan,ENG,1477.59
2014-11-15,Wolves,ENG,1444.8
2014-12-01,Arsenal,ENG,1844.99
2014-12-01,Aston Villa,ENG,1613.47
2014-12-01,Birmingham,ENG,1419.17
2014-12-01,Blackburn,ENG,1547.9
2014-12-01,Blackpool,ENG,1354.28
2014-12-01,Bolton,ENG,1484.71
2014-12-01,Bournemouth,ENG,1542.61
2014-12-01,Brentford,ENG,1490.34
2014-12-01,Brighton,ENG,1485.64
2014-12-01,Burnley,ENG,1593.37
2014-12-01,Cardiff,ENG,1526.26
2014-12-01,Charlton,ENG,1472.73
2014-12-01,Chelsea,ENG,1953.81
2014-12-01,Crystal Palace,ENG,1625.18
2014-12-01,Derby,ENG,1594.57
2014-12-01,Everton,ENG,1818.28
2014-12-01,Fulham,ENG,1530.9
2014-12-01,Huddersfield,ENG,1435.22
2014-12-01,Hull,ENG,1572.92
2014-12-01,Ipswich,ENG,1553.76
2014-12-01,Leeds,ENG,1442.4
2014-12-01,Leicester,ENG,1612.31
2014-12-01,Liverpool,ENG,1806.45
2014-12-01,Man City,ENG,1931.57
2014-12-01,Man United,ENG,1836.64
2014-12-01,Middlesbrough,ENG,1547.9
2014-12-01,Millwall,ENG,1424.77
2014-12-01,Newcastle,ENG,1666.08
2014-12-01,Norwich,ENG,1550.38
2014-12-01,Nottm Forest,ENG,1493.86
2014-12-01,QPR,ENG,1573.74
2014-12-01,Reading,ENG,1497.01
2014-12-01,Rotherham,ENG,1403.57
2014-12-01,Sheffield Weds,ENG,1470.96
2014-12-01,Southampton,ENG,1750.47
2014-12-01,Stoke,ENG,1671.57
2014-12-01,Sunderland,ENG,1654.81
2014-12-01,Swansea,ENG,1690.68
2014-12-01,Tottenham,ENG,1772.2
2014-12-01,Watford,ENG,1506.65
2014-12-01,West Brom,ENG,1628.81
2014-12-01,West Ham,ENG,1693.5
2014-12-01,Wigan,ENG,1483.78
2014-12-01,Wolves,ENG,1431.8
2014-12-15,Arsenal,ENG,1849.5
2014-12-15,Aston Villa,ENG,1620.14
2014-12-15,Birmingham,ENG,1427.93
2014-12-15,Blackburn,ENG,1522.88
2014-12-15,Blackpool,ENG,1364.51
2014-12-15,Bolton,ENG,1484.64
2014-12-15,Bournemouth,ENG,1555.06
2014-12-15,Brentford,ENG,1491.01
2014-12-15,Brighton,ENG,1464.41
2014-12-15,Burnley,ENG,1591.57
2014-12-15,Cardiff,ENG,1510.63
2014-12-15,Charlton,ENG,1467.89
2014-12-15,Chelsea,ENG,1946.22
2014-12-15,Crystal Palace,ENG,1618.26
2014-12-15,Derby,ENG,1588.7
2014-12-15,Everton,ENG,1791.07
2014-12-15,Fulham,ENG,1513.63
2014-12-15,Huddersfield,ENG,1431.57
2014-12-15,Hull,ENG,1575.5
2014-12-15,Ipswich,ENG,1557.94
2014-12-15,Leeds,ENG,1425.39
2014-12-15,Leicester,ENG,1595.03
2014-12-15,Liverpool,ENG,1791.12
2014-12-15,Man City,ENG,1948.47
2014-12-15,Man United,ENG,1853.47
2014-12-15,Middlesbrough,ENG,1568.92
2014-12-15,Millwall,ENG,1420.81
2014-12-15,Newcastle,ENG,1671.62
2014-12-15,Norwich,ENG,1564.61
2014-12-15,Nottm Forest,ENG,1488.4
2014-12-15,QPR,ENG,1575.8
2014-12-15,Reading,ENG,1473.05
2014-12-15,Rotherham,ENG,1406.56
2014-12-15,Sheffield Weds,ENG,1468.75
2014-12-15,Southampton,ENG,1725.88
2014-12-15,Stoke,ENG,1677.16
2014-12-15,Sunderland,ENG,1652.49
2014-12-15,Swansea,ENG,1676.8
2014-12-15,Tottenham,ENG,1758.36
2014-12-15,Watford,ENG,1531.45
2014-12-15,West Brom,ENG,1625.85
2014-12-15,West Ham,ENG,1708.02
2014-12-15,Wigan,ENG,1468.32
2014-12-15,Wolves,ENG,1433.8
2015-01-01,Arsenal,ENG,1857.14
2015-01-01,Aston Villa,ENG,1618.71
2015-01-01,Birmingham,ENG,1441.31
2015-01-01,Blackburn,ENG,1522.55
2015-01-01,Blackpool,ENG,1349.73
2015-01-01,Bolton,ENG,1491.34
2015-01-01,Bournemouth,ENG,1580.61
2015-01-01,Brentford,ENG,1482.44
2015-01-01,Brighton,ENG,1478.91
2015-01-01,Burnley,ENG,1592.34
2015-01-01,Cardiff,ENG,1488.96
2015-01-01,Charlton,ENG,1452.91
2015-01-01,Chelsea,ENG,1949.94
2015-01-01,Crystal Palace,ENG,1607.67
2015-01-01,Derby,ENG,1601.6
2015-01-01,Everton,ENG,1758.46
2015-01-01,Fulham,ENG,1501.53
2015-01-01,Huddersfield,ENG,1432.3
2015-01-01,Hull,ENG,1575.98
2015-01-01,Ipswich,ENG,1585.7
2015-01-01,Leeds,ENG,1412.3
2015-01-01,Leicester,ENG,1593.65
2015-01-01,Liverpool,ENG,1802.87
2015-01-01,Man City,ENG,1945.55
2015-01-01,Man United,ENG,1851.94
2015-01-01,Middlesbrough,ENG,1567.85
2015-01-01,Millwall,ENG,1398.11
2015-01-01,Newcastle,ENG,1667.12
2015-01-01,Norwich,ENG,1565.14
2015-01-01,Nottm Forest,ENG,1461.46
2015-01-01,QPR,ENG,1577.73
2015-01-01,Reading,ENG,1476.14
2015-01-01,Rotherham,ENG,1416.08
2015-01-01,Sheffield Weds,ENG,1471.97
2015-01-01,Southampton,ENG,1753.29
2015-01-01,Stoke,ENG,1691.77
2015-01-01,Sunderland,ENG,1646.37
2015-01-01,Swansea,ENG,1681.75
2015-01-01,Tottenham,ENG,1767.54
2015-01-01,Watford,ENG,1539.5
2015-01-01,West Brom,ENG,1607.58
2015-01-01,West Ham,ENG,1704.92
2015-01-01,Wigan,ENG,1459.71
2015-01-01,Wolves,ENG,1452.71
2015-01-15,Arsenal,ENG,1849.93
2015-01-15,Aston Villa,ENG,1609.8
2015-01-15,Birmingham,ENG,1451.18
2015-01-15,Blackburn,ENG,1511.29
2015-01-15,Blackpool,ENG,1357.62
2015-01-15,Bolton,ENG,1487.6
2015-01-15,Bournemouth,ENG,1570.91
2015-01-15,Brentford,ENG,1487.44
2015-01-15,Brighton,ENG,1487.86
2015-01-15,Burnley,ENG,1602.21
2015-01-15,Cardiff,ENG,1495.71
2015-01-15,Charlton,ENG,1443.95
2015-01-15,Chelsea,ENG,1936.41
2015-01-15,Crystal Palace,ENG,1620.67
2015-01-15,Derby,ENG,1610.55
2015-01-15,Everton,ENG,1746.28
2015-01-15,Fulham,ENG,1494.77
2015-01-15,Huddersfield,ENG,1445.28
2015-01-15,Hull,ENG,1585.93
2015-01-15,Ipswich,ENG,1576.75
2015-01-15,Leeds,ENG,1416.04
2015-01-15,Leicester,ENG,1607.09
2015-01-15,Liverpool,ENG,1802.0
2015-01-15,Man City,ENG,1943.1
2015-01-15,Man United,ENG,1837.43
2015-01-15,Middlesbrough,ENG,1566.87
2015-01-15,Millwall,ENG,1390.22
2015-01-15,Newcastle,ENG,1661.07
2015-01-15,Norwich,ENG,1574.84
2015-01-15,Nottm Forest,ENG,1448.41
2015-01-15,QPR,ENG,1572.84
2015-01-15,Reading,ENG,1477.12
2015-01-15,Rotherham,ENG,1411.08
2015-01-15,Sheffield Weds,ENG,1485.02
2015-01-15,Southampton,ENG,1777.98
2015-01-15,Stoke,ENG,1688.8
2015-01-15,Sunderland,ENG,1639.28
2015-01-15,Swansea,ENG,1679.28
2015-01-15,Tottenham,ENG,1772.43
2015-01-15,Watford,ENG,1526.51
2015-01-15,West Brom,ENG,1617.94
2015-01-15,West Ham,ENG,1701.86
2015-01-15,Wigan,ENG,1449.85
2015-01-15,Wolves,ENG,1463.97
2015-02-01,Arsenal,ENG,1866.28
2015-02-01,Aston Villa,ENG,1603.07
2015-02-01,Birmingham,ENG,1455.71
2015-02-01,Blackburn,ENG,1511.25
2015-02-01,Blackpool,ENG,1355.67
2015-02-01,Bolton,ENG,1482.0
2015-02-01,Bournemouth,ENG,1576.13
2015-02-01,Brentford,ENG,1500.66
2015-02-01,Brighton,ENG,1477.46
2015-02-01,Burnley,ENG,1585.07
2015-02-01,Cardiff,ENG,1477.12
2015-02-01,Charlton,ENG,1433.96
2015-02-01,Chelsea,ENG,1942.15
2015-02-01,Crystal Palace,ENG,1623.1
2015-02-01,Derby,ENG,1612.83
2015-02-01,Everton,ENG,1748.21
2015-02-01,Fulham,ENG,1499.84
2015-02-01,Huddersfield,ENG,1439.37
2015-02-01,Hull,ENG,1565.58
2015-02-01,Ipswich,ENG,1569.26
2015-02-01,Leeds,ENG,1436.1
2015-02-01,Leicester,ENG,1596.67
2015-02-01,Liverpool,ENG,1814.83
2015-02-01,Man City,ENG,1928.84
2015-02-01,Man United,ENG,1845.19
2015-02-01,Middlesbrough,ENG,1584.85
2015-02-01,Millwall,ENG,1395.53
2015-02-01,Newcastle,ENG,1667.64
2015-02-01,Norwich,ENG,1566.52
2015-02-01,Nottm Forest,ENG,1444.76
2015-02-01,QPR,ENG,1562.53
2015-02-01,Reading,ENG,1479.74
2015-02-01,Rotherham,ENG,1418.57
2015-02-01,Sheffield Weds,ENG,1463.72
2015-02-01,Southampton,ENG,1784.51
2015-02-01,Stoke,ENG,1701.77
2015-02-01,Sunderland,ENG,1643.56
2015-02-01,Swansea,ENG,1671.45
2015-02-01,Tottenham,ENG,1785.7
2015-02-01,Watford,ENG,1535.02
2015-02-01,West Brom,ENG,1613.18
2015-02-01,West Ham,ENG,1703.01
2015-02-01,Wigan,ENG,1445.32
2015-02-01,Wolves,ENG,1469.47
2015-02-15,Arsenal,ENG,1863.5
2015-02-15,Aston Villa,ENG,1586.15
2015-02-15,Birmingham,ENG,1447.1
2015-02-15,Blackburn,ENG,1510.3
2015-02-15,Blackpool,ENG,1348.81
2015-02-15,Bolton,ENG,1477.98
2015-02-15,Bournemouth,ENG,1578.98
2015-02-15,Brentford,ENG,1484.63
2015-02-15,Brighton,ENG,1470.03
2015-02-15,Burnley,ENG,1581.55
2015-02-15,Cardiff,ENG,1476.49
2015-02-15,Charlton,ENG,1438.5
2015-02-15,Chelsea,ENG,1947.17
2015-02-15,Crystal Palace,ENG,1631.52
2015-02-15,Derby,ENG,1619.85
2015-02-15,Everton,ENG,1745.74
2015-02-15,Fulham,ENG,1479.88
2015-02-15,Huddersfield,ENG,1440.71
2015-02-15,Hull,ENG,1584.38
2015-02-15,Ipswich,ENG,1566.34
2015-02-15,Leeds,ENG,1449.61
2015-02-15,Leicester,ENG,1586.08
2015-02-15,Liverpool,ENG,1820.64
2015-02-15,Man City,ENG,1927.44
2015-02-15,Man United,ENG,1845.48
2015-02-15,Middlesbrough,ENG,1593.64
2015-02-15,Millwall,ENG,1389.49
2015-02-15,Newcastle,ENG,1667.52
2015-02-15,Norwich,ENG,1583.6
2015-02-15,Nottm Forest,ENG,1464.21
2015-02-15,QPR,ENG,1574.7
2015-02-15,Reading,ENG,1473.32
2015-02-15,Rotherham,ENG,1428.47
2015-02-15,Sheffield Weds,ENG,1456.76
2015-02-15,Southampton,ENG,1773.24
2015-02-15,Stoke,ENG,1695.34
2015-02-15,Sunderland,ENG,1629.73
2015-02-15,Swansea,ENG,1668.94
2015-02-15,Tottenham,ENG,1788.37
2015-02-15,Watford,ENG,1556.72
2015-02-15,West Brom,ENG,1625.97
2015-02-15,West Ham,ENG,1708.87
2015-02-15,Wigan,ENG,1425.72
2015-02-15,Wolves,ENG,1469.7
2015-03-01,Arsenal,ENG,1835.8
2015-03-01,Aston Villa,ENG,1563.09
2015-03-01,Birmingham,ENG,1434.05
2015-03-01,Blackburn,ENG,1489.96
2015-03-01,Blackpool,ENG,1324.41
2015-03-01,Bolton,ENG,1457.35
2015-03-01,Bournemouth,ENG,1542.48
2015-03-01,Brentford,ENG,1484.87
2015-03-01,Brighton,ENG,1466.93
2015-03-01,Burnley,ENG,1571.16
2015-03-01,Cardiff,ENG,1463.56
2015-03-01,Charlton,ENG,1450.25
2015-03-01,Chelsea,ENG,1928.43
2015-03-01,Crystal Palace,ENG,1632.51
2015-03-01,Derby,ENG,1597.61
2015-03-01,Everton,ENG,1741.85
2015-03-01,Fulham,ENG,1470.39
2015-03-01,Huddersfield,ENG,1429.93
2015-03-01,Hull,ENG,1575.11
2015-03-01,Ipswich,ENG,1548.97
2015-03-01,Leeds,ENG,1434.69
2015-03-01,Leicester,ENG,1580.04
2015-03-01,Liverpool,ENG,1813.53
2015-03-01,Man City,ENG,1913.67
2015-03-01,Man United,ENG,1826.29
2015-03-01,Middlesbrough,ENG,1556.4
2015-03-01,Millwall,ENG,1362.04
2015-03-01,Newcastle,ENG,1656.39
2015-03-01,Norwich,ENG,1593.29
2015-03-01,Nottm Forest,ENG,1488.2
2015-03-01,QPR,ENG,1556.32
2015-03-01,Reading,ENG,1434.95
2015-03-01,Rotherham,ENG,1406.5
2015-03-01,Sheffield Weds,ENG,1466.97
2015-03-01,Southampton,ENG,1740.05
2015-03-01,Stoke,ENG,1694.72
2015-03-01,Sunderland,ENG,1612.82
2015-03-01,Swansea,ENG,1675.73
2015-03-01,Tottenham,ENG,1754.45
2015-03-01,Watford,ENG,1544.31
2015-03-01,West Brom,ENG,1626.19
2015-03-01,West Ham,ENG,1684.27
2015-03-01,Wigan,ENG,1411.62
2015-03-01,Wolves,ENG,1491.94
2015-03-15,Arsenal,ENG,1848.06
2015-03-15,Aston Villa,ENG,1590.32
2015-03-15,Birmingham,ENG,1438.16
2015-03-15,Blackburn,ENG,1513.81
2015-03-15,Blackpool,ENG,1307.63
2015-03-15,Bolton,ENG,1453.23
2015-03-15,Bournemouth,ENG,1563.56
2015-03-15,Brentford,ENG,1483.63
2015-03-15,Brighton,ENG,1469.65
2015-03-15,Burnley,ENG,1580.27
2015-03-15,Cardiff,ENG,1472.43
2015-03-15,Charlton,ENG,1453.0
2015-03-15,Chelsea,ENG,1917.28
2015-03-15,Crystal Palace,ENG,1632.45
2015-03-15,Derby,ENG,1577.27
2015-03-15,Everton,ENG,1725.66
2015-03-15,Fulham,ENG,1450.55
2015-03-15,Huddersfield,ENG,1406.48
2015-03-15,Hull,ENG,1573.6
2015-03-15,Ipswich,ENG,1515.65
2015-03-15,Leeds,ENG,1449.87
2015-03-15,Leicester,ENG,1573.89
2015-03-15,Liverpool,ENG,1822.76
2015-03-15,Man City,ENG,1889.18
2015-03-15,Man United,ENG,1828.84
2015-03-15,Middlesbrough,ENG,1560.7
2015-03-15,Millwall,ENG,1341.36
2015-03-15,Newcastle,ENG,1648.51
2015-03-15,Norwich,ENG,1589.44
2015-03-15,Nottm Forest,ENG,1487.25
2015-03-15,QPR,ENG,1539.32
2015-03-15,Reading,ENG,1435.01
2015-03-15,Rotherham,ENG,1397.63
2015-03-15,Sheffield Weds,ENG,1459.5
2015-03-15,Southampton,ENG,1741.74
2015-03-15,Stoke,ENG,1693.75
2015-03-15,Sunderland,ENG,1589.09
2015-03-15,Swansea,ENG,1668.32
2015-03-15,Tottenham,ENG,1760.93
2015-03-15,Watford,ENG,1553.51
2015-03-15,West Brom,ENG,1624.26
2015-03-15,West Ham,ENG,1672.36
2015-03-15,Wigan,ENG,1423.14
2015-03-15,Wolves,ENG,1485.27
2015-04-01,Arsenal,ENG,1857.07
2015-04-01,Aston Villa,ENG,1578.67
2015-04-01,Birmingham,ENG,1425.85
2015-04-01,Blackburn,ENG,1489.09
2015-04-01,Blackpool,ENG,1296.85
2015-04-01,Bolton,ENG,1444.63
2015-04-01,Bournemouth,ENG,1570.35
2015-04-01,Brentford,ENG,1484.46
2015-04-01,Brighton,ENG,1473.98
2015-04-01,Burnley,ENG,1571.61
2015-04-01,Cardiff,ENG,1477.67
2015-04-01,Charlton,ENG,1464.89
2015-04-01,Chelsea,ENG,1909.71
2015-04-01,Crystal Palace,ENG,1639.63
2015-04-01,Derby,ENG,1551.37
2015-04-01,Everton,ENG,1714.8
2015-04-01,Fulham,ENG,1442.5
2015-04-01,Huddersfield,ENG,1393.91
2015-04-01,Hull,ENG,1567.26
2015-04-01,Ipswich,ENG,1527.06
2015-04-01,Leeds,ENG,1458.65
2015-04-01,Leicester,ENG,1566.85
2015-04-01,Liverpool,ENG,1815.17
2015-04-01,Man City,ENG,1886.53
2015-04-01,Man United,ENG,1842.46
2015-04-01,Middlesbrough,ENG,1554.53
2015-04-01,Millwall,ENG,1344.67
2015-04-01,Newcastle,ENG,1631.97
2015-04-01,Norwich,ENG,1588.17
2015-04-01,Nottm Forest,ENG,1483.3
2015-04-01,QPR,ENG,1530.21
2015-04-01,Reading,ENG,1424.89
2015-04-01,Rotherham,ENG,1379.17
2015-04-01,Sheffield Weds,ENG,1452.72
2015-04-01,Southampton,ENG,1748.07
2015-04-01,Stoke,ENG,1678.45
2015-04-01,Sunderland,ENG,1580.22
2015-04-01,Swansea,ENG,1666.37
2015-04-01,Tottenham,ENG,1751.18
2015-04-01,Watford,ENG,1547.53
2015-04-01,West Brom,ENG,1616.93
2015-04-01,West Ham,ENG,1673.1
2015-04-01,Wigan,ENG,1410.05
2015-04-01,Wolves,ENG,1503.92
2015-04-15,Arsenal,ENG,1869.74
2015-04-15,Aston Villa,ENG,1587.17
2015-04-15,Birmingham,ENG,1435.89
2015-04-15,Blackburn,ENG,1502.48
2015-04-15,Blackpool,ENG,1297.39
2015-04-15,Bolton,ENG,1450.53
2015-04-15,Bournemouth,ENG,1589.89
2015-04-15,Brentford,ENG,1491.37
2015-04-15,Brighton,ENG,1446.89
2015-04-15,Burnley,ENG,1572.36
2015-04-15,Cardiff,ENG,1460.5
2015-04-15,Charlton,ENG,1455.14
2015-04-15,Chelsea,ENG,1913.93
2015-04-15,Crystal Palace,ENG,1665.97
2015-04-15,Derby,ENG,1558.72
2015-04-15,Everton,ENG,1722.47
2015-04-15,Fulham,ENG,1428.23
2015-04-15,Huddersfield,ENG,1420.47
2015-04-15,Hull,ENG,1556.32
2015-04-15,Ipswich,ENG,1527.08
2015-04-15,Leeds,ENG,1422.97
2015-04-15,Leicester,ENG,1586.35
2015-04-15,Liverpool,ENG,1809.54
2015-04-15,Man City,ENG,1863.25
2015-04-15,Man United,ENG,1855.69
2015-04-15,Middlesbrough,ENG,1558.93
2015-04-15,Millwall,ENG,1360.39
2015-04-15,Newcastle,ENG,1619.61
2015-04-15,Norwich,ENG,1612.38
2015-04-15,Nottm Forest,ENG,1465.69
2015-04-15,QPR,ENG,1550.47
2015-04-15,Reading,ENG,1418.67
2015-04-15,Rotherham,ENG,1378.25
2015-04-15,Sheffield Weds,ENG,1451.52
2015-04-15,Southampton,ENG,1744.86
2015-04-15,Stoke,ENG,1677.23
2015-04-15,Sunderland,ENG,1574.82
2015-04-15,Swansea,ENG,1672.84
2015-04-15,Tottenham,ENG,1734.11
2015-04-15,Watford,ENG,1564.88
2015-04-15,West Brom,ENG,1587.14
2015-04-15,West Ham,ENG,1662.36
2015-04-15,Wigan,ENG,1389.07
2015-04-15,Wolves,ENG,1502.87
2015-05-01,Arsenal,ENG,1869.83
2015-05-01,Aston Villa,ENG,1585.41
2015-05-01,Birmingham,ENG,1448.3
2015-05-01,Blackburn,ENG,1504.28
2015-05-01,Blackpool,ENG,1288.24
2015-05-01,Bolton,ENG,1446.43
2015-05-01,Bournemouth,ENG,1591.6
2015-05-01,Brentford,ENG,1499.03
2015-05-01,Brighton,ENG,1430.36
2015-05-01,Burnley,ENG,1560.14
2015-05-01,Cardiff,ENG,1459.78
2015-05-01,Charlton,ENG,1454.03
2015-05-01,Chelsea,ENG,1922.81
2015-05-01,Crystal Palace,ENG,1633.15
2015-05-01,Derby,ENG,1552.17
2015-05-01,Everton,ENG,1743.87
2015-05-01,Fulham,ENG,1441.56
2015-05-01,Huddersfield,ENG,1423.95
2015-05-01,Hull,ENG,1585.65
2015-05-01,Ipswich,ENG,1532.82
2015-05-01,Leeds,ENG,1427.37
2015-05-01,Leicester,ENG,1604.24
2015-05-01,Liverpool,ENG,1792.62
2015-05-01,Man City,ENG,1868.83
2015-05-01,Man United,ENG,1832.55
2015-05-01,Middlesbrough,ENG,1559.46
2015-05-01,Millwall,ENG,1363.03
2015-05-01,Newcastle,ENG,1602.67
2015-05-01,Norwich,ENG,1596.96
2015-05-01,Nottm Forest,ENG,1453.98
2015-05-01,QPR,ENG,1552.15
2015-05-01,Reading,ENG,1392.55
2015-05-01,Rotherham,ENG,1392.73
2015-05-01,Sheffield Weds,ENG,1445.94
2015-05-01,Southampton,ENG,1734.93
2015-05-01,Stoke,ENG,1681.64
2015-05-01,Sunderland,ENG,1579.13
2015-05-01,Swansea,ENG,1667.97
2015-05-01,Tottenham,ENG,1744.23
2015-05-01,Watford,ENG,1585.9
2015-05-01,West Brom,ENG,1607.55
2015-05-01,West Ham,ENG,1656.86
2015-05-01,Wigan,ENG,1390.87
2015-05-01,Wolves,ENG,1508.84
2015-05-15,Arsenal,ENG,1860.18
2015-05-15,Aston Villa,ENG,1604.92
2015-05-15,Birmingham,ENG,1457.45
2015-05-15,Blackburn,ENG,1511.64
2015-05-15,Blackpool,ENG,1290.66
2015-05-15,Bolton,ENG,1437.28
2015-05-15,Bournemouth,ENG,1601.44
2015-05-15,Brentford,ENG,1498.72
2015-05-15,Brighton,ENG,1435.09
2015-05-15,Burnley,ENG,1565.65
2015-05-15,Cardiff,ENG,1468.8
2015-05-15,Charlton,ENG,1444.19
2015-05-15,Chelsea,ENG,1919.79
2015-05-15,Crystal Palace,ENG,1626.7
2015-05-15,Derby,ENG,1529.6
2015-05-15,Everton,ENG,1714.73
2015-05-15,Fulham,ENG,1436.81
2015-05-15,Huddersfield,ENG,1421.52
2015-05-15,Hull,ENG,1571.32
2015-05-15,Ipswich,ENG,1524.56
2015-05-15,Leeds,ENG,1424.99
2015-05-15,Leicester,ENG,1629.75
2015-05-15,Liverpool,ENG,1799.53
2015-05-15,Man City,ENG,1878.12
2015-05-15,Man United,ENG,1822.84
2015-05-15,Middlesbrough,ENG,1562.6
2015-05-15,Millwall,ENG,1357.88
2015-05-15,Newcastle,ENG,1590.47
2015-05-15,Norwich,ENG,1602.62
2015-05-15,Nottm Forest,ENG,1444.96
2015-05-15,QPR,ENG,1546.59
2015-05-15,Reading,ENG,1415.11
2015-05-15,Rotherham,ENG,1395.11
2015-05-15,Sheffield Weds,ENG,1450.92
2015-05-15,Southampton,ENG,1710.21
2015-05-15,Stoke,ENG,1686.4
2015-05-15,Sunderland,ENG,1608.27
2015-05-15,Swansea,ENG,1691.9
2015-05-15,Tottenham,ENG,1723.44
2015-05-15,Watford,ENG,1580.93
2015-05-15,West Brom,ENG,1622.5
2015-05-15,West Ham,ENG,1652.92
2015-05-15,Wigan,ENG,1383.31
2015-05-15,Wolves,ENG,1513.99
2015-06-01,Arsenal,ENG,1858.07
2015-06-01,Aston Villa,ENG,1584.74
2015-06-01,Birmingham,ENG,1457.45
2015-06-01,Blackburn,ENG,1511.64
2015-06-01,Blackpool,ENG,1290.66
2015-06-01,Bolton,ENG,1437.28
2015-06-01,Bournemouth,ENG,1601.44
2015-06-01,Brentford,ENG,1489.21
2015-06-01,Brighton,ENG,1435.09
2015-06-01,Burnley,ENG,1577.84
2015-06-01,Cardiff,ENG,1468.8
2015-06-01,Charlton,ENG,1444.19
2015-06-01,Chelsea,ENG,1897.8
2015-06-01,Crystal Palace,ENG,1653.62
2015-06-01,Derby,ENG,1529.6
2015-06-01,Everton,ENG,1713.4
2015-06-01,Fulham,ENG,1436.81
2015-06-01,Huddersfield,ENG,1421.52
2015-06-01,Hull,ENG,1571.61
2015-06-01,Ipswich,ENG,1515.14
2015-06-01,Leeds,ENG,1424.99
2015-06-01,Leicester,ENG,1640.46
2015-06-01,Liverpool,ENG,1759.67
2015-06-01,Man City,ENG,1889.32
2015-06-01,Man United,ENG,1817.18
2015-06-01,Middlesbrough,ENG,1562.1
2015-06-01,Millwall,ENG,1357.88
2015-06-01,Newcastle,ENG,1594.46
2015-06-01,Norwich,ENG,1622.05
2015-06-01,Nottm Forest,ENG,1444.96
2015-06-01,QPR,ENG,1544.59
2015-06-01,Reading,ENG,1415.11
2015-06-01,Rotherham,ENG,1395.11
2015-06-01,Sheffield Weds,ENG,1450.92
2015-06-01,Southampton,ENG,1715.63
2015-06-01,Stoke,ENG,1705.15
2015-06-01,Sunderland,ENG,1611.97
2015-06-01,Swansea,ENG,1677.45
2015-06-01,Tottenham,ENG,1737.52
2015-06-01,Watford,ENG,1580.93
2015-06-01,West Brom,ENG,1642.46
2015-06-01,West Ham,ENG,1633.27
2015-06-01,Wigan,ENG,1383.31
2015-06-01,Wolves,ENG,1513.99
2015-06-15,Arsenal,ENG,1858.07
2015-06-15,Aston Villa,ENG,1584.74
2015-06-15,Birmingham,ENG,1457.45
2015-06-15,Blackburn,ENG,1511.64
2015-06-15,Blackpool,ENG,1290.66
2015-06-15,Bolton,ENG,1437.28
2015-06-15,Bournemouth,ENG,1601.44
2015-06-15,Brentford,ENG,1489.21
2015-06-15,Brighton,ENG,1435.09
2015-06-15,Burnley,ENG,1577.84
2015-06-15,Cardiff,ENG,1468.8
2015-06-15,Charlton,ENG,1444.19
2015-06-15,Chelsea,ENG,1897.8
2015-06-15,Crystal Palace,ENG,1653.62
2015-06-15,Derby,ENG,1529.6
2015-06-15,Everton,ENG,1713.4
2015-06-15,Fulham,ENG,1436.81
2015-06-15,Huddersfield,ENG,1421.52
2015-06-15,Hull,ENG,1571.61
2015-06-15,Ipswich,ENG,1515.14
2015-06-15,Leeds,ENG,1424.99
2015-06-15,Leicester,ENG,1640.46
2015-06-15,Liverpool,ENG,1759.67
2015-06-15,Man City,ENG,1889.32
2015-06-15,Man United,ENG,1817.18
2015-06-15,Middlesbrough,ENG,1562.1
2015-06-15,Millwall,ENG,1357.88
2015-06-15,Newcastle,ENG,1594.46
2015-06-15,Norwich,ENG,1622.05
2015-06-15,Nottm Forest,ENG,1444.96
2015-06-15,QPR,ENG,1544.59
2015-06-15,Reading,ENG,1415.11
2015-06-15,Rotherham,ENG,1395.11
2015-06-15,Sheffield Weds,ENG,1450.92
2015-06-15,Southampton,ENG,1715.63
2015-06-15,Stoke,ENG,1705.15
2015-06-15,Sunderland,ENG,1611.97
2015-06-15,Swansea,ENG,1677.45
2015-06-15,Tottenham,ENG,1737.52
2015-06-15,Watford,ENG,1580.93
2015-06-15,West Brom,ENG,1642.46
2015-06-15,West Ham,ENG,1633.27
2015-06-15,Wigan,ENG,1383.31
2015-06-15,Wolves,ENG,1513.99
2015-07-01,Arsenal,ENG,1858.07
2015-07-01,Aston Villa,ENG,1584.74
2015-07-01,Birmingham,ENG,1457.45
2015-07-01,Blackburn,ENG,1511.64
2015-07-01,Blackpool,ENG,1290.66
2015-07-01,Bolton,ENG,1437.28
2015-07-01,Bournemouth,ENG,1601.44
2015-07-01,Brentford,ENG,1489.21
2015-07-01,Brighton,ENG,1435.09
2015-07-01,Bristol City,ENG,1368.03
2015-07-01,Burnley,ENG,1577.84
2015-07-01,Cardiff,ENG,1468.8
2015-07-01,Charlton,ENG,1444.19
2015-07-01,Chelsea,ENG,1897.8
2015-07-01,Crystal Palace,ENG,1653.62
2015-07-01,Derby,ENG,1529.6
2015-07-01,Everton,ENG,1713.4
2015-07-01,Fulham,ENG,1436.81
2015-07-01,Huddersfield,ENG,1421.52
2015-07-01,Hull,ENG,1571.61
2015-07-01,Ipswich,ENG,1515.14
2015-07-01,Leeds,ENG,1424.99
2015-07-01,Leicester,ENG,1640.46
2015-07-01,Liverpool,ENG,1759.67
2015-07-01,Man City,ENG,1889.32
2015-07-01,Man United,ENG,1817.18
2015-07-01,Middlesbrough,ENG,1562.1
2015-07-01,Millwall,ENG,1357.88
2015-07-01,Milton Keynes Dons,ENG,1368.03
2015-07-01,Newcastle,ENG,1594.46
2015-07-01,Norwich,ENG,1622.05
2015-07-01,Nottm Forest,ENG,1444.96
2015-07-01,Preston,ENG,1368.03
2015-07-01,QPR,ENG,1544.59
2015-07-01,Reading,ENG,1415.11
2015-07-01,Rotherham,ENG,1395.11
2015-07-01,Sheffield Weds,ENG,1450.92
2015-07-01,Southampton,ENG,1715.63
2015-07-01,Stoke,ENG,1705.15
2015-07-01,Sunderland,ENG,1611.97
2015-07-01,Swansea,ENG,1677.45
2015-07-01,Tottenham,ENG,1737.52
2015-07-01,Watford,ENG,1580.93
2015-07-01,West Brom,ENG,1642.46
2015-07-01,West Ham,ENG,1633.27
2015-07-01,Wigan,ENG,1383.31
2015-07-01,Wolves,ENG,1513.99
2015-07-15,Arsenal,ENG,1858.07
2015-07-15,Aston Villa,ENG,1584.75
2015-07-15,Birmingham,ENG,1457.46
2015-07-15,Blackburn,ENG,1511.65
2015-07-15,Bolton,ENG,1437.29
2015-07-15,Bournemouth,ENG,1601.45
2015-07-15,Brentford,ENG,1489.22
2015-07-15,Brighton,ENG,1435.1
2015-07-15,Bristol City,ENG,1368.03
2015-07-15,Burnley,ENG,1577.85
2015-07-15,Cardiff,ENG,1468.8
2015-07-15,Charlton,ENG,1444.19
2015-07-15,Chelsea,ENG,1897.81
2015-07-15,Crystal Palace,ENG,1653.63
2015-07-15,Derby,ENG,1529.61
2015-07-15,Everton,ENG,1713.41
2015-07-15,Fulham,ENG,1436.81
2015-07-15,Huddersfield,ENG,1421.53
2015-07-15,Hull,ENG,1571.62
2015-07-15,Ipswich,ENG,1515.14
2015-07-15,Leeds,ENG,1424.99
2015-07-15,Leicester,ENG,1640.47
2015-07-15,Liverpool,ENG,1759.67
2015-07-15,Man City,ENG,1889.32
2015-07-15,Man United,ENG,1817.18
2015-07-15,Middlesbrough,ENG,1562.1
2015-07-15,Milton Keynes Dons,ENG,1368.03
2015-07-15,Newcastle,ENG,1594.47
2015-07-15,Norwich,ENG,1622.05
2015-07-15,Nottm Forest,ENG,1444.96
2015-07-15,Preston,ENG,1368.03
2015-07-15,QPR,ENG,1544.59
2015-07-15,Reading,ENG,1415.12
2015-07-15,Rotherham,ENG,1395.11
2015-07-15,Sheffield Weds,ENG,1450.92
2015-07-15,Southampton,ENG,1715.64
2015-07-15,Stoke,ENG,1705.15
2015-07-15,Sunderland,ENG,1611.98
2015-07-15,Swansea,ENG,1677.45
2015-07-15,Tottenham,ENG,1737.53
2015-07-15,Watford,ENG,1580.93
2015-07-15,West Brom,ENG,1642.46
2015-07-15,West Ham,ENG,1633.29
2015-07-15,Wolves,ENG,1514.0
2015-08-01,Arsenal,ENG,1853.7
2015-08-01,Aston Villa,ENG,1580.38
2015-08-01,Birmingham,ENG,1453.09
2015-08-01,Blackburn,ENG,1507.28
2015-08-01,Bolton,ENG,1432.92
2015-08-01,Bournemouth,ENG,1597.08
2015-08-01,Brentford,ENG,1484.85
2015-08-01,Brighton,ENG,1430.73
2015-08-01,Bristol City,ENG,1363.66
2015-08-01,Burnley,ENG,1573.48
2015-08-01,Cardiff,ENG,1464.43
2015-08-01,Charlton,ENG,1439.82
2015-08-01,Chelsea,ENG,1893.44
2015-08-01,Crystal Palace,ENG,1649.26
2015-08-01,Derby,ENG,1525.24
2015-08-01,Everton,ENG,1709.04
2015-08-01,Fulham,ENG,1432.44
2015-08-01,Huddersfield,ENG,1417.16
2015-08-01,Hull,ENG,1567.25
2015-08-01,Ipswich,ENG,1510.77
2015-08-01,Leeds,ENG,1420.62
2015-08-01,Leicester,ENG,1636.1
2015-08-01,Liverpool,ENG,1755.3
2015-08-01,Man City,ENG,1884.95
2015-08-01,Man United,ENG,1812.81
2015-08-01,Middlesbrough,ENG,1557.73
2015-08-01,Milton Keynes Dons,ENG,1363.66
2015-08-01,Newcastle,ENG,1590.1
2015-08-01,Norwich,ENG,1617.68
2015-08-01,Nottm Forest,ENG,1440.59
2015-08-01,Preston,ENG,1363.66
2015-08-01,QPR,ENG,1540.22
2015-08-01,Reading,ENG,1410.75
2015-08-01,Rotherham,ENG,1390.74
2015-08-01,Sheffield Weds,ENG,1446.55
2015-08-01,Southampton,ENG,1717.73
2015-08-01,Stoke,ENG,1700.78
2015-08-01,Sunderland,ENG,1607.61
2015-08-01,Swansea,ENG,1673.08
2015-08-01,Tottenham,ENG,1733.16
2015-08-01,Watford,ENG,1576.56
2015-08-01,West Brom,ENG,1638.09
2015-08-01,West Ham,ENG,1609.12
2015-08-01,Wolves,ENG,1509.63
2015-08-15,Arsenal,ENG,1829.77
2015-08-15,Aston Villa,ENG,1583.72
2015-08-15,Birmingham,ENG,1456.27
2015-08-15,Blackburn,ENG,1495.62
2015-08-15,Bolton,ENG,1431.55
2015-08-15,Bournemouth,ENG,1584.88
2015-08-15,Brentford,ENG,1481.57
2015-08-15,Brighton,ENG,1435.2
2015-08-15,Bristol City,ENG,1354.38
2015-08-15,Burnley,ENG,1568.23
2015-08-15,Cardiff,ENG,1459.54
2015-08-15,Charlton,ENG,1450.45
2015-08-15,Chelsea,ENG,1884.38
2015-08-15,Crystal Palace,ENG,1659.04
2015-08-15,Derby,ENG,1521.66
2015-08-15,Everton,ENG,1701.66
2015-08-15,Fulham,ENG,1432.38
2015-08-15,Huddersfield,ENG,1409.69
2015-08-15,Hull,ENG,1569.77
2015-08-15,Ipswich,ENG,1509.1
2015-08-15,Leeds,ENG,1420.93
2015-08-15,Leicester,ENG,1642.21
2015-08-15,Liverpool,ENG,1760.78
2015-08-15,Man City,ENG,1888.5
2015-08-15,Man United,ENG,1819.01
2015-08-15,Middlesbrough,ENG,1551.4
2015-08-15,Milton Keynes Dons,ENG,1378.87
2015-08-15,Newcastle,ENG,1589.81
2015-08-15,Norwich,ENG,1602.95
2015-08-15,Nottm Forest,ENG,1431.18
2015-08-15,Preston,ENG,1365.05
2015-08-15,QPR,ENG,1524.64
2015-08-15,Reading,ENG,1402.62
2015-08-15,Rotherham,ENG,1370.59
2015-08-15,Sheffield Weds,ENG,1450.88
2015-08-15,Southampton,ENG,1715.52
2015-08-15,Stoke,ENG,1690.36
2015-08-15,Sunderland,ENG,1596.54
2015-08-15,Swansea,ENG,1677.19
2015-08-15,Tottenham,ENG,1725.91
2015-08-15,Watford,ENG,1578.99
2015-08-15,West Brom,ENG,1629.6
2015-08-15,West Ham,ENG,1618.05
2015-08-15,Wolves,ENG,1516.34
2015-09-01,Arsenal,ENG,1831.82
2015-09-01,Aston Villa,ENG,1574.19
2015-09-01,Birmingham,ENG,1467.83
2015-09-01,Blackburn,ENG,1477.77
2015-09-01,Bolton,ENG,1415.3
2015-09-01,Bournemouth,ENG,1588.95
2015-09-01,Brentford,ENG,1465.45
2015-09-01,Brighton,ENG,1461.31
2015-09-01,Bristol City,ENG,1345.48
2015-09-01,Burnley,ENG,1558.72
2015-09-01,Cardiff,ENG,1481.21
2015-09-01,Charlton,ENG,1455.64
2015-09-01,Chelsea,ENG,1858.87
2015-09-01,Crystal Palace,ENG,1670.35
2015-09-01,Derby,ENG,1503.18
2015-09-01,Everton,ENG,1710.13
2015-09-01,Fulham,ENG,1425.35
2015-09-01,Huddersfield,ENG,1402.8
2015-09-01,Hull,ENG,1563.93
2015-09-01,Ipswich,ENG,1516.85
2015-09-01,Leeds,ENG,1436.37
2015-09-01,Leicester,ENG,1648.12
2015-09-01,Liverpool,ENG,1740.88
2015-09-01,Man City,ENG,1905.42
2015-09-01,Man United,ENG,1807.87
2015-09-01,Middlesbrough,ENG,1550.86
2015-09-01,Milton Keynes Dons,ENG,1366.34
2015-09-01,Newcastle,ENG,1583.21
2015-09-01,Norwich,ENG,1603.77
2015-09-01,Nottm Forest,ENG,1424.91
2015-09-01,Preston,ENG,1362.84
2015-09-01,QPR,ENG,1537.9
2015-09-01,Reading,ENG,1415.12
2015-09-01,Rotherham,ENG,1345.77
2015-09-01,Sheffield Weds,ENG,1431.02
2015-09-01,Southampton,ENG,1684.07
2015-09-01,Stoke,ENG,1677.62
2015-09-01,Sunderland,ENG,1583.06
2015-09-01,Swansea,ENG,1689.91
2015-09-01,Tottenham,ENG,1717.92
2015-09-01,Watford,ENG,1575.84
2015-09-01,West Brom,ENG,1633.9
2015-09-01,West Ham,ENG,1619.19
2015-09-01,Wolves,ENG,1499.19
2015-09-15,Arsenal,ENG,1837.04
2015-09-15,Aston Villa,ENG,1569.08
2015-09-15,Birmingham,ENG,1473.8
2015-09-15,Blackburn,ENG,1469.69
2015-09-15,Bolton,ENG,1424.5
2015-09-15,Bournemouth,ENG,1579.7
2015-09-15,Brentford,ENG,1465.74
2015-09-15,Brighton,ENG,1471.43
2015-09-15,Bristol City,ENG,1339.5
2015-09-15,Burnley,ENG,1564.76
2015-09-15,Cardiff,ENG,1488.44
2015-09-15,Charlton,ENG,1451.58
2015-09-15,Chelsea,ENG,1843.4
2015-09-15,Crystal Palace,ENG,1666.83
2015-09-15,Derby,ENG,1508.64
2015-09-15,Everton,ENG,1725.6
2015-09-15,Fulham,ENG,1433.44
2015-09-15,Huddersfield,ENG,1395.57
2015-09-15,Hull,ENG,1553.81
2015-09-15,Ipswich,ENG,1497.16
2015-09-15,Leeds,ENG,1436.08
2015-09-15,Leicester,ENG,1653.22
2015-09-15,Liverpool,ENG,1733.26
2015-09-15,Man City,ENG,1908.94
2015-09-15,Man United,ENG,1815.49
2015-09-15,Middlesbrough,ENG,1555.38
2015-09-15,Milton Keynes Dons,ENG,1361.82
2015-09-15,Newcastle,ENG,1574.63
2015-09-15,Norwich,ENG,1613.03
2015-09-15,Nottm Forest,ENG,1436.52
2015-09-15,Preston,ENG,1357.38
2015-09-15,QPR,ENG,1526.29
2015-09-15,Reading,ENG,1434.8
2015-09-15,Rotherham,ENG,1349.82
2015-09-15,Sheffield Weds,ENG,1424.99
2015-09-15,Southampton,ENG,1683.76
2015-09-15,Stoke,ENG,1672.41
2015-09-15,Sunderland,ENG,1577.37
2015-09-15,Swansea,ENG,1679.8
2015-09-15,Tottenham,ENG,1723.61
2015-09-15,Watford,ENG,1585.95
2015-09-15,West Brom,ENG,1634.21
2015-09-15,West Ham,ENG,1627.77
2015-09-15,Wolves,ENG,1489.99
2015-10-01,Arsenal,ENG,1800.82
2015-10-01,Aston Villa,ENG,1547.63
2015-10-01,Birmingham,ENG,1451.55
2015-10-01,Blackburn,ENG,1476.01
2015-10-01,Bolton,ENG,1400.6
2015-10-01,Bournemouth,ENG,1573.8
2015-10-01,Brentford,ENG,1430.27
2015-10-01,Brighton,ENG,1466.03
2015-10-01,Bristol City,ENG,1326.36
2015-10-01,Burnley,ENG,1544.15
2015-10-01,Cardiff,ENG,1462.67
2015-10-01,Charlton,ENG,1413.41
2015-10-01,Chelsea,ENG,1831.69
2015-10-01,Crystal Palace,ENG,1658.13
2015-10-01,Derby,ENG,1512.65
2015-10-01,Everton,ENG,1722.01
2015-10-01,Fulham,ENG,1420.91
2015-10-01,Huddersfield,ENG,1407.76
2015-10-01,Hull,ENG,1548.31
2015-10-01,Ipswich,ENG,1486.25
2015-10-01,Leeds,ENG,1418.29
2015-10-01,Leicester,ENG,1635.55
2015-10-01,Liverpool,ENG,1722.29
2015-10-01,Man City,ENG,1861.44
2015-10-01,Man United,ENG,1811.79
2015-10-01,Middlesbrough,ENG,1564.7
2015-10-01,Milton Keynes Dons,ENG,1333.85
2015-10-01,Newcastle,ENG,1561.39
2015-10-01,Norwich,ENG,1608.78
2015-10-01,Nottm Forest,ENG,1430.44
2015-10-01,Preston,ENG,1343.07
2015-10-01,QPR,ENG,1496.48
2015-10-01,Reading,ENG,1439.33
2015-10-01,Rotherham,ENG,1362.01
2015-10-01,Sheffield Weds,ENG,1432.56
2015-10-01,Southampton,ENG,1677.03
2015-10-01,Stoke,ENG,1664.98
2015-10-01,Sunderland,ENG,1553.21
2015-10-01,Swansea,ENG,1659.34
2015-10-01,Tottenham,ENG,1739.71
2015-10-01,Watford,ENG,1576.62
2015-10-01,West Brom,ENG,1624.0
2015-10-01,West Ham,ENG,1630.3
2015-10-01,Wolves,ENG,1488.82
2015-10-15,Arsenal,ENG,1811.71
2015-10-15,Aston Villa,ENG,1540.01
2015-10-15,Birmingham,ENG,1461.75
2015-10-15,Blackburn,ENG,1484.53
2015-10-15,Bolton,ENG,1394.36
2015-10-15,Bournemouth,ENG,1571.21
2015-10-15,Brentford,ENG,1421.82
2015-10-15,Brighton,ENG,1463.26
2015-10-15,Bristol City,ENG,1323.9
2015-10-15,Burnley,ENG,1547.33
2015-10-15,Cardiff,ENG,1462.39
2015-10-15,Charlton,ENG,1410.92
2015-10-15,Chelsea,ENG,1812.02
2015-10-15,Crystal Palace,ENG,1665.5
2015-10-15,Derby,ENG,1518.06
2015-10-15,Everton,ENG,1719.12
2015-10-15,Fulham,ENG,1420.35
2015-10-15,Huddersfield,ENG,1397.59
2015-10-15,Hull,ENG,1552.89
2015-10-15,Ipswich,ENG,1474.68
2015-10-15,Leeds,ENG,1405.05
2015-10-15,Leicester,ENG,1642.32
2015-10-15,Liverpool,ENG,1714.99
2015-10-15,Man City,ENG,1863.57
2015-10-15,Man United,ENG,1797.86
2015-10-15,Middlesbrough,ENG,1548.43
2015-10-15,Milton Keynes Dons,ENG,1333.27
2015-10-15,Newcastle,ENG,1556.21
2015-10-15,Norwich,ENG,1598.96
2015-10-15,Nottm Forest,ENG,1422.82
2015-10-15,Preston,ENG,1334.54
2015-10-15,QPR,ENG,1499.67
2015-10-15,Reading,ENG,1452.55
2015-10-15,Rotherham,ENG,1355.79
2015-10-15,Sheffield Weds,ENG,1438.04
2015-10-15,Southampton,ENG,1693.66
2015-10-15,Stoke,ENG,1669.55
2015-10-15,Sunderland,ENG,1552.74
2015-10-15,Swansea,ENG,1659.01
2015-10-15,Tottenham,ENG,1739.41
2015-10-15,Watford,ENG,1576.17
2015-10-15,West Brom,ENG,1613.58
2015-10-15,West Ham,ENG,1627.72
2015-10-15,Wolves,ENG,1495.95
2015-11-01,Arsenal,ENG,1848.33
2015-11-01,Aston Villa,ENG,1533.77
2015-11-01,Birmingham,ENG,1459.42
2015-11-01,Blackburn,ENG,1472.54
2015-11-01,Bolton,ENG,1384.64
2015-11-01,Bournemouth,ENG,1560.71
2015-11-01,Brentford,ENG,1466.01
2015-11-01,Brighton,ENG,1473.94
2015-11-01,Bristol City,ENG,1329.51
2015-11-01,Burnley,ENG,1563.37
2015-11-01,Cardiff,ENG,1468.39
2015-11-01,Charlton,ENG,1369.35
2015-11-01,Chelsea,ENG,1790.56
2015-11-01,Crystal Palace,ENG,1650.3
2015-11-01,Derby,ENG,1540.6
2015-11-01,Everton,ENG,1705.38
2015-11-01,Fulham,ENG,1447.79
2015-11-01,Huddersfield,ENG,1402.04
2015-11-01,Hull,ENG,1574.9
2015-11-01,Ipswich,ENG,1464.01
2015-11-01,Leeds,ENG,1392.07
2015-11-01,Leicester,ENG,1663.18
2015-11-01,Liverpool,ENG,1728.65
2015-11-01,Man City,ENG,1876.41
2015-11-01,Man United,ENG,1812.18
2015-11-01,Middlesbrough,ENG,1554.01
2015-11-01,Milton Keynes Dons,ENG,1334.93
2015-11-01,Newcastle,ENG,1563.59
2015-11-01,Norwich,ENG,1575.95
2015-11-01,Nottm Forest,ENG,1408.99
2015-11-01,Preston,ENG,1362.77
2015-11-01,QPR,ENG,1490.43
2015-11-01,Reading,ENG,1448.15
2015-11-01,Rotherham,ENG,1342.92
2015-11-01,Sheffield Weds,ENG,1458.59
2015-11-01,Southampton,ENG,1695.53
2015-11-01,Stoke,ENG,1662.86
2015-11-01,Sunderland,ENG,1563.06
2015-11-01,Swansea,ENG,1651.07
2015-11-01,Tottenham,ENG,1739.92
2015-11-01,Watford,ENG,1601.88
2015-11-01,West Brom,ENG,1621.65
2015-11-01,West Ham,ENG,1643.97
2015-11-01,Wolves,ENG,1476.81
2015-11-15,Arsenal,ENG,1846.78
2015-11-15,Aston Villa,ENG,1545.82
2015-11-15,Birmingham,ENG,1482.13
2015-11-15,Blackburn,ENG,1480.36
2015-11-15,Bolton,ENG,1383.93
2015-11-15,Bournemouth,ENG,1555.16
2015-11-15,Brentford,ENG,1467.5
2015-11-15,Brighton,ENG,1487.53
2015-11-15,Bristol City,ENG,1351.34
2015-11-15,Burnley,ENG,1576.6
2015-11-15,Cardiff,ENG,1477.39
2015-11-15,Charlton,ENG,1383.63
2015-11-15,Chelsea,ENG,1793.94
2015-11-15,Crystal Palace,ENG,1670.6
2015-11-15,Derby,ENG,1544.5
2015-11-15,Everton,ENG,1721.28
2015-11-15,Fulham,ENG,1435.69
2015-11-15,Huddersfield,ENG,1397.31
2015-11-15,Hull,ENG,1603.86
2015-11-15,Ipswich,ENG,1489.94
2015-11-15,Leeds,ENG,1425.92
2015-11-15,Leicester,ENG,1677.26
2015-11-15,Liverpool,ENG,1732.7
2015-11-15,Man City,ENG,1891.0
2015-11-15,Man United,ENG,1831.0
2015-11-15,Middlesbrough,ENG,1554.35
2015-11-15,Milton Keynes Dons,ENG,1347.56
2015-11-15,Newcastle,ENG,1581.07
2015-11-15,Norwich,ENG,1593.59
2015-11-15,Nottm Forest,ENG,1420.11
2015-11-15,Preston,ENG,1384.05
2015-11-15,QPR,ENG,1489.21
2015-11-15,Reading,ENG,1445.1
2015-11-15,Rotherham,ENG,1338.96
2015-11-15,Sheffield Weds,ENG,1453.16
2015-11-15,Southampton,ENG,1715.41
2015-11-15,Stoke,ENG,1682.05
2015-11-15,Sunderland,ENG,1558.48
2015-11-15,Swansea,ENG,1650.96
2015-11-15,Tottenham,ENG,1759.59
2015-11-15,Watford,ENG,1605.34
2015-11-15,West Brom,ENG,1626.31
2015-11-15,West Ham,ENG,1653.45
2015-11-15,Wolves,ENG,1476.5
2015-12-01,Arsenal,ENG,1833.21
2015-12-01,Aston Villa,ENG,1533.33
2015-12-01,Birmingham,ENG,1465.25
2015-12-01,Blackburn,ENG,1486.69
2015-12-01,Bolton,ENG,1381.26
2015-12-01,Bournemouth,ENG,1563.89
2015-12-01,Brentford,ENG,1473.13
2015-12-01,Brighton,ENG,1499.12
2015-12-01,Bristol City,ENG,1345.76
2015-12-01,Burnley,ENG,1572.58
2015-12-01,Cardiff,ENG,1473.01
2015-12-01,Charlton,ENG,1384.96
2015-12-01,Chelsea,ENG,1804.91
2015-12-01,Crystal Palace,ENG,1669.85
2015-12-01,Derby,ENG,1568.22
2015-12-01,Everton,ENG,1725.52
2015-12-01,Fulham,ENG,1433.06
2015-12-01,Huddersfield,ENG,1383.84
2015-12-01,Hull,ENG,1585.05
2015-12-01,Ipswich,ENG,1501.32
2015-12-01,Leeds,ENG,1410.44
2015-12-01,Leicester,ENG,1692.93
2015-12-01,Liverpool,ENG,1763.89
2015-12-01,Man City,ENG,1869.62
2015-12-01,Man United,ENG,1827.28
2015-12-01,Middlesbrough,ENG,1568.03
2015-12-01,Milton Keynes Dons,ENG,1354.71
2015-12-01,Newcastle,ENG,1561.08
2015-12-01,Norwich,ENG,1597.44
2015-12-01,Nottm Forest,ENG,1426.98
2015-12-01,Preston,ENG,1381.3
2015-12-01,QPR,ENG,1490.54
2015-12-01,Reading,ENG,1440.72
2015-12-01,Rotherham,ENG,1364.12
2015-12-01,Sheffield Weds,ENG,1464.35
2015-12-01,Southampton,ENG,1701.6
2015-12-01,Stoke,ENG,1678.85
2015-12-01,Sunderland,ENG,1586.54
2015-12-01,Swansea,ENG,1644.1
2015-12-01,Tottenham,ENG,1771.86
2015-12-01,Watford,ENG,1610.38
2015-12-01,West Brom,ENG,1641.6
2015-12-01,West Ham,ENG,1645.58
2015-12-01,Wolves,ENG,1474.99
2015-12-15,Arsenal,ENG,1860.11
2015-12-15,Aston Villa,ENG,1543.11
2015-12-15,Birmingham,ENG,1461.56
2015-12-15,Blackburn,ENG,1503.49
2015-12-15,Bolton,ENG,1379.19
2015-12-15,Bournemouth,ENG,1598.93
2015-12-15,Brentford,ENG,1486.47
2015-12-15,Brighton,ENG,1514.32
2015-12-15,Bristol City,ENG,1356.56
2015-12-15,Burnley,ENG,1560.29
2015-12-15,Cardiff,ENG,1486.15
2015-12-15,Charlton,ENG,1388.3
2015-12-15,Chelsea,ENG,1797.97
2015-12-15,Crystal Palace,ENG,1688.03
2015-12-15,Derby,ENG,1571.29
2015-12-15,Everton,ENG,1727.98
2015-12-15,Fulham,ENG,1429.45
2015-12-15,Huddersfield,ENG,1396.88
2015-12-15,Hull,ENG,1584.13
2015-12-15,Ipswich,ENG,1503.99
2015-12-15,Leeds,ENG,1429.93
2015-12-15,Leicester,ENG,1723.58
2015-12-15,Liverpool,ENG,1745.93
2015-12-15,Man City,ENG,1870.18
2015-12-15,Man United,ENG,1809.99
2015-12-15,Middlesbrough,ENG,1581.89
2015-12-15,Milton Keynes Dons,ENG,1351.04
2015-12-15,Newcastle,ENG,1599.64
2015-12-15,Norwich,ENG,1598.62
2015-12-15,Nottm Forest,ENG,1451.78
2015-12-15,Preston,ENG,1416.73
2015-12-15,QPR,ENG,1506.53
2015-12-15,Reading,ENG,1432.81
2015-12-15,Rotherham,ENG,1361.72
2015-12-15,Sheffield Weds,ENG,1475.54
2015-12-15,Southampton,ENG,1696.35
2015-12-15,Stoke,ENG,1703.37
2015-12-15,Sunderland,ENG,1583.03
2015-12-15,Swansea,ENG,1635.99
2015-12-15,Tottenham,ENG,1771.05
2015-12-15,Watford,ENG,1635.6
2015-12-15,West Brom,ENG,1655.7
2015-12-15,West Ham,ENG,1659.15
2015-12-15,Wolves,ENG,1486.69
2016-01-01,Arsenal,ENG,1846.94
2016-01-01,Aston Villa,ENG,1540.46
2016-01-01,Birmingham,ENG,1462.16
2016-01-01,Blackburn,ENG,1484.3
2016-01-01,Bolton,ENG,1376.6
2016-01-01,Bournemouth,ENG,1607.78
2016-01-01,Brentford,ENG,1493.87
2016-01-01,Brighton,ENG,1493.85
2016-01-01,Bristol City,ENG,1348.19
2016-01-01,Burnley,ENG,1554.2
2016-01-01,Cardiff,ENG,1472.8
2016-01-01,Charlton,ENG,1370.38
2016-01-01,Chelsea,ENG,1797.78
2016-01-01,Crystal Palace,ENG,1693.43
2016-01-01,Derby,ENG,1586.28
2016-01-01,Everton,ENG,1714.98
2016-01-01,Fulham,ENG,1427.75
2016-01-01,Huddersfield,ENG,1412.35
2016-01-01,Hull,ENG,1569.95
2016-01-01,Ipswich,ENG,1519.67
2016-01-01,Leeds,ENG,1451.47
2016-01-01,Leicester,ENG,1728.13
2016-01-01,Liverpool,ENG,1741.07
2016-01-01,Man City,ENG,1863.85
2016-01-01,Man United,ENG,1780.96
2016-01-01,Middlesbrough,ENG,1605.8
2016-01-01,Milton Keynes Dons,ENG,1362.36
2016-01-01,Newcastle,ENG,1585.32
2016-01-01,Norwich,ENG,1614.47
2016-01-01,Nottm Forest,ENG,1456.94
2016-01-01,Preston,ENG,1411.69
2016-01-01,QPR,ENG,1491.78
2016-01-01,Reading,ENG,1423.85
2016-01-01,Rotherham,ENG,1375.65
2016-01-01,Sheffield Weds,ENG,1485.08
2016-01-01,Southampton,ENG,1701.14
2016-01-01,Stoke,ENG,1717.45
2016-01-01,Sunderland,ENG,1570.82
2016-01-01,Swansea,ENG,1645.64
2016-01-01,Tottenham,ENG,1793.01
2016-01-01,Watford,ENG,1651.83
2016-01-01,West Brom,ENG,1643.44
2016-01-01,West Ham,ENG,1665.8
2016-01-01,Wolves,ENG,1479.77
2016-01-15,Arsenal,ENG,1847.03
2016-01-15,Aston Villa,ENG,1542.47
2016-01-15,Birmingham,ENG,1470.74
2016-01-15,Blackburn,ENG,1475.89
2016-01-15,Bolton,ENG,1360.8
2016-01-15,Bournemouth,ENG,1601.43
2016-01-15,Brentford,ENG,1480.28
2016-01-15,Brighton,ENG,1470.28
2016-01-15,Bristol City,ENG,1335.56
2016-01-15,Burnley,ENG,1562.92
2016-01-15,Cardiff,ENG,1473.45
2016-01-15,Charlton,ENG,1359.4
2016-01-15,Chelsea,ENG,1804.42
2016-01-15,Crystal Palace,ENG,1670.81
2016-01-15,Derby,ENG,1572.1
2016-01-15,Everton,ENG,1720.97
2016-01-15,Fulham,ENG,1415.16
2016-01-15,Huddersfield,ENG,1436.2
2016-01-15,Hull,ENG,1583.93
2016-01-15,Ipswich,ENG,1527.06
2016-01-15,Leeds,ENG,1442.68
2016-01-15,Leicester,ENG,1734.8
2016-01-15,Liverpool,ENG,1730.52
2016-01-15,Man City,ENG,1862.57
2016-01-15,Man United,ENG,1780.84
2016-01-15,Middlesbrough,ENG,1620.91
2016-01-15,Milton Keynes Dons,ENG,1355.06
2016-01-15,Newcastle,ENG,1587.39
2016-01-15,Norwich,ENG,1616.87
2016-01-15,Nottm Forest,ENG,1454.78
2016-01-15,Preston,ENG,1425.32
2016-01-15,QPR,ENG,1485.56
2016-01-15,Reading,ENG,1434.06
2016-01-15,Rotherham,ENG,1383.47
2016-01-15,Sheffield Weds,ENG,1496.72
2016-01-15,Southampton,ENG,1699.98
2016-01-15,Stoke,ENG,1715.3
2016-01-15,Sunderland,ENG,1595.4
2016-01-15,Swansea,ENG,1625.7
2016-01-15,Tottenham,ENG,1781.11
2016-01-15,Watford,ENG,1639.88
2016-01-15,West Brom,ENG,1657.7
2016-01-15,West Ham,ENG,1689.13
2016-01-15,Wolves,ENG,1494.44
2016-02-01,Arsenal,ENG,1834.2
2016-02-01,Aston Villa,ENG,1550.49
2016-02-01,Birmingham,ENG,1501.07
2016-02-01,Blackburn,ENG,1464.61
2016-02-01,Bolton,ENG,1362.79
2016-02-01,Bournemouth,ENG,1614.3
2016-02-01,Brentford,ENG,1479.06
2016-02-01,Brighton,ENG,1485.53
2016-02-01,Bristol City,ENG,1347.72
2016-02-01,Burnley,ENG,1584.16
2016-02-01,Cardiff,ENG,1491.06
2016-02-01,Charlton,ENG,1372.34
2016-02-01,Chelsea,ENG,1811.34
2016-02-01,Crystal Palace,ENG,1656.05
2016-02-01,Derby,ENG,1540.8
2016-02-01,Everton,ENG,1713.08
2016-02-01,Fulham,ENG,1412.2
2016-02-01,Huddersfield,ENG,1420.44
2016-02-01,Hull,ENG,1594.93
2016-02-01,Ipswich,ENG,1510.13
2016-02-01,Leeds,ENG,1442.41
2016-02-01,Leicester,ENG,1742.0
2016-02-01,Liverpool,ENG,1728.66
2016-02-01,Man City,ENG,1864.55
2016-02-01,Man United,ENG,1777.56
2016-02-01,Middlesbrough,ENG,1593.92
2016-02-01,Milton Keynes Dons,ENG,1354.1
2016-02-01,Newcastle,ENG,1591.0
2016-02-01,Norwich,ENG,1598.49
2016-02-01,Nottm Forest,ENG,1474.59
2016-02-01,Preston,ENG,1417.54
2016-02-01,QPR,ENG,1496.37
2016-02-01,Reading,ENG,1425.9
2016-02-01,Rotherham,ENG,1358.95
2016-02-01,Sheffield Weds,ENG,1503.76
2016-02-01,Southampton,ENG,1721.53
2016-02-01,Stoke,ENG,1706.47
2016-02-01,Sunderland,ENG,1589.49
2016-02-01,Swansea,ENG,1644.3
2016-02-01,Tottenham,ENG,1795.22
2016-02-01,Watford,ENG,1638.62
2016-02-01,West Brom,ENG,1643.51
2016-02-01,West Ham,ENG,1683.46
2016-02-01,Wolves,ENG,1482.37
2016-02-15,Arsenal,ENG,1840.98
2016-02-15,Aston Villa,ENG,1543.08
2016-02-15,Birmingham,ENG,1489.28
2016-02-15,Blackburn,ENG,1460.2
2016-02-15,Bolton,ENG,1369.73
2016-02-15,Bournemouth,ENG,1607.9
2016-02-15,Brentford,ENG,1456.56
2016-02-15,Brighton,ENG,1500.98
2016-02-15,Bristol City,ENG,1368.4
2016-02-15,Burnley,ENG,1587.24
2016-02-15,Cardiff,ENG,1484.03
2016-02-15,Charlton,ENG,1364.26
2016-02-15,Chelsea,ENG,1810.92
2016-02-15,Crystal Palace,ENG,1637.43
2016-02-15,Derby,ENG,1520.65
2016-02-15,Everton,ENG,1723.44
2016-02-15,Fulham,ENG,1430.3
2016-02-15,Huddersfield,ENG,1429.78
2016-02-15,Hull,ENG,1597.09
2016-02-15,Ipswich,ENG,1497.25
2016-02-15,Leeds,ENG,1433.76
2016-02-15,Leicester,ENG,1763.02
2016-02-15,Liverpool,ENG,1727.81
2016-02-15,Man City,ENG,1839.92
2016-02-15,Man United,ENG,1776.72
2016-02-15,Middlesbrough,ENG,1584.37
2016-02-15,Milton Keynes Dons,ENG,1377.3
2016-02-15,Newcastle,ENG,1587.32
2016-02-15,Norwich,ENG,1581.18
2016-02-15,Nottm Forest,ENG,1467.24
2016-02-15,Preston,ENG,1439.75
2016-02-15,QPR,ENG,1487.32
2016-02-15,Reading,ENG,1424.45
2016-02-15,Rotherham,ENG,1354.99
2016-02-15,Sheffield Weds,ENG,1525.0
2016-02-15,Southampton,ENG,1739.17
2016-02-15,Stoke,ENG,1693.24
2016-02-15,Sunderland,ENG,1603.2
2016-02-15,Swansea,ENG,1636.93
2016-02-15,Tottenham,ENG,1816.59
2016-02-15,Watford,ENG,1648.29
2016-02-15,West Brom,ENG,1645.61
2016-02-15,West Ham,ENG,1681.57
2016-02-15,Wolves,ENG,1466.83
2016-03-01,Arsenal,ENG,1839.45
2016-03-01,Aston Villa,ENG,1549.7
2016-03-01,Birmingham,ENG,1493.79
2016-03-01,Blackburn,ENG,1480.03
2016-03-01,Bolton,ENG,1373.84
2016-03-01,Bournemouth,ENG,1620.68
2016-03-01,Brentford,ENG,1458.68
2016-03-01,Brighton,ENG,1525.87
2016-03-01,Bristol City,ENG,1390.51
2016-03-01,Burnley,ENG,1608.87
2016-03-01,Cardiff,ENG,1506.15
2016-03-01,Charlton,ENG,1353.12
2016-03-01,Chelsea,ENG,1826.95
2016-03-01,Crystal Palace,ENG,1640.96
2016-03-01,Derby,ENG,1537.73
2016-03-01,Everton,ENG,1733.66
2016-03-01,Fulham,ENG,1433.39
2016-03-01,Huddersfield,ENG,1439.09
2016-03-01,Hull,ENG,1606.65
2016-03-01,Ipswich,ENG,1508.32
2016-03-01,Leeds,ENG,1434.88
2016-03-01,Leicester,ENG,1776.16
2016-03-01,Liverpool,ENG,1746.35
2016-03-01,Man City,ENG,1861.31
2016-03-01,Man United,ENG,1798.89
2016-03-01,Middlesbrough,ENG,1606.24
2016-03-01,Milton Keynes Dons,ENG,1370.23
2016-03-01,Newcastle,ENG,1597.54
2016-03-01,Norwich,ENG,1588.48
2016-03-01,Nottm Forest,ENG,1461.59
2016-03-01,Preston,ENG,1457.89
2016-03-01,QPR,ENG,1507.69
2016-03-01,Reading,ENG,1447.19
2016-03-01,Rotherham,ENG,1366.34
2016-03-01,Sheffield Weds,ENG,1527.52
2016-03-01,Southampton,ENG,1741.72
2016-03-01,Stoke,ENG,1707.06
2016-03-01,Sunderland,ENG,1608.47
2016-03-01,Swansea,ENG,1644.34
2016-03-01,Tottenham,ENG,1843.94
2016-03-01,Watford,ENG,1655.95
2016-03-01,West Brom,ENG,1662.52
2016-03-01,West Ham,ENG,1696.74
2016-03-01,Wolves,ENG,1466.43
2016-03-15,Arsenal,ENG,1820.42
2016-03-15,Aston Villa,ENG,1528.85
2016-03-15,Birmingham,ENG,1487.47
2016-03-15,Blackburn,ENG,1478.81
2016-03-15,Bolton,ENG,1356.84
2016-03-15,Bournemouth,ENG,1646.77
2016-03-15,Brentford,ENG,1431.05
2016-03-15,Brighton,ENG,1516.88
2016-03-15,Bristol City,ENG,1380.59
2016-03-15,Burnley,ENG,1618.39
2016-03-15,Cardiff,ENG,1499.25
2016-03-15,Charlton,ENG,1374.85
2016-03-15,Chelsea,ENG,1811.17
2016-03-15,Crystal Palace,ENG,1628.43
2016-03-15,Derby,ENG,1523.39
2016-03-15,Everton,ENG,1723.23
2016-03-15,Fulham,ENG,1412.73
2016-03-15,Huddersfield,ENG,1428.77
2016-03-15,Hull,ENG,1583.57
2016-03-15,Ipswich,ENG,1497.58
2016-03-15,Leeds,ENG,1460.39
2016-03-15,Leicester,ENG,1773.98
2016-03-15,Liverpool,ENG,1773.88
2016-03-15,Man City,ENG,1835.46
2016-03-15,Man United,ENG,1774.02
2016-03-15,Middlesbrough,ENG,1563.02
2016-03-15,Milton Keynes Dons,ENG,1385.53
2016-03-15,Newcastle,ENG,1572.08
2016-03-15,Norwich,ENG,1578.55
2016-03-15,Nottm Forest,ENG,1441.75
2016-03-15,Preston,ENG,1452.13
2016-03-15,QPR,ENG,1506.55
2016-03-15,Reading,ENG,1428.57
2016-03-15,Rotherham,ENG,1387.66
2016-03-15,Sheffield Weds,ENG,1523.65
2016-03-15,Southampton,ENG,1725.56
2016-03-15,Stoke,ENG,1699.78
2016-03-15,Sunderland,ENG,1605.77
2016-03-15,Swansea,ENG,1649.52
2016-03-15,Tottenham,ENG,1815.83
2016-03-15,Watford,ENG,1639.14
2016-03-15,West Brom,ENG,1670.55
2016-03-15,West Ham,ENG,1710.82
2016-03-15,Wolves,ENG,1459.74
2016-04-01,Arsenal,ENG,1828.4
2016-04-01,Aston Villa,ENG,1523.4
2016-04-01,Birmingham,ENG,1482.45
2016-04-01,Blackburn,ENG,1476.92
2016-04-01,Bolton,ENG,1340.6
2016-04-01,Bournemouth,ENG,1639.82
2016-04-01,Brentford,ENG,1421.24
2016-04-01,Brighton,ENG,1526.33
2016-04-01,Bristol City,ENG,1394.0
2016-04-01,Burnley,ENG,1611.48
2016-04-01,Cardiff,ENG,1497.28
2016-04-01,Charlton,ENG,1367.38
2016-04-01,Chelsea,ENG,1805.53
2016-04-01,Crystal Palace,ENG,1621.28
2016-04-01,Derby,ENG,1526.85
2016-04-01,Everton,ENG,1711.97
2016-04-01,Fulham,ENG,1414.91
2016-04-01,Huddersfield,ENG,1445.36
2016-04-01,Hull,ENG,1569.76
2016-04-01,Ipswich,ENG,1492.57
2016-04-01,Leeds,ENG,1440.97
2016-04-01,Leicester,ENG,1778.29
2016-04-01,Liverpool,ENG,1768.9
2016-04-01,Man City,ENG,1823.09
2016-04-01,Man United,ENG,1779.25
2016-04-01,Middlesbrough,ENG,1568.88
2016-04-01,Milton Keynes Dons,ENG,1377.98
2016-04-01,Newcastle,ENG,1570.16
2016-04-01,Norwich,ENG,1588.84
2016-04-01,Nottm Forest,ENG,1440.59
2016-04-01,Preston,ENG,1450.67
2016-04-01,QPR,ENG,1505.18
2016-04-01,Reading,ENG,1422.98
2016-04-01,Rotherham,ENG,1398.7
2016-04-01,Sheffield Weds,ENG,1528.28
2016-04-01,Southampton,ENG,1732.27
2016-04-01,Stoke,ENG,1706.34
2016-04-01,Sunderland,ENG,1604.86
2016-04-01,Swansea,ENG,1652.14
2016-04-01,Tottenham,ENG,1815.63
2016-04-01,Watford,ENG,1629.75
2016-04-01,West Brom,ENG,1657.43
2016-04-01,West Ham,ENG,1713.62
2016-04-01,Wolves,ENG,1463.82
2016-04-15,Arsenal,ENG,1840.93
2016-04-15,Aston Villa,ENG,1520.24
2016-04-15,Birmingham,ENG,1475.07
2016-04-15,Blackburn,ENG,1472.4
2016-04-15,Bolton,ENG,1332.07
2016-04-15,Bournemouth,ENG,1646.04
2016-04-15,Brentford,ENG,1468.3
2016-04-15,Brighton,ENG,1551.09
2016-04-15,Bristol City,ENG,1414.54
2016-04-15,Burnley,ENG,1618.65
2016-04-15,Cardiff,ENG,1509.44
2016-04-15,Charlton,ENG,1386.68
2016-04-15,Chelsea,ENG,1809.8
2016-04-15,Crystal Palace,ENG,1641.02
2016-04-15,Derby,ENG,1549.59
2016-04-15,Everton,ENG,1714.43
2016-04-15,Fulham,ENG,1448.94
2016-04-15,Huddersfield,ENG,1442.88
2016-04-15,Hull,ENG,1566.51
2016-04-15,Ipswich,ENG,1482.91
2016-04-15,Leeds,ENG,1450.35
2016-04-15,Leicester,ENG,1800.13
2016-04-15,Liverpool,ENG,1802.49
2016-04-15,Man City,ENG,1857.89
2016-04-15,Man United,ENG,1783.18
2016-04-15,Middlesbrough,ENG,1599.89
2016-04-15,Milton Keynes Dons,ENG,1357.51
2016-04-15,Newcastle,ENG,1568.36
2016-04-15,Norwich,ENG,1598.23
2016-04-15,Nottm Forest,ENG,1419.65
2016-04-15,Preston,ENG,1455.58
2016-04-15,QPR,ENG,1510.23
2016-04-15,Reading,ENG,1430.45
2016-04-15,Rotherham,ENG,1433.4
2016-04-15,Sheffield Weds,ENG,1531.24
2016-04-15,Southampton,ENG,1740.42
2016-04-15,Stoke,ENG,1703.78
2016-04-15,Sunderland,ENG,1607.12
2016-04-15,Swansea,ENG,1675.05
2016-04-15,Tottenham,ENG,1835.3
2016-04-15,Watford,ENG,1634.37
2016-04-15,West Brom,ENG,1663.53
2016-04-15,West Ham,ENG,1720.96
2016-04-15,Wolves,ENG,1477.75
2016-05-01,Arsenal,ENG,1835.53
2016-05-01,Aston Villa,ENG,1507.48
2016-05-01,Birmingham,ENG,1469.91
2016-05-01,Blackburn,ENG,1463.18
2016-05-01,Bolton,ENG,1337.86
2016-05-01,Bournemouth,ENG,1625.55
2016-05-01,Brentford,ENG,1485.98
2016-05-01,Brighton,ENG,1577.81
2016-05-01,Bristol City,ENG,1429.14
2016-05-01,Burnley,ENG,1626.73
2016-05-01,Cardiff,ENG,1491.07
2016-05-01,Charlton,ENG,1385.21
2016-05-01,Chelsea,ENG,1803.75
2016-05-01,Crystal Palace,ENG,1632.58
2016-05-01,Derby,ENG,1557.02
2016-05-01,Everton,ENG,1708.46
2016-05-01,Fulham,ENG,1417.82
2016-05-01,Huddersfield,ENG,1440.11
2016-05-01,Hull,ENG,1565.24
2016-05-01,Ipswich,ENG,1490.69
2016-05-01,Leeds,ENG,1455.6
2016-05-01,Leicester,ENG,1803.37
2016-05-01,Liverpool,ENG,1804.82
2016-05-01,Man City,ENG,1872.37
2016-05-01,Man United,ENG,1789.6
2016-05-01,Middlesbrough,ENG,1597.06
2016-05-01,Milton Keynes Dons,ENG,1350.61
2016-05-01,Newcastle,ENG,1604.3
2016-05-01,Norwich,ENG,1579.27
2016-05-01,Nottm Forest,ENG,1433.38
2016-05-01,Preston,ENG,1455.66
2016-05-01,QPR,ENG,1495.59
2016-05-01,Reading,ENG,1412.44
2016-05-01,Rotherham,ENG,1423.56
2016-05-01,Sheffield Weds,ENG,1535.46
2016-05-01,Southampton,ENG,1745.82
2016-05-01,Stoke,ENG,1681.78
2016-05-01,Sunderland,ENG,1629.38
2016-05-01,Swansea,ENG,1649.79
2016-05-01,Tottenham,ENG,1839.99
2016-05-01,Watford,ENG,1640.7
2016-05-01,West Brom,ENG,1641.16
2016-05-01,West Ham,ENG,1743.26
2016-05-01,Wolves,ENG,1462.8
2016-05-15,Arsenal,ENG,1843.54
2016-05-15,Aston Villa,ENG,1514.91
2016-05-15,Birmingham,ENG,1478.02
2016-05-15,Blackburn,ENG,1477.21
2016-05-15,Bolton,ENG,1339.23
2016-05-15,Bournemouth,ENG,1630.66
2016-05-15,Brentford,ENG,1508.03
2016-05-15,Brighton,ENG,1570.95
2016-05-15,Bristol City,ENG,1429.97
2016-05-15,Burnley,ENG,1643.08
2016-05-15,Cardiff,ENG,1495.14
2016-05-15,Charlton,ENG,1385.03
2016-05-15,Chelsea,ENG,1800.34
2016-05-15,Crystal Palace,ENG,1646.77
2016-05-15,Derby,ENG,1538.16
2016-05-15,Everton,ENG,1693.74
2016-05-15,Fulham,ENG,1428.63
2016-05-15,Huddersfield,ENG,1430.23
2016-05-15,Hull,ENG,1594.65
2016-05-15,Ipswich,ENG,1508.02
2016-05-15,Leeds,ENG,1463.12
2016-05-15,Leicester,ENG,1816.82
2016-05-15,Liverpool,ENG,1821.33
2016-05-15,Man City,ENG,1857.93
2016-05-15,Man United,ENG,1790.27
2016-05-15,Middlesbrough,ENG,1601.12
2016-05-15,Milton Keynes Dons,ENG,1349.36
2016-05-15,Newcastle,ENG,1609.05
2016-05-15,Norwich,ENG,1592.9
2016-05-15,Nottm Forest,ENG,1446.81
2016-05-15,Preston,ENG,1460.32
2016-05-15,QPR,ENG,1502.96
2016-05-15,Reading,ENG,1410.6
2016-05-15,Rotherham,ENG,1422.05
2016-05-15,Sheffield Weds,ENG,1545.74
2016-05-15,Southampton,ENG,1777.81
2016-05-15,Stoke,ENG,1679.77
2016-05-15,Sunderland,ENG,1661.11
2016-05-15,Swansea,ENG,1690.98
2016-05-15,Tottenham,ENG,1835.08
2016-05-15,Watford,ENG,1630.61
2016-05-15,West Brom,ENG,1648.24
2016-05-15,West Ham,ENG,1738.26
2016-05-15,Wolves,ENG,1477.67
2016-06-01,Arsenal,ENG,1842.55
2016-06-01,Aston Villa,ENG,1508.56
2016-06-01,Birmingham,ENG,1474.35
2016-06-01,Blackburn,ENG,1473.54
2016-06-01,Bolton,ENG,1335.56
2016-06-01,Bournemouth,ENG,1622.36
2016-06-01,Brentford,ENG,1504.36
2016-06-01,Brighton,ENG,1562.5
2016-06-01,Bristol City,ENG,1426.3
2016-06-01,Burnley,ENG,1639.41
2016-06-01,Cardiff,ENG,1491.47
2016-06-01,Charlton,ENG,1381.36
2016-06-01,Chelsea,ENG,1795.68
2016-06-01,Crystal Palace,ENG,1636.24
2016-06-01,Derby,ENG,1541.17
2016-06-01,Everton,ENG,1697.66
2016-06-01,Fulham,ENG,1424.96
2016-06-01,Huddersfield,ENG,1426.56
2016-06-01,Hull,ENG,1591.54
2016-06-01,Ipswich,ENG,1504.35
2016-06-01,Leeds,ENG,1459.45
2016-06-01,Leicester,ENG,1814.13
2016-06-01,Liverpool,ENG,1802.69
2016-06-01,Man City,ENG,1851.04
2016-06-01,Man United,ENG,1791.22
2016-06-01,Middlesbrough,ENG,1597.45
2016-06-01,Milton Keynes Dons,ENG,1345.69
2016-06-01,Newcastle,ENG,1630.06
2016-06-01,Norwich,ENG,1581.64
2016-06-01,Nottm Forest,ENG,1443.14
2016-06-01,Preston,ENG,1456.65
2016-06-01,QPR,ENG,1499.29
2016-06-01,Reading,ENG,1406.93
2016-06-01,Rotherham,ENG,1418.38
2016-06-01,Sheffield Weds,ENG,1539.6
2016-06-01,Southampton,ENG,1780.99
2016-06-01,Stoke,ENG,1684.28
2016-06-01,Sunderland,ENG,1658.03
2016-06-01,Swansea,ENG,1690.53
2016-06-01,Tottenham,ENG,1806.72
2016-06-01,Watford,ENG,1626.35
2016-06-01,West Brom,ENG,1647.95
2016-06-01,West Ham,ENG,1726.41
2016-06-01,Wolves,ENG,1474.0
2016-06-15,Arsenal,ENG,1842.55
2016-06-15,Aston Villa,ENG,1508.56
2016-06-15,Birmingham,ENG,1474.35
2016-06-15,Blackburn,ENG,1473.54
2016-06-15,Bolton,ENG,1335.56
2016-06-15,Bournemouth,ENG,1622.36
2016-06-15,Brentford,ENG,1504.36
2016-06-15,Brighton,ENG,1562.5
2016-06-15,Bristol City,ENG,1426.3
2016-06-15,Burnley,ENG,1639.41
2016-06-15,Cardiff,ENG,1491.47
2016-06-15,Charlton,ENG,1381.36
2016-06-15,Chelsea,ENG,1795.68
2016-06-15,Crystal Palace,ENG,1636.24
2016-06-15,Derby,ENG,1541.17
2016-06-15,Everton,ENG,1697.66
2016-06-15,Fulham,ENG,1424.96
2016-06-15,Huddersfield,ENG,1426.56
2016-06-15,Hull,ENG,1591.54
2016-06-15,Ipswich,ENG,1504.35
2016-06-15,Leeds,ENG,1459.45
2016-06-15,Leicester,ENG,1814.13
2016-06-15,Liverpool,ENG,1802.69
2016-06-15,Man City,ENG,1851.04
2016-06-15,Man United,ENG,1791.22
2016-06-15,Middlesbrough,ENG,1597.45
2016-06-15,Milton Keynes Dons,ENG,1345.69
2016-06-15,Newcastle,ENG,1630.06
2016-06-15,Norwich,ENG,1581.64
2016-06-15,Nottm Forest,ENG,1443.14
2016-06-15,Preston,ENG,1456.65
2016-06-15,QPR,ENG,1499.29
2016-06-15,Reading,ENG,1406.93
2016-06-15,Rotherham,ENG,1418.38
2016-06-15,Sheffield Weds,ENG,1539.6
2016-06-15,Southampton,ENG,1780.99
2016-06-15,Stoke,ENG,1684.28
2016-06-15,Sunderland,ENG,1658.03
2016-06-15,Swansea,ENG,1690.53
2016-06-15,Tottenham,ENG,1806.72
2016-06-15,Watford,ENG,1626.35
2016-06-15,West Brom,ENG,1647.95
2016-06-15,West Ham,ENG,1726.41
2016-06-15,Wolves,ENG,1474.0
2016-07-01,Arsenal,ENG,1842.55
2016-07-01,Aston Villa,ENG,1508.56
2016-07-01,Barnsley,ENG,1361.06
2016-07-01,Birmingham,ENG,1474.35
2016-07-01,Blackburn,ENG,1473.54
2016-07-01,Bolton,ENG,1335.56
2016-07-01,Bournemouth,ENG,1622.36
2016-07-01,Brentford,ENG,1504.36
2016-07-01,Brighton,ENG,1562.5
2016-07-01,Bristol City,ENG,1426.3
2016-07-01,Burnley,ENG,1639.41
2016-07-01,Burton,ENG,1361.06
2016-07-01,Cardiff,ENG,1491.47
2016-07-01,Charlton,ENG,1381.36
2016-07-01,Chelsea,ENG,1795.68
2016-07-01,Crystal Palace,ENG,1636.24
2016-07-01,Derby,ENG,1541.17
2016-07-01,Everton,ENG,1697.66
2016-07-01,Fulham,ENG,1424.96
2016-07-01,Huddersfield,ENG,1426.56
2016-07-01,Hull,ENG,1591.54
2016-07-01,Ipswich,ENG,1504.35
2016-07-01,Leeds,ENG,1459.45
2016-07-01,Leicester,ENG,1814.13
2016-07-01,Liverpool,ENG,1802.69
2016-07-01,Man City,ENG,1851.04
2016-07-01,Man United,ENG,1791.22
2016-07-01,Middlesbrough,ENG,1597.45
2016-07-01,Milton Keynes Dons,ENG,1345.69
2016-07-01,Newcastle,ENG,1630.06
2016-07-01,Norwich,ENG,1581.64
2016-07-01,Nottm Forest,ENG,1443.14
2016-07-01,Preston,ENG,1456.65
2016-07-01,QPR,ENG,1499.29
2016-07-01,Reading,ENG,1406.93
2016-07-01,Rotherham,ENG,1418.38
2016-07-01,Sheffield Weds,ENG,1539.6
2016-07-01,Southampton,ENG,1780.99
2016-07-01,Stoke,ENG,1684.28
2016-07-01,Sunderland,ENG,1658.03
2016-07-01,Swansea,ENG,1690.53
2016-07-01,Tottenham,ENG,1806.72
2016-07-01,Watford,ENG,1626.35
2016-07-01,West Brom,ENG,1647.95
2016-07-01,West Ham,ENG,1726.41
2016-07-01,Wigan,ENG,1361.06
2016-07-01,Wolves,ENG,1474.0
2016-07-15,Arsenal,ENG,1842.55
2016-07-15,Aston Villa,ENG,1508.56
2016-07-15,Barnsley,ENG,1361.06
2016-07-15,Birmingham,ENG,1474.35
2016-07-15,Blackburn,ENG,1473.54
2016-07-15,Bournemouth,ENG,1622.36
2016-07-15,Brentford,ENG,1504.36
2016-07-15,Brighton,ENG,1562.5
2016-07-15,Bristol City,ENG,1426.3
2016-07-15,Burnley,ENG,1639.41
2016-07-15,Burton,ENG,1361.06
2016-07-15,Cardiff,ENG,1491.47
2016-07-15,Chelsea,ENG,1795.68
2016-07-15,Crystal Palace,ENG,1636.24
2016-07-15,Derby,ENG,1541.17
2016-07-15,Everton,ENG,1697.66
2016-07-15,Fulham,ENG,1424.96
2016-07-15,Huddersfield,ENG,1426.56
2016-07-15,Hull,ENG,1591.54
2016-07-15,Ipswich,ENG,1504.35
2016-07-15,Leeds,ENG,1459.45
2016-07-15,Leicester,ENG,1814.13
2016-07-15,Liverpool,ENG,1802.69
2016-07-15,Man City,ENG,1851.04
2016-07-15,Man United,ENG,1791.22
2016-07-15,Middlesbrough,ENG,1597.45
2016-07-15,Newcastle,ENG,1630.06
2016-07-15,Norwich,ENG,1581.64
2016-07-15,Nottm Forest,ENG,1443.14
2016-07-15,Preston,ENG,1456.65
2016-07-15,QPR,ENG,1499.29
2016-07-15,Reading,ENG,1406.93
2016-07-15,Rotherham,ENG,1418.38
2016-07-15,Sheffield Weds,ENG,1539.6
2016-07-15,Southampton,ENG,1780.99
2016-07-15,Stoke,ENG,1684.28
2016-07-15,Sunderland,ENG,1658.03
2016-07-15,Swansea,ENG,1690.53
2016-07-15,Tottenham,ENG,1806.72
2016-07-15,Watford,ENG,1626.35
2016-07-15,West Brom,ENG,1647.95
2016-07-15,West Ham,ENG,1726.41
2016-07-15,Wigan,ENG,1361.06
2016-07-15,Wolves,ENG,1474.0
2016-08-01,Arsenal,ENG,1841.41
2016-08-01,Aston Villa,ENG,1507.42
2016-08-01,Barnsley,ENG,1359.91
2016-08-01,Birmingham,ENG,1473.2
2016-08-01,Blackburn,ENG,1472.4
2016-08-01,Bournemouth,ENG,1621.22
2016-08-01,Brentford,ENG,1503.22
2016-08-01,Brighton,ENG,1561.36
2016-08-01,Bristol City,ENG,1425.16
2016-08-01,Burnley,ENG,1638.27
2016-08-01,Burton,ENG,1359.91
2016-08-01,Cardiff,ENG,1490.33
2016-08-01,Chelsea,ENG,1794.54
2016-08-01,Crystal Palace,ENG,1635.1
2016-08-01,Derby,ENG,1540.03
2016-08-01,Everton,ENG,1696.52
2016-08-01,Fulham,ENG,1423.82
2016-08-01,Huddersfield,ENG,1425.42
2016-08-01,Hull,ENG,1590.4
2016-08-01,Ipswich,ENG,1503.21
2016-08-01,Leeds,ENG,1458.31
2016-08-01,Leicester,ENG,1812.99
2016-08-01,Liverpool,ENG,1801.55
2016-08-01,Man City,ENG,1849.89
2016-08-01,Man United,ENG,1790.08
2016-08-01,Middlesbrough,ENG,1596.31
2016-08-01,Newcastle,ENG,1628.92
2016-08-01,Norwich,ENG,1580.5
2016-08-01,Nottm Forest,ENG,1442.0
2016-08-01,Preston,ENG,1455.5
2016-08-01,QPR,ENG,1498.15
2016-08-01,Reading,ENG,1405.79
2016-08-01,Rotherham,ENG,1417.24
2016-08-01,Sheffield Weds,ENG,1538.46
2016-08-01,Southampton,ENG,1779.85
2016-08-01,Stoke,ENG,1683.14
2016-08-01,Sunderland,ENG,1656.89
2016-08-01,Swansea,ENG,1689.39
2016-08-01,Tottenham,ENG,1805.58
2016-08-01,Watford,ENG,1625.21
2016-08-01,West Brom,ENG,1646.81
2016-08-01,West Ham,ENG,1721.77
2016-08-01,Wigan,ENG,1359.91
2016-08-01,Wolves,ENG,1472.86
2016-08-15,Arsenal,ENG,1832.22
2016-08-15,Aston Villa,ENG,1511.0
2016-08-15,Barnsley,ENG,1372.14
2016-08-15,Birmingham,ENG,1482.49
2016-08-15,Blackburn,ENG,1445.97
2016-08-15,Bournemouth,ENG,1615.19
2016-08-15,Brentford,ENG,1505.81
2016-08-15,Brighton,ENG,1570.91
2016-08-15,Bristol City,ENG,1439.24
2016-08-15,Burnley,ENG,1631.31
2016-08-15,Burton,ENG,1349.01
2016-08-15,Cardiff,ENG,1479.9
2016-08-15,Chelsea,ENG,1795.98
2016-08-15,Crystal Palace,ENG,1627.18
2016-08-15,Derby,ENG,1524.6
2016-08-15,Everton,ENG,1699.41
2016-08-15,Fulham,ENG,1446.56
2016-08-15,Huddersfield,ENG,1448.97
2016-08-15,Hull,ENG,1604.09
2016-08-15,Ipswich,ENG,1500.15
2016-08-15,Leeds,ENG,1440.98
2016-08-15,Leicester,ENG,1802.18
2016-08-15,Liverpool,ENG,1813.63
2016-08-15,Man City,ENG,1854.01
2016-08-15,Man United,ENG,1798.99
2016-08-15,Middlesbrough,ENG,1598.57
2016-08-15,Newcastle,ENG,1605.13
2016-08-15,Norwich,ENG,1590.64
2016-08-15,Nottm Forest,ENG,1441.1
2016-08-15,Preston,ENG,1439.24
2016-08-15,QPR,ENG,1522.39
2016-08-15,Reading,ENG,1407.88
2016-08-15,Rotherham,ENG,1410.66
2016-08-15,Sheffield Weds,ENG,1548.77
2016-08-15,Southampton,ENG,1775.83
2016-08-15,Stoke,ENG,1683.77
2016-08-15,Sunderland,ENG,1655.65
2016-08-15,Swansea,ENG,1699.23
2016-08-15,Tottenham,ENG,1805.58
2016-08-15,Watford,ENG,1632.11
2016-08-15,West Brom,ENG,1657.61
2016-08-15,West Ham,ENG,1727.62
2016-08-15,Wigan,ENG,1372.47
2016-08-15,Wolves,ENG,1481.63
2016-09-01,Arsenal,ENG,1833.49
2016-09-01,Aston Villa,ENG,1492.0
2016-09-01,Barnsley,ENG,1386.81
2016-09-01,Birmingham,ENG,1478.96
2016-09-01,Blackburn,ENG,1421.68
2016-09-01,Bournemouth,ENG,1607.28
2016-09-01,Brentford,ENG,1494.66
2016-09-01,Brighton,ENG,1559.68
2016-09-01,Bristol City,ENG,1437.25
2016-09-01,Burnley,ENG,1635.62
2016-09-01,Burton,ENG,1374.23
2016-09-01,Cardiff,ENG,1469.02
2016-09-01,Chelsea,ENG,1806.18
2016-09-01,Crystal Palace,ENG,1616.52
2016-09-01,Derby,ENG,1513.21
2016-09-01,Everton,ENG,1707.82
2016-09-01,Fulham,ENG,1450.58
2016-09-01,Huddersfield,ENG,1458.72
2016-09-01,Hull,ENG,1610.4
2016-09-01,Ipswich,ENG,1501.98
2016-09-01,Leeds,ENG,1440.79
2016-09-01,Leicester,ENG,1799.54
2016-09-01,Liverpool,ENG,1793.93
2016-09-01,Man City,ENG,1865.55
2016-09-01,Man United,ENG,1806.67
2016-09-01,Middlesbrough,ENG,1606.79
2016-09-01,Newcastle,ENG,1617.02
2016-09-01,Norwich,ENG,1569.85
2016-09-01,Nottm Forest,ENG,1445.26
2016-09-01,Preston,ENG,1437.13
2016-09-01,QPR,ENG,1495.83
2016-09-01,Reading,ENG,1412.21
2016-09-01,Rotherham,ENG,1393.49
2016-09-01,Sheffield Weds,ENG,1510.65
2016-09-01,Southampton,ENG,1756.8
2016-09-01,Stoke,ENG,1663.26
2016-09-01,Sunderland,ENG,1643.38
2016-09-01,Swansea,ENG,1672.33
2016-09-01,Tottenham,ENG,1800.76
2016-09-01,Watford,ENG,1614.83
2016-09-01,West Brom,ENG,1640.59
2016-09-01,West Ham,ENG,1694.93
2016-09-01,Wigan,ENG,1356.86
2016-09-01,Wolves,ENG,1480.85
2016-09-15,Arsenal,ENG,1844.96
2016-09-15,Aston Villa,ENG,1491.5
2016-09-15,Barnsley,ENG,1424.04
2016-09-15,Birmingham,ENG,1490.45
2016-09-15,Blackburn,ENG,1422.05
2016-09-15,Bournemouth,ENG,1617.8
2016-09-15,Brentford,ENG,1514.73
2016-09-15,Brighton,ENG,1551.85
2016-09-15,Bristol City,ENG,1435.99
2016-09-15,Burnley,ENG,1636.42
2016-09-15,Burton,ENG,1385.16
2016-09-15,Cardiff,ENG,1454.47
2016-09-15,Chelsea,ENG,1807.16
2016-09-15,Crystal Palace,ENG,1629.28
2016-09-15,Derby,ENG,1496.9
2016-09-15,Everton,ENG,1724.33
2016-09-15,Fulham,ENG,1441.91
2016-09-15,Huddersfield,ENG,1466.02
2016-09-15,Hull,ENG,1616.04
2016-09-15,Ipswich,ENG,1505.88
2016-09-15,Leeds,ENG,1441.56
2016-09-15,Leicester,ENG,1801.83
2016-09-15,Liverpool,ENG,1808.49
2016-09-15,Man City,ENG,1884.49
2016-09-15,Man United,ENG,1801.8
2016-09-15,Middlesbrough,ENG,1600.47
2016-09-15,Newcastle,ENG,1644.67
2016-09-15,Norwich,ENG,1579.72
2016-09-15,Nottm Forest,ENG,1451.23
2016-09-15,Preston,ENG,1442.67
2016-09-15,QPR,ENG,1480.81
2016-09-15,Reading,ENG,1424.77
2016-09-15,Rotherham,ENG,1396.31
2016-09-15,Sheffield Weds,ENG,1522.15
2016-09-15,Southampton,ENG,1755.28
2016-09-15,Stoke,ENG,1654.43
2016-09-15,Sunderland,ENG,1633.31
2016-09-15,Swansea,ENG,1677.8
2016-09-15,Tottenham,ENG,1804.29
2016-09-15,Watford,ENG,1634.34
2016-09-15,West Brom,ENG,1636.51
2016-09-15,West Ham,ENG,1681.86
2016-09-15,Wigan,ENG,1354.38
2016-09-15,Wolves,ENG,1456.75
2016-10-01,Arsenal,ENG,1866.32
2016-10-01,Aston Villa,ENG,1496.15
2016-10-01,Barnsley,ENG,1411.98
2016-10-01,Birmingham,ENG,1497.1
2016-10-01,Blackburn,ENG,1435.79
2016-10-01,Bournemouth,ENG,1625.17
2016-10-01,Brentford,ENG,1524.94
2016-10-01,Brighton,ENG,1563.33
2016-10-01,Bristol City,ENG,1463.01
2016-10-01,Burnley,ENG,1642.25
2016-10-01,Burton,ENG,1378.96
2016-10-01,Cardiff,ENG,1438.34
2016-10-01,Chelsea,ENG,1790.32
2016-10-01,Crystal Palace,ENG,1656.22
2016-10-01,Derby,ENG,1498.84
2016-10-01,Everton,ENG,1718.51
2016-10-01,Fulham,ENG,1425.9
2016-10-01,Huddersfield,ENG,1471.51
2016-10-01,Hull,ENG,1605.61
2016-10-01,Ipswich,ENG,1497.77
2016-10-01,Leeds,ENG,1457.8
2016-10-01,Leicester,ENG,1800.85
2016-10-01,Liverpool,ENG,1824.17
2016-10-01,Man City,ENG,1889.08
2016-10-01,Man United,ENG,1791.42
2016-10-01,Middlesbrough,ENG,1591.87
2016-10-01,Newcastle,ENG,1630.23
2016-10-01,Norwich,ENG,1585.03
2016-10-01,Nottm Forest,ENG,1439.54
2016-10-01,Preston,ENG,1441.02
2016-10-01,QPR,ENG,1473.21
2016-10-01,Reading,ENG,1434.59
2016-10-01,Rotherham,ENG,1376.55
2016-10-01,Sheffield Weds,ENG,1528.65
2016-10-01,Southampton,ENG,1776.41
2016-10-01,Stoke,ENG,1641.67
2016-10-01,Sunderland,ENG,1622.46
2016-10-01,Swansea,ENG,1668.54
2016-10-01,Tottenham,ENG,1822.07
2016-10-01,Watford,ENG,1640.88
2016-10-01,West Brom,ENG,1650.6
2016-10-01,West Ham,ENG,1659.88
2016-10-01,Wigan,ENG,1362.15
2016-10-01,Wolves,ENG,1478.4
2016-10-15,Arsenal,ENG,1870.39
2016-10-15,Aston Villa,ENG,1484.65
2016-10-15,Barnsley,ENG,1406.48
2016-10-15,Birmingham,ENG,1490.41
2016-10-15,Blackburn,ENG,1430.56
2016-10-15,Bournemouth,ENG,1627.22
2016-10-15,Brentford,ENG,1519.35
2016-10-15,Brighton,ENG,1571.98
2016-10-15,Bristol City,ENG,1461.28
2016-10-15,Burnley,ENG,1638.18
2016-10-15,Burton,ENG,1390.44
2016-10-15,Cardiff,ENG,1434.54
2016-10-15,Chelsea,ENG,1797.27
2016-10-15,Crystal Palace,ENG,1656.22
2016-10-15,Derby,ENG,1498.62
2016-10-15,Everton,ENG,1718.51
2016-10-15,Fulham,ENG,1417.71
2016-10-15,Huddersfield,ENG,1481.72
2016-10-15,Hull,ENG,1598.66
2016-10-15,Ipswich,ENG,1487.55
2016-10-15,Leeds,ENG,1463.29
2016-10-15,Leicester,ENG,1798.6
2016-10-15,Liverpool,ENG,1829.62
2016-10-15,Man City,ENG,1877.44
2016-10-15,Man United,ENG,1786.13
2016-10-15,Middlesbrough,ENG,1595.31
2016-10-15,Newcastle,ENG,1633.67
2016-10-15,Norwich,ENG,1591.78
2016-10-15,Nottm Forest,ENG,1445.51
2016-10-15,Preston,ENG,1452.52
2016-10-15,QPR,ENG,1481.4
2016-10-15,Reading,ENG,1434.82
2016-10-15,Rotherham,ENG,1373.11
2016-10-15,Sheffield Weds,ENG,1519.99
2016-10-15,Southampton,ENG,1778.66
2016-10-15,Stoke,ENG,1646.96
2016-10-15,Sunderland,ENG,1621.64
2016-10-15,Swansea,ENG,1663.09
2016-10-15,Tottenham,ENG,1833.7
2016-10-15,Watford,ENG,1638.83
2016-10-15,West Brom,ENG,1651.42
2016-10-15,West Ham,ENG,1656.44
2016-10-15,Wigan,ENG,1367.74
2016-10-15,Wolves,ENG,1471.66
2016-11-01,Arsenal,ENG,1872.56
2016-11-01,Aston Villa,ENG,1496.7
2016-11-01,Barnsley,ENG,1405.39
2016-11-01,Birmingham,ENG,1480.52
2016-11-01,Blackburn,ENG,1429.8
2016-11-01,Bournemouth,ENG,1632.07
2016-11-01,Brentford,ENG,1509.38
2016-11-01,Brighton,ENG,1590.69
2016-11-01,Bristol City,ENG,1460.49
2016-11-01,Burnley,ENG,1646.32
2016-11-01,Burton,ENG,1390.31
2016-11-01,Cardiff,ENG,1432.7
2016-11-01,Chelsea,ENG,1832.19
2016-11-01,Crystal Palace,ENG,1634.31
2016-11-01,Derby,ENG,1505.56
2016-11-01,Everton,ENG,1721.85
2016-11-01,Fulham,ENG,1444.27
2016-11-01,Huddersfield,ENG,1453.33
2016-11-01,Hull,ENG,1568.72
2016-11-01,Ipswich,ENG,1482.26
2016-11-01,Leeds,ENG,1469.96
2016-11-01,Leicester,ENG,1796.7
2016-11-01,Liverpool,ENG,1835.77
2016-11-01,Man City,ENG,1870.89
2016-11-01,Man United,ENG,1775.89
2016-11-01,Middlesbrough,ENG,1604.9
2016-11-01,Newcastle,ENG,1654.75
2016-11-01,Norwich,ENG,1563.75
2016-11-01,Nottm Forest,ENG,1419.25
2016-11-01,Preston,ENG,1473.64
2016-11-01,QPR,ENG,1465.62
2016-11-01,Reading,ENG,1445.26
2016-11-01,Rotherham,ENG,1360.58
2016-11-01,Sheffield Weds,ENG,1521.38
2016-11-01,Southampton,ENG,1765.85
2016-11-01,Stoke,ENG,1674.64
2016-11-01,Sunderland,ENG,1601.26
2016-11-01,Swansea,ENG,1648.66
2016-11-01,Tottenham,ENG,1824.8
2016-11-01,Watford,ENG,1653.44
2016-11-01,West Brom,ENG,1642.41
2016-11-01,West Ham,ENG,1662.6
2016-11-01,Wigan,ENG,1376.86
2016-11-01,Wolves,ENG,1459.16
2016-11-15,Arsenal,ENG,1870.92
2016-11-15,Aston Villa,ENG,1501.0
2016-11-15,Barnsley,ENG,1405.8
2016-11-15,Birmingham,ENG,1480.58
2016-11-15,Blackburn,ENG,1423.85
2016-11-15,Bournemouth,ENG,1620.94
2016-11-15,Brentford,ENG,1493.02
2016-11-15,Brighton,ENG,1598.66
2016-11-15,Bristol City,ENG,1450.87
2016-11-15,Burnley,ENG,1651.89
2016-11-15,Burton,ENG,1388.26
2016-11-15,Cardiff,ENG,1429.55
2016-11-15,Chelsea,ENG,1840.46
2016-11-15,Crystal Palace,ENG,1627.09
2016-11-15,Derby,ENG,1513.17
2016-11-15,Everton,ENG,1711.93
2016-11-15,Fulham,ENG,1458.99
2016-11-15,Huddersfield,ENG,1451.63
2016-11-15,Hull,ENG,1579.82
2016-11-15,Ipswich,ENG,1492.3
2016-11-15,Leeds,ENG,1480.97
2016-11-15,Leicester,ENG,1780.51
2016-11-15,Liverpool,ENG,1841.3
2016-11-15,Man City,ENG,1876.87
2016-11-15,Man United,ENG,1775.05
2016-11-15,Middlesbrough,ENG,1611.58
2016-11-15,Newcastle,ENG,1656.25
2016-11-15,Norwich,ENG,1551.1
2016-11-15,Nottm Forest,ENG,1418.1
2016-11-15,Preston,ENG,1482.23
2016-11-15,QPR,ENG,1465.13
2016-11-15,Reading,ENG,1457.94
2016-11-15,Rotherham,ENG,1350.35
2016-11-15,Sheffield Weds,ENG,1509.69
2016-11-15,Southampton,ENG,1756.56
2016-11-15,Stoke,ENG,1675.13
2016-11-15,Sunderland,ENG,1610.74
2016-11-15,Swansea,ENG,1638.68
2016-11-15,Tottenham,ENG,1815.76
2016-11-15,Watford,ENG,1646.26
2016-11-15,West Brom,ENG,1654.74
2016-11-15,West Ham,ENG,1660.47
2016-11-15,Wigan,ENG,1362.54
2016-11-15,Wolves,ENG,1449.91
2016-12-01,Arsenal,ENG,1867.52
2016-12-01,Aston Villa,ENG,1508.89
2016-12-01,Barnsley,ENG,1384.88
2016-12-01,Birmingham,ENG,1492.35
2016-12-01,Blackburn,ENG,1443.42
2016-12-01,Bournemouth,ENG,1625.33
2016-12-01,Brentford,ENG,1471.74
2016-12-01,Brighton,ENG,1594.79
2016-12-01,Bristol City,ENG,1435.27
2016-12-01,Burnley,ENG,1631.16
2016-12-01,Burton,ENG,1379.98
2016-12-01,Cardiff,ENG,1425.92
2016-12-01,Chelsea,ENG,1846.79
2016-12-01,Crystal Palace,ENG,1613.89
2016-12-01,Derby,ENG,1522.45
2016-12-01,Everton,ENG,1699.2
2016-12-01,Fulham,ENG,1451.71
2016-12-01,Huddersfield,ENG,1429.49
2016-12-01,Hull,ENG,1567.2
2016-12-01,Ipswich,ENG,1484.37
2016-12-01,Leeds,ENG,1476.4
2016-12-01,Leicester,ENG,1764.17
2016-12-01,Liverpool,ENG,1840.19
2016-12-01,Man City,ENG,1878.78
2016-12-01,Man United,ENG,1773.39
2016-12-01,Middlesbrough,ENG,1609.68
2016-12-01,Newcastle,ENG,1645.23
2016-12-01,Norwich,ENG,1531.45
2016-12-01,Nottm Forest,ENG,1445.41
2016-12-01,Preston,ENG,1472.15
2016-12-01,QPR,ENG,1458.92
2016-12-01,Reading,ENG,1469.49
2016-12-01,Rotherham,ENG,1335.15
2016-12-01,Sheffield Weds,ENG,1517.55
2016-12-01,Southampton,ENG,1750.58
2016-12-01,Stoke,ENG,1669.84
2016-12-01,Sunderland,ENG,1614.31
2016-12-01,Swansea,ENG,1644.86
2016-12-01,Tottenham,ENG,1803.03
2016-12-01,Watford,ENG,1643.8
2016-12-01,West Brom,ENG,1663.44
2016-12-01,West Ham,ENG,1658.29
2016-12-01,Wigan,ENG,1373.14
2016-12-01,Wolves,ENG,1437.47
2016-12-15,Arsenal,ENG,1875.61
2016-12-15,Aston Villa,ENG,1494.45
2016-12-15,Barnsley,ENG,1408.13
2016-12-15,Birmingham,ENG,1469.66
2016-12-15,Blackburn,ENG,1427.83
2016-12-15,Bournemouth,ENG,1637.68
2016-12-15,Brentford,ENG,1472.05
2016-12-15,Brighton,ENG,1601.42
2016-12-15,Bristol City,ENG,1428.94
2016-12-15,Burnley,ENG,1622.07
2016-12-15,Burton,ENG,1370.54
2016-12-15,Cardiff,ENG,1436.77
2016-12-15,Chelsea,ENG,1865.65
2016-12-15,Crystal Palace,ENG,1623.7
2016-12-15,Derby,ENG,1541.97
2016-12-15,Everton,ENG,1700.88
2016-12-15,Fulham,ENG,1469.9
2016-12-15,Huddersfield,ENG,1444.5
2016-12-15,Hull,ENG,1556.53
2016-12-15,Ipswich,ENG,1461.59
2016-12-15,Leeds,ENG,1487.49
2016-12-15,Leicester,ENG,1741.98
2016-12-15,Liverpool,ENG,1828.48
2016-12-15,Man City,ENG,1844.47
2016-12-15,Man United,ENG,1790.85
2016-12-15,Middlesbrough,ENG,1601.29
2016-12-15,Newcastle,ENG,1642.73
2016-12-15,Norwich,ENG,1536.51
2016-12-15,Nottm Forest,ENG,1445.5
2016-12-15,Preston,ENG,1471.82
2016-12-15,QPR,ENG,1429.89
2016-12-15,Reading,ENG,1451.95
2016-12-15,Rotherham,ENG,1333.79
2016-12-15,Sheffield Weds,ENG,1518.92
2016-12-15,Southampton,ENG,1729.3
2016-12-15,Stoke,ENG,1672.3
2016-12-15,Sunderland,ENG,1608.32
2016-12-15,Swansea,ENG,1637.93
2016-12-15,Tottenham,ENG,1810.0
2016-12-15,Watford,ENG,1637.73
2016-12-15,West Brom,ENG,1675.92
2016-12-15,West Ham,ENG,1659.71
2016-12-15,Wigan,ENG,1356.89
2016-12-15,Wolves,ENG,1437.69
2017-01-01,Arsenal,ENG,1871.21
2017-01-01,Aston Villa,ENG,1504.53
2017-01-01,Barnsley,ENG,1426.84
2017-01-01,Birmingham,ENG,1459.3
2017-01-01,Blackburn,ENG,1412.86
2017-01-01,Bournemouth,ENG,1639.61
2017-01-01,Brentford,ENG,1462.87
2017-01-01,Brighton,ENG,1612.8
2017-01-01,Bristol City,ENG,1409.02
2017-01-01,Burnley,ENG,1636.49
2017-01-01,Burton,ENG,1372.44
2017-01-01,Cardiff,ENG,1429.03
2017-01-01,Chelsea,ENG,1876.37
2017-01-01,Crystal Palace,ENG,1621.97
2017-01-01,Derby,ENG,1540.17
2017-01-01,Everton,ENG,1707.4
2017-01-01,Fulham,ENG,1484.84
2017-01-01,Huddersfield,ENG,1459.05
2017-01-01,Hull,ENG,1550.28
2017-01-01,Ipswich,ENG,1461.08
2017-01-01,Leeds,ENG,1511.53
2017-01-01,Leicester,ENG,1731.6
2017-01-01,Liverpool,ENG,1846.62
2017-01-01,Man City,ENG,1849.76
2017-01-01,Man United,ENG,1807.3
2017-01-01,Middlesbrough,ENG,1604.71
2017-01-01,Newcastle,ENG,1636.96
2017-01-01,Norwich,ENG,1513.67
2017-01-01,Nottm Forest,ENG,1422.26
2017-01-01,Preston,ENG,1464.26
2017-01-01,QPR,ENG,1427.84
2017-01-01,Reading,ENG,1470.89
2017-01-01,Rotherham,ENG,1329.06
2017-01-01,Sheffield Weds,ENG,1533.97
2017-01-01,Southampton,ENG,1714.78
2017-01-01,Stoke,ENG,1663.59
2017-01-01,Sunderland,ENG,1600.66
2017-01-01,Swansea,ENG,1594.86
2017-01-01,Tottenham,ENG,1826.26
2017-01-01,Watford,ENG,1628.69
2017-01-01,West Brom,ENG,1675.0
2017-01-01,West Ham,ENG,1673.26
2017-01-01,Wigan,ENG,1349.19
2017-01-01,Wolves,ENG,1446.5
2017-01-15,Arsenal,ENG,1875.97
2017-01-15,Aston Villa,ENG,1488.36
2017-01-15,Barnsley,ENG,1428.65
2017-01-15,Birmingham,ENG,1443.35
2017-01-15,Blackburn,ENG,1419.08
2017-01-15,Bournemouth,ENG,1631.47
2017-01-15,Brentford,ENG,1470.46
2017-01-15,Brighton,ENG,1604.32
2017-01-15,Bristol City,ENG,1392.56
2017-01-15,Burnley,ENG,1642.42
2017-01-15,Burton,ENG,1350.43
2017-01-15,Cardiff,ENG,1446.06
2017-01-15,Chelsea,ENG,1876.33
2017-01-15,Crystal Palace,ENG,1600.11
2017-01-15,Derby,ENG,1521.0
2017-01-15,Everton,ENG,1719.02
2017-01-15,Fulham,ENG,1486.07
2017-01-15,Huddersfield,ENG,1458.63
2017-01-15,Hull,ENG,1557.51
2017-01-15,Ipswich,ENG,1459.56
2017-01-15,Leeds,ENG,1523.24
2017-01-15,Leicester,ENG,1719.21
2017-01-15,Liverpool,ENG,1841.74
2017-01-15,Man City,ENG,1852.16
2017-01-15,Man United,ENG,1815.99
2017-01-15,Middlesbrough,ENG,1608.53
2017-01-15,Newcastle,ENG,1630.54
2017-01-15,Norwich,ENG,1514.52
2017-01-15,Nottm Forest,ENG,1415.65
2017-01-15,Preston,ENG,1486.31
2017-01-15,QPR,ENG,1446.27
2017-01-15,Reading,ENG,1467.77
2017-01-15,Rotherham,ENG,1335.67
2017-01-15,Sheffield Weds,ENG,1537.17
2017-01-15,Southampton,ENG,1694.83
2017-01-15,Stoke,ENG,1682.38
2017-01-15,Sunderland,ENG,1594.44
2017-01-15,Swansea,ENG,1598.42
2017-01-15,Tottenham,ENG,1851.05
2017-01-15,Watford,ENG,1610.99
2017-01-15,West Brom,ENG,1674.35
2017-01-15,West Ham,ENG,1673.5
2017-01-15,Wigan,ENG,1357.07
2017-01-15,Wolves,ENG,1458.2
2017-02-01,Arsenal,ENG,1862.85
2017-02-01,Aston Villa,ENG,1474.53
2017-02-01,Barnsley,ENG,1431.15
2017-02-01,Birmingham,ENG,1429.31
2017-02-01,Blackburn,ENG,1417.89
2017-02-01,Bournemouth,ENG,1613.71
2017-02-01,Brentford,ENG,1473.08
2017-02-01,Brighton,ENG,1612.42
2017-02-01,Bristol City,ENG,1388.95
2017-02-01,Burnley,ENG,1648.4
2017-02-01,Burton,ENG,1358.64
2017-02-01,Cardiff,ENG,1451.91
2017-02-01,Chelsea,ENG,1878.69
2017-02-01,Crystal Palace,ENG,1609.36
2017-02-01,Derby,ENG,1540.16
2017-02-01,Everton,ENG,1744.8
2017-02-01,Fulham,ENG,1480.12
2017-02-01,Huddersfield,ENG,1467.74
2017-02-01,Hull,ENG,1555.68
2017-02-01,Ipswich,ENG,1439.55
2017-02-01,Leeds,ENG,1520.42
2017-02-01,Leicester,ENG,1699.12
2017-02-01,Liverpool,ENG,1827.38
2017-02-01,Man City,ENG,1831.11
2017-02-01,Man United,ENG,1813.0
2017-02-01,Middlesbrough,ENG,1597.38
2017-02-01,Newcastle,ENG,1633.46
2017-02-01,Norwich,ENG,1528.12
2017-02-01,Nottm Forest,ENG,1421.42
2017-02-01,Preston,ENG,1474.78
2017-02-01,QPR,ENG,1433.04
2017-02-01,Reading,ENG,1483.84
2017-02-01,Rotherham,ENG,1319.68
2017-02-01,Sheffield Weds,ENG,1529.99
2017-02-01,Southampton,ENG,1698.14
2017-02-01,Stoke,ENG,1684.28
2017-02-01,Sunderland,ENG,1593.02
2017-02-01,Swansea,ENG,1622.07
2017-02-01,Tottenham,ENG,1847.3
2017-02-01,Watford,ENG,1628.61
2017-02-01,West Brom,ENG,1680.44
2017-02-01,West Ham,ENG,1685.08
2017-02-01,Wigan,ENG,1366.36
2017-02-01,Wolves,ENG,1464.39
2017-02-15,Arsenal,ENG,1856.79
2017-02-15,Aston Villa,ENG,1441.09
2017-02-15,Barnsley,ENG,1448.79
2017-02-15,Birmingham,ENG,1424.61
2017-02-15,Blackburn,ENG,1413.06
2017-02-15,Bournemouth,ENG,1602.18
2017-02-15,Brentford,ENG,1460.02
2017-02-15,Brighton,ENG,1594.24
2017-02-15,Bristol City,ENG,1395.11
2017-02-15,Burnley,ENG,1646.21
2017-02-15,Burton,ENG,1355.17
2017-02-15,Cardiff,ENG,1472.62
2017-02-15,Chelsea,ENG,1882.35
2017-02-15,Crystal Palace,ENG,1584.73
2017-02-15,Derby,ENG,1518.63
2017-02-15,Everton,ENG,1748.66
2017-02-15,Fulham,ENG,1490.13
2017-02-15,Huddersfield,ENG,1503.19
2017-02-15,Hull,ENG,1578.93
2017-02-15,Ipswich,ENG,1455.33
2017-02-15,Leeds,ENG,1507.57
2017-02-15,Leicester,ENG,1675.5
2017-02-15,Liverpool,ENG,1819.18
2017-02-15,Man City,ENG,1850.44
2017-02-15,Man United,ENG,1821.89
2017-02-15,Middlesbrough,ENG,1597.84
2017-02-15,Newcastle,ENG,1636.01
2017-02-15,Norwich,ENG,1541.52
2017-02-15,Nottm Forest,ENG,1416.45
2017-02-15,Preston,ENG,1489.4
2017-02-15,QPR,ENG,1424.11
2017-02-15,Reading,ENG,1486.88
2017-02-15,Rotherham,ENG,1310.75
2017-02-15,Sheffield Weds,ENG,1546.75
2017-02-15,Southampton,ENG,1699.4
2017-02-15,Stoke,ENG,1681.82
2017-02-15,Sunderland,ENG,1597.27
2017-02-15,Swansea,ENG,1631.15
2017-02-15,Tottenham,ENG,1839.24
2017-02-15,Watford,ENG,1631.68
2017-02-15,West Brom,ENG,1688.98
2017-02-15,West Ham,ENG,1686.14
2017-02-15,Wigan,ENG,1372.05
2017-02-15,Wolves,ENG,1437.48
2017-03-01,Arsenal,ENG,1844.3
2017-03-01,Aston Villa,ENG,1449.41
2017-03-01,Barnsley,ENG,1436.72
2017-03-01,Birmingham,ENG,1414.58
2017-03-01,Blackburn,ENG,1418.71
2017-03-01,Bournemouth,ENG,1594.02
2017-03-01,Brentford,ENG,1472.4
2017-03-01,Brighton,ENG,1596.39
2017-03-01,Bristol City,ENG,1381.28
2017-03-01,Burnley,ENG,1642.37
2017-03-01,Burton,ENG,1367.34
2017-03-01,Cardiff,ENG,1474.32
2017-03-01,Chelsea,ENG,1881.26
2017-03-01,Crystal Palace,ENG,1587.89
2017-03-01,Derby,ENG,1492.12
2017-03-01,Everton,ENG,1749.45
2017-03-01,Fulham,ENG,1497.68
2017-03-01,Huddersfield,ENG,1505.23
2017-03-01,Hull,ENG,1575.28
2017-03-01,Ipswich,ENG,1455.05
2017-03-01,Leeds,ENG,1511.53
2017-03-01,Leicester,ENG,1685.54
2017-03-01,Liverpool,ENG,1801.24
2017-03-01,Man City,ENG,1853.88
2017-03-01,Man United,ENG,1830.49
2017-03-01,Middlesbrough,ENG,1587.2
2017-03-01,Newcastle,ENG,1637.9
2017-03-01,Norwich,ENG,1522.86
2017-03-01,Nottm Forest,ENG,1406.87
2017-03-01,Preston,ENG,1489.72
2017-03-01,QPR,ENG,1436.73
2017-03-01,Reading,ENG,1470.54
2017-03-01,Rotherham,ENG,1296.29
2017-03-01,Sheffield Weds,ENG,1530.11
2017-03-01,Southampton,ENG,1695.66
2017-03-01,Stoke,ENG,1671.08
2017-03-01,Sunderland,ENG,1588.99
2017-03-01,Swansea,ENG,1624.75
2017-03-01,Tottenham,ENG,1820.44
2017-03-01,Watford,ENG,1627.66
2017-03-01,West Brom,ENG,1689.65
2017-03-01,West Ham,ENG,1682.67
2017-03-01,Wigan,ENG,1364.14
2017-03-01,Wolves,ENG,1423.09
2017-03-15,Arsenal,ENG,1836.79
2017-03-15,Aston Villa,ENG,1470.11
2017-03-15,Barnsley,ENG,1430.05
2017-03-15,Birmingham,ENG,1402.41
2017-03-15,Blackburn,ENG,1437.41
2017-03-15,Bournemouth,ENG,1614.75
2017-03-15,Brentford,ENG,1467.69
2017-03-15,Brighton,ENG,1594.85
2017-03-15,Bristol City,ENG,1395.91
2017-03-15,Burnley,ENG,1638.51
2017-03-15,Burton,ENG,1388.7
2017-03-15,Cardiff,ENG,1469.68
2017-03-15,Chelsea,ENG,1891.72
2017-03-15,Crystal Palace,ENG,1611.19
2017-03-15,Derby,ENG,1492.77
2017-03-15,Everton,ENG,1758.61
2017-03-15,Fulham,ENG,1524.28
2017-03-15,Huddersfield,ENG,1516.41
2017-03-15,Hull,ENG,1583.18
2017-03-15,Ipswich,ENG,1457.57
2017-03-15,Leeds,ENG,1525.35
2017-03-15,Leicester,ENG,1716.0
2017-03-15,Liverpool,ENG,1819.77
2017-03-15,Man City,ENG,1858.33
2017-03-15,Man United,ENG,1830.71
2017-03-15,Middlesbrough,ENG,1586.38
2017-03-15,Newcastle,ENG,1631.36
2017-03-15,Norwich,ENG,1510.32
2017-03-15,Nottm Forest,ENG,1416.23
2017-03-15,Preston,ENG,1500.04
2017-03-15,QPR,ENG,1459.42
2017-03-15,Reading,ENG,1473.51
2017-03-15,Rotherham,ENG,1285.9
2017-03-15,Sheffield Weds,ENG,1529.86
2017-03-15,Southampton,ENG,1709.37
2017-03-15,Stoke,ENG,1689.41
2017-03-15,Sunderland,ENG,1589.72
2017-03-15,Swansea,ENG,1629.34
2017-03-15,Tottenham,ENG,1830.75
2017-03-15,Watford,ENG,1625.29
2017-03-15,West Brom,ENG,1669.58
2017-03-15,West Ham,ENG,1675.54
2017-03-15,Wigan,ENG,1366.38
2017-03-15,Wolves,ENG,1440.97
2017-04-01,Arsenal,ENG,1818.45
2017-04-01,Aston Villa,ENG,1476.92
2017-04-01,Barnsley,ENG,1420.25
2017-04-01,Birmingham,ENG,1403.12
2017-04-01,Blackburn,ENG,1433.64
2017-04-01,Bournemouth,ENG,1620.27
2017-04-01,Brentford,ENG,1474.92
2017-04-01,Brighton,ENG,1579.72
2017-04-01,Bristol City,ENG,1411.06
2017-04-01,Burnley,ENG,1635.49
2017-04-01,Burton,ENG,1374.28
2017-04-01,Cardiff,ENG,1474.67
2017-04-01,Chelsea,ENG,1892.9
2017-04-01,Crystal Palace,ENG,1614.2
2017-04-01,Derby,ENG,1494.67
2017-04-01,Everton,ENG,1760.61
2017-04-01,Fulham,ENG,1503.95
2017-04-01,Huddersfield,ENG,1494.07
2017-04-01,Hull,ENG,1573.99
2017-04-01,Ipswich,ENG,1445.39
2017-04-01,Leeds,ENG,1533.29
2017-04-01,Leicester,ENG,1720.99
2017-04-01,Liverpool,ENG,1818.8
2017-04-01,Man City,ENG,1836.25
2017-04-01,Man United,ENG,1837.49
2017-04-01,Middlesbrough,ENG,1577.07
2017-04-01,Newcastle,ENG,1623.46
2017-04-01,Norwich,ENG,1512.93
2017-04-01,Nottm Forest,ENG,1412.86
2017-04-01,Preston,ENG,1496.63
2017-04-01,QPR,ENG,1455.74
2017-04-01,Reading,ENG,1486.01
2017-04-01,Rotherham,ENG,1276.68
2017-04-01,Sheffield Weds,ENG,1510.18
2017-04-01,Southampton,ENG,1702.08
2017-04-01,Stoke,ENG,1681.05
2017-04-01,Sunderland,ENG,1585.54
2017-04-01,Swansea,ENG,1616.64
2017-04-01,Tottenham,ENG,1830.86
2017-04-01,Watford,ENG,1615.09
2017-04-01,West Brom,ENG,1680.72
2017-04-01,West Ham,ENG,1663.36
2017-04-01,Wigan,ENG,1352.38
2017-04-01,Wolves,ENG,1454.11
2017-04-15,Arsenal,ENG,1802.87
2017-04-15,Aston Villa,ENG,1491.69
2017-04-15,Barnsley,ENG,1426.17
2017-04-15,Birmingham,ENG,1393.44
2017-04-15,Blackburn,ENG,1419.91
2017-04-15,Bournemouth,ENG,1625.66
2017-04-15,Brentford,ENG,1498.22
2017-04-15,Brighton,ENG,1603.12
2017-04-15,Bristol City,ENG,1412.93
2017-04-15,Burnley,ENG,1636.29
2017-04-15,Burton,ENG,1377.05
2017-04-15,Cardiff,ENG,1467.58
2017-04-15,Chelsea,ENG,1888.05
2017-04-15,Crystal Palace,ENG,1642.02
2017-04-15,Derby,ENG,1498.48
2017-04-15,Everton,ENG,1765.41
2017-04-15,Fulham,ENG,1519.96
2017-04-15,Huddersfield,ENG,1487.6
2017-04-15,Hull,ENG,1588.82
2017-04-15,Ipswich,ENG,1451.62
2017-04-15,Leeds,ENG,1530.57
2017-04-15,Leicester,ENG,1724.19
2017-04-15,Liverpool,ENG,1825.09
2017-04-15,Man City,ENG,1835.28
2017-04-15,Man United,ENG,1836.24
2017-04-15,Middlesbrough,ENG,1570.97
2017-04-15,Newcastle,ENG,1613.4
2017-04-15,Norwich,ENG,1492.81
2017-04-15,Nottm Forest,ENG,1412.63
2017-04-15,Preston,ENG,1485.71
2017-04-15,QPR,ENG,1436.72
2017-04-15,Reading,ENG,1485.16
2017-04-15,Rotherham,ENG,1263.85
2017-04-15,Sheffield Weds,ENG,1529.42
2017-04-15,Southampton,ENG,1713.96
2017-04-15,Stoke,ENG,1660.13
2017-04-15,Sunderland,ENG,1568.5
2017-04-15,Swansea,ENG,1602.37
2017-04-15,Tottenham,ENG,1848.49
2017-04-15,Watford,ENG,1627.6
2017-04-15,West Brom,ENG,1665.84
2017-04-15,West Ham,ENG,1655.14
2017-04-15,Wigan,ENG,1355.84
2017-04-15,Wolves,ENG,1448.16
2017-05-01,Arsenal,ENG,1805.3
2017-05-01,Aston Villa,ENG,1467.51
2017-05-01,Barnsley,ENG,1417.79
2017-05-01,Birmingham,ENG,1387.52
2017-05-01,Blackburn,ENG,1429.04
2017-05-01,Bournemouth,ENG,1640.7
2017-05-01,Brentford,ENG,1508.98
2017-05-01,Brighton,ENG,1579.78
2017-05-01,Bristol City,ENG,1436.66
2017-05-01,Burnley,ENG,1641.38
2017-05-01,Burton,ENG,1405.46
2017-05-01,Cardiff,ENG,1462.57
2017-05-01,Chelsea,ENG,1894.75
2017-05-01,Crystal Palace,ENG,1636.2
2017-05-01,Derby,ENG,1498.79
2017-05-01,Everton,ENG,1757.71
2017-05-01,Fulham,ENG,1540.14
2017-05-01,Huddersfield,ENG,1472.83
2017-05-01,Hull,ENG,1598.54
2017-05-01,Ipswich,ENG,1447.84
2017-05-01,Leeds,ENG,1507.72
2017-05-01,Leicester,ENG,1728.14
2017-05-01,Liverpool,ENG,1817.71
2017-05-01,Man City,ENG,1841.05
2017-05-01,Man United,ENG,1853.59
2017-05-01,Middlesbrough,ENG,1569.34
2017-05-01,Newcastle,ENG,1614.17
2017-05-01,Norwich,ENG,1521.63
2017-05-01,Nottm Forest,ENG,1408.96
2017-05-01,Preston,ENG,1461.49
2017-05-01,QPR,ENG,1431.84
2017-05-01,Reading,ENG,1497.49
2017-05-01,Rotherham,ENG,1280.75
2017-05-01,Sheffield Weds,ENG,1551.46
2017-05-01,Southampton,ENG,1694.13
2017-05-01,Stoke,ENG,1654.06
2017-05-01,Sunderland,ENG,1554.9
2017-05-01,Swansea,ENG,1616.38
2017-05-01,Tottenham,ENG,1865.51
2017-05-01,Watford,ENG,1623.73
2017-05-01,West Brom,ENG,1652.12
2017-05-01,West Ham,ENG,1659.27
2017-05-01,Wigan,ENG,1352.88
2017-05-01,Wolves,ENG,1441.15
2017-05-15,Arsenal,ENG,1837.19
2017-05-15,Aston Villa,ENG,1470.28
2017-05-15,Barnsley,ENG,1415.57
2017-05-15,Birmingham,ENG,1400.78
2017-05-15,Blackburn,ENG,1447.95
2017-05-15,Bournemouth,ENG,1646.69
2017-05-15,Brentford,ENG,1493.78
2017-05-15,Brighton,ENG,1580.72
2017-05-15,Bristol City,ENG,1427.11
2017-05-15,Burnley,ENG,1635.23
2017-05-15,Burton,ENG,1396.37
2017-05-15,Cardiff,ENG,1482.45
2017-05-15,Chelsea,ENG,1902.82
2017-05-15,Crystal Palace,ENG,1643.24
2017-05-15,Derby,ENG,1496.88
2017-05-15,Everton,ENG,1753.27
2017-05-15,Fulham,ENG,1548.9
2017-05-15,Huddersfield,ENG,1456.56
2017-05-15,Hull,ENG,1574.22
2017-05-15,Ipswich,ENG,1437.63
2017-05-15,Leeds,ENG,1507.46
2017-05-15,Leicester,ENG,1732.78
2017-05-15,Liverpool,ENG,1831.47
2017-05-15,Man City,ENG,1851.57
2017-05-15,Man United,ENG,1844.77
2017-05-15,Middlesbrough,ENG,1562.03
2017-05-15,Newcastle,ENG,1620.1
2017-05-15,Norwich,ENG,1531.49
2017-05-15,Nottm Forest,ENG,1422.88
2017-05-15,Preston,ENG,1456.78
2017-05-15,QPR,ENG,1425.69
2017-05-15,Reading,ENG,1513.77
2017-05-15,Rotherham,ENG,1286.38
2017-05-15,Sheffield Weds,ENG,1543.05
2017-05-15,Southampton,ENG,1698.48
2017-05-15,Stoke,ENG,1648.08
2017-05-15,Sunderland,ENG,1560.65
2017-05-15,Swansea,ENG,1639.89
2017-05-15,Tottenham,ENG,1862.23
2017-05-15,Watford,ENG,1610.79
2017-05-15,West Brom,ENG,1651.82
2017-05-15,West Ham,ENG,1660.15
2017-05-15,Wigan,ENG,1356.85
2017-05-15,Wolves,ENG,1449.57
2017-06-01,Arsenal,ENG,1847.95
2017-06-01,Aston Villa,ENG,1473.03
2017-06-01,Barnsley,ENG,1418.31
2017-06-01,Birmingham,ENG,1403.52
2017-06-01,Blackburn,ENG,1450.7
2017-06-01,Bournemouth,ENG,1653.42
2017-06-01,Brentford,ENG,1496.53
2017-06-01,Brighton,ENG,1583.46
2017-06-01,Bristol City,ENG,1429.86
2017-06-01,Burnley,ENG,1628.65
2017-06-01,Burton,ENG,1399.12
2017-06-01,Cardiff,ENG,1485.19
2017-06-01,Chelsea,ENG,1909.06
2017-06-01,Crystal Palace,ENG,1642.53
2017-06-01,Derby,ENG,1499.62
2017-06-01,Everton,ENG,1750.16
2017-06-01,Fulham,ENG,1542.89
2017-06-01,Huddersfield,ENG,1475.46
2017-06-01,Hull,ENG,1569.64
2017-06-01,Ipswich,ENG,1440.37
2017-06-01,Leeds,ENG,1510.21
2017-06-01,Leicester,ENG,1716.66
2017-06-01,Liverpool,ENG,1837.08
2017-06-01,Man City,ENG,1866.47
2017-06-01,Man United,ENG,1857.47
2017-06-01,Middlesbrough,ENG,1561.91
2017-06-01,Newcastle,ENG,1622.84
2017-06-01,Norwich,ENG,1534.24
2017-06-01,Nottm Forest,ENG,1425.63
2017-06-01,Preston,ENG,1459.52
2017-06-01,QPR,ENG,1428.44
2017-06-01,Reading,ENG,1523.8
2017-06-01,Rotherham,ENG,1289.12
2017-06-01,Sheffield Weds,ENG,1531.1
2017-06-01,Southampton,ENG,1691.73
2017-06-01,Stoke,ENG,1662.28
2017-06-01,Sunderland,ENG,1559.14
2017-06-01,Swansea,ENG,1649.03
2017-06-01,Tottenham,ENG,1887.18
2017-06-01,Watford,ENG,1603.33
2017-06-01,West Brom,ENG,1644.8
2017-06-01,West Ham,ENG,1672.22
2017-06-01,Wigan,ENG,1359.59
2017-06-01,Wolves,ENG,1452.31
2017-06-15,Arsenal,ENG,1847.95
2017-06-15,Aston Villa,ENG,1473.03
2017-06-15,Barnsley,ENG,1418.31
2017-06-15,Birmingham,ENG,1403.52
2017-06-15,Blackburn,ENG,1450.7
2017-06-15,Bournemouth,ENG,1653.42
2017-06-15,Brentford,ENG,1496.53
2017-06-15,Brighton,ENG,1583.46
2017-06-15,Bristol City,ENG,1429.86
2017-06-15,Burnley,ENG,1628.65
2017-06-15,Burton,ENG,1399.12
2017-06-15,Cardiff,ENG,1485.19
2017-06-15,Chelsea,ENG,1909.06
2017-06-15,Crystal Palace,ENG,1642.53
2017-06-15,Derby,ENG,1499.62
2017-06-15,Everton,ENG,1750.16
2017-06-15,Fulham,ENG,1542.89
2017-06-15,Huddersfield,ENG,1475.46
2017-06-15,Hull,ENG,1569.64
2017-06-15,Ipswich,ENG,1440.37
2017-06-15,Leeds,ENG,1510.21
2017-06-15,Leicester,ENG,1716.66
2017-06-15,Liverpool,ENG,1837.08
2017-06-15,Man City,ENG,1866.47
2017-06-15,Man United,ENG,1857.47
2017-06-15,Middlesbrough,ENG,1561.91
2017-06-15,Newcastle,ENG,1622.84
2017-06-15,Norwich,ENG,1534.24
2017-06-15,Nottm Forest,ENG,1425.63
2017-06-15,Preston,ENG,1459.52
2017-06-15,QPR,ENG,1428.44
2017-06-15,Reading,ENG,1523.8
2017-06-15,Rotherham,ENG,1289.12
2017-06-15,Sheffield Weds,ENG,1531.1
2017-06-15,Southampton,ENG,1691.73
2017-06-15,Stoke,ENG,1662.28
2017-06-15,Sunderland,ENG,1559.14
2017-06-15,Swansea,ENG,1649.03
2017-06-15,Tottenham,ENG,1887.18
2017-06-15,Watford,ENG,1603.33
2017-06-15,West Brom,ENG,1644.8
2017-06-15,West Ham,ENG,1672.22
2017-06-15,Wigan,ENG,1359.59
2017-06-15,Wolves,ENG,1452.31
2017-07-01,Arsenal,ENG,1847.95
2017-07-01,Aston Villa,ENG,1473.03
2017-07-01,Barnsley,ENG,1418.31
2017-07-01,Birmingham,ENG,1403.52
2017-07-01,Blackburn,ENG,1450.7
2017-07-01,Bolton,ENG,1351.94
2017-07-01,Bournemouth,ENG,1653.42
2017-07-01,Brentford,ENG,1496.53
2017-07-01,Brighton,ENG,1583.46
2017-07-01,Bristol City,ENG,1429.86
2017-07-01,Burnley,ENG,1628.65
2017-07-01,Burton,ENG,1399.12
2017-07-01,Cardiff,ENG,1485.19
2017-07-01,Chelsea,ENG,1909.06
2017-07-01,Crystal Palace,ENG,1642.53
2017-07-01,Derby,ENG,1499.62
2017-07-01,Everton,ENG,1750.16
2017-07-01,Fulham,ENG,1542.89
2017-07-01,Huddersfield,ENG,1475.46
2017-07-01,Hull,ENG,1569.64
2017-07-01,Ipswich,ENG,1440.37
2017-07-01,Leeds,ENG,1510.21
2017-07-01,Leicester,ENG,1716.66
2017-07-01,Liverpool,ENG,1837.08
2017-07-01,Man City,ENG,1866.47
2017-07-01,Man United,ENG,1857.47
2017-07-01,Middlesbrough,ENG,1561.91
2017-07-01,Millwall,ENG,1351.94
2017-07-01,Newcastle,ENG,1622.84
2017-07-01,Norwich,ENG,1534.24
2017-07-01,Nottm Forest,ENG,1425.63
2017-07-01,Preston,ENG,1459.52
2017-07-01,QPR,ENG,1428.44
2017-07-01,Reading,ENG,1523.8
2017-07-01,Rotherham,ENG,1289.12
2017-07-01,Sheffield United,ENG,1351.94
2017-07-01,Sheffield Weds,ENG,1531.1
2017-07-01,Southampton,ENG,1691.73
2017-07-01,Stoke,ENG,1662.28
2017-07-01,Sunderland,ENG,1559.14
2017-07-01,Swansea,ENG,1649.03
2017-07-01,Tottenham,ENG,1887.18
2017-07-01,Watford,ENG,1603.33
2017-07-01,West Brom,ENG,1644.8
2017-07-01,West Ham,ENG,1672.22
2017-07-01,Wigan,ENG,1359.59
2017-07-01,Wolves,ENG,1452.31
2017-07-15,Arsenal,ENG,1847.95
2017-07-15,Aston Villa,ENG,1473.03
2017-07-15,Barnsley,ENG,1418.31
2017-07-15,Birmingham,ENG,1403.52
2017-07-15,Bolton,ENG,1351.94
2017-07-15,Bournemouth,ENG,1653.42
2017-07-15,Brentford,ENG,1496.53
2017-07-15,Brighton,ENG,1583.46
2017-07-15,Bristol City,ENG,1429.86
2017-07-15,Burnley,ENG,1628.65
2017-07-15,Burton,ENG,1399.12
2017-07-15,Cardiff,ENG,1485.19
2017-07-15,Chelsea,ENG,1909.06
2017-07-15,Crystal Palace,ENG,1642.53
2017-07-15,Derby,ENG,1499.62
2017-07-15,Everton,ENG,1750.16
2017-07-15,Fulham,ENG,1542.89
2017-07-15,Huddersfield,ENG,1475.46
2017-07-15,Hull,ENG,1569.64
2017-07-15,Ipswich,ENG,1440.37
2017-07-15,Leeds,ENG,1510.21
2017-07-15,Leicester,ENG,1716.66
2017-07-15,Liverpool,ENG,1837.08
2017-07-15,Man City,ENG,1866.47
2017-07-15,Man United,ENG,1857.47
2017-07-15,Middlesbrough,ENG,1561.91
2017-07-15,Millwall,ENG,1351.94
2017-07-15,Newcastle,ENG,1622.84
2017-07-15,Norwich,ENG,1534.24
2017-07-15,Nottm Forest,ENG,1425.63
2017-07-15,Preston,ENG,1459.52
2017-07-15,QPR,ENG,1428.44
2017-07-15,Reading,ENG,1523.8
2017-07-15,Sheffield United,ENG,1351.94
2017-07-15,Sheffield Weds,ENG,1531.1
2017-07-15,Southampton,ENG,1691.73
2017-07-15,Stoke,ENG,1662.28
2017-07-15,Sunderland,ENG,1559.14
2017-07-15,Swansea,ENG,1649.03
2017-07-15,Tottenham,ENG,1887.18
2017-07-15,Watford,ENG,1603.33
2017-07-15,West Brom,ENG,1644.8
2017-07-15,West Ham,ENG,1672.22
2017-07-15,Wolves,ENG,1452.31
2017-08-01,Arsenal,ENG,1847.96
2017-08-01,Aston Villa,ENG,1473.04
2017-08-01,Barnsley,ENG,1418.33
2017-08-01,Birmingham,ENG,1403.54
2017-08-01,Bolton,ENG,1351.95
2017-08-01,Bournemouth,ENG,1653.44
2017-08-01,Brentford,ENG,1496.54
2017-08-01,Brighton,ENG,1583.48
2017-08-01,Bristol City,ENG,1429.87
2017-08-01,Burnley,ENG,1628.67
2017-08-01,Burton,ENG,1399.13
2017-08-01,Cardiff,ENG,1485.2
2017-08-01,Chelsea,ENG,1909.08
2017-08-01,Crystal Palace,ENG,1642.54
2017-08-01,Derby,ENG,1499.63
2017-08-01,Everton,ENG,1750.22
2017-08-01,Fulham,ENG,1542.91
2017-08-01,Huddersfield,ENG,1475.48
2017-08-01,Hull,ENG,1569.65
2017-08-01,Ipswich,ENG,1440.39
2017-08-01,Leeds,ENG,1510.22
2017-08-01,Leicester,ENG,1716.67
2017-08-01,Liverpool,ENG,1837.09
2017-08-01,Man City,ENG,1866.48
2017-08-01,Man United,ENG,1857.48
2017-08-01,Middlesbrough,ENG,1561.92
2017-08-01,Millwall,ENG,1351.95
2017-08-01,Newcastle,ENG,1622.86
2017-08-01,Norwich,ENG,1534.25
2017-08-01,Nottm Forest,ENG,1425.64
2017-08-01,Preston,ENG,1459.54
2017-08-01,QPR,ENG,1428.45
2017-08-01,Reading,ENG,1523.81
2017-08-01,Sheffield United,ENG,1351.95
2017-08-01,Sheffield Weds,ENG,1531.11
2017-08-01,Southampton,ENG,1691.74
2017-08-01,Stoke,ENG,1662.29
2017-08-01,Sunderland,ENG,1559.16
2017-08-01,Swansea,ENG,1649.05
2017-08-01,Tottenham,ENG,1887.19
2017-08-01,Watford,ENG,1603.35
2017-08-01,West Brom,ENG,1644.81
2017-08-01,West Ham,ENG,1672.23
2017-08-01,Wolves,ENG,1452.33
2017-08-15,Arsenal,ENG,1851.6
2017-08-15,Aston Villa,ENG,1464.03
2017-08-15,Barnsley,ENG,1401.3
2017-08-15,Birmingham,ENG,1405.43
2017-08-15,Bolton,ENG,1348.5
2017-08-15,Bournemouth,ENG,1647.5
2017-08-15,Brentford,ENG,1475.7
2017-08-15,Brighton,ENG,1579.08
2017-08-15,Bristol City,ENG,1431.42
2017-08-15,Burnley,ENG,1644.61
2017-08-15,Burton,ENG,1387.04
2017-08-15,Cardiff,ENG,1503.28
2017-08-15,Chelsea,ENG,1893.78
2017-08-15,Crystal Palace,ENG,1618.87
2017-08-15,Derby,ENG,1487.63
2017-08-15,Everton,ENG,1755.67
2017-08-15,Fulham,ENG,1542.27
2017-08-15,Huddersfield,ENG,1499.79
2017-08-15,Hull,ENG,1573.96
2017-08-15,Ipswich,ENG,1455.26
2017-08-15,Leeds,ENG,1513.07
2017-08-15,Leicester,ENG,1713.68
2017-08-15,Liverpool,ENG,1833.19
2017-08-15,Man City,ENG,1871.53
2017-08-15,Man United,ENG,1863.12
2017-08-15,Middlesbrough,ENG,1555.6
2017-08-15,Millwall,ENG,1345.51
2017-08-15,Newcastle,ENG,1618.11
2017-08-15,Norwich,ENG,1523.88
2017-08-15,Nottm Forest,ENG,1441.87
2017-08-15,Preston,ENG,1471.4
2017-08-15,QPR,ENG,1445.34
2017-08-15,Reading,ENG,1510.49
2017-08-15,Sheffield United,ENG,1359.49
2017-08-15,Sheffield Weds,ENG,1519.08
2017-08-15,Southampton,ENG,1688.75
2017-08-15,Stoke,ENG,1658.45
2017-08-15,Sunderland,ENG,1568.85
2017-08-15,Swansea,ENG,1652.69
2017-08-15,Tottenham,ENG,1892.58
2017-08-15,Watford,ENG,1607.9
2017-08-15,West Brom,ENG,1651.39
2017-08-15,West Ham,ENG,1667.23
2017-08-15,Wolves,ENG,1477.85
2017-09-01,Arsenal,ENG,1834.61
2017-09-01,Aston Villa,ENG,1476.58
2017-09-01,Barnsley,ENG,1424.19
2017-09-01,Birmingham,ENG,1390.76
2017-09-01,Bolton,ENG,1346.69
2017-09-01,Bournemouth,ENG,1633.6
2017-09-01,Brentford,ENG,1467.56
2017-09-01,Brighton,ENG,1583.24
2017-09-01,Bristol City,ENG,1434.85
2017-09-01,Burnley,ENG,1647.77
2017-09-01,Burton,ENG,1397.16
2017-09-01,Cardiff,ENG,1527.74
2017-09-01,Chelsea,ENG,1913.67
2017-09-01,Crystal Palace,ENG,1609.45
2017-09-01,Derby,ENG,1491.51
2017-09-01,Everton,ENG,1765.9
2017-09-01,Fulham,ENG,1550.18
2017-09-01,Huddersfield,ENG,1517.81
2017-09-01,Hull,ENG,1562.63
2017-09-01,Ipswich,ENG,1465.31
2017-09-01,Leeds,ENG,1544.84
2017-09-01,Leicester,ENG,1719.74
2017-09-01,Liverpool,ENG,1864.92
2017-09-01,Man City,ENG,1876.28
2017-09-01,Man United,ENG,1882.75
2017-09-01,Middlesbrough,ENG,1551.86
2017-09-01,Millwall,ENG,1369.36
2017-09-01,Newcastle,ENG,1627.33
2017-09-01,Norwich,ENG,1503.6
2017-09-01,Nottm Forest,ENG,1438.96
2017-09-01,Preston,ENG,1482.61
2017-09-01,QPR,ENG,1449.36
2017-09-01,Reading,ENG,1523.97
2017-09-01,Sheffield United,ENG,1381.9
2017-09-01,Sheffield Weds,ENG,1532.85
2017-09-01,Southampton,ENG,1696.97
2017-09-01,Stoke,ENG,1677.01
2017-09-01,Sunderland,ENG,1541.12
2017-09-01,Swansea,ENG,1661.72
2017-09-01,Tottenham,ENG,1881.32
2017-09-01,Watford,ENG,1625.73
2017-09-01,West Brom,ENG,1664.93
2017-09-01,West Ham,ENG,1654.33
2017-09-01,Wolves,ENG,1487.96
2017-09-15,Arsenal,ENG,1843.91
2017-09-15,Aston Villa,ENG,1476.8
2017-09-15,Barnsley,ENG,1430.13
2017-09-15,Birmingham,ENG,1385.17
2017-09-15,Bolton,ENG,1331.83
2017-09-15,Bournemouth,ENG,1631.95
2017-09-15,Brentford,ENG,1467.58
2017-09-15,Brighton,ENG,1597.35
2017-09-15,Bristol City,ENG,1452.62
2017-09-15,Burnley,ENG,1655.42
2017-09-15,Burton,ENG,1397.32
2017-09-15,Cardiff,ENG,1519.86
2017-09-15,Chelsea,ENG,1922.44
2017-09-15,Crystal Palace,ENG,1606.33
2017-09-15,Derby,ENG,1511.53
2017-09-15,Everton,ENG,1744.38
2017-09-15,Fulham,ENG,1555.64
2017-09-15,Huddersfield,ENG,1515.37
2017-09-15,Hull,ENG,1541.21
2017-09-15,Ipswich,ENG,1460.98
2017-09-15,Leeds,ENG,1558.41
2017-09-15,Leicester,ENG,1717.02
2017-09-15,Liverpool,ENG,1850.94
2017-09-15,Man City,ENG,1899.49
2017-09-15,Man United,ENG,1884.01
2017-09-15,Middlesbrough,ENG,1562.44
2017-09-15,Millwall,ENG,1372.36
2017-09-15,Newcastle,ENG,1640.66
2017-09-15,Norwich,ENG,1504.54
2017-09-15,Nottm Forest,ENG,1447.64
2017-09-15,Preston,ENG,1494.1
2017-09-15,QPR,ENG,1453.81
2017-09-15,Reading,ENG,1514.03
2017-09-15,Sheffield United,ENG,1406.31
2017-09-15,Sheffield Weds,ENG,1545.64
2017-09-15,Southampton,ENG,1682.36
2017-09-15,Stoke,ENG,1682.85
2017-09-15,Sunderland,ENG,1517.43
2017-09-15,Swansea,ENG,1652.92
2017-09-15,Tottenham,ENG,1902.21
2017-09-15,Watford,ENG,1644.88
2017-09-15,West Brom,ENG,1655.36
2017-09-15,West Ham,ENG,1661.3
2017-09-15,Wolves,ENG,1490.62
2017-10-01,Arsenal,ENG,1863.26
2017-10-01,Aston Villa,ENG,1523.87
2017-10-01,Barnsley,ENG,1431.69
2017-10-01,Birmingham,ENG,1391.36
2017-10-01,Bolton,ENG,1317.87
2017-10-01,Bournemouth,ENG,1642.29
2017-10-01,Brentford,ENG,1488.84
2017-10-01,Brighton,ENG,1608.49
2017-10-01,Bristol City,ENG,1495.79
2017-10-01,Burnley,ENG,1665.17
2017-10-01,Burton,ENG,1389.15
2017-10-01,Cardiff,ENG,1543.75
2017-10-01,Chelsea,ENG,1936.75
2017-10-01,Crystal Palace,ENG,1601.38
2017-10-01,Derby,ENG,1506.67
2017-10-01,Everton,ENG,1742.5
2017-10-01,Fulham,ENG,1569.42
2017-10-01,Huddersfield,ENG,1529.39
2017-10-01,Hull,ENG,1545.27
2017-10-01,Ipswich,ENG,1469.7
2017-10-01,Leeds,ENG,1550.92
2017-10-01,Leicester,ENG,1715.67
2017-10-01,Liverpool,ENG,1856.85
2017-10-01,Man City,ENG,1934.3
2017-10-01,Man United,ENG,1919.19
2017-10-01,Middlesbrough,ENG,1561.19
2017-10-01,Millwall,ENG,1393.4
2017-10-01,Newcastle,ENG,1648.84
2017-10-01,Norwich,ENG,1537.98
2017-10-01,Nottm Forest,ENG,1439.25
2017-10-01,Preston,ENG,1516.87
2017-10-01,QPR,ENG,1449.3
2017-10-01,Reading,ENG,1503.4
2017-10-01,Sheffield United,ENG,1432.52
2017-10-01,Sheffield Weds,ENG,1526.41
2017-10-01,Southampton,ENG,1687.33
2017-10-01,Stoke,ENG,1683.29
2017-10-01,Sunderland,ENG,1508.28
2017-10-01,Swansea,ENG,1652.41
2017-10-01,Tottenham,ENG,1918.13
2017-10-01,Watford,ENG,1657.04
2017-10-01,West Brom,ENG,1656.52
2017-10-01,West Ham,ENG,1673.87
2017-10-01,Wolves,ENG,1515.09
2017-10-15,Arsenal,ENG,1854.29
2017-10-15,Aston Villa,ENG,1514.41
2017-10-15,Barnsley,ENG,1433.51
2017-10-15,Birmingham,ENG,1401.66
2017-10-15,Bolton,ENG,1330.03
2017-10-15,Bournemouth,ENG,1640.69
2017-10-15,Brentford,ENG,1493.0
2017-10-15,Brighton,ENG,1605.87
2017-10-15,Bristol City,ENG,1491.22
2017-10-15,Burnley,ENG,1675.01
2017-10-15,Burton,ENG,1393.72
2017-10-15,Cardiff,ENG,1533.46
2017-10-15,Chelsea,ENG,1922.47
2017-10-15,Crystal Palace,ENG,1615.66
2017-10-15,Derby,ENG,1506.67
2017-10-15,Everton,ENG,1730.71
2017-10-15,Fulham,ENG,1566.15
2017-10-15,Huddersfield,ENG,1524.06
2017-10-15,Hull,ENG,1546.93
2017-10-15,Ipswich,ENG,1462.46
2017-10-15,Leeds,ENG,1527.88
2017-10-15,Leicester,ENG,1715.67
2017-10-15,Liverpool,ENG,1852.96
2017-10-15,Man City,ENG,1938.48
2017-10-15,Man United,ENG,1919.16
2017-10-15,Middlesbrough,ENG,1559.37
2017-10-15,Millwall,ENG,1389.23
2017-10-15,Newcastle,ENG,1652.76
2017-10-15,Norwich,ENG,1536.32
2017-10-15,Nottm Forest,ENG,1439.25
2017-10-15,Preston,ENG,1520.14
2017-10-15,QPR,ENG,1452.73
2017-10-15,Reading,ENG,1514.2
2017-10-15,Sheffield United,ENG,1439.76
2017-10-15,Sheffield Weds,ENG,1526.5
2017-10-15,Southampton,ENG,1687.33
2017-10-15,Stoke,ENG,1679.11
2017-10-15,Sunderland,ENG,1504.84
2017-10-15,Swansea,ENG,1657.74
2017-10-15,Tottenham,ENG,1919.73
2017-10-15,Watford,ENG,1668.63
2017-10-15,West Brom,ENG,1656.52
2017-10-15,West Ham,ENG,1675.81
2017-10-15,Wolves,ENG,1524.55
2017-11-01,Arsenal,ENG,1871.23
2017-11-01,Aston Villa,ENG,1520.56
2017-11-01,Barnsley,ENG,1443.33
2017-11-01,Birmingham,ENG,1394.64
2017-11-01,Bolton,ENG,1344.66
2017-11-01,Bournemouth,ENG,1648.79
2017-11-01,Brentford,ENG,1502.16
2017-11-01,Brighton,ENG,1628.14
2017-11-01,Bristol City,ENG,1502.94
2017-11-01,Burnley,ENG,1678.86
2017-11-01,Burton,ENG,1366.71
2017-11-01,Cardiff,ENG,1545.91
2017-11-01,Chelsea,ENG,1912.55
2017-11-01,Crystal Palace,ENG,1610.08
2017-11-01,Derby,ENG,1543.17
2017-11-01,Everton,ENG,1699.35
2017-11-01,Fulham,ENG,1536.38
2017-11-01,Huddersfield,ENG,1538.02
2017-11-01,Hull,ENG,1528.66
2017-11-01,Ipswich,ENG,1456.52
2017-11-01,Leeds,ENG,1521.92
2017-11-01,Leicester,ENG,1729.58
2017-11-01,Liverpool,ENG,1852.82
2017-11-01,Man City,ENG,1949.94
2017-11-01,Man United,ENG,1920.01
2017-11-01,Middlesbrough,ENG,1574.81
2017-11-01,Millwall,ENG,1400.57
2017-11-01,Newcastle,ENG,1655.36
2017-11-01,Norwich,ENG,1520.63
2017-11-01,Nottm Forest,ENG,1445.41
2017-11-01,Preston,ENG,1504.18
2017-11-01,QPR,ENG,1466.6
2017-11-01,Reading,ENG,1501.7
2017-11-01,Sheffield United,ENG,1454.38
2017-11-01,Sheffield Weds,ENG,1517.4
2017-11-01,Southampton,ENG,1690.87
2017-11-01,Stoke,ENG,1678.19
2017-11-01,Sunderland,ENG,1490.73
2017-11-01,Swansea,ENG,1647.73
2017-11-01,Tottenham,ENG,1927.62
2017-11-01,Watford,ENG,1657.09
2017-11-01,West Brom,ENG,1651.63
2017-11-01,West Ham,ENG,1656.85
2017-11-01,Wolves,ENG,1536.69
2017-11-15,Arsenal,ENG,1860.02
2017-11-15,Aston Villa,ENG,1526.54
2017-11-15,Barnsley,ENG,1453.59
2017-11-15,Birmingham,ENG,1380.5
2017-11-15,Bolton,ENG,1358.48
2017-11-15,Bournemouth,ENG,1661.12
2017-11-15,Brentford,ENG,1523.98
2017-11-15,Brighton,ENG,1641.02
2017-11-15,Bristol City,ENG,1513.35
2017-11-15,Burnley,ENG,1691.64
2017-11-15,Burton,ENG,1380.06
2017-11-15,Cardiff,ENG,1541.23
2017-11-15,Chelsea,ENG,1922.1
2017-11-15,Crystal Palace,ENG,1611.69
2017-11-15,Derby,ENG,1530.8
2017-11-15,Everton,ENG,1699.58
2017-11-15,Fulham,ENG,1530.09
2017-11-15,Huddersfield,ENG,1550.45
2017-11-15,Hull,ENG,1516.88
2017-11-15,Ipswich,ENG,1472.06
2017-11-15,Leeds,ENG,1515.41
2017-11-15,Leicester,ENG,1732.67
2017-11-15,Liverpool,ENG,1864.64
2017-11-15,Man City,ENG,1971.46
2017-11-15,Man United,ENG,1916.18
2017-11-15,Middlesbrough,ENG,1582.37
2017-11-15,Millwall,ENG,1392.93
2017-11-15,Newcastle,ENG,1648.75
2017-11-15,Norwich,ENG,1512.52
2017-11-15,Nottm Forest,ENG,1462.16
2017-11-15,Preston,ENG,1481.22
2017-11-15,QPR,ENG,1455.57
2017-11-15,Reading,ENG,1519.8
2017-11-15,Sheffield United,ENG,1471.87
2017-11-15,Sheffield Weds,ENG,1530.27
2017-11-15,Southampton,ENG,1683.8
2017-11-15,Stoke,ENG,1680.82
2017-11-15,Sunderland,ENG,1488.89
2017-11-15,Swansea,ENG,1640.56
2017-11-15,Tottenham,ENG,1943.15
2017-11-15,Watford,ENG,1654.26
2017-11-15,West Brom,ENG,1644.92
2017-11-15,West Ham,ENG,1651.84
2017-11-15,Wolves,ENG,1548.69
2017-12-01,Arsenal,ENG,1856.59
2017-12-01,Aston Villa,ENG,1535.87
2017-12-01,Barnsley,ENG,1418.64
2017-12-01,Birmingham,ENG,1378.19
2017-12-01,Bolton,ENG,1349.64
2017-12-01,Bournemouth,ENG,1649.94
2017-12-01,Brentford,ENG,1498.88
2017-12-01,Brighton,ENG,1625.32
2017-12-01,Bristol City,ENG,1503.25
2017-12-01,Burnley,ENG,1691.81
2017-12-01,Burton,ENG,1354.15
2017-12-01,Cardiff,ENG,1555.94
2017-12-01,Chelsea,ENG,1922.91
2017-12-01,Crystal Palace,ENG,1611.83
2017-12-01,Derby,ENG,1535.22
2017-12-01,Everton,ENG,1668.01
2017-12-01,Fulham,ENG,1529.1
2017-12-01,Huddersfield,ENG,1527.09
2017-12-01,Hull,ENG,1491.8
2017-12-01,Ipswich,ENG,1468.31
2017-12-01,Leeds,ENG,1514.2
2017-12-01,Leicester,ENG,1727.5
2017-12-01,Liverpool,ENG,1866.78
2017-12-01,Man City,ENG,1969.09
2017-12-01,Man United,ENG,1903.22
2017-12-01,Middlesbrough,ENG,1547.99
2017-12-01,Millwall,ENG,1384.21
2017-12-01,Newcastle,ENG,1620.8
2017-12-01,Norwich,ENG,1488.28
2017-12-01,Nottm Forest,ENG,1440.03
2017-12-01,Preston,ENG,1478.34
2017-12-01,QPR,ENG,1430.54
2017-12-01,Reading,ENG,1501.59
2017-12-01,Sheffield United,ENG,1458.79
2017-12-01,Sheffield Weds,ENG,1518.44
2017-12-01,Southampton,ENG,1677.63
2017-12-01,Stoke,ENG,1654.28
2017-12-01,Sunderland,ENG,1478.13
2017-12-01,Swansea,ENG,1619.52
2017-12-01,Tottenham,ENG,1906.75
2017-12-01,Watford,ENG,1662.33
2017-12-01,West Brom,ENG,1633.11
2017-12-01,West Ham,ENG,1620.78
2017-12-01,Wolves,ENG,1564.9
2017-12-15,Arsenal,ENG,1842.88
2017-12-15,Aston Villa,ENG,1534.85
2017-12-15,Barnsley,ENG,1399.28
2017-12-15,Birmingham,ENG,1372.93
2017-12-15,Bolton,ENG,1359.68
2017-12-15,Bournemouth,ENG,1651.03
2017-12-15,Brentford,ENG,1505.32
2017-12-15,Brighton,ENG,1606.02
2017-12-15,Bristol City,ENG,1521.98
2017-12-15,Burnley,ENG,1700.95
2017-12-15,Burton,ENG,1348.15
2017-12-15,Cardiff,ENG,1566.62
2017-12-15,Chelsea,ENG,1914.79
2017-12-15,Crystal Palace,ENG,1624.05
2017-12-15,Derby,ENG,1552.04
2017-12-15,Everton,ENG,1700.45
2017-12-15,Fulham,ENG,1525.87
2017-12-15,Huddersfield,ENG,1535.49
2017-12-15,Hull,ENG,1503.89
2017-12-15,Ipswich,ENG,1472.44
2017-12-15,Leeds,ENG,1526.74
2017-12-15,Leicester,ENG,1757.48
2017-12-15,Liverpool,ENG,1870.26
2017-12-15,Man City,ENG,1975.23
2017-12-15,Man United,ENG,1914.03
2017-12-15,Middlesbrough,ENG,1550.72
2017-12-15,Millwall,ENG,1404.71
2017-12-15,Newcastle,ENG,1607.64
2017-12-15,Norwich,ENG,1494.6
2017-12-15,Nottm Forest,ENG,1439.83
2017-12-15,Preston,ENG,1493.24
2017-12-15,QPR,ENG,1417.79
2017-12-15,Reading,ENG,1516.92
2017-12-15,Sheffield United,ENG,1442.03
2017-12-15,Sheffield Weds,ENG,1508.92
2017-12-15,Southampton,ENG,1670.41
2017-12-15,Stoke,ENG,1653.51
2017-12-15,Sunderland,ENG,1473.17
2017-12-15,Swansea,ENG,1619.42
2017-12-15,Tottenham,ENG,1913.42
2017-12-15,Watford,ENG,1656.77
2017-12-15,West Brom,ENG,1634.24
2017-12-15,West Ham,ENG,1640.59
2017-12-15,Wolves,ENG,1568.66
2018-01-01,Arsenal,ENG,1844.33
2018-01-01,Aston Villa,ENG,1526.26
2018-01-01,Barnsley,ENG,1401.59
2018-01-01,Birmingham,ENG,1370.92
2018-01-01,Bolton,ENG,1374.84
2018-01-01,Bournemouth,ENG,1647.4
2018-01-01,Brentford,ENG,1525.37
2018-01-01,Brighton,ENG,1613.72
2018-01-01,Bristol City,ENG,1525.14
2018-01-01,Burnley,ENG,1696.47
2018-01-01,Burton,ENG,1367.41
2018-01-01,Cardiff,ENG,1528.63
2018-01-01,Chelsea,ENG,1918.83
2018-01-01,Crystal Palace,ENG,1648.83
2018-01-01,Derby,ENG,1573.63
2018-01-01,Everton,ENG,1702.06
2018-01-01,Fulham,ENG,1537.28
2018-01-01,Huddersfield,ENG,1564.53
2018-01-01,Hull,ENG,1493.09
2018-01-01,Ipswich,ENG,1468.21
2018-01-01,Leeds,ENG,1532.07
2018-01-01,Leicester,ENG,1726.59
2018-01-01,Liverpool,ENG,1886.25
2018-01-01,Man City,ENG,1981.2
2018-01-01,Man United,ENG,1900.16
2018-01-01,Middlesbrough,ENG,1542.26
2018-01-01,Millwall,ENG,1419.17
2018-01-01,Newcastle,ENG,1613.03
2018-01-01,Norwich,ENG,1487.68
2018-01-01,Nottm Forest,ENG,1416.02
2018-01-01,Preston,ENG,1505.17
2018-01-01,QPR,ENG,1423.62
2018-01-01,Reading,ENG,1484.45
2018-01-01,Sheffield United,ENG,1441.57
2018-01-01,Sheffield Weds,ENG,1497.55
2018-01-01,Southampton,ENG,1667.45
2018-01-01,Stoke,ENG,1641.16
2018-01-01,Sunderland,ENG,1471.96
2018-01-01,Swansea,ENG,1618.33
2018-01-01,Tottenham,ENG,1916.21
2018-01-01,Watford,ENG,1626.99
2018-01-01,West Brom,ENG,1627.17
2018-01-01,West Ham,ENG,1647.93
2018-01-01,Wolves,ENG,1586.48
2018-01-15,Arsenal,ENG,1833.3
2018-01-15,Aston Villa,ENG,1547.42
2018-01-15,Barnsley,ENG,1416.45
2018-01-15,Birmingham,ENG,1379.71
2018-01-15,Bolton,ENG,1379.17
2018-01-15,Bournemouth,ENG,1659.69
2018-01-15,Brentford,ENG,1521.64
2018-01-15,Brighton,ENG,1603.62
2018-01-15,Bristol City,ENG,1500.76
2018-01-15,Burnley,ENG,1684.05
2018-01-15,Burton,ENG,1377.42
2018-01-15,Cardiff,ENG,1530.0
2018-01-15,Chelsea,ENG,1912.28
2018-01-15,Crystal Palace,ENG,1666.34
2018-01-15,Derby,ENG,1577.41
2018-01-15,Everton,ENG,1690.68
2018-01-15,Fulham,ENG,1555.35
2018-01-15,Huddersfield,ENG,1547.2
2018-01-15,Hull,ENG,1481.52
2018-01-15,Ipswich,ENG,1468.02
2018-01-15,Leeds,ENG,1518.98
2018-01-15,Leicester,ENG,1738.09
2018-01-15,Liverpool,ENG,1899.96
2018-01-15,Man City,ENG,1973.84
2018-01-15,Man United,ENG,1906.77
2018-01-15,Middlesbrough,ENG,1541.55
2018-01-15,Millwall,ENG,1414.92
2018-01-15,Newcastle,ENG,1621.44
2018-01-15,Norwich,ENG,1502.37
2018-01-15,Nottm Forest,ENG,1414.22
2018-01-15,Preston,ENG,1495.68
2018-01-15,QPR,ENG,1444.8
2018-01-15,Reading,ENG,1468.93
2018-01-15,Sheffield United,ENG,1445.82
2018-01-15,Sheffield Weds,ENG,1476.42
2018-01-15,Southampton,ENG,1658.18
2018-01-15,Stoke,ENG,1630.94
2018-01-15,Sunderland,ENG,1449.94
2018-01-15,Swansea,ENG,1616.22
2018-01-15,Tottenham,ENG,1917.62
2018-01-15,Watford,ENG,1624.83
2018-01-15,West Brom,ENG,1630.46
2018-01-15,West Ham,ENG,1673.15
2018-01-15,Wolves,ENG,1591.9
2018-02-01,Arsenal,ENG,1821.6
2018-02-01,Aston Villa,ENG,1559.87
2018-02-01,Barnsley,ENG,1403.35
2018-02-01,Birmingham,ENG,1396.71
2018-02-01,Bolton,ENG,1380.14
2018-02-01,Bournemouth,ENG,1687.61
2018-02-01,Brentford,ENG,1519.31
2018-02-01,Brighton,ENG,1601.47
2018-02-01,Bristol City,ENG,1511.54
2018-02-01,Burnley,ENG,1679.62
2018-02-01,Burton,ENG,1360.22
2018-02-01,Cardiff,ENG,1530.04
2018-02-01,Chelsea,ENG,1891.67
2018-02-01,Crystal Palace,ENG,1662.71
2018-02-01,Derby,ENG,1571.12
2018-02-01,Everton,ENG,1695.6
2018-02-01,Fulham,ENG,1570.16
2018-02-01,Huddersfield,ENG,1536.83
2018-02-01,Hull,ENG,1473.7
2018-02-01,Ipswich,ENG,1460.3
2018-02-01,Leeds,ENG,1507.42
2018-02-01,Leicester,ENG,1735.67
2018-02-01,Liverpool,ENG,1889.91
2018-02-01,Man City,ENG,1977.56
2018-02-01,Man United,ENG,1904.47
2018-02-01,Middlesbrough,ENG,1550.3
2018-02-01,Millwall,ENG,1429.7
2018-02-01,Newcastle,ENG,1620.11
2018-02-01,Norwich,ENG,1501.56
2018-02-01,Nottm Forest,ENG,1419.63
2018-02-01,Preston,ENG,1504.71
2018-02-01,QPR,ENG,1425.32
2018-02-01,Reading,ENG,1471.05
2018-02-01,Sheffield United,ENG,1449.88
2018-02-01,Sheffield Weds,ENG,1479.94
2018-02-01,Southampton,ENG,1660.3
2018-02-01,Stoke,ENG,1632.81
2018-02-01,Sunderland,ENG,1444.76
2018-02-01,Swansea,ENG,1646.9
2018-02-01,Tottenham,ENG,1921.82
2018-02-01,Watford,ENG,1621.03
2018-02-01,West Brom,ENG,1631.51
2018-02-01,West Ham,ENG,1669.44
2018-02-01,Wolves,ENG,1579.65
2018-02-15,Arsenal,ENG,1831.75
2018-02-15,Aston Villa,ENG,1574.58
2018-02-15,Barnsley,ENG,1404.49
2018-02-15,Birmingham,ENG,1415.16
2018-02-15,Bolton,ENG,1396.02
2018-02-15,Bournemouth,ENG,1681.62
2018-02-15,Brentford,ENG,1515.22
2018-02-15,Brighton,ENG,1622.45
2018-02-15,Bristol City,ENG,1504.89
2018-02-15,Burnley,ENG,1684.91
2018-02-15,Burton,ENG,1368.89
2018-02-15,Cardiff,ENG,1555.73
2018-02-15,Chelsea,ENG,1879.12
2018-02-15,Crystal Palace,ENG,1658.52
2018-02-15,Derby,ENG,1570.46
2018-02-15,Everton,ENG,1703.32
2018-02-15,Fulham,ENG,1578.26
2018-02-15,Huddersfield,ENG,1560.52
2018-02-15,Hull,ENG,1485.9
2018-02-15,Ipswich,ENG,1475.39
2018-02-15,Leeds,ENG,1491.11
2018-02-15,Leicester,ENG,1734.6
2018-02-15,Liverpool,ENG,1914.43
2018-02-15,Man City,ENG,1986.14
2018-02-15,Man United,ENG,1899.15
2018-02-15,Middlesbrough,ENG,1554.01
2018-02-15,Millwall,ENG,1452.87
2018-02-15,Newcastle,ENG,1643.49
2018-02-15,Norwich,ENG,1520.0
2018-02-15,Nottm Forest,ENG,1410.52
2018-02-15,Preston,ENG,1519.11
2018-02-15,QPR,ENG,1435.0
2018-02-15,Reading,ENG,1458.24
2018-02-15,Sheffield United,ENG,1458.01
2018-02-15,Sheffield Weds,ENG,1483.64
2018-02-15,Southampton,ENG,1670.29
2018-02-15,Stoke,ENG,1632.44
2018-02-15,Sunderland,ENG,1442.4
2018-02-15,Swansea,ENG,1665.4
2018-02-15,Tottenham,ENG,1939.09
2018-02-15,Watford,ENG,1642.21
2018-02-15,West Brom,ENG,1626.13
2018-02-15,West Ham,ENG,1673.04
2018-02-15,Wolves,ENG,1596.76
2018-03-01,Arsenal,ENG,1833.16
2018-03-01,Aston Villa,ENG,1573.38
2018-03-01,Barnsley,ENG,1411.32
2018-03-01,Birmingham,ENG,1384.23
2018-03-01,Bolton,ENG,1400.59
2018-03-01,Bournemouth,ENG,1678.98
2018-03-01,Brentford,ENG,1527.34
2018-03-01,Brighton,ENG,1635.92
2018-03-01,Bristol City,ENG,1501.72
2018-03-01,Burnley,ENG,1682.91
2018-03-01,Burton,ENG,1371.75
2018-03-01,Cardiff,ENG,1575.16
2018-03-01,Chelsea,ENG,1872.44
2018-03-01,Crystal Palace,ENG,1655.58
2018-03-01,Derby,ENG,1565.35
2018-03-01,Everton,ENG,1695.45
2018-03-01,Fulham,ENG,1596.12
2018-03-01,Huddersfield,ENG,1572.12
2018-03-01,Hull,ENG,1480.99
2018-03-01,Ipswich,ENG,1482.11
2018-03-01,Leeds,ENG,1501.13
2018-03-01,Leicester,ENG,1730.36
2018-03-01,Liverpool,ENG,1917.92
2018-03-01,Man City,ENG,1986.26
2018-03-01,Man United,ENG,1905.14
2018-03-01,Middlesbrough,ENG,1552.95
2018-03-01,Millwall,ENG,1476.17
2018-03-01,Newcastle,ENG,1646.37
2018-03-01,Norwich,ENG,1516.15
2018-03-01,Nottm Forest,ENG,1428.62
2018-03-01,Preston,ENG,1511.51
2018-03-01,QPR,ENG,1419.21
2018-03-01,Reading,ENG,1446.72
2018-03-01,Sheffield United,ENG,1471.53
2018-03-01,Sheffield Weds,ENG,1465.96
2018-03-01,Southampton,ENG,1672.53
2018-03-01,Stoke,ENG,1636.92
2018-03-01,Sunderland,ENG,1426.29
2018-03-01,Swansea,ENG,1652.17
2018-03-01,Tottenham,ENG,1942.27
2018-03-01,Watford,ENG,1650.32
2018-03-01,West Brom,ENG,1614.77
2018-03-01,West Ham,ENG,1669.8
2018-03-01,Wolves,ENG,1583.27
2018-03-15,Arsenal,ENG,1817.72
2018-03-15,Aston Villa,ENG,1566.52
2018-03-15,Barnsley,ENG,1394.61
2018-03-15,Birmingham,ENG,1360.77
2018-03-15,Bolton,ENG,1387.07
2018-03-15,Bournemouth,ENG,1665.7
2018-03-15,Brentford,ENG,1505.65
2018-03-15,Brighton,ENG,1629.19
2018-03-15,Bristol City,ENG,1494.54
2018-03-15,Burnley,ENG,1694.97
2018-03-15,Burton,ENG,1350.22
2018-03-15,Cardiff,ENG,1582.33
2018-03-15,Chelsea,ENG,1854.77
2018-03-15,Crystal Palace,ENG,1639.34
2018-03-15,Derby,ENG,1542.79
2018-03-15,Everton,ENG,1686.49
2018-03-15,Fulham,ENG,1608.12
2018-03-15,Huddersfield,ENG,1561.7
2018-03-15,Hull,ENG,1485.62
2018-03-15,Ipswich,ENG,1461.94
2018-03-15,Leeds,ENG,1469.59
2018-03-15,Leicester,ENG,1728.59
2018-03-15,Liverpool,ENG,1902.26
2018-03-15,Man City,ENG,1990.83
2018-03-15,Man United,ENG,1887.72
2018-03-15,Middlesbrough,ENG,1562.21
2018-03-15,Millwall,ENG,1480.73
2018-03-15,Newcastle,ENG,1646.49
2018-03-15,Norwich,ENG,1493.37
2018-03-15,Nottm Forest,ENG,1429.7
2018-03-15,Preston,ENG,1510.13
2018-03-15,QPR,ENG,1436.75
2018-03-15,Reading,ENG,1426.76
2018-03-15,Sheffield United,ENG,1463.66
2018-03-15,Sheffield Weds,ENG,1432.22
2018-03-15,Southampton,ENG,1647.22
2018-03-15,Stoke,ENG,1626.66
2018-03-15,Sunderland,ENG,1402.56
2018-03-15,Swansea,ENG,1652.98
2018-03-15,Tottenham,ENG,1924.8
2018-03-15,Watford,ENG,1640.89
2018-03-15,West Brom,ENG,1587.5
2018-03-15,West Ham,ENG,1632.58
2018-03-15,Wolves,ENG,1579.8
2018-04-01,Arsenal,ENG,1822.28
2018-04-01,Aston Villa,ENG,1555.3
2018-04-01,Barnsley,ENG,1387.1
2018-04-01,Birmingham,ENG,1387.93
2018-04-01,Bolton,ENG,1394.29
2018-04-01,Bournemouth,ENG,1672.29
2018-04-01,Brentford,ENG,1503.98
2018-04-01,Brighton,ENG,1620.49
2018-04-01,Bristol City,ENG,1499.82
2018-04-01,Burnley,ENG,1702.91
2018-04-01,Burton,ENG,1344.96
2018-04-01,Cardiff,ENG,1586.58
2018-04-01,Chelsea,ENG,1855.87
2018-04-01,Crystal Palace,ENG,1647.71
2018-04-01,Derby,ENG,1521.38
2018-04-01,Everton,ENG,1691.59
2018-04-01,Fulham,ENG,1612.89
2018-04-01,Huddersfield,ENG,1547.62
2018-04-01,Hull,ENG,1470.43
2018-04-01,Ipswich,ENG,1448.27
2018-04-01,Leeds,ENG,1465.44
2018-04-01,Leicester,ENG,1739.49
2018-04-01,Liverpool,ENG,1910.77
2018-04-01,Man City,ENG,1995.76
2018-04-01,Man United,ENG,1892.02
2018-04-01,Middlesbrough,ENG,1554.21
2018-04-01,Millwall,ENG,1499.76
2018-04-01,Newcastle,ENG,1652.15
2018-04-01,Norwich,ENG,1490.17
2018-04-01,Nottm Forest,ENG,1425.75
2018-04-01,Preston,ENG,1505.54
2018-04-01,QPR,ENG,1436.59
2018-04-01,Reading,ENG,1429.76
2018-04-01,Sheffield United,ENG,1465.03
2018-04-01,Sheffield Weds,ENG,1459.1
2018-04-01,Southampton,ENG,1636.38
2018-04-01,Stoke,ENG,1619.94
2018-04-01,Sunderland,ENG,1416.65
2018-04-01,Swansea,ENG,1650.89
2018-04-01,Tottenham,ENG,1925.91
2018-04-01,Watford,ENG,1637.33
2018-04-01,West Brom,ENG,1576.88
2018-04-01,West Ham,ENG,1645.63
2018-04-01,Wolves,ENG,1593.21
2018-04-15,Arsenal,ENG,1845.36
2018-04-15,Aston Villa,ENG,1564.73
2018-04-15,Barnsley,ENG,1392.02
2018-04-15,Birmingham,ENG,1391.82
2018-04-15,Bolton,ENG,1375.76
2018-04-15,Bournemouth,ENG,1670.93
2018-04-15,Brentford,ENG,1533.41
2018-04-15,Brighton,ENG,1614.95
2018-04-15,Bristol City,ENG,1486.74
2018-04-15,Burnley,ENG,1721.62
2018-04-15,Burton,ENG,1359.08
2018-04-15,Cardiff,ENG,1582.42
2018-04-15,Chelsea,ENG,1847.36
2018-04-15,Crystal Palace,ENG,1659.75
2018-04-15,Derby,ENG,1516.71
2018-04-15,Everton,ENG,1700.63
2018-04-15,Fulham,ENG,1625.6
2018-04-15,Huddersfield,ENG,1563.7
2018-04-15,Hull,ENG,1493.52
2018-04-15,Ipswich,ENG,1444.9
2018-04-15,Leeds,ENG,1448.8
2018-04-15,Leicester,ENG,1724.79
2018-04-15,Liverpool,ENG,1939.76
2018-04-15,Man City,ENG,1973.77
2018-04-15,Man United,ENG,1907.44
2018-04-15,Middlesbrough,ENG,1555.61
2018-04-15,Millwall,ENG,1521.89
2018-04-15,Newcastle,ENG,1667.6
2018-04-15,Norwich,ENG,1481.62
2018-04-15,Nottm Forest,ENG,1424.66
2018-04-15,Preston,ENG,1508.4
2018-04-15,QPR,ENG,1444.28
2018-04-15,Reading,ENG,1430.65
2018-04-15,Sheffield United,ENG,1471.08
2018-04-15,Sheffield Weds,ENG,1469.8
2018-04-15,Southampton,ENG,1633.19
2018-04-15,Stoke,ENG,1616.95
2018-04-15,Sunderland,ENG,1414.71
2018-04-15,Swansea,ENG,1653.86
2018-04-15,Tottenham,ENG,1930.3
2018-04-15,Watford,ENG,1624.71
2018-04-15,West Brom,ENG,1581.37
2018-04-15,West Ham,ENG,1655.76
2018-04-15,Wolves,ENG,1609.19
2018-05-01,Arsenal,ENG,1834.04
2018-05-01,Aston Villa,ENG,1576.96
2018-05-01,Barnsley,ENG,1393.83
2018-05-01,Birmingham,ENG,1391.69
2018-05-01,Bolton,ENG,1361.13
2018-05-01,Bournemouth,ENG,1660.31
2018-05-01,Brentford,ENG,1525.44
2018-05-01,Brighton,ENG,1627.71
2018-05-01,Bristol City,ENG,1487.83
2018-05-01,Burnley,ENG,1712.33
2018-05-01,Burton,ENG,1381.87
2018-05-01,Cardiff,ENG,1586.11
2018-05-01,Chelsea,ENG,1860.62
2018-05-01,Crystal Palace,ENG,1680.86
2018-05-01,Derby,ENG,1526.12
2018-05-01,Everton,ENG,1717.38
2018-05-01,Fulham,ENG,1641.88
2018-05-01,Huddersfield,ENG,1557.77
2018-05-01,Hull,ENG,1486.83
2018-05-01,Ipswich,ENG,1452.75
2018-05-01,Leeds,ENG,1450.6
2018-05-01,Leicester,ENG,1704.95
2018-05-01,Liverpool,ENG,1936.86
2018-05-01,Man City,ENG,1983.09
2018-05-01,Man United,ENG,1904.71
2018-05-01,Middlesbrough,ENG,1574.26
2018-05-01,Millwall,ENG,1504.75
2018-05-01,Newcastle,ENG,1663.49
2018-05-01,Norwich,ENG,1492.18
2018-05-01,Nottm Forest,ENG,1433.73
2018-05-01,Preston,ENG,1516.9
2018-05-01,QPR,ENG,1450.06
2018-05-01,Reading,ENG,1404.44
2018-05-01,Sheffield United,ENG,1456.03
2018-05-01,Sheffield Weds,ENG,1487.33
2018-05-01,Southampton,ENG,1646.72
2018-05-01,Stoke,ENG,1631.15
2018-05-01,Sunderland,ENG,1403.84
2018-05-01,Swansea,ENG,1648.68
2018-05-01,Tottenham,ENG,1928.47
2018-05-01,Watford,ENG,1624.37
2018-05-01,West Brom,ENG,1618.2
2018-05-01,West Ham,ENG,1646.66
2018-05-01,Wolves,ENG,1617.53
2018-05-15,Arsenal,ENG,1825.18
2018-05-15,Aston Villa,ENG,1574.36
2018-05-15,Barnsley,ENG,1384.99
2018-05-15,Birmingham,ENG,1407.49
2018-05-15,Bolton,ENG,1367.25
2018-05-15,Bournemouth,ENG,1674.96
2018-05-15,Brentford,ENG,1520.26
2018-05-15,Brighton,ENG,1634.04
2018-05-15,Bristol City,ENG,1474.99
2018-05-15,Burnley,ENG,1690.04
2018-05-15,Burton,ENG,1375.72
2018-05-15,Cardiff,ENG,1577.67
2018-05-15,Chelsea,ENG,1838.18
2018-05-15,Crystal Palace,ENG,1694.13
2018-05-15,Derby,ENG,1522.96
2018-05-15,Everton,ENG,1700.74
2018-05-15,Fulham,ENG,1628.23
2018-05-15,Huddersfield,ENG,1568.28
2018-05-15,Hull,ENG,1487.08
2018-05-15,Ipswich,ENG,1452.09
2018-05-15,Leeds,ENG,1457.32
2018-05-15,Leicester,ENG,1698.67
2018-05-15,Liverpool,ENG,1926.34
2018-05-15,Man City,ENG,1976.14
2018-05-15,Man United,ENG,1886.11
2018-05-15,Middlesbrough,ENG,1561.55
2018-05-15,Millwall,ENG,1510.87
2018-05-15,Newcastle,ENG,1672.05
2018-05-15,Norwich,ENG,1476.4
2018-05-15,Nottm Forest,ENG,1422.69
2018-05-15,Preston,ENG,1518.12
2018-05-15,QPR,ENG,1438.41
2018-05-15,Reading,ENG,1407.96
2018-05-15,Sheffield United,ENG,1463.94
2018-05-15,Sheffield Weds,ENG,1498.19
2018-05-15,Southampton,ENG,1654.68
2018-05-15,Stoke,ENG,1630.33
2018-05-15,Sunderland,ENG,1422.18
2018-05-15,Swansea,ENG,1620.5
2018-05-15,Tottenham,ENG,1916.02
2018-05-15,Watford,ENG,1627.61
2018-05-15,West Brom,ENG,1622.48
2018-05-15,West Ham,ENG,1674.91
2018-05-15,Wolves,ENG,1594.25
2018-06-01,Arsenal,ENG,1822.66
2018-06-01,Aston Villa,ENG,1567.46
2018-06-01,Barnsley,ENG,1382.47
2018-06-01,Birmingham,ENG,1404.96
2018-06-01,Bolton,ENG,1364.72
2018-06-01,Bournemouth,ENG,1672.43
2018-06-01,Brentford,ENG,1517.73
2018-06-01,Brighton,ENG,1631.52
2018-06-01,Bristol City,ENG,1472.47
2018-06-01,Burnley,ENG,1687.52
2018-06-01,Burton,ENG,1373.2
2018-06-01,Cardiff,ENG,1575.14
2018-06-01,Chelsea,ENG,1835.66
2018-06-01,Crystal Palace,ENG,1691.61
2018-06-01,Derby,ENG,1520.43
2018-06-01,Everton,ENG,1698.22
2018-06-01,Fulham,ENG,1632.45
2018-06-01,Huddersfield,ENG,1565.76
2018-06-01,Hull,ENG,1484.56
2018-06-01,Ipswich,ENG,1449.57
2018-06-01,Leeds,ENG,1454.8
2018-06-01,Leicester,ENG,1696.15
2018-06-01,Liverpool,ENG,1915.98
2018-06-01,Man City,ENG,1973.62
2018-06-01,Man United,ENG,1883.59
2018-06-01,Middlesbrough,ENG,1556.65
2018-06-01,Millwall,ENG,1508.34
2018-06-01,Newcastle,ENG,1669.53
2018-06-01,Norwich,ENG,1473.87
2018-06-01,Nottm Forest,ENG,1420.17
2018-06-01,Preston,ENG,1515.6
2018-06-01,QPR,ENG,1435.89
2018-06-01,Reading,ENG,1405.44
2018-06-01,Sheffield United,ENG,1461.42
2018-06-01,Sheffield Weds,ENG,1495.67
2018-06-01,Southampton,ENG,1652.15
2018-06-01,Stoke,ENG,1627.8
2018-06-01,Sunderland,ENG,1419.66
2018-06-01,Swansea,ENG,1617.97
2018-06-01,Tottenham,ENG,1913.5
2018-06-01,Watford,ENG,1625.09
2018-06-01,West Brom,ENG,1619.96
2018-06-01,West Ham,ENG,1672.39
2018-06-01,Wolves,ENG,1591.73
2018-06-15,Arsenal,ENG,1822.66
2018-06-15,Aston Villa,ENG,1567.46
2018-06-15,Barnsley,ENG,1382.47
2018-06-15,Birmingham,ENG,1404.96
2018-06-15,Bolton,ENG,1364.72
2018-06-15,Bournemouth,ENG,1672.43
2018-06-15,Brentford,ENG,1517.73
2018-06-15,Brighton,ENG,1631.52
2018-06-15,Bristol City,ENG,1472.47
2018-06-15,Burnley,ENG,1687.52
2018-06-15,Burton,ENG,1373.2
2018-06-15,Cardiff,ENG,1575.14
2018-06-15,Chelsea,ENG,1835.66
2018-06-15,Crystal Palace,ENG,1691.61
2018-06-15,Derby,ENG,1520.43
2018-06-15,Everton,ENG,1698.22
2018-06-15,Fulham,ENG,1632.45
2018-06-15,Huddersfield,ENG,1565.76
2018-06-15,Hull,ENG,1484.56
2018-06-15,Ipswich,ENG,1449.57
2018-06-15,Leeds,ENG,1454.8
2018-06-15,Leicester,ENG,1696.15
2018-06-15,Liverpool,ENG,1915.98
2018-06-15,Man City,ENG,1973.62
2018-06-15,Man United,ENG,1883.59
2018-06-15,Middlesbrough,ENG,1556.65
2018-06-15,Millwall,ENG,1508.34
2018-06-15,Newcastle,ENG,1669.53
2018-06-15,Norwich,ENG,1473.87
2018-06-15,Nottm Forest,ENG,1420.17
2018-06-15,Preston,ENG,1515.6
2018-06-15,QPR,ENG,1435.89
2018-06-15,Reading,ENG,1405.44
2018-06-15,Sheffield United,ENG,1461.42
2018-06-15,Sheffield Weds,ENG,1495.67
2018-06-15,Southampton,ENG,1652.15
2018-06-15,Stoke,ENG,1627.8
2018-06-15,Sunderland,ENG,1419.66
2018-06-15,Swansea,ENG,1617.97
2018-06-15,Tottenham,ENG,1913.5
2018-06-15,Watford,ENG,1625.09
2018-06-15,West Brom,ENG,1619.96
2018-06-15,West Ham,ENG,1672.39
2018-06-15,Wolves,ENG,1591.73
2018-07-01,Arsenal,ENG,1822.66
2018-07-01,Aston Villa,ENG,1567.46
2018-07-01,Barnsley,ENG,1382.47
2018-07-01,Birmingham,ENG,1404.96
2018-07-01,Blackburn,ENG,1374.68
2018-07-01,Bolton,ENG,1364.72
2018-07-01,Bournemouth,ENG,1672.43
2018-07-01,Brentford,ENG,1517.73
2018-07-01,Brighton,ENG,1631.52
2018-07-01,Bristol City,ENG,1472.47
2018-07-01,Burnley,ENG,1687.52
2018-07-01,Burton,ENG,1373.2
2018-07-01,Cardiff,ENG,1575.14
2018-07-01,Chelsea,ENG,1835.66
2018-07-01,Crystal Palace,ENG,1691.61
2018-07-01,Derby,ENG,1520.43
2018-07-01,Everton,ENG,1698.22
2018-07-01,Fulham,ENG,1632.45
2018-07-01,Huddersfield,ENG,1565.76
2018-07-01,Hull,ENG,1484.56
2018-07-01,Ipswich,ENG,1449.57
2018-07-01,Leeds,ENG,1454.8
2018-07-01,Leicester,ENG,1696.15
2018-07-01,Liverpool,ENG,1915.98
2018-07-01,Man City,ENG,1973.62
2018-07-01,Man United,ENG,1883.59
2018-07-01,Middlesbrough,ENG,1556.65
2018-07-01,Millwall,ENG,1508.34
2018-07-01,Newcastle,ENG,1669.53
2018-07-01,Norwich,ENG,1473.87
2018-07-01,Nottm Forest,ENG,1420.17
2018-07-01,Preston,ENG,1515.6
2018-07-01,QPR,ENG,1435.89
2018-07-01,Reading,ENG,1405.44
2018-07-01,Rotherham,ENG,1374.68
2018-07-01,Sheffield United,ENG,1461.42
2018-07-01,Sheffield Weds,ENG,1495.67
2018-07-01,Southampton,ENG,1652.15
2018-07-01,Stoke,ENG,1627.8
2018-07-01,Sunderland,ENG,1419.66
2018-07-01,Swansea,ENG,1617.97
2018-07-01,Tottenham,ENG,1913.5
2018-07-01,Watford,ENG,1625.09
2018-07-01,West Brom,ENG,1619.96
2018-07-01,West Ham,ENG,1672.39
2018-07-01,Wigan,ENG,1374.68
2018-07-01,Wolves,ENG,1591.73
2018-07-15,Arsenal,ENG,1822.66
2018-07-15,Aston Villa,ENG,1567.46
2018-07-15,Birmingham,ENG,1404.96
2018-07-15,Blackburn,ENG,1374.68
2018-07-15,Bolton,ENG,1364.72
2018-07-15,Bournemouth,ENG,1672.43
2018-07-15,Brentford,ENG,1517.73
2018-07-15,Brighton,ENG,1631.52
2018-07-15,Bristol City,ENG,1472.47
2018-07-15,Burnley,ENG,1687.52
2018-07-15,Cardiff,ENG,1575.14
2018-07-15,Chelsea,ENG,1835.66
2018-07-15,Crystal Palace,ENG,1691.61
2018-07-15,Derby,ENG,1520.43
2018-07-15,Everton,ENG,1698.22
2018-07-15,Fulham,ENG,1632.45
2018-07-15,Huddersfield,ENG,1565.76
2018-07-15,Hull,ENG,1484.56
2018-07-15,Ipswich,ENG,1449.57
2018-07-15,Leeds,ENG,1454.8
2018-07-15,Leicester,ENG,1696.15
2018-07-15,Liverpool,ENG,1915.98
2018-07-15,Man City,ENG,1973.62
2018-07-15,Man United,ENG,1883.59
2018-07-15,Middlesbrough,ENG,1556.65
2018-07-15,Millwall,ENG,1508.34
2018-07-15,Newcastle,ENG,1669.53
2018-07-15,Norwich,ENG,1473.87
2018-07-15,Nottm Forest,ENG,1420.17
2018-07-15,Preston,ENG,1515.6
2018-07-15,QPR,ENG,1435.89
2018-07-15,Reading,ENG,1405.44
2018-07-15,Rotherham,ENG,1374.68
2018-07-15,Sheffield United,ENG,1461.42
2018-07-15,Sheffield Weds,ENG,1495.67
2018-07-15,Southampton,ENG,1652.15
2018-07-15,Stoke,ENG,1627.8
2018-07-15,Swansea,ENG,1617.97
2018-07-15,Tottenham,ENG,1913.5
2018-07-15,Watford,ENG,1625.09
2018-07-15,West Brom,ENG,1619.96
2018-07-15,West Ham,ENG,1672.39
2018-07-15,Wigan,ENG,1374.68
2018-07-15,Wolves,ENG,1591.73
2018-08-01,Arsenal,ENG,1822.67
2018-08-01,Aston Villa,ENG,1567.48
2018-08-01,Birmingham,ENG,1404.98
2018-08-01,Blackburn,ENG,1374.7
2018-08-01,Bolton,ENG,1364.74
2018-08-01,Bournemouth,ENG,1672.45
2018-08-01,Brentford,ENG,1517.75
2018-08-01,Brighton,ENG,1631.54
2018-08-01,Bristol City,ENG,1472.49
2018-08-01,Burnley,ENG,1687.59
2018-08-01,Cardiff,ENG,1575.16
2018-08-01,Chelsea,ENG,1835.68
2018-08-01,Crystal Palace,ENG,1691.62
2018-08-01,Derby,ENG,1520.45
2018-08-01,Everton,ENG,1698.23
2018-08-01,Fulham,ENG,1632.47
2018-08-01,Huddersfield,ENG,1565.77
2018-08-01,Hull,ENG,1484.58
2018-08-01,Ipswich,ENG,1449.59
2018-08-01,Leeds,ENG,1454.81
2018-08-01,Leicester,ENG,1696.17
2018-08-01,Liverpool,ENG,1916.0
2018-08-01,Man City,ENG,1973.63
2018-08-01,Man United,ENG,1883.61
2018-08-01,Middlesbrough,ENG,1556.67
2018-08-01,Millwall,ENG,1508.36
2018-08-01,Newcastle,ENG,1669.54
2018-08-01,Norwich,ENG,1473.89
2018-08-01,Nottm Forest,ENG,1420.19
2018-08-01,Preston,ENG,1515.62
2018-08-01,QPR,ENG,1435.91
2018-08-01,Reading,ENG,1405.46
2018-08-01,Rotherham,ENG,1374.7
2018-08-01,Sheffield United,ENG,1461.44
2018-08-01,Sheffield Weds,ENG,1495.69
2018-08-01,Southampton,ENG,1652.17
2018-08-01,Stoke,ENG,1627.82
2018-08-01,Swansea,ENG,1617.99
2018-08-01,Tottenham,ENG,1913.52
2018-08-01,Watford,ENG,1625.11
2018-08-01,West Brom,ENG,1619.98
2018-08-01,West Ham,ENG,1672.4
2018-08-01,Wigan,ENG,1374.7
2018-08-01,Wolves,ENG,1591.75
2018-08-15,Arsenal,ENG,1816.1
2018-08-15,Aston Villa,ENG,1582.14
2018-08-15,Birmingham,ENG,1403.24
2018-08-15,Blackburn,ENG,1381.65
2018-08-15,Bolton,ENG,1382.08
2018-08-15,Bournemouth,ENG,1679.63
2018-08-15,Brentford,ENG,1529.95
2018-08-15,Brighton,ENG,1623.59
2018-08-15,Bristol City,ENG,1469.89
2018-08-15,Burnley,ENG,1693.69
2018-08-15,Cardiff,ENG,1570.64
2018-08-15,Chelsea,ENG,1843.05
2018-08-15,Crystal Palace,ENG,1704.58
2018-08-15,Derby,ENG,1508.94
2018-08-15,Everton,ENG,1698.44
2018-08-15,Fulham,ENG,1622.17
2018-08-15,Huddersfield,ENG,1561.06
2018-08-15,Hull,ENG,1477.44
2018-08-15,Ipswich,ENG,1438.65
2018-08-15,Leeds,ENG,1491.0
2018-08-15,Leicester,ENG,1694.81
2018-08-15,Liverpool,ENG,1921.08
2018-08-15,Man City,ENG,1982.87
2018-08-15,Man United,ENG,1887.63
2018-08-15,Middlesbrough,ENG,1568.87
2018-08-15,Millwall,ENG,1507.4
2018-08-15,Newcastle,ENG,1666.97
2018-08-15,Norwich,ENG,1468.59
2018-08-15,Nottm Forest,ENG,1433.74
2018-08-15,Preston,ENG,1517.43
2018-08-15,QPR,ENG,1423.37
2018-08-15,Reading,ENG,1394.22
2018-08-15,Rotherham,ENG,1377.77
2018-08-15,Sheffield United,ENG,1459.06
2018-08-15,Sheffield Weds,ENG,1485.29
2018-08-15,Southampton,ENG,1652.75
2018-08-15,Stoke,ENG,1609.76
2018-08-15,Swansea,ENG,1629.2
2018-08-15,Tottenham,ENG,1918.75
2018-08-15,Watford,ENG,1635.71
2018-08-15,West Brom,ENG,1609.29
2018-08-15,West Ham,ENG,1669.98
2018-08-15,Wigan,ENG,1382.89
2018-08-15,Wolves,ENG,1594.2
2018-09-01,Arsenal,ENG,1811.32
2018-09-01,Aston Villa,ENG,1567.19
2018-09-01,Birmingham,ENG,1399.97
2018-09-01,Blackburn,ENG,1398.38
2018-09-01,Bolton,ENG,1381.54
2018-09-01,Bournemouth,ENG,1683.92
2018-09-01,Brentford,ENG,1526.77
2018-09-01,Brighton,ENG,1631.78
2018-09-01,Bristol City,ENG,1483.96
2018-09-01,Burnley,ENG,1651.97
2018-09-01,Cardiff,ENG,1569.53
2018-09-01,Chelsea,ENG,1850.36
2018-09-01,Crystal Palace,ENG,1687.42
2018-09-01,Derby,ENG,1515.13
2018-09-01,Everton,ENG,1701.75
2018-09-01,Fulham,ENG,1627.83
2018-09-01,Huddersfield,ENG,1554.48
2018-09-01,Hull,ENG,1463.54
2018-09-01,Ipswich,ENG,1424.94
2018-09-01,Leeds,ENG,1513.39
2018-09-01,Leicester,ENG,1705.46
2018-09-01,Liverpool,ENG,1925.17
2018-09-01,Man City,ENG,1973.53
2018-09-01,Man United,ENG,1856.08
2018-09-01,Middlesbrough,ENG,1582.8
2018-09-01,Millwall,ENG,1492.82
2018-09-01,Newcastle,ENG,1657.48
2018-09-01,Norwich,ENG,1454.44
2018-09-01,Nottm Forest,ENG,1427.91
2018-09-01,Preston,ENG,1494.57
2018-09-01,QPR,ENG,1405.05
2018-09-01,Reading,ENG,1389.11
2018-09-01,Rotherham,ENG,1371.82
2018-09-01,Sheffield United,ENG,1475.96
2018-09-01,Sheffield Weds,ENG,1486.87
2018-09-01,Southampton,ENG,1635.49
2018-09-01,Stoke,ENG,1585.41
2018-09-01,Swansea,ENG,1603.22
2018-09-01,Tottenham,ENG,1932.13
2018-09-01,Watford,ENG,1656.29
2018-09-01,West Brom,ENG,1605.02
2018-09-01,West Ham,ENG,1652.86
2018-09-01,Wigan,ENG,1398.09
2018-09-01,Wolves,ENG,1592.34
2018-09-15,Arsenal,ENG,1815.11
2018-09-15,Aston Villa,ENG,1551.77
2018-09-15,Birmingham,ENG,1402.34
2018-09-15,Blackburn,ENG,1390.49
2018-09-15,Bolton,ENG,1386.25
2018-09-15,Bournemouth,ENG,1679.81
2018-09-15,Brentford,ENG,1530.94
2018-09-15,Brighton,ENG,1629.83
2018-09-15,Bristol City,ENG,1491.84
2018-09-15,Burnley,ENG,1645.22
2018-09-15,Cardiff,ENG,1565.73
2018-09-15,Chelsea,ENG,1854.48
2018-09-15,Crystal Palace,ENG,1671.54
2018-09-15,Derby,ENG,1523.42
2018-09-15,Everton,ENG,1696.32
2018-09-15,Fulham,ENG,1629.78
2018-09-15,Huddersfield,ENG,1559.92
2018-09-15,Hull,ENG,1455.26
2018-09-15,Ipswich,ENG,1424.0
2018-09-15,Leeds,ENG,1513.39
2018-09-15,Leicester,ENG,1701.35
2018-09-15,Liverpool,ENG,1929.28
2018-09-15,Man City,ENG,1974.86
2018-09-15,Man United,ENG,1862.83
2018-09-15,Middlesbrough,ENG,1582.8
2018-09-15,Millwall,ENG,1485.8
2018-09-15,Newcastle,ENG,1656.15
2018-09-15,Norwich,ENG,1455.38
2018-09-15,Nottm Forest,ENG,1423.74
2018-09-15,Preston,ENG,1489.87
2018-09-15,QPR,ENG,1406.74
2018-09-15,Reading,ENG,1381.96
2018-09-15,Rotherham,ENG,1365.98
2018-09-15,Sheffield United,ENG,1491.38
2018-09-15,Sheffield Weds,ENG,1494.03
2018-09-15,Southampton,ENG,1651.37
2018-09-15,Stoke,ENG,1579.38
2018-09-15,Swansea,ENG,1610.24
2018-09-15,Tottenham,ENG,1918.99
2018-09-15,Watford,ENG,1669.43
2018-09-15,West Brom,ENG,1606.98
2018-09-15,West Ham,ENG,1641.62
2018-09-15,Wigan,ENG,1403.93
2018-09-15,Wolves,ENG,1603.58
2018-10-01,Arsenal,ENG,1829.4
2018-10-01,Aston Villa,ENG,1540.54
2018-10-01,Birmingham,ENG,1415.5
2018-10-01,Blackburn,ENG,1409.62
2018-10-01,Bolton,ENG,1385.22
2018-10-01,Bournemouth,ENG,1672.42
2018-10-01,Brentford,ENG,1518.24
2018-10-01,Brighton,ENG,1625.68
2018-10-01,Bristol City,ENG,1482.22
2018-10-01,Burnley,ENG,1659.14
2018-10-01,Cardiff,ENG,1550.23
2018-10-01,Chelsea,ENG,1858.14
2018-10-01,Crystal Palace,ENG,1674.39
2018-10-01,Derby,ENG,1506.38
2018-10-01,Everton,ENG,1683.57
2018-10-01,Fulham,ENG,1616.7
2018-10-01,Huddersfield,ENG,1543.56
2018-10-01,Hull,ENG,1441.86
2018-10-01,Ipswich,ENG,1415.05
2018-10-01,Leeds,ENG,1511.66
2018-10-01,Leicester,ENG,1707.37
2018-10-01,Liverpool,ENG,1943.64
2018-10-01,Man City,ENG,1965.5
2018-10-01,Man United,ENG,1851.55
2018-10-01,Middlesbrough,ENG,1572.14
2018-10-01,Millwall,ENG,1457.48
2018-10-01,Newcastle,ENG,1639.72
2018-10-01,Norwich,ENG,1484.65
2018-10-01,Nottm Forest,ENG,1442.53
2018-10-01,Preston,ENG,1454.35
2018-10-01,QPR,ENG,1412.73
2018-10-01,Reading,ENG,1404.19
2018-10-01,Rotherham,ENG,1369.56
2018-10-01,Sheffield United,ENG,1494.98
2018-10-01,Sheffield Weds,ENG,1495.11
2018-10-01,Southampton,ENG,1634.99
2018-10-01,Stoke,ENG,1566.59
2018-10-01,Swansea,ENG,1601.77
2018-10-01,Tottenham,ENG,1904.81
2018-10-01,Watford,ENG,1659.81
2018-10-01,West Brom,ENG,1621.89
2018-10-01,West Ham,ENG,1676.32
2018-10-01,Wigan,ENG,1409.11
2018-10-01,Wolves,ENG,1627.26
2018-10-15,Arsenal,ENG,1838.27
2018-10-15,Aston Villa,ENG,1523.52
2018-10-15,Birmingham,ENG,1423.26
2018-10-15,Blackburn,ENG,1404.04
2018-10-15,Bolton,ENG,1367.58
2018-10-15,Bournemouth,ENG,1692.61
2018-10-15,Brentford,ENG,1511.34
2018-10-15,Brighton,ENG,1628.99
2018-10-15,Bristol City,ENG,1467.38
2018-10-15,Burnley,ENG,1649.96
2018-10-15,Cardiff,ENG,1544.74
2018-10-15,Chelsea,ENG,1861.61
2018-10-15,Crystal Palace,ENG,1652.66
2018-10-15,Derby,ENG,1499.07
2018-10-15,Everton,ENG,1689.47
2018-10-15,Fulham,ENG,1604.19
2018-10-15,Huddersfield,ENG,1543.99
2018-10-15,Hull,ENG,1424.88
2018-10-15,Ipswich,ENG,1416.57
2018-10-15,Leeds,ENG,1513.11
2018-10-15,Leicester,ENG,1692.71
2018-10-15,Liverpool,ENG,1930.77
2018-10-15,Man City,ENG,1966.16
2018-10-15,Man United,ENG,1845.23
2018-10-15,Middlesbrough,ENG,1557.52
2018-10-15,Millwall,ENG,1463.04
2018-10-15,Newcastle,ENG,1632.84
2018-10-15,Norwich,ENG,1475.26
2018-10-15,Nottm Forest,ENG,1455.25
2018-10-15,Preston,ENG,1464.8
2018-10-15,QPR,ENG,1418.19
2018-10-15,Reading,ENG,1386.67
2018-10-15,Rotherham,ENG,1358.94
2018-10-15,Sheffield United,ENG,1505.93
2018-10-15,Sheffield Weds,ENG,1501.6
2018-10-15,Southampton,ENG,1623.3
2018-10-15,Stoke,ENG,1573.59
2018-10-15,Swansea,ENG,1579.75
2018-10-15,Tottenham,ENG,1890.49
2018-10-15,Watford,ENG,1637.17
2018-10-15,West Brom,ENG,1619.55
2018-10-15,West Ham,ENG,1664.26
2018-10-15,Wigan,ENG,1397.52
2018-10-15,Wolves,ENG,1633.92
2018-11-01,Arsenal,ENG,1849.14
2018-11-01,Aston Villa,ENG,1518.51
2018-11-01,Birmingham,ENG,1456.03
2018-11-01,Blackburn,ENG,1417.93
2018-11-01,Bolton,ENG,1351.04
2018-11-01,Bournemouth,ENG,1704.27
2018-11-01,Brentford,ENG,1490.11
2018-11-01,Brighton,ENG,1648.11
2018-11-01,Bristol City,ENG,1479.03
2018-11-01,Burnley,ENG,1641.27
2018-11-01,Cardiff,ENG,1557.79
2018-11-01,Chelsea,ENG,1872.73
2018-11-01,Crystal Palace,ENG,1651.75
2018-11-01,Derby,ENG,1532.95
2018-11-01,Everton,ENG,1697.35
2018-11-01,Fulham,ENG,1584.13
2018-11-01,Huddersfield,ENG,1538.3
2018-11-01,Hull,ENG,1430.38
2018-11-01,Ipswich,ENG,1391.41
2018-11-01,Leeds,ENG,1509.98
2018-11-01,Leicester,ENG,1688.85
2018-11-01,Liverpool,ENG,1940.2
2018-11-01,Man City,ENG,1988.71
2018-11-01,Man United,ENG,1846.91
2018-11-01,Middlesbrough,ENG,1560.01
2018-11-01,Millwall,ENG,1468.83
2018-11-01,Newcastle,ENG,1628.27
2018-11-01,Norwich,ENG,1501.72
2018-11-01,Nottm Forest,ENG,1465.9
2018-11-01,Preston,ENG,1471.39
2018-11-01,QPR,ENG,1457.48
2018-11-01,Reading,ENG,1392.34
2018-11-01,Rotherham,ENG,1371.74
2018-11-01,Sheffield United,ENG,1508.78
2018-11-01,Sheffield Weds,ENG,1471.92
2018-11-01,Southampton,ENG,1628.28
2018-11-01,Stoke,ENG,1571.16
2018-11-01,Swansea,ENG,1583.56
2018-11-01,Tottenham,ENG,1887.91
2018-11-01,Watford,ENG,1661.01
2018-11-01,West Brom,ENG,1583.39
2018-11-01,West Ham,ENG,1666.05
2018-11-01,Wigan,ENG,1401.1
2018-11-01,Wolves,ENG,1617.62
2018-11-15,Arsenal,ENG,1836.89
2018-11-15,Aston Villa,ENG,1540.37
2018-11-15,Birmingham,ENG,1446.89
2018-11-15,Blackburn,ENG,1422.33
2018-11-15,Bolton,ENG,1342.16
2018-11-15,Bournemouth,ENG,1690.21
2018-11-15,Brentford,ENG,1490.81
2018-11-15,Brighton,ENG,1631.4
2018-11-15,Bristol City,ENG,1460.66
2018-11-15,Burnley,ENG,1636.14
2018-11-15,Cardiff,ENG,1560.37
2018-11-15,Chelsea,ENG,1872.18
2018-11-15,Crystal Palace,ENG,1644.6
2018-11-15,Derby,ENG,1522.06
2018-11-15,Everton,ENG,1710.79
2018-11-15,Fulham,ENG,1574.84
2018-11-15,Huddersfield,ENG,1547.58
2018-11-15,Hull,ENG,1442.6
2018-11-15,Ipswich,ENG,1393.9
2018-11-15,Leeds,ENG,1507.84
2018-11-15,Leicester,ENG,1691.35
2018-11-15,Liverpool,ENG,1923.12
2018-11-15,Man City,ENG,2000.37
2018-11-15,Man United,ENG,1861.59
2018-11-15,Middlesbrough,ENG,1566.21
2018-11-15,Millwall,ENG,1455.12
2018-11-15,Newcastle,ENG,1643.52
2018-11-15,Norwich,ENG,1524.03
2018-11-15,Nottm Forest,ENG,1474.21
2018-11-15,Preston,ENG,1480.11
2018-11-15,QPR,ENG,1457.4
2018-11-15,Reading,ENG,1398.86
2018-11-15,Rotherham,ENG,1386.68
2018-11-15,Sheffield United,ENG,1497.92
2018-11-15,Sheffield Weds,ENG,1457.48
2018-11-15,Southampton,ENG,1624.76
2018-11-15,Stoke,ENG,1568.08
2018-11-15,Swansea,ENG,1575.6
2018-11-15,Tottenham,ENG,1897.19
2018-11-15,Watford,ENG,1654.54
2018-11-15,West Brom,ENG,1581.84
2018-11-15,West Ham,ENG,1672.54
2018-11-15,Wigan,ENG,1389.67
2018-11-15,Wolves,ENG,1621.02
2018-12-01,Arsenal,ENG,1847.62
2018-12-01,Aston Villa,ENG,1544.32
2018-12-01,Birmingham,ENG,1455.2
2018-12-01,Blackburn,ENG,1404.24
2018-12-01,Bolton,ENG,1343.48
2018-12-01,Bournemouth,ENG,1685.55
2018-12-01,Brentford,ENG,1474.79
2018-12-01,Brighton,ENG,1632.2
2018-12-01,Bristol City,ENG,1461.94
2018-12-01,Burnley,ENG,1627.47
2018-12-01,Cardiff,ENG,1565.93
2018-12-01,Chelsea,ENG,1868.64
2018-12-01,Crystal Palace,ENG,1652.21
2018-12-01,Derby,ENG,1525.13
2018-12-01,Everton,ENG,1714.99
2018-12-01,Fulham,ENG,1583.48
2018-12-01,Huddersfield,ENG,1565.01
2018-12-01,Hull,ENG,1432.66
2018-12-01,Ipswich,ENG,1381.95
2018-12-01,Leeds,ENG,1520.21
2018-12-01,Leicester,ENG,1692.38
2018-12-01,Liverpool,ENG,1923.57
2018-12-01,Man City,ENG,2001.5
2018-12-01,Man United,ENG,1858.06
2018-12-01,Middlesbrough,ENG,1574.2
2018-12-01,Millwall,ENG,1437.61
2018-12-01,Newcastle,ENG,1654.03
2018-12-01,Norwich,ENG,1542.76
2018-12-01,Nottm Forest,ENG,1490.84
2018-12-01,Preston,ENG,1490.67
2018-12-01,QPR,ENG,1462.53
2018-12-01,Reading,ENG,1397.41
2018-12-01,Rotherham,ENG,1389.38
2018-12-01,Sheffield United,ENG,1506.6
2018-12-01,Sheffield Weds,ENG,1454.72
2018-12-01,Southampton,ENG,1617.96
2018-12-01,Stoke,ENG,1570.17
2018-12-01,Swansea,ENG,1548.33
2018-12-01,Tottenham,ENG,1909.84
2018-12-01,Watford,ENG,1649.65
2018-12-01,West Brom,ENG,1596.55
2018-12-01,West Ham,ENG,1668.66
2018-12-01,Wigan,ENG,1399.14
2018-12-01,Wolves,ENG,1597.49
2018-12-15,Arsenal,ENG,1861.6
2018-12-15,Aston Villa,ENG,1564.01
2018-12-15,Birmingham,ENG,1457.34
2018-12-15,Blackburn,ENG,1419.52
2018-12-15,Bolton,ENG,1339.8
2018-12-15,Bournemouth,ENG,1679.03
2018-12-15,Brentford,ENG,1470.46
2018-12-15,Brighton,ENG,1641.64
2018-12-15,Bristol City,ENG,1468.21
2018-12-15,Burnley,ENG,1621.37
2018-12-15,Cardiff,ENG,1567.5
2018-12-15,Chelsea,ENG,1863.27
2018-12-15,Crystal Palace,ENG,1644.14
2018-12-15,Derby,ENG,1537.38
2018-12-15,Everton,ENG,1704.23
2018-12-15,Fulham,ENG,1578.77
2018-12-15,Huddersfield,ENG,1550.76
2018-12-15,Hull,ENG,1443.55
2018-12-15,Ipswich,ENG,1371.22
2018-12-15,Leeds,ENG,1533.04
2018-12-15,Leicester,ENG,1691.03
2018-12-15,Liverpool,ENG,1940.57
2018-12-15,Man City,ENG,1991.25
2018-12-15,Man United,ENG,1845.86
2018-12-15,Middlesbrough,ENG,1549.66
2018-12-15,Millwall,ENG,1437.22
2018-12-15,Newcastle,ENG,1630.05
2018-12-15,Norwich,ENG,1548.86
2018-12-15,Nottm Forest,ENG,1485.58
2018-12-15,Preston,ENG,1486.66
2018-12-15,QPR,ENG,1446.38
2018-12-15,Reading,ENG,1389.53
2018-12-15,Rotherham,ENG,1386.96
2018-12-15,Sheffield United,ENG,1498.95
2018-12-15,Sheffield Weds,ENG,1439.18
2018-12-15,Southampton,ENG,1611.13
2018-12-15,Stoke,ENG,1569.74
2018-12-15,Swansea,ENG,1548.14
2018-12-15,Tottenham,ENG,1911.63
2018-12-15,Watford,ENG,1642.37
2018-12-15,West Brom,ENG,1595.5
2018-12-15,West Ham,ENG,1694.57
2018-12-15,Wigan,ENG,1391.97
2018-12-15,Wolves,ENG,1620.34
2019-01-01,Arsenal,ENG,1839.27
2019-01-01,Aston Villa,ENG,1560.75
2019-01-01,Birmingham,ENG,1482.58
2019-01-01,Blackburn,ENG,1401.48
2019-01-01,Bolton,ENG,1343.65
2019-01-01,Bournemouth,ENG,1666.25
2019-01-01,Brentford,ENG,1468.12
2019-01-01,Brighton,ENG,1642.42
2019-01-01,Bristol City,ENG,1474.9
2019-01-01,Burnley,ENG,1614.66
2019-01-01,Cardiff,ENG,1573.44
2019-01-01,Chelsea,ENG,1863.15
2019-01-01,Crystal Palace,ENG,1658.87
2019-01-01,Derby,ENG,1530.32
2019-01-01,Everton,ENG,1699.82
2019-01-01,Fulham,ENG,1578.94
2019-01-01,Huddersfield,ENG,1524.44
2019-01-01,Hull,ENG,1488.51
2019-01-01,Ipswich,ENG,1367.07
2019-01-01,Leeds,ENG,1535.5
2019-01-01,Leicester,ENG,1697.38
2019-01-01,Liverpool,ENG,1961.6
2019-01-01,Man City,ENG,1967.11
2019-01-01,Man United,ENG,1853.44
2019-01-01,Middlesbrough,ENG,1538.65
2019-01-01,Millwall,ENG,1441.86
2019-01-01,Newcastle,ENG,1633.63
2019-01-01,Norwich,ENG,1540.57
2019-01-01,Nottm Forest,ENG,1473.85
2019-01-01,Preston,ENG,1475.25
2019-01-01,QPR,ENG,1470.42
2019-01-01,Reading,ENG,1383.7
2019-01-01,Rotherham,ENG,1364.19
2019-01-01,Sheffield United,ENG,1515.47
2019-01-01,Sheffield Weds,ENG,1460.51
2019-01-01,Southampton,ENG,1623.51
2019-01-01,Stoke,ENG,1557.01
2019-01-01,Swansea,ENG,1528.37
2019-01-01,Tottenham,ENG,1904.31
2019-01-01,Watford,ENG,1655.81
2019-01-01,West Brom,ENG,1602.18
2019-01-01,West Ham,ENG,1683.25
2019-01-01,Wigan,ENG,1373.93
2019-01-01,Wolves,ENG,1649.81
2019-01-15,Arsenal,ENG,1831.83
2019-01-15,Aston Villa,ENG,1536.51
2019-01-15,Birmingham,ENG,1483.09
2019-01-15,Blackburn,ENG,1427.89
2019-01-15,Bolton,ENG,1331.45
2019-01-15,Bournemouth,ENG,1656.11
2019-01-15,Brentford,ENG,1481.0
2019-01-15,Brighton,ENG,1642.47
2019-01-15,Bristol City,ENG,1494.72
2019-01-15,Burnley,ENG,1627.58
2019-01-15,Cardiff,ENG,1566.54
2019-01-15,Chelsea,ENG,1858.68
2019-01-15,Crystal Palace,ENG,1662.41
2019-01-15,Derby,ENG,1519.38
2019-01-15,Everton,ENG,1698.83
2019-01-15,Fulham,ENG,1570.11
2019-01-15,Huddersfield,ENG,1520.07
2019-01-15,Hull,ENG,1506.96
2019-01-15,Ipswich,ENG,1366.65
2019-01-15,Leeds,ENG,1533.42
2019-01-15,Leicester,ENG,1695.36
2019-01-15,Liverpool,ENG,1957.69
2019-01-15,Man City,ENG,1975.75
2019-01-15,Man United,ENG,1870.08
2019-01-15,Middlesbrough,ENG,1548.28
2019-01-15,Millwall,ENG,1434.74
2019-01-15,Newcastle,ENG,1625.36
2019-01-15,Norwich,ENG,1542.88
2019-01-15,Nottm Forest,ENG,1471.91
2019-01-15,Preston,ENG,1466.34
2019-01-15,QPR,ENG,1468.85
2019-01-15,Reading,ENG,1387.41
2019-01-15,Rotherham,ENG,1366.66
2019-01-15,Sheffield United,ENG,1530.96
2019-01-15,Sheffield Weds,ENG,1441.98
2019-01-15,Southampton,ENG,1641.73
2019-01-15,Stoke,ENG,1528.29
2019-01-15,Swansea,ENG,1537.69
2019-01-15,Tottenham,ENG,1897.57
2019-01-15,Watford,ENG,1667.18
2019-01-15,West Brom,ENG,1587.56
2019-01-15,West Ham,ENG,1691.23
2019-01-15,Wigan,ENG,1384.25
2019-01-15,Wolves,ENG,1634.53
2019-02-01,Arsenal,ENG,1843.64
2019-02-01,Aston Villa,ENG,1537.13
2019-02-01,Birmingham,ENG,1479.11
2019-02-01,Blackburn,ENG,1450.05
2019-02-01,Bolton,ENG,1326.46
2019-02-01,Bournemouth,ENG,1688.95
2019-02-01,Brentford,ENG,1490.19
2019-02-01,Brighton,ENG,1628.03
2019-02-01,Bristol City,ENG,1503.52
2019-02-01,Burnley,ENG,1637.17
2019-02-01,Cardiff,ENG,1555.5
2019-02-01,Chelsea,ENG,1826.05
2019-02-01,Crystal Palace,ENG,1662.18
2019-02-01,Derby,ENG,1523.12
2019-02-01,Everton,ENG,1695.88
2019-02-01,Fulham,ENG,1579.86
2019-02-01,Huddersfield,ENG,1512.88
2019-02-01,Hull,ENG,1494.61
2019-02-01,Ipswich,ENG,1356.23
2019-02-01,Leeds,ENG,1531.83
2019-02-01,Leicester,ENG,1694.47
2019-02-01,Liverpool,ENG,1951.87
2019-02-01,Man City,ENG,1963.16
2019-02-01,Man United,ENG,1865.47
2019-02-01,Middlesbrough,ENG,1543.8
2019-02-01,Millwall,ENG,1439.22
2019-02-01,Newcastle,ENG,1649.35
2019-02-01,Norwich,ENG,1547.98
2019-02-01,Nottm Forest,ENG,1469.87
2019-02-01,Preston,ENG,1498.06
2019-02-01,QPR,ENG,1452.62
2019-02-01,Reading,ENG,1383.64
2019-02-01,Rotherham,ENG,1352.29
2019-02-01,Sheffield United,ENG,1526.7
2019-02-01,Sheffield Weds,ENG,1447.31
2019-02-01,Southampton,ENG,1648.53
2019-02-01,Stoke,ENG,1519.59
2019-02-01,Swansea,ENG,1540.82
2019-02-01,Tottenham,ENG,1902.02
2019-02-01,Watford,ENG,1662.44
2019-02-01,West Brom,ENG,1592.58
2019-02-01,West Ham,ENG,1667.76
2019-02-01,Wigan,ENG,1372.17
2019-02-01,Wolves,ENG,1655.89
2019-02-15,Arsenal,ENG,1834.27
2019-02-15,Aston Villa,ENG,1524.07
2019-02-15,Birmingham,ENG,1481.74
2019-02-15,Blackburn,ENG,1424.06
2019-02-15,Bolton,ENG,1330.0
2019-02-15,Bournemouth,ENG,1670.83
2019-02-15,Brentford,ENG,1498.71
2019-02-15,Brighton,ENG,1612.67
2019-02-15,Bristol City,ENG,1525.2
2019-02-15,Burnley,ENG,1648.18
2019-02-15,Cardiff,ENG,1580.25
2019-02-15,Chelsea,ENG,1822.09
2019-02-15,Crystal Palace,ENG,1666.05
2019-02-15,Derby,ENG,1527.84
2019-02-15,Everton,ENG,1668.69
2019-02-15,Fulham,ENG,1567.18
2019-02-15,Huddersfield,ENG,1506.05
2019-02-15,Hull,ENG,1489.83
2019-02-15,Ipswich,ENG,1347.3
2019-02-15,Leeds,ENG,1527.56
2019-02-15,Leicester,ENG,1684.7
2019-02-15,Liverpool,ENG,1947.96
2019-02-15,Man City,ENG,1979.81
2019-02-15,Man United,ENG,1862.41
2019-02-15,Middlesbrough,ENG,1543.92
2019-02-15,Millwall,ENG,1428.58
2019-02-15,Newcastle,ENG,1648.61
2019-02-15,Norwich,ENG,1552.33
2019-02-15,Nottm Forest,ENG,1471.86
2019-02-15,Preston,ENG,1512.6
2019-02-15,QPR,ENG,1429.79
2019-02-15,Reading,ENG,1396.36
2019-02-15,Rotherham,ENG,1359.28
2019-02-15,Sheffield United,ENG,1538.25
2019-02-15,Sheffield Weds,ENG,1450.94
2019-02-15,Southampton,ENG,1637.0
2019-02-15,Stoke,ENG,1498.94
2019-02-15,Swansea,ENG,1526.64
2019-02-15,Tottenham,ENG,1918.02
2019-02-15,Watford,ENG,1668.76
2019-02-15,West Brom,ENG,1583.33
2019-02-15,West Ham,ENG,1673.9
2019-02-15,Wigan,ENG,1382.55
2019-02-15,Wolves,ENG,1667.57
2019-03-01,Arsenal,ENG,1853.62
2019-03-01,Aston Villa,ENG,1516.91
2019-03-01,Birmingham,ENG,1492.11
2019-03-01,Blackburn,ENG,1423.78
2019-03-01,Bolton,ENG,1322.15
2019-03-01,Bournemouth,ENG,1666.56
2019-03-01,Brentford,ENG,1503.38
2019-03-01,Brighton,ENG,1610.38
2019-03-01,Bristol City,ENG,1511.81
2019-03-01,Burnley,ENG,1654.73
2019-03-01,Cardiff,ENG,1556.61
2019-03-01,Chelsea,ENG,1839.2
2019-03-01,Crystal Palace,ENG,1679.0
2019-03-01,Derby,ENG,1511.06
2019-03-01,Everton,ENG,1683.74
2019-03-01,Fulham,ENG,1557.57
2019-03-01,Huddersfield,ENG,1514.86
2019-03-01,Hull,ENG,1485.69
2019-03-01,Ipswich,ENG,1355.4
2019-03-01,Leeds,ENG,1523.83
2019-03-01,Leicester,ENG,1675.78
2019-03-01,Liverpool,ENG,1952.34
2019-03-01,Man City,ENG,1986.25
2019-03-01,Man United,ENG,1873.43
2019-03-01,Middlesbrough,ENG,1559.06
2019-03-01,Millwall,ENG,1427.38
2019-03-01,Newcastle,ENG,1666.51
2019-03-01,Norwich,ENG,1569.31
2019-03-01,Nottm Forest,ENG,1485.35
2019-03-01,Preston,ENG,1523.73
2019-03-01,QPR,ENG,1431.31
2019-03-01,Reading,ENG,1389.98
2019-03-01,Rotherham,ENG,1365.62
2019-03-01,Sheffield United,ENG,1559.13
2019-03-01,Sheffield Weds,ENG,1476.2
2019-03-01,Southampton,ENG,1643.36
2019-03-01,Stoke,ENG,1498.21
2019-03-01,Swansea,ENG,1517.43
2019-03-01,Tottenham,ENG,1895.68
2019-03-01,Watford,ENG,1682.35
2019-03-01,West Brom,ENG,1592.09
2019-03-01,West Ham,ENG,1681.26
2019-03-01,Wigan,ENG,1383.01
2019-03-01,Wolves,ENG,1661.35
2019-03-15,Arsenal,ENG,1888.32
2019-03-15,Aston Villa,ENG,1568.66
2019-03-15,Birmingham,ENG,1476.74
2019-03-15,Blackburn,ENG,1437.07
2019-03-15,Bolton,ENG,1337.58
2019-03-15,Bournemouth,ENG,1690.96
2019-03-15,Brentford,ENG,1533.78
2019-03-15,Brighton,ENG,1645.26
2019-03-15,Bristol City,ENG,1517.86
2019-03-15,Burnley,ENG,1658.42
2019-03-15,Cardiff,ENG,1583.44
2019-03-15,Chelsea,ENG,1866.08
2019-03-15,Crystal Palace,ENG,1698.7
2019-03-15,Derby,ENG,1516.58
2019-03-15,Everton,ENG,1700.44
2019-03-15,Fulham,ENG,1567.74
2019-03-15,Huddersfield,ENG,1520.77
2019-03-15,Hull,ENG,1497.98
2019-03-15,Ipswich,ENG,1377.73
2019-03-15,Leeds,ENG,1578.32
2019-03-15,Leicester,ENG,1693.51
2019-03-15,Liverpool,ENG,1984.5
2019-03-15,Man City,ENG,2010.86
2019-03-15,Man United,ENG,1904.84
2019-03-15,Middlesbrough,ENG,1552.97
2019-03-15,Millwall,ENG,1444.87
2019-03-15,Newcastle,ENG,1683.61
2019-03-15,Norwich,ENG,1605.19
2019-03-15,Nottm Forest,ENG,1494.78
2019-03-15,Preston,ENG,1557.64
2019-03-15,QPR,ENG,1431.03
2019-03-15,Reading,ENG,1412.93
2019-03-15,Rotherham,ENG,1399.53
2019-03-15,Sheffield United,ENG,1588.57
2019-03-15,Sheffield Weds,ENG,1506.35
2019-03-15,Southampton,ENG,1672.52
2019-03-15,Stoke,ENG,1526.89
2019-03-15,Swansea,ENG,1525.84
2019-03-15,Tottenham,ENG,1903.11
2019-03-15,Watford,ENG,1705.14
2019-03-15,West Brom,ENG,1596.36
2019-03-15,West Ham,ENG,1694.45
2019-03-15,Wigan,ENG,1385.22
2019-03-15,Wolves,ENG,1691.97
2019-04-01,Arsenal,ENG,1888.32
2019-04-01,Aston Villa,ENG,1582.4
2019-04-01,Birmingham,ENG,1468.62
2019-04-01,Blackburn,ENG,1427.04
2019-04-01,Bolton,ENG,1340.58
2019-04-01,Bournemouth,ENG,1680.55
2019-04-01,Brentford,ENG,1523.92
2019-04-01,Brighton,ENG,1636.11
2019-04-01,Bristol City,ENG,1529.69
2019-04-01,Burnley,ENG,1660.22
2019-04-01,Cardiff,ENG,1579.96
2019-04-01,Chelsea,ENG,1854.66
2019-04-01,Crystal Palace,ENG,1702.67
2019-04-01,Derby,ENG,1524.98
2019-04-01,Everton,ENG,1728.39
2019-04-01,Fulham,ENG,1564.54
2019-04-01,Huddersfield,ENG,1513.89
2019-04-01,Hull,ENG,1503.95
2019-04-01,Ipswich,ENG,1369.58
2019-04-01,Leeds,ENG,1572.61
2019-04-01,Leicester,ENG,1710.61
2019-04-01,Liverpool,ENG,1990.46
2019-04-01,Man City,ENG,2012.6
2019-04-01,Man United,ENG,1907.33
2019-04-01,Middlesbrough,ENG,1534.36
2019-04-01,Millwall,ENG,1441.17
2019-04-01,Newcastle,ENG,1685.69
2019-04-01,Norwich,ENG,1617.78
2019-04-01,Nottm Forest,ENG,1500.48
2019-04-01,Preston,ENG,1552.04
2019-04-01,QPR,ENG,1422.34
2019-04-01,Reading,ENG,1427.87
2019-04-01,Rotherham,ENG,1386.6
2019-04-01,Sheffield United,ENG,1586.15
2019-04-01,Sheffield Weds,ENG,1515.34
2019-04-01,Southampton,ENG,1681.66
2019-04-01,Stoke,ENG,1519.98
2019-04-01,Swansea,ENG,1518.67
2019-04-01,Tottenham,ENG,1898.61
2019-04-01,Watford,ENG,1702.65
2019-04-01,West Brom,ENG,1607.92
2019-04-01,West Ham,ENG,1684.31
2019-04-01,Wigan,ENG,1396.38
2019-04-01,Wolves,ENG,1681.41
2019-04-15,Arsenal,ENG,1893.81
2019-04-15,Aston Villa,ENG,1607.4
2019-04-15,Birmingham,ENG,1481.72
2019-04-15,Blackburn,ENG,1447.24
2019-04-15,Bolton,ENG,1322.49
2019-04-15,Bournemouth,ENG,1689.42
2019-04-15,Brentford,ENG,1511.28
2019-04-15,Brighton,ENG,1616.33
2019-04-15,Bristol City,ENG,1540.84
2019-04-15,Burnley,ENG,1684.76
2019-04-15,Cardiff,ENG,1576.89
2019-04-15,Chelsea,ENG,1865.08
2019-04-15,Crystal Palace,ENG,1708.23
2019-04-15,Derby,ENG,1522.91
2019-04-15,Everton,ENG,1727.35
2019-04-15,Fulham,ENG,1577.81
2019-04-15,Huddersfield,ENG,1507.59
2019-04-15,Hull,ENG,1511.95
2019-04-15,Ipswich,ENG,1378.73
2019-04-15,Leeds,ENG,1585.52
2019-04-15,Leicester,ENG,1711.86
2019-04-15,Liverpool,ENG,2007.74
2019-04-15,Man City,ENG,2015.55
2019-04-15,Man United,ENG,1896.66
2019-04-15,Middlesbrough,ENG,1532.94
2019-04-15,Millwall,ENG,1462.32
2019-04-15,Newcastle,ENG,1687.7
2019-04-15,Norwich,ENG,1615.98
2019-04-15,Nottm Forest,ENG,1473.57
2019-04-15,Preston,ENG,1525.15
2019-04-15,QPR,ENG,1443.49
2019-04-15,Reading,ENG,1440.29
2019-04-15,Rotherham,ENG,1400.0
2019-04-15,Sheffield United,ENG,1592.11
2019-04-15,Sheffield Weds,ENG,1513.34
2019-04-15,Southampton,ENG,1691.08
2019-04-15,Stoke,ENG,1517.45
2019-04-15,Swansea,ENG,1532.4
2019-04-15,Tottenham,ENG,1913.61
2019-04-15,Watford,ENG,1712.35
2019-04-15,West Brom,ENG,1597.8
2019-04-15,West Ham,ENG,1681.89
2019-04-15,Wigan,ENG,1405.78
2019-04-15,Wolves,ENG,1687.81
2019-05-01,Arsenal,ENG,1854.51
2019-05-01,Aston Villa,ENG,1613.92
2019-05-01,Birmingham,ENG,1486.27
2019-05-01,Blackburn,ENG,1456.86
2019-05-01,Bolton,ENG,1311.45
2019-05-01,Bournemouth,ENG,1677.72
2019-05-01,Brentford,ENG,1521.17
2019-05-01,Brighton,ENG,1602.46
2019-05-01,Bristol City,ENG,1519.88
2019-05-01,Burnley,ENG,1686.8
2019-05-01,Cardiff,ENG,1582.55
2019-05-01,Chelsea,ENG,1860.63
2019-05-01,Crystal Palace,ENG,1719.45
2019-05-01,Derby,ENG,1541.83
2019-05-01,Everton,ENG,1748.07
2019-05-01,Fulham,ENG,1594.66
2019-05-01,Huddersfield,ENG,1500.13
2019-05-01,Hull,ENG,1496.52
2019-05-01,Ipswich,ENG,1362.18
2019-05-01,Leeds,ENG,1558.61
2019-05-01,Leicester,ENG,1729.15
2019-05-01,Liverpool,ENG,2013.48
2019-05-01,Man City,ENG,2023.95
2019-05-01,Man United,ENG,1857.66
2019-05-01,Middlesbrough,ENG,1527.73
2019-05-01,Millwall,ENG,1447.81
2019-05-01,Newcastle,ENG,1694.67
2019-05-01,Norwich,ENG,1611.87
2019-05-01,Nottm Forest,ENG,1489.38
2019-05-01,Preston,ENG,1515.26
2019-05-01,QPR,ENG,1417.81
2019-05-01,Reading,ENG,1441.01
2019-05-01,Rotherham,ENG,1382.03
2019-05-01,Sheffield United,ENG,1611.24
2019-05-01,Sheffield Weds,ENG,1527.62
2019-05-01,Southampton,ENG,1680.76
2019-05-01,Stoke,ENG,1511.08
2019-05-01,Swansea,ENG,1536.52
2019-05-01,Tottenham,ENG,1888.83
2019-05-01,Watford,ENG,1697.42
2019-05-01,West Brom,ENG,1600.12
2019-05-01,West Ham,ENG,1693.79
2019-05-01,Wigan,ENG,1434.56
2019-05-01,Wolves,ENG,1708.35
2019-05-15,Arsenal,ENG,1885.21
2019-05-15,Aston Villa,ENG,1609.05
2019-05-15,Birmingham,ENG,1500.16
2019-05-15,Blackburn,ENG,1470.2
2019-05-15,Bolton,ENG,1321.84
2019-05-15,Bournemouth,ENG,1694.89
2019-05-15,Brentford,ENG,1544.66
2019-05-15,Brighton,ENG,1620.25
2019-05-15,Bristol City,ENG,1534.4
2019-05-15,Burnley,ENG,1685.65
2019-05-15,Cardiff,ENG,1611.1
2019-05-15,Chelsea,ENG,1872.66
2019-05-15,Crystal Palace,ENG,1746.52
2019-05-15,Derby,ENG,1558.9
2019-05-15,Everton,ENG,1773.65
2019-05-15,Fulham,ENG,1589.33
2019-05-15,Huddersfield,ENG,1525.96
2019-05-15,Hull,ENG,1508.3
2019-05-15,Ipswich,ENG,1386.74
2019-05-15,Leeds,ENG,1569.04
2019-05-15,Leicester,ENG,1742.66
2019-05-15,Liverpool,ENG,2043.75
2019-05-15,Man City,ENG,2041.26
2019-05-15,Man United,ENG,1842.22
2019-05-15,Middlesbrough,ENG,1547.07
2019-05-15,Millwall,ENG,1454.27
2019-05-15,Newcastle,ENG,1719.58
2019-05-15,Norwich,ENG,1634.66
2019-05-15,Nottm Forest,ENG,1505.29
2019-05-15,Preston,ENG,1518.06
2019-05-15,QPR,ENG,1443.41
2019-05-15,Reading,ENG,1453.42
2019-05-15,Rotherham,ENG,1388.98
2019-05-15,Sheffield United,ENG,1623.56
2019-05-15,Sheffield Weds,ENG,1528.32
2019-05-15,Southampton,ENG,1677.78
2019-05-15,Stoke,ENG,1525.07
2019-05-15,Swansea,ENG,1547.65
2019-05-15,Tottenham,ENG,1901.27
2019-05-15,Watford,ENG,1689.3
2019-05-15,West Brom,ENG,1610.85
2019-05-15,West Ham,ENG,1733.44
2019-05-15,Wigan,ENG,1454.4
2019-05-15,Wolves,ENG,1723.52
2019-06-01,Arsenal,ENG,1870.88
2019-06-01,Aston Villa,ENG,1616.2
2019-06-01,Birmingham,ENG,1500.16
2019-06-01,Blackburn,ENG,1470.2
2019-06-01,Bolton,ENG,1321.84
2019-06-01,Bournemouth,ENG,1694.89
2019-06-01,Brentford,ENG,1544.66
2019-06-01,Brighton,ENG,1620.25
2019-06-01,Bristol City,ENG,1534.4
2019-06-01,Burnley,ENG,1685.65
2019-06-01,Cardiff,ENG,1611.1
2019-06-01,Chelsea,ENG,1886.99
2019-06-01,Crystal Palace,ENG,1746.52
2019-06-01,Derby,ENG,1571.16
2019-06-01,Everton,ENG,1773.65
2019-06-01,Fulham,ENG,1589.33
2019-06-01,Huddersfield,ENG,1525.96
2019-06-01,Hull,ENG,1508.3
2019-06-01,Ipswich,ENG,1386.74
2019-06-01,Leeds,ENG,1549.63
2019-06-01,Leicester,ENG,1742.66
2019-06-01,Liverpool,ENG,2043.75
2019-06-01,Man City,ENG,2041.26
2019-06-01,Man United,ENG,1842.22
2019-06-01,Middlesbrough,ENG,1547.07
2019-06-01,Millwall,ENG,1454.27
2019-06-01,Newcastle,ENG,1719.58
2019-06-01,Norwich,ENG,1634.66
2019-06-01,Nottm Forest,ENG,1505.29
2019-06-01,Preston,ENG,1518.06
2019-06-01,QPR,ENG,1443.41
2019-06-01,Reading,ENG,1453.42
2019-06-01,Rotherham,ENG,1388.98
2019-06-01,Sheffield United,ENG,1623.56
2019-06-01,Sheffield Weds,ENG,1528.32
2019-06-01,Southampton,ENG,1677.78
2019-06-01,Stoke,ENG,1525.07
2019-06-01,Swansea,ENG,1547.65
2019-06-01,Tottenham,ENG,1901.27
2019-06-01,Watford,ENG,1689.3
2019-06-01,West Brom,ENG,1610.85
2019-06-01,West Ham,ENG,1733.44
2019-06-01,Wigan,ENG,1454.4
2019-06-01,Wolves,ENG,1723.52
2019-06-15,Arsenal,ENG,1870.88
2019-06-15,Aston Villa,ENG,1616.2
2019-06-15,Birmingham,ENG,1500.16
2019-06-15,Blackburn,ENG,1470.2
2019-06-15,Bolton,ENG,1321.84
2019-06-15,Bournemouth,ENG,1694.89
2019-06-15,Brentford,ENG,1544.66
2019-06-15,Brighton,ENG,1620.25
2019-06-15,Bristol City,ENG,1534.4
2019-06-15,Burnley,ENG,1685.65
2019-06-15,Cardiff,ENG,1611.1
2019-06-15,Chelsea,ENG,1886.99
2019-06-15,Crystal Palace,ENG,1746.52
2019-06-15,Derby,ENG,1571.16
2019-06-15,Everton,ENG,1773.65
2019-06-15,Fulham,ENG,1589.33
2019-06-15,Huddersfield,ENG,1525.96
2019-06-15,Hull,ENG,1508.3
2019-06-15,Ipswich,ENG,1386.74
2019-06-15,Leeds,ENG,1549.63
2019-06-15,Leicester,ENG,1742.66
2019-06-15,Liverpool,ENG,2050.21
2019-06-15,Man City,ENG,2041.26
2019-06-15,Man United,ENG,1842.22
2019-06-15,Middlesbrough,ENG,1547.07
2019-06-15,Millwall,ENG,1454.27
2019-06-15,Newcastle,ENG,1719.58
2019-06-15,Norwich,ENG,1634.66
2019-06-15,Nottm Forest,ENG,1505.29
2019-06-15,Preston,ENG,1518.06
2019-06-15,QPR,ENG,1443.41
2019-06-15,Reading,ENG,1453.42
2019-06-15,Rotherham,ENG,1388.98
2019-06-15,Sheffield United,ENG,1623.56
2019-06-15,Sheffield Weds,ENG,1528.32
2019-06-15,Southampton,ENG,1677.78
2019-06-15,Stoke,ENG,1525.07
2019-06-15,Swansea,ENG,1547.65
2019-06-15,Tottenham,ENG,1894.81
2019-06-15,Watford,ENG,1689.3
2019-06-15,West Brom,ENG,1610.85
2019-06-15,West Ham,ENG,1733.44
2019-06-15,Wigan,ENG,1454.4
2019-06-15,Wolves,ENG,1723.52
2019-07-01,Arsenal,ENG,1870.88
2019-07-01,Aston Villa,ENG,1616.2
2019-07-01,Barnsley,ENG,1418.28
2019-07-01,Birmingham,ENG,1500.16
2019-07-01,Blackburn,ENG,1470.2
2019-07-01,Bolton,ENG,1321.84
2019-07-01,Bournemouth,ENG,1694.89
2019-07-01,Brentford,ENG,1544.66
2019-07-01,Brighton,ENG,1620.25
2019-07-01,Bristol City,ENG,1534.4
2019-07-01,Burnley,ENG,1685.65
2019-07-01,Cardiff,ENG,1611.1
2019-07-01,Charlton,ENG,1418.28
2019-07-01,Chelsea,ENG,1886.99
2019-07-01,Crystal Palace,ENG,1746.52
2019-07-01,Derby,ENG,1571.16
2019-07-01,Everton,ENG,1773.65
2019-07-01,Fulham,ENG,1589.33
2019-07-01,Huddersfield,ENG,1525.96
2019-07-01,Hull,ENG,1508.3
2019-07-01,Ipswich,ENG,1386.74
2019-07-01,Leeds,ENG,1549.63
2019-07-01,Leicester,ENG,1742.66
2019-07-01,Liverpool,ENG,2050.21
2019-07-01,Luton,ENG,1418.28
2019-07-01,Man City,ENG,2041.26
2019-07-01,Man United,ENG,1842.22
2019-07-01,Middlesbrough,ENG,1547.07
2019-07-01,Millwall,ENG,1454.27
2019-07-01,Newcastle,ENG,1719.58
2019-07-01,Norwich,ENG,1634.66
2019-07-01,Nottm Forest,ENG,1505.29
2019-07-01,Preston,ENG,1518.06
2019-07-01,QPR,ENG,1443.41
2019-07-01,Reading,ENG,1453.42
2019-07-01,Rotherham,ENG,1388.98
2019-07-01,Sheffield United,ENG,1623.56
2019-07-01,Sheffield Weds,ENG,1528.32
2019-07-01,Southampton,ENG,1677.78
2019-07-01,Stoke,ENG,1525.07
2019-07-01,Swansea,ENG,1547.65
2019-07-01,Tottenham,ENG,1894.81
2019-07-01,Watford,ENG,1689.3
2019-07-01,West Brom,ENG,1610.85
2019-07-01,West Ham,ENG,1733.44
2019-07-01,Wigan,ENG,1454.4
2019-07-01,Wolves,ENG,1723.52
2019-07-15,Arsenal,ENG,1870.88
2019-07-15,Aston Villa,ENG,1616.2
2019-07-15,Barnsley,ENG,1418.28
2019-07-15,Birmingham,ENG,1500.16
2019-07-15,Blackburn,ENG,1470.2
2019-07-15,Bournemouth,ENG,1694.89
2019-07-15,Brentford,ENG,1544.66
2019-07-15,Brighton,ENG,1620.25
2019-07-15,Bristol City,ENG,1534.4
2019-07-15,Burnley,ENG,1685.65
2019-07-15,Cardiff,ENG,1611.1
2019-07-15,Charlton,ENG,1418.28
2019-07-15,Chelsea,ENG,1886.99
2019-07-15,Crystal Palace,ENG,1746.52
2019-07-15,Derby,ENG,1571.16
2019-07-15,Everton,ENG,1773.65
2019-07-15,Fulham,ENG,1589.33
2019-07-15,Huddersfield,ENG,1525.96
2019-07-15,Hull,ENG,1508.3
2019-07-15,Leeds,ENG,1549.63
2019-07-15,Leicester,ENG,1742.66
2019-07-15,Liverpool,ENG,2050.21
2019-07-15,Luton,ENG,1418.28
2019-07-15,Man City,ENG,2041.26
2019-07-15,Man United,ENG,1842.22
2019-07-15,Middlesbrough,ENG,1547.07
2019-07-15,Millwall,ENG,1454.27
2019-07-15,Newcastle,ENG,1719.58
2019-07-15,Norwich,ENG,1634.66
2019-07-15,Nottm Forest,ENG,1505.29
2019-07-15,Preston,ENG,1518.06
2019-07-15,QPR,ENG,1443.41
2019-07-15,Reading,ENG,1453.42
2019-07-15,Sheffield United,ENG,1623.56
2019-07-15,Sheffield Weds,ENG,1528.32
2019-07-15,Southampton,ENG,1677.78
2019-07-15,Stoke,ENG,1525.07
2019-07-15,Swansea,ENG,1547.65
2019-07-15,Tottenham,ENG,1894.81
2019-07-15,Watford,ENG,1689.3
2019-07-15,West Brom,ENG,1610.85
2019-07-15,West Ham,ENG,1733.44
2019-07-15,Wigan,ENG,1454.4
2019-07-15,Wolves,ENG,1723.52
2019-08-01,Arsenal,ENG,1870.89
2019-08-01,Aston Villa,ENG,1616.21
2019-08-01,Barnsley,ENG,1418.3
2019-08-01,Birmingham,ENG,1500.17
2019-08-01,Blackburn,ENG,1470.21
2019-08-01,Bournemouth,ENG,1694.9
2019-08-01,Brentford,ENG,1544.67
2019-08-01,Brighton,ENG,1620.26
2019-08-01,Bristol City,ENG,1534.41
2019-08-01,Burnley,ENG,1685.67
2019-08-01,Cardiff,ENG,1611.11
2019-08-01,Charlton,ENG,1418.3
2019-08-01,Chelsea,ENG,1887.01
2019-08-01,Crystal Palace,ENG,1746.54
2019-08-01,Derby,ENG,1571.17
2019-08-01,Everton,ENG,1773.67
2019-08-01,Fulham,ENG,1589.34
2019-08-01,Huddersfield,ENG,1525.97
2019-08-01,Hull,ENG,1508.31
2019-08-01,Leeds,ENG,1549.65
2019-08-01,Leicester,ENG,1742.67
2019-08-01,Liverpool,ENG,2050.22
2019-08-01,Luton,ENG,1418.3
2019-08-01,Man City,ENG,2041.28
2019-08-01,Man United,ENG,1842.23
2019-08-01,Middlesbrough,ENG,1547.08
2019-08-01,Millwall,ENG,1454.28
2019-08-01,Newcastle,ENG,1719.59
2019-08-01,Norwich,ENG,1634.67
2019-08-01,Nottm Forest,ENG,1505.3
2019-08-01,Preston,ENG,1518.07
2019-08-01,QPR,ENG,1443.42
2019-08-01,Reading,ENG,1453.43
2019-08-01,Sheffield United,ENG,1623.57
2019-08-01,Sheffield Weds,ENG,1528.34
2019-08-01,Southampton,ENG,1677.79
2019-08-01,Stoke,ENG,1525.08
2019-08-01,Swansea,ENG,1547.66
2019-08-01,Tottenham,ENG,1894.82
2019-08-01,Watford,ENG,1689.31
2019-08-01,West Brom,ENG,1610.86
2019-08-01,West Ham,ENG,1733.45
2019-08-01,Wigan,ENG,1454.41
2019-08-01,Wolves,ENG,1723.56
2019-08-15,Arsenal,ENG,1876.8
2019-08-15,Aston Villa,ENG,1614.07
2019-08-15,Barnsley,ENG,1423.43
2019-08-15,Birmingham,ENG,1509.74
2019-08-15,Blackburn,ENG,1454.01
2019-08-15,Bournemouth,ENG,1691.37
2019-08-15,Brentford,ENG,1543.9
2019-08-15,Brighton,ENG,1640.38
2019-08-15,Bristol City,ENG,1522.93
2019-08-15,Burnley,ENG,1696.69
2019-08-15,Cardiff,ENG,1603.67
2019-08-15,Charlton,ENG,1441.88
2019-08-15,Chelsea,ENG,1872.04
2019-08-15,Crystal Palace,ENG,1745.66
2019-08-15,Derby,ENG,1577.42
2019-08-15,Everton,ENG,1774.9
2019-08-15,Fulham,ENG,1584.23
2019-08-15,Huddersfield,ENG,1517.58
2019-08-15,Hull,ENG,1508.17
2019-08-15,Leeds,ENG,1559.48
2019-08-15,Leicester,ENG,1740.52
2019-08-15,Liverpool,ENG,2051.6
2019-08-15,Luton,ENG,1417.45
2019-08-15,Man City,ENG,2047.48
2019-08-15,Man United,ENG,1857.55
2019-08-15,Middlesbrough,ENG,1535.51
2019-08-15,Millwall,ENG,1468.09
2019-08-15,Newcastle,ENG,1714.03
2019-08-15,Norwich,ENG,1633.65
2019-08-15,Nottm Forest,ENG,1501.95
2019-08-15,Preston,ENG,1519.49
2019-08-15,QPR,ENG,1455.48
2019-08-15,Reading,ENG,1437.61
2019-08-15,Sheffield United,ENG,1627.45
2019-08-15,Sheffield Weds,ENG,1545.17
2019-08-15,Southampton,ENG,1667.12
2019-08-15,Stoke,ENG,1500.99
2019-08-15,Swansea,ENG,1555.72
2019-08-15,Tottenham,ENG,1897.31
2019-08-15,Watford,ENG,1669.56
2019-08-15,West Brom,ENG,1612.51
2019-08-15,West Ham,ENG,1727.6
2019-08-15,Wigan,ENG,1455.73
2019-08-15,Wolves,ENG,1726.63
2019-09-01,Arsenal,ENG,1879.97
2019-09-01,Aston Villa,ENG,1622.26
2019-09-01,Barnsley,ENG,1408.34
2019-09-01,Birmingham,ENG,1506.51
2019-09-01,Blackburn,ENG,1475.65
2019-09-01,Bournemouth,ENG,1692.85
2019-09-01,Brentford,ENG,1543.88
2019-09-01,Brighton,ENG,1630.69
2019-09-01,Bristol City,ENG,1554.89
2019-09-01,Burnley,ENG,1697.65
2019-09-01,Cardiff,ENG,1591.14
2019-09-01,Charlton,ENG,1470.84
2019-09-01,Chelsea,ENG,1868.36
2019-09-01,Crystal Palace,ENG,1756.89
2019-09-01,Derby,ENG,1556.83
2019-09-01,Everton,ENG,1768.16
2019-09-01,Fulham,ENG,1594.07
2019-09-01,Huddersfield,ENG,1485.09
2019-09-01,Hull,ENG,1493.39
2019-09-01,Leeds,ENG,1582.98
2019-09-01,Leicester,ENG,1764.16
2019-09-01,Liverpool,ENG,2065.0
2019-09-01,Luton,ENG,1435.6
2019-09-01,Man City,ENG,2050.77
2019-09-01,Man United,ENG,1844.43
2019-09-01,Middlesbrough,ENG,1534.59
2019-09-01,Millwall,ENG,1475.4
2019-09-01,Newcastle,ENG,1717.12
2019-09-01,Norwich,ENG,1639.79
2019-09-01,Nottm Forest,ENG,1528.01
2019-09-01,Preston,ENG,1535.11
2019-09-01,QPR,ENG,1463.85
2019-09-01,Reading,ENG,1467.13
2019-09-01,Sheffield United,ENG,1641.1
2019-09-01,Sheffield Weds,ENG,1526.18
2019-09-01,Southampton,ENG,1685.63
2019-09-01,Stoke,ENG,1477.55
2019-09-01,Swansea,ENG,1593.54
2019-09-01,Tottenham,ENG,1892.84
2019-09-01,Watford,ENG,1661.65
2019-09-01,West Brom,ENG,1619.97
2019-09-01,West Ham,ENG,1748.57
2019-09-01,Wigan,ENG,1433.8
2019-09-01,Wolves,ENG,1742.96
2019-09-15,Arsenal,ENG,1878.59
2019-09-15,Aston Villa,ENG,1622.26
2019-09-15,Barnsley,ENG,1408.34
2019-09-15,Birmingham,ENG,1515.2
2019-09-15,Blackburn,ENG,1484.98
2019-09-15,Bournemouth,ENG,1692.85
2019-09-15,Brentford,ENG,1534.47
2019-09-15,Brighton,ENG,1630.85
2019-09-15,Bristol City,ENG,1562.52
2019-09-15,Burnley,ENG,1697.48
2019-09-15,Cardiff,ENG,1591.91
2019-09-15,Charlton,ENG,1462.16
2019-09-15,Chelsea,ENG,1879.2
2019-09-15,Crystal Palace,ENG,1749.76
2019-09-15,Derby,ENG,1556.06
2019-09-15,Everton,ENG,1774.09
2019-09-15,Fulham,ENG,1593.06
2019-09-15,Huddersfield,ENG,1485.09
2019-09-15,Hull,ENG,1490.05
2019-09-15,Leeds,ENG,1582.98
2019-09-15,Leicester,ENG,1759.47
2019-09-15,Liverpool,ENG,2066.6
2019-09-15,Luton,ENG,1429.86
2019-09-15,Man City,ENG,2035.1
2019-09-15,Man United,ENG,1849.11
2019-09-15,Middlesbrough,ENG,1539.67
2019-09-15,Millwall,ENG,1466.07
2019-09-15,Newcastle,ENG,1715.51
2019-09-15,Norwich,ENG,1655.46
2019-09-15,Nottm Forest,ENG,1539.29
2019-09-15,Preston,ENG,1544.52
2019-09-15,QPR,ENG,1469.59
2019-09-15,Reading,ENG,1462.05
2019-09-15,Sheffield United,ENG,1632.61
2019-09-15,Sheffield Weds,ENG,1526.18
2019-09-15,Southampton,ENG,1694.12
2019-09-15,Stoke,ENG,1469.92
2019-09-15,Swansea,ENG,1582.26
2019-09-15,Tottenham,ENG,1901.34
2019-09-15,Watford,ENG,1661.65
2019-09-15,West Brom,ENG,1620.98
2019-09-15,West Ham,ENG,1748.57
2019-09-15,Wigan,ENG,1437.15
2019-09-15,Wolves,ENG,1726.18
2019-10-01,Arsenal,ENG,1880.61
2019-10-01,Aston Villa,ENG,1614.97
2019-10-01,Barnsley,ENG,1380.71
2019-10-01,Birmingham,ENG,1493.09
2019-10-01,Blackburn,ENG,1474.51
2019-10-01,Bournemouth,ENG,1709.39
2019-10-01,Brentford,ENG,1531.64
2019-10-01,Brighton,ENG,1623.6
2019-10-01,Bristol City,ENG,1554.79
2019-10-01,Burnley,ENG,1696.42
2019-10-01,Cardiff,ENG,1588.33
2019-10-01,Charlton,ENG,1454.2
2019-10-01,Chelsea,ENG,1857.51
2019-10-01,Crystal Palace,ENG,1745.09
2019-10-01,Derby,ENG,1556.05
2019-10-01,Everton,ENG,1732.17
2019-10-01,Fulham,ENG,1590.07
2019-10-01,Huddersfield,ENG,1457.95
2019-10-01,Hull,ENG,1496.64
2019-10-01,Leeds,ENG,1569.54
2019-10-01,Leicester,ENG,1773.47
2019-10-01,Liverpool,ENG,2047.68
2019-10-01,Luton,ENG,1419.65
2019-10-01,Man City,ENG,2040.0
2019-10-01,Man United,ENG,1828.96
2019-10-01,Middlesbrough,ENG,1509.57
2019-10-01,Millwall,ENG,1450.54
2019-10-01,Newcastle,ENG,1691.68
2019-10-01,Norwich,ENG,1633.81
2019-10-01,Nottm Forest,ENG,1542.71
2019-10-01,Preston,ENG,1543.8
2019-10-01,QPR,ENG,1463.1
2019-10-01,Reading,ENG,1450.05
2019-10-01,Sheffield United,ENG,1641.03
2019-10-01,Sheffield Weds,ENG,1546.89
2019-10-01,Southampton,ENG,1670.57
2019-10-01,Stoke,ENG,1457.52
2019-10-01,Swansea,ENG,1570.45
2019-10-01,Tottenham,ENG,1883.08
2019-10-01,Watford,ENG,1647.78
2019-10-01,West Brom,ENG,1625.84
2019-10-01,West Ham,ENG,1752.27
2019-10-01,Wigan,ENG,1434.36
2019-10-01,Wolves,ENG,1715.67
2019-10-15,Arsenal,ENG,1884.89
2019-10-15,Aston Villa,ENG,1633.26
2019-10-15,Barnsley,ENG,1376.11
2019-10-15,Birmingham,ENG,1490.67
2019-10-15,Blackburn,ENG,1463.51
2019-10-15,Bournemouth,ENG,1705.13
2019-10-15,Brentford,ENG,1522.87
2019-10-15,Brighton,ENG,1643.92
2019-10-15,Bristol City,ENG,1558.26
2019-10-15,Burnley,ENG,1702.32
2019-10-15,Cardiff,ENG,1585.02
2019-10-15,Charlton,ENG,1451.47
2019-10-15,Chelsea,ENG,1869.82
2019-10-15,Crystal Palace,ENG,1753.17
2019-10-15,Derby,ENG,1556.38
2019-10-15,Everton,ENG,1723.21
2019-10-15,Fulham,ENG,1593.32
2019-10-15,Huddersfield,ENG,1478.87
2019-10-15,Hull,ENG,1490.06
2019-10-15,Leeds,ENG,1566.08
2019-10-15,Leicester,ENG,1770.26
2019-10-15,Liverpool,ENG,2049.65
2019-10-15,Luton,ENG,1412.23
2019-10-15,Man City,ENG,2017.58
2019-10-15,Man United,ENG,1814.12
2019-10-15,Middlesbrough,ENG,1500.1
2019-10-15,Millwall,ENG,1459.75
2019-10-15,Newcastle,ENG,1700.29
2019-10-15,Norwich,ENG,1612.47
2019-10-15,Nottm Forest,ENG,1547.13
2019-10-15,Preston,ENG,1549.28
2019-10-15,QPR,ENG,1464.72
2019-10-15,Reading,ENG,1434.32
2019-10-15,Sheffield United,ENG,1641.38
2019-10-15,Sheffield Weds,ENG,1542.0
2019-10-15,Southampton,ENG,1660.67
2019-10-15,Stoke,ENG,1459.15
2019-10-15,Swansea,ENG,1562.8
2019-10-15,Tottenham,ENG,1840.65
2019-10-15,Watford,ENG,1644.38
2019-10-15,West Brom,ENG,1624.71
2019-10-15,West Ham,ENG,1741.14
2019-10-15,Wigan,ENG,1436.56
2019-10-15,Wolves,ENG,1742.24
2019-11-01,Arsenal,ENG,1877.68
2019-11-01,Aston Villa,ENG,1647.74
2019-11-01,Barnsley,ENG,1391.53
2019-11-01,Birmingham,ENG,1505.7
2019-11-01,Blackburn,ENG,1461.11
2019-11-01,Bournemouth,ENG,1710.52
2019-11-01,Brentford,ENG,1566.38
2019-11-01,Brighton,ENG,1655.21
2019-11-01,Bristol City,ENG,1549.85
2019-11-01,Burnley,ENG,1699.39
2019-11-01,Cardiff,ENG,1582.22
2019-11-01,Charlton,ENG,1477.53
2019-11-01,Chelsea,ENG,1899.36
2019-11-01,Crystal Palace,ENG,1762.57
2019-11-01,Derby,ENG,1543.04
2019-11-01,Everton,ENG,1733.11
2019-11-01,Fulham,ENG,1590.82
2019-11-01,Huddersfield,ENG,1492.24
2019-11-01,Hull,ENG,1511.04
2019-11-01,Leeds,ENG,1582.26
2019-11-01,Leicester,ENG,1805.15
2019-11-01,Liverpool,ENG,2059.16
2019-11-01,Luton,ENG,1430.93
2019-11-01,Man City,ENG,2035.76
2019-11-01,Man United,ENG,1837.1
2019-11-01,Middlesbrough,ENG,1504.84
2019-11-01,Millwall,ENG,1475.13
2019-11-01,Newcastle,ENG,1705.74
2019-11-01,Norwich,ENG,1619.16
2019-11-01,Nottm Forest,ENG,1535.79
2019-11-01,Preston,ENG,1552.44
2019-11-01,QPR,ENG,1470.52
2019-11-01,Reading,ENG,1455.64
2019-11-01,Sheffield United,ENG,1666.69
2019-11-01,Sheffield Weds,ENG,1557.61
2019-11-01,Southampton,ENG,1652.91
2019-11-01,Stoke,ENG,1468.03
2019-11-01,Swansea,ENG,1557.27
2019-11-01,Tottenham,ENG,1848.2
2019-11-01,Watford,ENG,1659.41
2019-11-01,West Brom,ENG,1627.43
2019-11-01,West Ham,ENG,1736.68
2019-11-01,Wigan,ENG,1455.26
2019-11-01,Wolves,ENG,1750.68
2019-11-15,Arsenal,ENG,1855.17
2019-11-15,Aston Villa,ENG,1642.02
2019-11-15,Barnsley,ENG,1382.69
2019-11-15,Birmingham,ENG,1491.19
2019-11-15,Blackburn,ENG,1465.9
2019-11-15,Bournemouth,ENG,1713.38
2019-11-15,Brentford,ENG,1566.66
2019-11-15,Brighton,ENG,1658.38
2019-11-15,Bristol City,ENG,1557.9
2019-11-15,Burnley,ENG,1699.41
2019-11-15,Cardiff,ENG,1577.86
2019-11-15,Charlton,ENG,1463.13
2019-11-15,Chelsea,ENG,1904.98
2019-11-15,Crystal Palace,ENG,1745.7
2019-11-15,Derby,ENG,1544.1
2019-11-15,Everton,ENG,1741.82
2019-11-15,Fulham,ENG,1578.37
2019-11-15,Huddersfield,ENG,1496.35
2019-11-15,Hull,ENG,1523.96
2019-11-15,Leeds,ENG,1591.46
2019-11-15,Leicester,ENG,1827.72
2019-11-15,Liverpool,ENG,2068.91
2019-11-15,Luton,ENG,1414.13
2019-11-15,Man City,ENG,2022.6
2019-11-15,Man United,ENG,1833.66
2019-11-15,Middlesbrough,ENG,1497.61
2019-11-15,Millwall,ENG,1474.62
2019-11-15,Newcastle,ENG,1722.82
2019-11-15,Norwich,ENG,1599.45
2019-11-15,Nottm Forest,ENG,1549.36
2019-11-15,Preston,ENG,1567.24
2019-11-15,QPR,ENG,1463.95
2019-11-15,Reading,ENG,1471.94
2019-11-15,Sheffield United,ENG,1685.04
2019-11-15,Sheffield Weds,ENG,1547.26
2019-11-15,Southampton,ENG,1644.41
2019-11-15,Stoke,ENG,1471.2
2019-11-15,Swansea,ENG,1565.63
2019-11-15,Tottenham,ENG,1851.82
2019-11-15,Watford,ENG,1667.12
2019-11-15,West Brom,ENG,1642.03
2019-11-15,West Ham,ENG,1713.09
2019-11-15,Wigan,ENG,1435.77
2019-11-15,Wolves,ENG,1760.56
2019-12-01,Arsenal,ENG,1823.33
2019-12-01,Aston Villa,ENG,1641.39
2019-12-01,Barnsley,ENG,1376.26
2019-12-01,Birmingham,ENG,1481.31
2019-12-01,Blackburn,ENG,1476.08
2019-12-01,Bournemouth,ENG,1689.08
2019-12-01,Brentford,ENG,1557.99
2019-12-01,Brighton,ENG,1637.17
2019-12-01,Bristol City,ENG,1544.49
2019-12-01,Burnley,ENG,1689.26
2019-12-01,Cardiff,ENG,1577.32
2019-12-01,Charlton,ENG,1433.2
2019-12-01,Chelsea,ENG,1873.69
2019-12-01,Crystal Palace,ENG,1742.87
2019-12-01,Derby,ENG,1524.05
2019-12-01,Everton,ENG,1710.86
2019-12-01,Fulham,ENG,1587.79
2019-12-01,Huddersfield,ENG,1472.38
2019-12-01,Hull,ENG,1511.57
2019-12-01,Leeds,ENG,1598.87
2019-12-01,Leicester,ENG,1822.53
2019-12-01,Liverpool,ENG,2051.72
2019-12-01,Luton,ENG,1395.19
2019-12-01,Man City,ENG,2000.07
2019-12-01,Man United,ENG,1803.6
2019-12-01,Middlesbrough,ENG,1479.13
2019-12-01,Millwall,ENG,1472.64
2019-12-01,Newcastle,ENG,1703.88
2019-12-01,Norwich,ENG,1604.77
2019-12-01,Nottm Forest,ENG,1543.72
2019-12-01,Preston,ENG,1533.25
2019-12-01,QPR,ENG,1437.08
2019-12-01,Reading,ENG,1461.06
2019-12-01,Sheffield United,ENG,1674.7
2019-12-01,Sheffield Weds,ENG,1537.64
2019-12-01,Southampton,ENG,1644.65
2019-12-01,Stoke,ENG,1450.2
2019-12-01,Swansea,ENG,1532.3
2019-12-01,Tottenham,ENG,1852.07
2019-12-01,Watford,ENG,1632.59
2019-12-01,West Brom,ENG,1641.13
2019-12-01,West Ham,ENG,1707.99
2019-12-01,Wigan,ENG,1407.91
2019-12-01,Wolves,ENG,1753.9
2019-12-15,Arsenal,ENG,1815.04
2019-12-15,Aston Villa,ENG,1632.57
2019-12-15,Barnsley,ENG,1390.52
2019-12-15,Birmingham,ENG,1474.25
2019-12-15,Blackburn,ENG,1506.32
2019-12-15,Bournemouth,ENG,1698.26
2019-12-15,Brentford,ENG,1568.89
2019-12-15,Brighton,ENG,1656.16
2019-12-15,Bristol City,ENG,1531.95
2019-12-15,Burnley,ENG,1689.37
2019-12-15,Cardiff,ENG,1579.69
2019-12-15,Charlton,ENG,1423.86
2019-12-15,Chelsea,ENG,1853.43
2019-12-15,Crystal Palace,ENG,1750.46
2019-12-15,Derby,ENG,1508.96
2019-12-15,Everton,ENG,1724.22
2019-12-15,Fulham,ENG,1566.43
2019-12-15,Huddersfield,ENG,1475.85
2019-12-15,Hull,ENG,1513.64
2019-12-15,Leeds,ENG,1615.43
2019-12-15,Leicester,ENG,1835.68
2019-12-15,Liverpool,ENG,2066.76
2019-12-15,Luton,ENG,1392.95
2019-12-15,Man City,ENG,2000.03
2019-12-15,Man United,ENG,1830.26
2019-12-15,Middlesbrough,ENG,1483.91
2019-12-15,Millwall,ENG,1499.17
2019-12-15,Newcastle,ENG,1718.14
2019-12-15,Norwich,ENG,1606.71
2019-12-15,Nottm Forest,ENG,1525.0
2019-12-15,Preston,ENG,1529.91
2019-12-15,QPR,ENG,1456.23
2019-12-15,Reading,ENG,1457.35
2019-12-15,Sheffield United,ENG,1685.53
2019-12-15,Sheffield Weds,ENG,1568.75
2019-12-15,Southampton,ENG,1640.89
2019-12-15,Stoke,ENG,1456.79
2019-12-15,Swansea,ENG,1533.87
2019-12-15,Tottenham,ENG,1849.09
2019-12-15,Watford,ENG,1633.67
2019-12-15,West Brom,ENG,1659.82
2019-12-15,West Ham,ENG,1702.98
2019-12-15,Wigan,ENG,1410.36
2019-12-15,Wolves,ENG,1765.24
2020-01-01,Arsenal,ENG,1796.17
2020-01-01,Aston Villa,ENG,1615.34
2020-01-01,Barnsley,ENG,1412.6
2020-01-01,Birmingham,ENG,1461.23
2020-01-01,Blackburn,ENG,1492.45
2020-01-01,Bournemouth,ENG,1679.68
2020-01-01,Brentford,ENG,1572.16
2020-01-01,Brighton,ENG,1659.32
2020-01-01,Bristol City,ENG,1523.53
2020-01-01,Burnley,ENG,1683.98
2020-01-01,Cardiff,ENG,1582.12
2020-01-01,Charlton,ENG,1430.32
2020-01-01,Chelsea,ENG,1855.04
2020-01-01,Crystal Palace,ENG,1744.37
2020-01-01,Derby,ENG,1499.6
2020-01-01,Everton,ENG,1744.27
2020-01-01,Fulham,ENG,1574.81
2020-01-01,Huddersfield,ENG,1484.31
2020-01-01,Hull,ENG,1517.4
2020-01-01,Leeds,ENG,1610.01
2020-01-01,Leicester,ENG,1830.2
2020-01-01,Liverpool,ENG,2075.85
2020-01-01,Luton,ENG,1384.36
2020-01-01,Man City,ENG,2001.57
2020-01-01,Man United,ENG,1826.83
2020-01-01,Middlesbrough,ENG,1515.23
2020-01-01,Millwall,ENG,1499.89
2020-01-01,Newcastle,ENG,1708.02
2020-01-01,Norwich,ENG,1600.27
2020-01-01,Nottm Forest,ENG,1534.48
2020-01-01,Preston,ENG,1520.73
2020-01-01,QPR,ENG,1440.04
2020-01-01,Reading,ENG,1493.09
2020-01-01,Sheffield United,ENG,1689.63
2020-01-01,Sheffield Weds,ENG,1555.12
2020-01-01,Southampton,ENG,1674.35
2020-01-01,Stoke,ENG,1456.55
2020-01-01,Swansea,ENG,1526.72
2020-01-01,Tottenham,ENG,1840.87
2020-01-01,Watford,ENG,1662.98
2020-01-01,West Brom,ENG,1632.01
2020-01-01,West Ham,ENG,1691.03
2020-01-01,Wigan,ENG,1411.17
2020-01-01,Wolves,ENG,1774.71
2020-01-15,Arsenal,ENG,1806.23
2020-01-15,Aston Villa,ENG,1622.75
2020-01-15,Barnsley,ENG,1416.09
2020-01-15,Birmingham,ENG,1457.78
2020-01-15,Blackburn,ENG,1485.8
2020-01-15,Bournemouth,ENG,1651.19
2020-01-15,Brentford,ENG,1593.83
2020-01-15,Brighton,ENG,1658.28
2020-01-15,Bristol City,ENG,1517.44
2020-01-15,Burnley,ENG,1667.65
2020-01-15,Cardiff,ENG,1557.08
2020-01-15,Charlton,ENG,1429.88
2020-01-15,Chelsea,ENG,1856.31
2020-01-15,Crystal Palace,ENG,1742.14
2020-01-15,Derby,ENG,1506.52
2020-01-15,Everton,ENG,1747.21
2020-01-15,Fulham,ENG,1571.68
2020-01-15,Huddersfield,ENG,1458.19
2020-01-15,Hull,ENG,1519.36
2020-01-15,Leeds,ENG,1596.32
2020-01-15,Leicester,ENG,1828.4
2020-01-15,Liverpool,ENG,2080.73
2020-01-15,Luton,ENG,1371.26
2020-01-15,Man City,ENG,2007.32
2020-01-15,Man United,ENG,1821.34
2020-01-15,Middlesbrough,ENG,1526.67
2020-01-15,Millwall,ENG,1506.29
2020-01-15,Newcastle,ENG,1700.29
2020-01-15,Norwich,ENG,1597.93
2020-01-15,Nottm Forest,ENG,1540.69
2020-01-15,Preston,ENG,1508.04
2020-01-15,QPR,ENG,1457.48
2020-01-15,Reading,ENG,1504.05
2020-01-15,Sheffield United,ENG,1695.27
2020-01-15,Sheffield Weds,ENG,1560.64
2020-01-15,Southampton,ENG,1698.04
2020-01-15,Stoke,ENG,1473.82
2020-01-15,Swansea,ENG,1533.49
2020-01-15,Tottenham,ENG,1826.59
2020-01-15,Watford,ENG,1688.64
2020-01-15,West Brom,ENG,1625.78
2020-01-15,West Ham,ENG,1696.43
2020-01-15,Wigan,ENG,1411.75
2020-01-15,Wolves,ENG,1761.72
2020-02-01,Arsenal,ENG,1804.59
2020-02-01,Aston Villa,ENG,1633.55
2020-02-01,Barnsley,ENG,1399.93
2020-02-01,Birmingham,ENG,1462.34
2020-02-01,Blackburn,ENG,1516.59
2020-02-01,Bournemouth,ENG,1653.1
2020-02-01,Brentford,ENG,1580.71
2020-02-01,Brighton,ENG,1645.94
2020-02-01,Bristol City,ENG,1530.54
2020-02-01,Burnley,ENG,1696.46
2020-02-01,Cardiff,ENG,1560.32
2020-02-01,Charlton,ENG,1427.78
2020-02-01,Chelsea,ENG,1842.85
2020-02-01,Crystal Palace,ENG,1733.72
2020-02-01,Derby,ENG,1516.35
2020-02-01,Everton,ENG,1744.72
2020-02-01,Fulham,ENG,1574.58
2020-02-01,Huddersfield,ENG,1471.33
2020-02-01,Hull,ENG,1501.64
2020-02-01,Leeds,ENG,1591.33
2020-02-01,Leicester,ENG,1824.44
2020-02-01,Liverpool,ENG,2088.26
2020-02-01,Luton,ENG,1377.24
2020-02-01,Man City,ENG,2002.82
2020-02-01,Man United,ENG,1800.49
2020-02-01,Middlesbrough,ENG,1517.75
2020-02-01,Millwall,ENG,1510.69
2020-02-01,Newcastle,ENG,1713.55
2020-02-01,Norwich,ENG,1603.52
2020-02-01,Nottm Forest,ENG,1552.93
2020-02-01,Preston,ENG,1524.74
2020-02-01,QPR,ENG,1462.13
2020-02-01,Reading,ENG,1492.21
2020-02-01,Sheffield United,ENG,1696.93
2020-02-01,Sheffield Weds,ENG,1525.29
2020-02-01,Southampton,ENG,1706.0
2020-02-01,Stoke,ENG,1485.04
2020-02-01,Swansea,ENG,1526.0
2020-02-01,Tottenham,ENG,1826.54
2020-02-01,Watford,ENG,1682.74
2020-02-01,West Brom,ENG,1604.69
2020-02-01,West Ham,ENG,1687.38
2020-02-01,Wigan,ENG,1417.77
2020-02-01,Wolves,ENG,1766.86
2020-02-15,Arsenal,ENG,1802.98
2020-02-15,Aston Villa,ENG,1627.55
2020-02-15,Barnsley,ENG,1389.26
2020-02-15,Birmingham,ENG,1494.04
2020-02-15,Blackburn,ENG,1520.96
2020-02-15,Bournemouth,ENG,1653.54
2020-02-15,Brentford,ENG,1597.91
2020-02-15,Brighton,ENG,1647.91
2020-02-15,Bristol City,ENG,1529.1
2020-02-15,Burnley,ENG,1698.07
2020-02-15,Cardiff,ENG,1577.39
2020-02-15,Charlton,ENG,1438.32
2020-02-15,Chelsea,ENG,1843.89
2020-02-15,Crystal Palace,ENG,1714.66
2020-02-15,Derby,ENG,1519.2
2020-02-15,Everton,ENG,1760.98
2020-02-15,Fulham,ENG,1585.65
2020-02-15,Huddersfield,ENG,1463.6
2020-02-15,Hull,ENG,1477.82
2020-02-15,Leeds,ENG,1569.6
2020-02-15,Leicester,ENG,1823.29
2020-02-15,Liverpool,ENG,2090.14
2020-02-15,Luton,ENG,1379.92
2020-02-15,Man City,ENG,1986.93
2020-02-15,Man United,ENG,1798.0
2020-02-15,Middlesbrough,ENG,1510.17
2020-02-15,Millwall,ENG,1503.67
2020-02-15,Newcastle,ENG,1709.13
2020-02-15,Norwich,ENG,1607.93
2020-02-15,Nottm Forest,ENG,1542.14
2020-02-15,Preston,ENG,1542.23
2020-02-15,QPR,ENG,1449.12
2020-02-15,Reading,ENG,1484.47
2020-02-15,Sheffield United,ENG,1713.08
2020-02-15,Sheffield Weds,ENG,1510.62
2020-02-15,Southampton,ENG,1704.13
2020-02-15,Stoke,ENG,1480.93
2020-02-15,Swansea,ENG,1514.87
2020-02-15,Tottenham,ENG,1842.44
2020-02-15,Watford,ENG,1675.69
2020-02-15,West Brom,ENG,1623.85
2020-02-15,West Ham,ENG,1684.68
2020-02-15,Wigan,ENG,1425.1
2020-02-15,Wolves,ENG,1769.46
2020-03-01,Arsenal,ENG,1804.78
2020-03-01,Aston Villa,ENG,1614.23
2020-03-01,Barnsley,ENG,1422.81
2020-03-01,Birmingham,ENG,1494.72
2020-03-01,Blackburn,ENG,1527.43
2020-03-01,Bournemouth,ENG,1645.49
2020-03-01,Brentford,ENG,1579.95
2020-03-01,Brighton,ENG,1641.31
2020-03-01,Bristol City,ENG,1503.11
2020-03-01,Burnley,ENG,1715.97
2020-03-01,Cardiff,ENG,1546.26
2020-03-01,Charlton,ENG,1417.41
2020-03-01,Chelsea,ENG,1821.15
2020-03-01,Crystal Palace,ENG,1726.93
2020-03-01,Derby,ENG,1519.08
2020-03-01,Everton,ENG,1753.55
2020-03-01,Fulham,ENG,1573.75
2020-03-01,Huddersfield,ENG,1476.31
2020-03-01,Hull,ENG,1447.64
2020-03-01,Leeds,ENG,1597.78
2020-03-01,Leicester,ENG,1804.42
2020-03-01,Liverpool,ENG,2054.53
2020-03-01,Luton,ENG,1395.04
2020-03-01,Man City,ENG,1997.88
2020-03-01,Man United,ENG,1831.32
2020-03-01,Middlesbrough,ENG,1479.2
2020-03-01,Millwall,ENG,1499.62
2020-03-01,Newcastle,ENG,1690.16
2020-03-01,Norwich,ENG,1611.6
2020-03-01,Nottm Forest,ENG,1549.95
2020-03-01,Preston,ENG,1520.59
2020-03-01,QPR,ENG,1468.55
2020-03-01,Reading,ENG,1483.69
2020-03-01,Sheffield United,ENG,1708.01
2020-03-01,Sheffield Weds,ENG,1484.84
2020-03-01,Southampton,ENG,1689.84
2020-03-01,Stoke,ENG,1483.56
2020-03-01,Swansea,ENG,1517.06
2020-03-01,Tottenham,ENG,1828.44
2020-03-01,Watford,ENG,1694.97
2020-03-01,West Brom,ENG,1622.73
2020-03-01,West Ham,ENG,1689.69
2020-03-01,Wigan,ENG,1470.09
2020-03-01,Wolves,ENG,1783.19
2020-03-15,Arsenal,ENG,1802.53
2020-03-15,Aston Villa,ENG,1602.38
2020-03-15,Barnsley,ENG,1407.8
2020-03-15,Birmingham,ENG,1474.83
2020-03-15,Blackburn,ENG,1509.13
2020-03-15,Bournemouth,ENG,1638.36
2020-03-15,Brentford,ENG,1583.84
2020-03-15,Brighton,ENG,1640.25
2020-03-15,Bristol City,ENG,1497.39
2020-03-15,Burnley,ENG,1711.15
2020-03-15,Cardiff,ENG,1548.65
2020-03-15,Charlton,ENG,1403.32
2020-03-15,Chelsea,ENG,1825.26
2020-03-15,Crystal Palace,ENG,1726.62
2020-03-15,Derby,ENG,1524.77
2020-03-15,Everton,ENG,1737.56
2020-03-15,Fulham,ENG,1566.84
2020-03-15,Huddersfield,ENG,1464.27
2020-03-15,Hull,ENG,1429.76
2020-03-15,Leeds,ENG,1597.21
2020-03-15,Leicester,ENG,1803.66
2020-03-15,Liverpool,ENG,2026.43
2020-03-15,Luton,ENG,1392.18
2020-03-15,Man City,ENG,1975.79
2020-03-15,Man United,ENG,1851.97
2020-03-15,Middlesbrough,ENG,1481.23
2020-03-15,Millwall,ENG,1512.13
2020-03-15,Newcastle,ENG,1693.3
2020-03-15,Norwich,ENG,1600.69
2020-03-15,Nottm Forest,ENG,1524.27
2020-03-15,Preston,ENG,1499.28
2020-03-15,QPR,ENG,1477.25
2020-03-15,Reading,ENG,1490.97
2020-03-15,Sheffield United,ENG,1706.3
2020-03-15,Sheffield Weds,ENG,1468.33
2020-03-15,Southampton,ENG,1674.09
2020-03-15,Stoke,ENG,1488.83
2020-03-15,Swansea,ENG,1512.34
2020-03-15,Tottenham,ENG,1798.41
2020-03-15,Watford,ENG,1682.67
2020-03-15,West Brom,ENG,1614.83
2020-03-15,West Ham,ENG,1679.32
2020-03-15,Wigan,ENG,1460.34
2020-03-15,Wolves,ENG,1784.29
2020-04-01,Arsenal,ENG,1802.53
2020-04-01,Aston Villa,ENG,1602.38
2020-04-01,Barnsley,ENG,1407.8
2020-04-01,Birmingham,ENG,1474.83
2020-04-01,Blackburn,ENG,1509.13
2020-04-01,Bournemouth,ENG,1638.36
2020-04-01,Brentford,ENG,1583.84
2020-04-01,Brighton,ENG,1640.25
2020-04-01,Bristol City,ENG,1497.39
2020-04-01,Burnley,ENG,1711.15
2020-04-01,Cardiff,ENG,1548.65
2020-04-01,Charlton,ENG,1403.32
2020-04-01,Chelsea,ENG,1825.26
2020-04-01,Crystal Palace,ENG,1726.62
2020-04-01,Derby,ENG,1524.77
2020-04-01,Everton,ENG,1737.56
2020-04-01,Fulham,ENG,1566.84
2020-04-01,Huddersfield,ENG,1464.27
2020-04-01,Hull,ENG,1429.76
2020-04-01,Leeds,ENG,1597.21
2020-04-01,Leicester,ENG,1803.66
2020-04-01,Liverpool,ENG,2026.43
2020-04-01,Luton,ENG,1392.18
2020-04-01,Man City,ENG,1975.79
2020-04-01,Man United,ENG,1851.97
2020-04-01,Middlesbrough,ENG,1481.23
2020-04-01,Millwall,ENG,1512.13
2020-04-01,Newcastle,ENG,1693.3
2020-04-01,Norwich,ENG,1600.69
2020-04-01,Nottm Forest,ENG,1524.27
2020-04-01,Preston,ENG,1499.28
2020-04-01,QPR,ENG,1477.25
2020-04-01,Reading,ENG,1490.97
2020-04-01,Sheffield United,ENG,1706.3
2020-04-01,Sheffield Weds,ENG,1468.33
2020-04-01,Southampton,ENG,1674.09
2020-04-01,Stoke,ENG,1488.83
2020-04-01,Swansea,ENG,1512.34
2020-04-01,Tottenham,ENG,1798.41
2020-04-01,Watford,ENG,1682.67
2020-04-01,West Brom,ENG,1614.83
2020-04-01,West Ham,ENG,1679.32
2020-04-01,Wigan,ENG,1460.34
2020-04-01,Wolves,ENG,1784.29
2020-04-15,Arsenal,ENG,1802.53
2020-04-15,Aston Villa,ENG,1602.38
2020-04-15,Barnsley,ENG,1407.8
2020-04-15,Birmingham,ENG,1474.83
2020-04-15,Blackburn,ENG,1509.13
2020-04-15,Bournemouth,ENG,1638.36
2020-04-15,Brentford,ENG,1583.84
2020-04-15,Brighton,ENG,1640.25
2020-04-15,Bristol City,ENG,1497.39
2020-04-15,Burnley,ENG,1711.15
2020-04-15,Cardiff,ENG,1548.65
2020-04-15,Charlton,ENG,1403.32
2020-04-15,Chelsea,ENG,1825.26
2020-04-15,Crystal Palace,ENG,1726.62
2020-04-15,Derby,ENG,1524.77
2020-04-15,Everton,ENG,1737.56
2020-04-15,Fulham,ENG,1566.84
2020-04-15,Huddersfield,ENG,1464.27
2020-04-15,Hull,ENG,1429.76
2020-04-15,Leeds,ENG,1597.21
2020-04-15,Leicester,ENG,1803.66
2020-04-15,Liverpool,ENG,2026.43
2020-04-15,Luton,ENG,1392.18
2020-04-15,Man City,ENG,1975.79
2020-04-15,Man United,ENG,1851.97
2020-04-15,Middlesbrough,ENG,1481.23
2020-04-15,Millwall,ENG,1512.13
2020-04-15,Newcastle,ENG,1693.3
2020-04-15,Norwich,ENG,1600.69
2020-04-15,Nottm Forest,ENG,1524.27
2020-04-15,Preston,ENG,1499.28
2020-04-15,QPR,ENG,1477.25
2020-04-15,Reading,ENG,1490.97
2020-04-15,Sheffield United,ENG,1706.3
2020-04-15,Sheffield Weds,ENG,1468.33
2020-04-15,Southampton,ENG,1674.09
2020-04-15,Stoke,ENG,1488.83
2020-04-15,Swansea,ENG,1512.34
2020-04-15,Tottenham,ENG,1798.41
2020-04-15,Watford,ENG,1682.67
2020-04-15,West Brom,ENG,1614.83
2020-04-15,West Ham,ENG,1679.32
2020-04-15,Wigan,ENG,1460.34
2020-04-15,Wolves,ENG,1784.29
2020-05-01,Arsenal,ENG,1802.53
2020-05-01,Aston Villa,ENG,1602.38
2020-05-01,Barnsley,ENG,1407.8
2020-05-01,Birmingham,ENG,1474.83
2020-05-01,Blackburn,ENG,1509.13
2020-05-01,Bournemouth,ENG,1638.36
2020-05-01,Brentford,ENG,1583.84
2020-05-01,Brighton,ENG,1640.25
2020-05-01,Bristol City,ENG,1497.39
2020-05-01,Burnley,ENG,1711.15
2020-05-01,Cardiff,ENG,1548.65
2020-05-01,Charlton,ENG,1403.32
2020-05-01,Chelsea,ENG,1825.26
2020-05-01,Crystal Palace,ENG,1726.62
2020-05-01,Derby,ENG,1524.77
2020-05-01,Everton,ENG,1737.56
2020-05-01,Fulham,ENG,1566.84
2020-05-01,Huddersfield,ENG,1464.27
2020-05-01,Hull,ENG,1429.76
2020-05-01,Leeds,ENG,1597.21
2020-05-01,Leicester,ENG,1803.66
2020-05-01,Liverpool,ENG,2026.43
2020-05-01,Luton,ENG,1392.18
2020-05-01,Man City,ENG,1975.79
2020-05-01,Man United,ENG,1851.97
2020-05-01,Middlesbrough,ENG,1481.23
2020-05-01,Millwall,ENG,1512.13
2020-05-01,Newcastle,ENG,1693.3
2020-05-01,Norwich,ENG,1600.69
2020-05-01,Nottm Forest,ENG,1524.27
2020-05-01,Preston,ENG,1499.28
2020-05-01,QPR,ENG,1477.25
2020-05-01,Reading,ENG,1490.97
2020-05-01,Sheffield United,ENG,1706.3
2020-05-01,Sheffield Weds,ENG,1468.33
2020-05-01,Southampton,ENG,1674.09
2020-05-01,Stoke,ENG,1488.83
2020-05-01,Swansea,ENG,1512.34
2020-05-01,Tottenham,ENG,1798.41
2020-05-01,Watford,ENG,1682.67
2020-05-01,West Brom,ENG,1614.83
2020-05-01,West Ham,ENG,1679.32
2020-05-01,Wigan,ENG,1460.34
2020-05-01,Wolves,ENG,1784.29
2020-05-15,Arsenal,ENG,1802.53
2020-05-15,Aston Villa,ENG,1602.38
2020-05-15,Barnsley,ENG,1407.8
2020-05-15,Birmingham,ENG,1474.83
2020-05-15,Blackburn,ENG,1509.13
2020-05-15,Bournemouth,ENG,1638.36
2020-05-15,Brentford,ENG,1583.84
2020-05-15,Brighton,ENG,1640.25
2020-05-15,Bristol City,ENG,1497.39
2020-05-15,Burnley,ENG,1711.15
2020-05-15,Cardiff,ENG,1548.65
2020-05-15,Charlton,ENG,1403.32
2020-05-15,Chelsea,ENG,1825.26
2020-05-15,Crystal Palace,ENG,1726.62
2020-05-15,Derby,ENG,1524.77
2020-05-15,Everton,ENG,1737.56
2020-05-15,Fulham,ENG,1566.84
2020-05-15,Huddersfield,ENG,1464.27
2020-05-15,Hull,ENG,1429.76
2020-05-15,Leeds,ENG,1597.21
2020-05-15,Leicester,ENG,1803.66
2020-05-15,Liverpool,ENG,2026.43
2020-05-15,Luton,ENG,1392.18
2020-05-15,Man City,ENG,1975.79
2020-05-15,Man United,ENG,1851.97
2020-05-15,Middlesbrough,ENG,1481.23
2020-05-15,Millwall,ENG,1512.13
2020-05-15,Newcastle,ENG,1693.3
2020-05-15,Norwich,ENG,1600.69
2020-05-15,Nottm Forest,ENG,1524.27
2020-05-15,Preston,ENG,1499.28
2020-05-15,QPR,ENG,1477.25
2020-05-15,Reading,ENG,1490.97
2020-05-15,Sheffield United,ENG,1706.3
2020-05-15,Sheffield Weds,ENG,1468.33
2020-05-15,Southampton,ENG,1674.09
2020-05-15,Stoke,ENG,1488.83
2020-05-15,Swansea,ENG,1512.34
2020-05-15,Tottenham,ENG,1798.41
2020-05-15,Watford,ENG,1682.67
2020-05-15,West Brom,ENG,1614.83
2020-05-15,West Ham,ENG,1679.32
2020-05-15,Wigan,ENG,1460.34
2020-05-15,Wolves,ENG,1784.29
2020-06-01,Arsenal,ENG,1802.53
2020-06-01,Aston Villa,ENG,1602.38
2020-06-01,Barnsley,ENG,1407.8
2020-06-01,Birmingham,ENG,1474.83
2020-06-01,Blackburn,ENG,1509.13
2020-06-01,Bournemouth,ENG,1638.36
2020-06-01,Brentford,ENG,1583.84
2020-06-01,Brighton,ENG,1640.25
2020-06-01,Bristol City,ENG,1497.39
2020-06-01,Burnley,ENG,1711.15
2020-06-01,Cardiff,ENG,1548.65
2020-06-01,Charlton,ENG,1403.32
2020-06-01,Chelsea,ENG,1825.26
2020-06-01,Crystal Palace,ENG,1726.62
2020-06-01,Derby,ENG,1524.77
2020-06-01,Everton,ENG,1737.56
2020-06-01,Fulham,ENG,1566.84
2020-06-01,Huddersfield,ENG,1464.27
2020-06-01,Hull,ENG,1429.76
2020-06-01,Leeds,ENG,1597.21
2020-06-01,Leicester,ENG,1803.66
2020-06-01,Liverpool,ENG,2026.43
2020-06-01,Luton,ENG,1392.18
2020-06-01,Man City,ENG,1975.79
2020-06-01,Man United,ENG,1851.97
2020-06-01,Middlesbrough,ENG,1481.23
2020-06-01,Millwall,ENG,1512.13
2020-06-01,Newcastle,ENG,1693.3
2020-06-01,Norwich,ENG,1600.69
2020-06-01,Nottm Forest,ENG,1524.27
2020-06-01,Preston,ENG,1499.28
2020-06-01,QPR,ENG,1477.25
2020-06-01,Reading,ENG,1490.97
2020-06-01,Sheffield United,ENG,1706.3
2020-06-01,Sheffield Weds,ENG,1468.33
2020-06-01,Southampton,ENG,1674.09
2020-06-01,Stoke,ENG,1488.83
2020-06-01,Swansea,ENG,1512.34
2020-06-01,Tottenham,ENG,1798.41
2020-06-01,Watford,ENG,1682.67
2020-06-01,West Brom,ENG,1614.83
2020-06-01,West Ham,ENG,1679.32
2020-06-01,Wigan,ENG,1460.34
2020-06-01,Wolves,ENG,1784.29
2020-06-15,Arsenal,ENG,1802.53
2020-06-15,Aston Villa,ENG,1602.38
2020-06-15,Barnsley,ENG,1407.8
2020-06-15,Birmingham,ENG,1474.83
2020-06-15,Blackburn,ENG,1509.13
2020-06-15,Bournemouth,ENG,1638.36
2020-06-15,Brentford,ENG,1583.84
2020-06-15,Brighton,ENG,1640.25
2020-06-15,Bristol City,ENG,1497.39
2020-06-15,Burnley,ENG,1711.15
2020-06-15,Cardiff,ENG,1548.65
2020-06-15,Charlton,ENG,1403.32
2020-06-15,Chelsea,ENG,1825.26
2020-06-15,Crystal Palace,ENG,1726.62
2020-06-15,Derby,ENG,1524.77
2020-06-15,Everton,ENG,1737.56
2020-06-15,Fulham,ENG,1566.84
2020-06-15,Huddersfield,ENG,1464.27
2020-06-15,Hull,ENG,1429.76
2020-06-15,Leeds,ENG,1597.21
2020-06-15,Leicester,ENG,1803.66
2020-06-15,Liverpool,ENG,2026.43
2020-06-15,Luton,ENG,1392.18
2020-06-15,Man City,ENG,1975.79
2020-06-15,Man United,ENG,1851.97
2020-06-15,Middlesbrough,ENG,1481.23
2020-06-15,Millwall,ENG,1512.13
2020-06-15,Newcastle,ENG,1693.3
2020-06-15,Norwich,ENG,1600.69
2020-06-15,Nottm Forest,ENG,1524.27
2020-06-15,Preston,ENG,1499.28
2020-06-15,QPR,ENG,1477.25
2020-06-15,Reading,ENG,1490.97
2020-06-15,Sheffield United,ENG,1706.3
2020-06-15,Sheffield Weds,ENG,1468.33
2020-06-15,Southampton,ENG,1674.09
2020-06-15,Stoke,ENG,1488.83
2020-06-15,Swansea,ENG,1512.34
2020-06-15,Tottenham,ENG,1798.41
2020-06-15,Watford,ENG,1682.67
2020-06-15,West Brom,ENG,1614.83
2020-06-15,West Ham,ENG,1679.32
2020-06-15,Wigan,ENG,1460.34
2020-06-15,Wolves,ENG,1784.29
2020-07-01,Arsenal,ENG,1796.02
2020-07-01,Aston Villa,ENG,1599.6
2020-07-01,Barnsley,ENG,1432.73
2020-07-01,Birmingham,ENG,1476.79
2020-07-01,Blackburn,ENG,1493.87
2020-07-01,Bournemouth,ENG,1625.02
2020-07-01,Brentford,ENG,1614.06
2020-07-01,Brighton,ENG,1648.52
2020-07-01,Bristol City,ENG,1478.57
2020-07-01,Burnley,ENG,1723.12
2020-07-01,Cardiff,ENG,1565.92
2020-07-01,Charlton,ENG,1426.51
2020-07-01,Chelsea,ENG,1839.75
2020-07-01,Crystal Palace,ENG,1723.21
2020-07-01,Derby,ENG,1539.51
2020-07-01,Everton,ENG,1748.86
2020-07-01,Fulham,ENG,1551.07
2020-07-01,Huddersfield,ENG,1443.41
2020-07-01,Hull,ENG,1422.83
2020-07-01,Leeds,ENG,1590.04
2020-07-01,Leicester,ENG,1796.51
2020-07-01,Liverpool,ENG,2023.97
2020-07-01,Luton,ENG,1412.21
2020-07-01,Man City,ENG,1974.56
2020-07-01,Man United,ENG,1865.59
2020-07-01,Middlesbrough,ENG,1480.4
2020-07-01,Millwall,ENG,1501.07
2020-07-01,Newcastle,ENG,1701.8
2020-07-01,Norwich,ENG,1582.65
2020-07-01,Nottm Forest,ENG,1531.45
2020-07-01,Preston,ENG,1486.87
2020-07-01,QPR,ENG,1451.2
2020-07-01,Reading,ENG,1473.06
2020-07-01,Sheffield United,ENG,1686.15
2020-07-01,Sheffield Weds,ENG,1478.22
2020-07-01,Southampton,ENG,1690.72
2020-07-01,Stoke,ENG,1464.49
2020-07-01,Swansea,ENG,1515.94
2020-07-01,Tottenham,ENG,1803.88
2020-07-01,Watford,ENG,1665.08
2020-07-01,West Brom,ENG,1602.76
2020-07-01,West Ham,ENG,1664.46
2020-07-01,Wigan,ENG,1496.79
2020-07-01,Wolves,ENG,1801.53
2020-07-15,Arsenal,ENG,1804.94
2020-07-15,Aston Villa,ENG,1607.38
2020-07-15,Barnsley,ENG,1422.18
2020-07-15,Birmingham,ENG,1435.06
2020-07-15,Blackburn,ENG,1491.16
2020-07-15,Bournemouth,ENG,1632.91
2020-07-15,Brentford,ENG,1633.81
2020-07-15,Brighton,ENG,1648.1
2020-07-15,Bristol City,ENG,1485.23
2020-07-15,Burnley,ENG,1736.64
2020-07-15,Cardiff,ENG,1558.03
2020-07-15,Charlton,ENG,1408.93
2020-07-15,Chelsea,ENG,1824.38
2020-07-15,Crystal Palace,ENG,1693.46
2020-07-15,Derby,ENG,1522.21
2020-07-15,Everton,ENG,1737.68
2020-07-15,Fulham,ENG,1576.84
2020-07-15,Huddersfield,ENG,1448.56
2020-07-15,Hull,ENG,1399.87
2020-07-15,Leeds,ENG,1616.08
2020-07-15,Leicester,ENG,1779.36
2020-07-15,Liverpool,ENG,2004.42
2020-07-15,Luton,ENG,1409.56
2020-07-15,Man City,ENG,1986.37
2020-07-15,Man United,ENG,1868.96
2020-07-15,Middlesbrough,ENG,1474.08
2020-07-15,Millwall,ENG,1507.63
2020-07-15,Newcastle,ENG,1699.46
2020-07-15,Norwich,ENG,1550.65
2020-07-15,Nottm Forest,ENG,1530.0
2020-07-15,Preston,ENG,1492.11
2020-07-15,QPR,ENG,1439.34
2020-07-15,Reading,ENG,1485.2
2020-07-15,Sheffield United,ENG,1729.4
2020-07-15,Sheffield Weds,ENG,1464.07
2020-07-15,Southampton,ENG,1712.57
2020-07-15,Stoke,ENG,1476.34
2020-07-15,Swansea,ENG,1524.92
2020-07-15,Tottenham,ENG,1799.15
2020-07-15,Watford,ENG,1672.28
2020-07-15,West Brom,ENG,1619.68
2020-07-15,West Ham,ENG,1682.96
2020-07-15,Wigan,ENG,1508.89
2020-07-15,Wolves,ENG,1789.94
2020-08-01,Arsenal,ENG,1808.56
2020-08-01,Aston Villa,ENG,1627.29
2020-08-01,Barnsley,ENG,1442.79
2020-08-01,Birmingham,ENG,1415.39
2020-08-01,Blackburn,ENG,1489.03
2020-08-01,Bournemouth,ENG,1638.73
2020-08-01,Brentford,ENG,1620.74
2020-08-01,Brighton,ENG,1662.67
2020-08-01,Bristol City,ENG,1477.1
2020-08-01,Burnley,ENG,1731.74
2020-08-01,Cardiff,ENG,1563.78
2020-08-01,Charlton,ENG,1407.35
2020-08-01,Chelsea,ENG,1828.7
2020-08-01,Crystal Palace,ENG,1682.72
2020-08-01,Derby,ENG,1522.47
2020-08-01,Everton,ENG,1724.97
2020-08-01,Fulham,ENG,1591.84
2020-08-01,Huddersfield,ENG,1449.83
2020-08-01,Hull,ENG,1386.04
2020-08-01,Leeds,ENG,1633.66
2020-08-01,Leicester,ENG,1767.02
2020-08-01,Liverpool,ENG,2000.67
2020-08-01,Luton,ENG,1427.05
2020-08-01,Man City,ENG,1993.58
2020-08-01,Man United,ENG,1879.69
2020-08-01,Middlesbrough,ENG,1473.05
2020-08-01,Millwall,ENG,1509.24
2020-08-01,Newcastle,ENG,1686.6
2020-08-01,Norwich,ENG,1542.54
2020-08-01,Nottm Forest,ENG,1501.24
2020-08-01,Preston,ENG,1497.03
2020-08-01,QPR,ENG,1453.32
2020-08-01,Reading,ENG,1464.78
2020-08-01,Sheffield United,ENG,1702.71
2020-08-01,Sheffield Weds,ENG,1448.75
2020-08-01,Southampton,ENG,1729.25
2020-08-01,Stoke,ENG,1506.47
2020-08-01,Swansea,ENG,1537.81
2020-08-01,Tottenham,ENG,1816.75
2020-08-01,Watford,ENG,1654.72
2020-08-01,West Brom,ENG,1602.82
2020-08-01,West Ham,ENG,1694.8
2020-08-01,Wigan,ENG,1508.2
2020-08-01,Wolves,ENG,1787.34
2020-08-15,Arsenal,ENG,1809.17
2020-08-15,Aston Villa,ENG,1627.9
2020-08-15,Barnsley,ENG,1443.41
2020-08-15,Birmingham,ENG,1416.0
2020-08-15,Blackburn,ENG,1489.64
2020-08-15,Bournemouth,ENG,1639.34
2020-08-15,Brentford,ENG,1612.61
2020-08-15,Brighton,ENG,1663.28
2020-08-15,Bristol City,ENG,1477.71
2020-08-15,Burnley,ENG,1732.35
2020-08-15,Cardiff,ENG,1564.4
2020-08-15,Charlton,ENG,1407.97
2020-08-15,Chelsea,ENG,1828.21
2020-08-15,Crystal Palace,ENG,1683.34
2020-08-15,Derby,ENG,1523.08
2020-08-15,Everton,ENG,1725.59
2020-08-15,Fulham,ENG,1601.19
2020-08-15,Huddersfield,ENG,1450.45
2020-08-15,Hull,ENG,1386.65
2020-08-15,Leeds,ENG,1634.27
2020-08-15,Leicester,ENG,1767.63
2020-08-15,Liverpool,ENG,2001.28
2020-08-15,Luton,ENG,1427.66
2020-08-15,Man City,ENG,1997.93
2020-08-15,Man United,ENG,1879.34
2020-08-15,Middlesbrough,ENG,1473.66
2020-08-15,Millwall,ENG,1509.85
2020-08-15,Newcastle,ENG,1687.21
2020-08-15,Norwich,ENG,1543.15
2020-08-15,Nottm Forest,ENG,1501.86
2020-08-15,Preston,ENG,1497.64
2020-08-15,QPR,ENG,1453.93
2020-08-15,Reading,ENG,1465.39
2020-08-15,Sheffield United,ENG,1703.32
2020-08-15,Sheffield Weds,ENG,1449.37
2020-08-15,Southampton,ENG,1729.86
2020-08-15,Stoke,ENG,1507.08
2020-08-15,Swansea,ENG,1538.42
2020-08-15,Tottenham,ENG,1817.36
2020-08-15,Watford,ENG,1655.33
2020-08-15,West Brom,ENG,1603.44
2020-08-15,West Ham,ENG,1695.41
2020-08-15,Wigan,ENG,1508.81
2020-08-15,Wolves,ENG,1788.1
2020-09-01,Arsenal,ENG,1799.52
2020-09-01,Aston Villa,ENG,1618.25
2020-09-01,Barnsley,ENG,1433.76
2020-09-01,Birmingham,ENG,1406.36
2020-09-01,Blackburn,ENG,1480.0
2020-09-01,Bournemouth,ENG,1629.69
2020-09-01,Brentford,ENG,1602.96
2020-09-01,Brighton,ENG,1653.63
2020-09-01,Bristol City,ENG,1468.06
2020-09-01,Burnley,ENG,1722.7
2020-09-01,Cardiff,ENG,1554.75
2020-09-01,Charlton,ENG,1398.32
2020-09-01,Chelsea,ENG,1818.56
2020-09-01,Crystal Palace,ENG,1673.69
2020-09-01,Derby,ENG,1513.43
2020-09-01,Everton,ENG,1715.94
2020-09-01,Fulham,ENG,1591.55
2020-09-01,Huddersfield,ENG,1440.8
2020-09-01,Hull,ENG,1377.0
2020-09-01,Leeds,ENG,1624.62
2020-09-01,Leicester,ENG,1757.99
2020-09-01,Liverpool,ENG,1991.63
2020-09-01,Luton,ENG,1418.02
2020-09-01,Man City,ENG,1967.78
2020-09-01,Man United,ENG,1860.73
2020-09-01,Middlesbrough,ENG,1464.02
2020-09-01,Millwall,ENG,1500.2
2020-09-01,Newcastle,ENG,1677.56
2020-09-01,Norwich,ENG,1533.51
2020-09-01,Nottm Forest,ENG,1492.21
2020-09-01,Preston,ENG,1488.0
2020-09-01,QPR,ENG,1444.28
2020-09-01,Reading,ENG,1455.75
2020-09-01,Sheffield United,ENG,1693.68
2020-09-01,Sheffield Weds,ENG,1439.72
2020-09-01,Southampton,ENG,1720.21
2020-09-01,Stoke,ENG,1497.44
2020-09-01,Swansea,ENG,1528.78
2020-09-01,Tottenham,ENG,1807.71
2020-09-01,Watford,ENG,1645.69
2020-09-01,West Brom,ENG,1593.79
2020-09-01,West Ham,ENG,1685.76
2020-09-01,Wigan,ENG,1499.16
2020-09-01,Wolves,ENG,1778.45
2020-09-15,Arsenal,ENG,1806.66
2020-09-15,Aston Villa,ENG,1618.25
2020-09-15,Barnsley,ENG,1424.09
2020-09-15,Birmingham,ENG,1418.19
2020-09-15,Blackburn,ENG,1476.5
2020-09-15,Bournemouth,ENG,1633.19
2020-09-15,Brentford,ENG,1591.13
2020-09-15,Brighton,ENG,1646.71
2020-09-15,Bristol City,ENG,1472.43
2020-09-15,Burnley,ENG,1722.7
2020-09-15,Cardiff,ENG,1537.71
2020-09-15,Chelsea,ENG,1825.48
2020-09-15,Coventry,ENG,1352.32
2020-09-15,Crystal Palace,ENG,1681.91
2020-09-15,Derby,ENG,1498.31
2020-09-15,Everton,ENG,1727.31
2020-09-15,Fulham,ENG,1584.41
2020-09-15,Huddersfield,ENG,1433.96
2020-09-15,Leeds,ENG,1623.53
2020-09-15,Leicester,ENG,1766.49
2020-09-15,Liverpool,ENG,1992.73
2020-09-15,Luton,ENG,1427.69
2020-09-15,Man City,ENG,1967.78
2020-09-15,Man United,ENG,1860.73
2020-09-15,Middlesbrough,ENG,1460.89
2020-09-15,Millwall,ENG,1498.84
2020-09-15,Newcastle,ENG,1690.96
2020-09-15,Norwich,ENG,1540.34
2020-09-15,Nottm Forest,ENG,1480.7
2020-09-15,Preston,ENG,1479.78
2020-09-15,QPR,ENG,1455.79
2020-09-15,Reading,ENG,1470.87
2020-09-15,Rotherham,ENG,1365.94
2020-09-15,Sheffield United,ENG,1683.67
2020-09-15,Sheffield Weds,ENG,1456.76
2020-09-15,Southampton,ENG,1711.99
2020-09-15,Stoke,ENG,1498.8
2020-09-15,Swansea,ENG,1536.99
2020-09-15,Tottenham,ENG,1796.34
2020-09-15,Watford,ENG,1648.81
2020-09-15,West Brom,ENG,1585.29
2020-09-15,West Ham,ENG,1672.36
2020-09-15,Wolves,ENG,1788.46
2020-09-15,Wycombe,ENG,1347.44
2020-10-01,Arsenal,ENG,1806.9
2020-10-01,Aston Villa,ENG,1640.96
2020-10-01,Barnsley,ENG,1413.91
2020-10-01,Birmingham,ENG,1420.35
2020-10-01,Blackburn,ENG,1504.14
2020-10-01,Bournemouth,ENG,1635.15
2020-10-01,Brentford,ENG,1596.49
2020-10-01,Brighton,ENG,1660.67
2020-10-01,Bristol City,ENG,1496.22
2020-10-01,Burnley,ENG,1705.61
2020-10-01,Cardiff,ENG,1538.23
2020-10-01,Chelsea,ENG,1814.26
2020-10-01,Coventry,ENG,1365.19
2020-10-01,Crystal Palace,ENG,1693.22
2020-10-01,Derby,ENG,1472.29
2020-10-01,Everton,ENG,1743.02
2020-10-01,Fulham,ENG,1566.02
2020-10-01,Huddersfield,ENG,1436.75
2020-10-01,Leeds,ENG,1640.38
2020-10-01,Leicester,ENG,1798.5
2020-10-01,Liverpool,ENG,2004.49
2020-10-01,Luton,ENG,1434.47
2020-10-01,Man City,ENG,1951.98
2020-10-01,Man United,ENG,1847.26
2020-10-01,Middlesbrough,ENG,1465.82
2020-10-01,Millwall,ENG,1506.81
2020-10-01,Newcastle,ENG,1678.23
2020-10-01,Norwich,ENG,1533.34
2020-10-01,Nottm Forest,ENG,1462.37
2020-10-01,Preston,ENG,1474.32
2020-10-01,QPR,ENG,1446.35
2020-10-01,Reading,ENG,1490.8
2020-10-01,Rotherham,ENG,1363.75
2020-10-01,Sheffield United,ENG,1665.33
2020-10-01,Sheffield Weds,ENG,1452.37
2020-10-01,Southampton,ENG,1710.29
2020-10-01,Stoke,ENG,1494.61
2020-10-01,Swansea,ENG,1539.51
2020-10-01,Tottenham,ENG,1806.49
2020-10-01,Watford,ENG,1648.15
2020-10-01,West Brom,ENG,1584.54
2020-10-01,West Ham,ENG,1689.52
2020-10-01,Wolves,ENG,1762.35
2020-10-01,Wycombe,ENG,1333.02
2020-10-15,Arsenal,ENG,1811.67
2020-10-15,Aston Villa,ENG,1676.29
2020-10-15,Barnsley,ENG,1408.71
2020-10-15,Birmingham,ENG,1424.22
2020-10-15,Blackburn,ENG,1505.0
2020-10-15,Bournemouth,ENG,1639.96
2020-10-15,Brentford,ENG,1580.24
2020-10-15,Brighton,ENG,1653.99
2020-10-15,Bristol City,ENG,1505.06
2020-10-15,Burnley,ENG,1694.89
2020-10-15,Cardiff,ENG,1538.99
2020-10-15,Chelsea,ENG,1823.93
2020-10-15,Coventry,ENG,1362.0
2020-10-15,Crystal Palace,ENG,1685.17
2020-10-15,Derby,ENG,1483.47
2020-10-15,Everton,ENG,1751.31
2020-10-15,Fulham,ENG,1563.8
2020-10-15,Huddersfield,ENG,1436.39
2020-10-15,Leeds,ENG,1647.85
2020-10-15,Leicester,ENG,1779.25
2020-10-15,Liverpool,ENG,1970.78
2020-10-15,Luton,ENG,1442.08
2020-10-15,Man City,ENG,1946.12
2020-10-15,Man United,ENG,1825.89
2020-10-15,Middlesbrough,ENG,1472.63
2020-10-15,Millwall,ENG,1501.12
2020-10-15,Newcastle,ENG,1690.58
2020-10-15,Norwich,ENG,1523.77
2020-10-15,Nottm Forest,ENG,1455.14
2020-10-15,Preston,ENG,1492.19
2020-10-15,QPR,ENG,1448.25
2020-10-15,Reading,ENG,1503.05
2020-10-15,Rotherham,ENG,1365.73
2020-10-15,Sheffield United,ENG,1662.18
2020-10-15,Sheffield Weds,ENG,1452.09
2020-10-15,Southampton,ENG,1717.06
2020-10-15,Stoke,ENG,1492.36
2020-10-15,Swansea,ENG,1546.82
2020-10-15,Tottenham,ENG,1831.92
2020-10-15,Watford,ENG,1637.51
2020-10-15,West Brom,ENG,1579.39
2020-10-15,West Ham,ENG,1710.38
2020-10-15,Wolves,ENG,1766.19
2020-10-15,Wycombe,ENG,1327.03
2020-11-01,Arsenal,ENG,1820.2
2020-11-01,Aston Villa,ENG,1687.51
2020-11-01,Barnsley,ENG,1461.04
2020-11-01,Birmingham,ENG,1449.19
2020-11-01,Blackburn,ENG,1497.18
2020-11-01,Bournemouth,ENG,1649.91
2020-11-01,Brentford,ENG,1603.93
2020-11-01,Brighton,ENG,1670.11
2020-11-01,Bristol City,ENG,1496.35
2020-11-01,Burnley,ENG,1695.47
2020-11-01,Cardiff,ENG,1551.14
2020-11-01,Chelsea,ENG,1854.57
2020-11-01,Coventry,ENG,1374.34
2020-11-01,Crystal Palace,ENG,1698.5
2020-11-01,Derby,ENG,1494.46
2020-11-01,Everton,ENG,1761.68
2020-11-01,Fulham,ENG,1578.71
2020-11-01,Huddersfield,ENG,1476.66
2020-11-01,Leeds,ENG,1676.47
2020-11-01,Leicester,ENG,1802.63
2020-11-01,Liverpool,ENG,1992.73
2020-11-01,Luton,ENG,1441.42
2020-11-01,Man City,ENG,1973.09
2020-11-01,Man United,ENG,1877.63
2020-11-01,Middlesbrough,ENG,1514.92
2020-11-01,Millwall,ENG,1520.43
2020-11-01,Newcastle,ENG,1701.44
2020-11-01,Norwich,ENG,1565.91
2020-11-01,Nottm Forest,ENG,1471.55
2020-11-01,Preston,ENG,1497.67
2020-11-01,QPR,ENG,1454.54
2020-11-01,Reading,ENG,1530.64
2020-11-01,Rotherham,ENG,1386.63
2020-11-01,Sheffield United,ENG,1671.59
2020-11-01,Sheffield Weds,ENG,1435.61
2020-11-01,Southampton,ENG,1749.71
2020-11-01,Stoke,ENG,1521.22
2020-11-01,Swansea,ENG,1565.77
2020-11-01,Tottenham,ENG,1841.13
2020-11-01,Watford,ENG,1644.36
2020-11-01,West Brom,ENG,1601.77
2020-11-01,West Ham,ENG,1734.86
2020-11-01,Wolves,ENG,1793.67
2020-11-01,Wycombe,ENG,1350.37
2020-11-15,Arsenal,ENG,1817.16
2020-11-15,Aston Villa,ENG,1707.1
2020-11-15,Barnsley,ENG,1470.97
2020-11-15,Birmingham,ENG,1437.73
2020-11-15,Blackburn,ENG,1511.34
2020-11-15,Bournemouth,ENG,1648.27
2020-11-15,Brentford,ENG,1604.29
2020-11-15,Brighton,ENG,1672.07
2020-11-15,Bristol City,ENG,1520.27
2020-11-15,Burnley,ENG,1700.77
2020-11-15,Cardiff,ENG,1555.41
2020-11-15,Chelsea,ENG,1870.15
2020-11-15,Coventry,ENG,1372.63
2020-11-15,Crystal Palace,ENG,1715.33
2020-11-15,Derby,ENG,1476.49
2020-11-15,Everton,ENG,1749.59
2020-11-15,Fulham,ENG,1591.43
2020-11-15,Huddersfield,ENG,1472.4
2020-11-15,Leeds,ENG,1660.92
2020-11-15,Leicester,ENG,1829.92
2020-11-15,Liverpool,ENG,2009.2
2020-11-15,Luton,ENG,1455.49
2020-11-15,Man City,ENG,1981.81
2020-11-15,Man United,ENG,1867.11
2020-11-15,Middlesbrough,ENG,1523.73
2020-11-15,Millwall,ENG,1526.51
2020-11-15,Newcastle,ENG,1707.1
2020-11-15,Norwich,ENG,1576.72
2020-11-15,Nottm Forest,ENG,1488.68
2020-11-15,Preston,ENG,1508.94
2020-11-15,QPR,ENG,1460.58
2020-11-15,Reading,ENG,1504.29
2020-11-15,Rotherham,ENG,1395.54
2020-11-15,Sheffield United,ENG,1671.26
2020-11-15,Sheffield Weds,ENG,1454.97
2020-11-15,Southampton,ENG,1770.88
2020-11-15,Stoke,ENG,1537.01
2020-11-15,Swansea,ENG,1565.53
2020-11-15,Tottenham,ENG,1856.59
2020-11-15,Watford,ENG,1656.3
2020-11-15,West Brom,ENG,1592.92
2020-11-15,West Ham,ENG,1744.23
2020-11-15,Wolves,ENG,1792.35
2020-11-15,Wycombe,ENG,1360.33
2020-12-01,Arsenal,ENG,1807.75
2020-12-01,Aston Villa,ENG,1690.01
2020-12-01,Barnsley,ENG,1468.93
2020-12-01,Birmingham,ENG,1437.96
2020-12-01,Blackburn,ENG,1529.96
2020-12-01,Bournemouth,ENG,1651.06
2020-12-01,Brentford,ENG,1606.97
2020-12-01,Brighton,ENG,1686.75
2020-12-01,Bristol City,ENG,1516.0
2020-12-01,Burnley,ENG,1702.03
2020-12-01,Cardiff,ENG,1552.08
2020-12-01,Chelsea,ENG,1877.78
2020-12-01,Coventry,ENG,1389.95
2020-12-01,Crystal Palace,ENG,1692.95
2020-12-01,Derby,ENG,1454.42
2020-12-01,Everton,ENG,1741.76
2020-12-01,Fulham,ENG,1599.09
2020-12-01,Huddersfield,ENG,1472.05
2020-12-01,Leeds,ENG,1673.65
2020-12-01,Leicester,ENG,1805.05
2020-12-01,Liverpool,ENG,1986.29
2020-12-01,Luton,ENG,1442.79
2020-12-01,Man City,ENG,1974.16
2020-12-01,Man United,ENG,1876.23
2020-12-01,Middlesbrough,ENG,1516.18
2020-12-01,Millwall,ENG,1521.65
2020-12-01,Newcastle,ENG,1711.64
2020-12-01,Norwich,ENG,1584.29
2020-12-01,Nottm Forest,ENG,1464.07
2020-12-01,Preston,ENG,1491.13
2020-12-01,QPR,ENG,1464.74
2020-12-01,Reading,ENG,1510.0
2020-12-01,Rotherham,ENG,1390.77
2020-12-01,Sheffield United,ENG,1653.21
2020-12-01,Sheffield Weds,ENG,1452.84
2020-12-01,Southampton,ENG,1764.36
2020-12-01,Stoke,ENG,1531.88
2020-12-01,Swansea,ENG,1570.1
2020-12-01,Tottenham,ENG,1873.09
2020-12-01,Watford,ENG,1654.17
2020-12-01,West Brom,ENG,1598.51
2020-12-01,West Ham,ENG,1755.27
2020-12-01,Wolves,ENG,1798.93
2020-12-01,Wycombe,ENG,1369.56
2020-12-15,Arsenal,ENG,1785.37
2020-12-15,Aston Villa,ENG,1693.89
2020-12-15,Barnsley,ENG,1472.96
2020-12-15,Birmingham,ENG,1440.02
2020-12-15,Blackburn,ENG,1516.94
2020-12-15,Bournemouth,ENG,1647.05
2020-12-15,Brentford,ENG,1604.27
2020-12-15,Brighton,ENG,1664.54
2020-12-15,Bristol City,ENG,1496.83
2020-12-15,Burnley,ENG,1706.22
2020-12-15,Cardiff,ENG,1559.96
2020-12-15,Chelsea,ENG,1872.55
2020-12-15,Coventry,ENG,1403.47
2020-12-15,Crystal Palace,ENG,1702.27
2020-12-15,Derby,ENG,1460.59
2020-12-15,Everton,ENG,1744.99
2020-12-15,Fulham,ENG,1597.64
2020-12-15,Huddersfield,ENG,1466.65
2020-12-15,Leeds,ENG,1655.56
2020-12-15,Leicester,ENG,1799.85
2020-12-15,Liverpool,ENG,1972.5
2020-12-15,Luton,ENG,1458.8
2020-12-15,Man City,ENG,1964.96
2020-12-15,Man United,ENG,1859.64
2020-12-15,Middlesbrough,ENG,1509.46
2020-12-15,Millwall,ENG,1481.1
2020-12-15,Newcastle,ENG,1708.46
2020-12-15,Norwich,ENG,1577.94
2020-12-15,Nottm Forest,ENG,1440.06
2020-12-15,Preston,ENG,1489.94
2020-12-15,QPR,ENG,1434.97
2020-12-15,Reading,ENG,1506.83
2020-12-15,Rotherham,ENG,1380.59
2020-12-15,Sheffield United,ENG,1632.52
2020-12-15,Sheffield Weds,ENG,1423.94
2020-12-15,Southampton,ENG,1771.36
2020-12-15,Stoke,ENG,1526.97
2020-12-15,Swansea,ENG,1575.04
2020-12-15,Tottenham,ENG,1867.27
2020-12-15,Watford,ENG,1638.52
2020-12-15,West Brom,ENG,1573.52
2020-12-15,West Ham,ENG,1746.17
2020-12-15,Wolves,ENG,1773.47
2020-12-15,Wycombe,ENG,1348.85
2021-01-01,Arsenal,ENG,1795.33
2021-01-01,Aston Villa,ENG,1720.49
2021-01-01,Barnsley,ENG,1486.96
2021-01-01,Birmingham,ENG,1409.11
2021-01-01,Blackburn,ENG,1502.45
2021-01-01,Bournemouth,ENG,1636.81
2021-01-01,Brentford,ENG,1627.9
2021-01-01,Brighton,ENG,1658.85
2021-01-01,Bristol City,ENG,1472.49
2021-01-01,Burnley,ENG,1713.03
2021-01-01,Cardiff,ENG,1535.37
2021-01-01,Chelsea,ENG,1852.19
2021-01-01,Coventry,ENG,1393.39
2021-01-01,Crystal Palace,ENG,1687.11
2021-01-01,Derby,ENG,1482.61
2021-01-01,Everton,ENG,1772.91
2021-01-01,Fulham,ENG,1605.75
2021-01-01,Huddersfield,ENG,1482.88
2021-01-01,Leeds,ENG,1687.72
2021-01-01,Leicester,ENG,1799.36
2021-01-01,Liverpool,ENG,1970.0
2021-01-01,Luton,ENG,1458.96
2021-01-01,Man City,ENG,1963.75
2021-01-01,Man United,ENG,1873.16
2021-01-01,Middlesbrough,ENG,1517.82
2021-01-01,Millwall,ENG,1492.29
2021-01-01,Newcastle,ENG,1693.43
2021-01-01,Norwich,ENG,1582.67
2021-01-01,Nottm Forest,ENG,1453.43
2021-01-01,Preston,ENG,1504.8
2021-01-01,QPR,ENG,1432.39
2021-01-01,Reading,ENG,1502.54
2021-01-01,Rotherham,ENG,1370.1
2021-01-01,Sheffield United,ENG,1620.09
2021-01-01,Sheffield Weds,ENG,1434.58
2021-01-01,Southampton,ENG,1762.79
2021-01-01,Stoke,ENG,1526.2
2021-01-01,Swansea,ENG,1572.65
2021-01-01,Tottenham,ENG,1846.27
2021-01-01,Watford,ENG,1626.72
2021-01-01,West Brom,ENG,1565.13
2021-01-01,West Ham,ENG,1735.36
2021-01-01,Wolves,ENG,1770.05
2021-01-01,Wycombe,ENG,1356.63
2021-01-15,Arsenal,ENG,1798.69
2021-01-15,Aston Villa,ENG,1716.9
2021-01-15,Barnsley,ENG,1482.14
2021-01-15,Birmingham,ENG,1399.73
2021-01-15,Blackburn,ENG,1511.83
2021-01-15,Bournemouth,ENG,1637.83
2021-01-15,Brentford,ENG,1627.9
2021-01-15,Brighton,ENG,1659.26
2021-01-15,Bristol City,ENG,1472.49
2021-01-15,Burnley,ENG,1708.13
2021-01-15,Cardiff,ENG,1535.37
2021-01-15,Chelsea,ENG,1843.69
2021-01-15,Coventry,ENG,1405.18
2021-01-15,Crystal Palace,ENG,1698.8
2021-01-15,Derby,ENG,1474.21
2021-01-15,Everton,ENG,1772.12
2021-01-15,Fulham,ENG,1612.45
2021-01-15,Huddersfield,ENG,1474.35
2021-01-15,Leeds,ENG,1681.71
2021-01-15,Leicester,ENG,1805.64
2021-01-15,Liverpool,ENG,1957.86
2021-01-15,Luton,ENG,1445.27
2021-01-15,Man City,ENG,1973.87
2021-01-15,Man United,ENG,1881.65
2021-01-15,Middlesbrough,ENG,1525.03
2021-01-15,Millwall,ENG,1485.68
2021-01-15,Newcastle,ENG,1677.92
2021-01-15,Norwich,ENG,1587.48
2021-01-15,Nottm Forest,ENG,1463.96
2021-01-15,Preston,ENG,1494.27
2021-01-15,QPR,ENG,1446.07
2021-01-15,Reading,ENG,1511.08
2021-01-15,Rotherham,ENG,1370.1
2021-01-15,Sheffield United,ENG,1621.52
2021-01-15,Sheffield Weds,ENG,1442.99
2021-01-15,Southampton,ENG,1774.94
2021-01-15,Stoke,ENG,1519.99
2021-01-15,Swansea,ENG,1581.24
2021-01-15,Tottenham,ENG,1845.58
2021-01-15,Watford,ENG,1618.14
2021-01-15,West Brom,ENG,1557.89
2021-01-15,West Ham,ENG,1745.33
2021-01-15,Wolves,ENG,1758.83
2021-01-15,Wycombe,ENG,1349.43
2021-02-01,Arsenal,ENG,1818.13
2021-02-01,Aston Villa,ENG,1724.78
2021-02-01,Barnsley,ENG,1470.27
2021-02-01,Birmingham,ENG,1404.01
2021-02-01,Blackburn,ENG,1525.91
2021-02-01,Bournemouth,ENG,1599.29
2021-02-01,Brentford,ENG,1635.47
2021-02-01,Brighton,ENG,1677.98
2021-02-01,Bristol City,ENG,1476.43
2021-02-01,Burnley,ENG,1717.27
2021-02-01,Cardiff,ENG,1514.66
2021-02-01,Chelsea,ENG,1839.28
2021-02-01,Coventry,ENG,1409.75
2021-02-01,Crystal Palace,ENG,1696.49
2021-02-01,Derby,ENG,1489.9
2021-02-01,Everton,ENG,1756.05
2021-02-01,Fulham,ENG,1608.27
2021-02-01,Huddersfield,ENG,1453.92
2021-02-01,Leeds,ENG,1697.79
2021-02-01,Leicester,ENG,1808.24
2021-02-01,Liverpool,ENG,1955.27
2021-02-01,Luton,ENG,1449.48
2021-02-01,Man City,ENG,1985.09
2021-02-01,Man United,ENG,1871.97
2021-02-01,Middlesbrough,ENG,1494.67
2021-02-01,Millwall,ENG,1488.24
2021-02-01,Newcastle,ENG,1669.76
2021-02-01,Norwich,ENG,1597.76
2021-02-01,Nottm Forest,ENG,1466.38
2021-02-01,Preston,ENG,1481.31
2021-02-01,QPR,ENG,1448.54
2021-02-01,Reading,ENG,1533.12
2021-02-01,Rotherham,ENG,1399.63
2021-02-01,Sheffield United,ENG,1629.71
2021-02-01,Sheffield Weds,ENG,1439.86
2021-02-01,Southampton,ENG,1745.28
2021-02-01,Stoke,ENG,1510.78
2021-02-01,Swansea,ENG,1596.95
2021-02-01,Tottenham,ENG,1829.83
2021-02-01,Watford,ENG,1630.44
2021-02-01,West Brom,ENG,1565.8
2021-02-01,West Ham,ENG,1756.22
2021-02-01,Wolves,ENG,1739.54
2021-02-01,Wycombe,ENG,1344.98
2021-02-15,Arsenal,ENG,1805.93
2021-02-15,Aston Villa,ENG,1723.39
2021-02-15,Barnsley,ENG,1488.86
2021-02-15,Birmingham,ENG,1392.22
2021-02-15,Blackburn,ENG,1506.94
2021-02-15,Bournemouth,ENG,1587.74
2021-02-15,Brentford,ENG,1637.48
2021-02-15,Brighton,ENG,1694.3
2021-02-15,Bristol City,ENG,1451.95
2021-02-15,Burnley,ENG,1726.47
2021-02-15,Cardiff,ENG,1538.02
2021-02-15,Chelsea,ENG,1851.41
2021-02-15,Coventry,ENG,1400.84
2021-02-15,Crystal Palace,ENG,1678.95
2021-02-15,Derby,ENG,1481.05
2021-02-15,Everton,ENG,1749.36
2021-02-15,Fulham,ENG,1624.33
2021-02-15,Huddersfield,ENG,1442.65
2021-02-15,Leeds,ENG,1694.56
2021-02-15,Leicester,ENG,1827.35
2021-02-15,Liverpool,ENG,1912.95
2021-02-15,Luton,ENG,1456.38
2021-02-15,Man City,ENG,2008.04
2021-02-15,Man United,ENG,1874.21
2021-02-15,Middlesbrough,ENG,1477.9
2021-02-15,Millwall,ENG,1511.5
2021-02-15,Newcastle,ENG,1670.91
2021-02-15,Norwich,ENG,1594.64
2021-02-15,Nottm Forest,ENG,1485.72
2021-02-15,Preston,ENG,1480.79
2021-02-15,QPR,ENG,1470.8
2021-02-15,Reading,ENG,1515.75
2021-02-15,Rotherham,ENG,1420.73
2021-02-15,Sheffield United,ENG,1631.75
2021-02-15,Sheffield Weds,ENG,1447.97
2021-02-15,Southampton,ENG,1714.8
2021-02-15,Stoke,ENG,1500.91
2021-02-15,Swansea,ENG,1607.51
2021-02-15,Tottenham,ENG,1818.59
2021-02-15,Watford,ENG,1622.22
2021-02-15,West Brom,ENG,1563.86
2021-02-15,West Ham,ENG,1763.46
2021-02-15,Wolves,ENG,1758.13
2021-02-15,Wycombe,ENG,1341.23
2021-03-01,Arsenal,ENG,1827.84
2021-03-01,Aston Villa,ENG,1732.35
2021-03-01,Barnsley,ENG,1529.4
2021-03-01,Birmingham,ENG,1407.07
2021-03-01,Blackburn,ENG,1489.4
2021-03-01,Bournemouth,ENG,1587.66
2021-03-01,Brentford,ENG,1624.83
2021-03-01,Brighton,ENG,1681.25
2021-03-01,Bristol City,ENG,1473.58
2021-03-01,Burnley,ENG,1714.81
2021-03-01,Cardiff,ENG,1573.19
2021-03-01,Chelsea,ENG,1868.27
2021-03-01,Coventry,ENG,1419.71
2021-03-01,Crystal Palace,ENG,1692.6
2021-03-01,Derby,ENG,1497.47
2021-03-01,Everton,ENG,1770.33
2021-03-01,Fulham,ENG,1644.29
2021-03-01,Huddersfield,ENG,1442.09
2021-03-01,Leeds,ENG,1701.06
2021-03-01,Leicester,ENG,1803.04
2021-03-01,Liverpool,ENG,1916.54
2021-03-01,Luton,ENG,1451.78
2021-03-01,Man City,ENG,2028.57
2021-03-01,Man United,ENG,1895.59
2021-03-01,Middlesbrough,ENG,1491.89
2021-03-01,Millwall,ENG,1510.79
2021-03-01,Newcastle,ENG,1670.96
2021-03-01,Norwich,ENG,1620.36
2021-03-01,Nottm Forest,ENG,1503.4
2021-03-01,Preston,ENG,1482.93
2021-03-01,QPR,ENG,1489.2
2021-03-01,Reading,ENG,1513.22
2021-03-01,Rotherham,ENG,1406.97
2021-03-01,Sheffield United,ENG,1619.52
2021-03-01,Sheffield Weds,ENG,1425.17
2021-03-01,Southampton,ENG,1710.75
2021-03-01,Stoke,ENG,1508.24
2021-03-01,Swansea,ENG,1584.2
2021-03-01,Tottenham,ENG,1831.44
2021-03-01,Watford,ENG,1634.43
2021-03-01,West Brom,ENG,1585.82
2021-03-01,West Ham,ENG,1783.98
2021-03-01,Wolves,ENG,1768.55
2021-03-01,Wycombe,ENG,1355.37
2021-03-15,Arsenal,ENG,1846.93
2021-03-15,Aston Villa,ENG,1727.48
2021-03-15,Barnsley,ENG,1558.02
2021-03-15,Birmingham,ENG,1397.35
2021-03-15,Blackburn,ENG,1498.82
2021-03-15,Bournemouth,ENG,1586.59
2021-03-15,Brentford,ENG,1628.9
2021-03-15,Brighton,ENG,1691.05
2021-03-15,Bristol City,ENG,1474.46
2021-03-15,Burnley,ENG,1734.94
2021-03-15,Cardiff,ENG,1579.31
2021-03-15,Chelsea,ENG,1886.86
2021-03-15,Coventry,ENG,1427.71
2021-03-15,Crystal Palace,ENG,1700.64
2021-03-15,Derby,ENG,1477.26
2021-03-15,Everton,ENG,1768.61
2021-03-15,Fulham,ENG,1657.53
2021-03-15,Huddersfield,ENG,1459.41
2021-03-15,Leeds,ENG,1703.84
2021-03-15,Leicester,ENG,1820.46
2021-03-15,Liverpool,ENG,1905.02
2021-03-15,Luton,ENG,1456.19
2021-03-15,Man City,ENG,2027.15
2021-03-15,Man United,ENG,1915.73
2021-03-15,Middlesbrough,ENG,1513.08
2021-03-15,Millwall,ENG,1517.82
2021-03-15,Newcastle,ENG,1675.72
2021-03-15,Norwich,ENG,1643.39
2021-03-15,Nottm Forest,ENG,1494.94
2021-03-15,Preston,ENG,1473.56
2021-03-15,QPR,ENG,1489.87
2021-03-15,Reading,ENG,1533.77
2021-03-15,Rotherham,ENG,1422.2
2021-03-15,Sheffield United,ENG,1618.24
2021-03-15,Sheffield Weds,ENG,1409.55
2021-03-15,Southampton,ENG,1707.89
2021-03-15,Stoke,ENG,1499.16
2021-03-15,Swansea,ENG,1605.56
2021-03-15,Tottenham,ENG,1846.67
2021-03-15,Watford,ENG,1654.57
2021-03-15,West Brom,ENG,1584.29
2021-03-15,West Ham,ENG,1792.51
2021-03-15,Wolves,ENG,1770.09
2021-03-15,Wycombe,ENG,1359.56
2021-04-01,Arsenal,ENG,1841.8
2021-04-01,Aston Villa,ENG,1717.05
2021-04-01,Barnsley,ENG,1549.73
2021-04-01,Birmingham,ENG,1402.6
2021-04-01,Blackburn,ENG,1500.51
2021-04-01,Bournemouth,ENG,1598.8
2021-04-01,Brentford,ENG,1619.4
2021-04-01,Brighton,ENG,1701.61
2021-04-01,Bristol City,ENG,1459.66
2021-04-01,Burnley,ENG,1733.34
2021-04-01,Cardiff,ENG,1584.05
2021-04-01,Chelsea,ENG,1898.07
2021-04-01,Coventry,ENG,1413.94
2021-04-01,Crystal Palace,ENG,1699.05
2021-04-01,Derby,ENG,1472.27
2021-04-01,Everton,ENG,1767.01
2021-04-01,Fulham,ENG,1648.29
2021-04-01,Huddersfield,ENG,1457.2
2021-04-01,Leeds,ENG,1709.89
2021-04-01,Leicester,ENG,1818.86
2021-04-01,Liverpool,ENG,1908.83
2021-04-01,Luton,ENG,1473.05
2021-04-01,Man City,ENG,2026.04
2021-04-01,Man United,ENG,1922.34
2021-04-01,Middlesbrough,ENG,1512.84
2021-04-01,Millwall,ENG,1515.82
2021-04-01,Newcastle,ENG,1661.96
2021-04-01,Norwich,ENG,1644.29
2021-04-01,Nottm Forest,ENG,1490.5
2021-04-01,Preston,ENG,1453.9
2021-04-01,QPR,ENG,1498.01
2021-04-01,Reading,ENG,1519.72
2021-04-01,Rotherham,ENG,1429.36
2021-04-01,Sheffield United,ENG,1616.64
2021-04-01,Sheffield Weds,ENG,1421.06
2021-04-01,Southampton,ENG,1706.3
2021-04-01,Stoke,ENG,1507.39
2021-04-01,Swansea,ENG,1580.84
2021-04-01,Tottenham,ENG,1829.95
2021-04-01,Watford,ENG,1663.02
2021-04-01,West Brom,ENG,1582.69
2021-04-01,West Ham,ENG,1791.64
2021-04-01,Wolves,ENG,1763.08
2021-04-01,Wycombe,ENG,1354.76
2021-04-15,Arsenal,ENG,1832.67
2021-04-15,Aston Villa,ENG,1721.3
2021-04-15,Barnsley,ENG,1563.0
2021-04-15,Birmingham,ENG,1433.64
2021-04-15,Blackburn,ENG,1483.23
2021-04-15,Bournemouth,ENG,1623.66
2021-04-15,Brentford,ENG,1621.08
2021-04-15,Brighton,ENG,1699.36
2021-04-15,Bristol City,ENG,1437.65
2021-04-15,Burnley,ENG,1714.1
2021-04-15,Cardiff,ENG,1543.96
2021-04-15,Chelsea,ENG,1885.6
2021-04-15,Coventry,ENG,1410.72
2021-04-15,Crystal Palace,ENG,1693.49
2021-04-15,Derby,ENG,1468.61
2021-04-15,Everton,ENG,1762.54
2021-04-15,Fulham,ENG,1633.59
2021-04-15,Huddersfield,ENG,1444.54
2021-04-15,Leeds,ENG,1729.89
2021-04-15,Leicester,ENG,1805.15
2021-04-15,Liverpool,ENG,1909.68
2021-04-15,Luton,ENG,1465.12
2021-04-15,Man City,ENG,2019.04
2021-04-15,Man United,ENG,1936.62
2021-04-15,Middlesbrough,ENG,1499.57
2021-04-15,Millwall,ENG,1515.15
2021-04-15,Newcastle,ENG,1675.67
2021-04-15,Norwich,ENG,1652.92
2021-04-15,Nottm Forest,ENG,1510.53
2021-04-15,Preston,ENG,1457.75
2021-04-15,QPR,ENG,1492.23
2021-04-15,Reading,ENG,1523.69
2021-04-15,Rotherham,ENG,1421.49
2021-04-15,Sheffield United,ENG,1604.47
2021-04-15,Sheffield Weds,ENG,1425.68
2021-04-15,Southampton,ENG,1696.38
2021-04-15,Stoke,ENG,1494.76
2021-04-15,Swansea,ENG,1578.2
2021-04-15,Tottenham,ENG,1817.02
2021-04-15,Watford,ENG,1667.47
2021-04-15,West Brom,ENG,1626.66
2021-04-15,West Ham,ENG,1806.78
2021-04-15,Wolves,ENG,1760.35
2021-04-15,Wycombe,ENG,1373.49
2021-05-01,Arsenal,ENG,1835.24
2021-05-01,Aston Villa,ENG,1723.48
2021-05-01,Barnsley,ENG,1565.43
2021-05-01,Birmingham,ENG,1459.66
2021-05-01,Blackburn,ENG,1500.72
2021-05-01,Bournemouth,ENG,1645.43
2021-05-01,Brentford,ENG,1634.76
2021-05-01,Brighton,ENG,1702.3
2021-05-01,Bristol City,ENG,1429.45
2021-05-01,Burnley,ENG,1738.77
2021-05-01,Cardiff,ENG,1558.69
2021-05-01,Chelsea,ENG,1896.95
2021-05-01,Coventry,ENG,1446.06
2021-05-01,Crystal Palace,ENG,1696.73
2021-05-01,Derby,ENG,1447.37
2021-05-01,Everton,ENG,1782.1
2021-05-01,Fulham,ENG,1647.52
2021-05-01,Huddersfield,ENG,1449.27
2021-05-01,Leeds,ENG,1746.88
2021-05-01,Leicester,ENG,1820.88
2021-05-01,Liverpool,ENG,1907.41
2021-05-01,Luton,ENG,1493.66
2021-05-01,Man City,ENG,2033.76
2021-05-01,Man United,ENG,1951.35
2021-05-01,Middlesbrough,ENG,1513.46
2021-05-01,Millwall,ENG,1512.83
2021-05-01,Newcastle,ENG,1700.34
2021-05-01,Norwich,ENG,1646.75
2021-05-01,Nottm Forest,ENG,1501.64
2021-05-01,Preston,ENG,1488.6
2021-05-01,QPR,ENG,1511.88
2021-05-01,Reading,ENG,1531.33
2021-05-01,Rotherham,ENG,1398.84
2021-05-01,Sheffield United,ENG,1618.85
2021-05-01,Sheffield Weds,ENG,1434.04
2021-05-01,Southampton,ENG,1702.72
2021-05-01,Stoke,ENG,1491.51
2021-05-01,Swansea,ENG,1569.24
2021-05-01,Tottenham,ENG,1828.58
2021-05-01,Watford,ENG,1675.39
2021-05-01,West Brom,ENG,1631.94
2021-05-01,West Ham,ENG,1797.58
2021-05-01,Wolves,ENG,1751.57
2021-05-01,Wycombe,ENG,1392.46
2021-05-15,Arsenal,ENG,1854.46
2021-05-15,Aston Villa,ENG,1733.03
2021-05-15,Barnsley,ENG,1557.47
2021-05-15,Birmingham,ENG,1440.26
2021-05-15,Blackburn,ENG,1512.53
2021-05-15,Bournemouth,ENG,1617.76
2021-05-15,Brentford,ENG,1655.12
2021-05-15,Brighton,ENG,1711.25
2021-05-15,Bristol City,ENG,1418.53
2021-05-15,Burnley,ENG,1744.23
2021-05-15,Cardiff,ENG,1569.27
2021-05-15,Chelsea,ENG,1920.44
2021-05-15,Coventry,ENG,1471.62
2021-05-15,Crystal Palace,ENG,1696.2
2021-05-15,Derby,ENG,1445.22
2021-05-15,Everton,ENG,1783.8
2021-05-15,Fulham,ENG,1638.15
2021-05-15,Huddersfield,ENG,1454.7
2021-05-15,Leeds,ENG,1752.07
2021-05-15,Leicester,ENG,1819.59
2021-05-15,Liverpool,ENG,1928.49
2021-05-15,Luton,ENG,1484.34
2021-05-15,Man City,ENG,2033.9
2021-05-15,Man United,ENG,1932.99
2021-05-15,Middlesbrough,ENG,1496.97
2021-05-15,Millwall,ENG,1504.34
2021-05-15,Newcastle,ENG,1711.05
2021-05-15,Norwich,ENG,1656.14
2021-05-15,Nottm Forest,ENG,1494.83
2021-05-15,Preston,ENG,1514.54
2021-05-15,QPR,ENG,1536.13
2021-05-15,Reading,ENG,1523.76
2021-05-15,Rotherham,ENG,1412.73
2021-05-15,Sheffield United,ENG,1606.75
2021-05-15,Sheffield Weds,ENG,1439.64
2021-05-15,Southampton,ENG,1712.61
2021-05-15,Stoke,ENG,1500.81
2021-05-15,Swansea,ENG,1569.71
2021-05-15,Tottenham,ENG,1823.86
2021-05-15,Watford,ENG,1674.27
2021-05-15,West Brom,ENG,1633.59
2021-05-15,West Ham,ENG,1798.71
2021-05-15,Wolves,ENG,1759.11
2021-05-15,Wycombe,ENG,1429.6
2021-06-01,Arsenal,ENG,1866.67
2021-06-01,Aston Villa,ENG,1747.11
2021-06-01,Barnsley,ENG,1546.41
2021-06-01,Birmingham,ENG,1439.32
2021-06-01,Blackburn,ENG,1511.59
2021-06-01,Bournemouth,ENG,1607.38
2021-06-01,Brentford,ENG,1671.98
2021-06-01,Brighton,ENG,1720.88
2021-06-01,Bristol City,ENG,1417.59
2021-06-01,Burnley,ENG,1709.37
2021-06-01,Cardiff,ENG,1568.33
2021-06-01,Chelsea,ENG,1923.2
2021-06-01,Coventry,ENG,1470.68
2021-06-01,Crystal Palace,ENG,1693.31
2021-06-01,Derby,ENG,1444.28
2021-06-01,Everton,ENG,1771.19
2021-06-01,Fulham,ENG,1627.01
2021-06-01,Huddersfield,ENG,1453.76
2021-06-01,Leeds,ENG,1783.74
2021-06-01,Leicester,ENG,1801.9
2021-06-01,Liverpool,ENG,1940.2
2021-06-01,Luton,ENG,1483.41
2021-06-01,Man City,ENG,2012.77
2021-06-01,Man United,ENG,1925.87
2021-06-01,Middlesbrough,ENG,1496.03
2021-06-01,Millwall,ENG,1503.4
2021-06-01,Newcastle,ENG,1724.9
2021-06-01,Norwich,ENG,1655.2
2021-06-01,Nottm Forest,ENG,1493.9
2021-06-01,Preston,ENG,1513.6
2021-06-01,QPR,ENG,1535.19
2021-06-01,Reading,ENG,1522.82
2021-06-01,Rotherham,ENG,1411.79
2021-06-01,Sheffield United,ENG,1623.87
2021-06-01,Sheffield Weds,ENG,1438.7
2021-06-01,Southampton,ENG,1700.75
2021-06-01,Stoke,ENG,1499.87
2021-06-01,Swansea,ENG,1570.55
2021-06-01,Tottenham,ENG,1831.75
2021-06-01,Watford,ENG,1673.34
2021-06-01,West Brom,ENG,1618.42
2021-06-01,West Ham,ENG,1811.0
2021-06-01,Wolves,ENG,1738.54
2021-06-01,Wycombe,ENG,1428.67
2021-06-15,Arsenal,ENG,1866.67
2021-06-15,Aston Villa,ENG,1747.11
2021-06-15,Barnsley,ENG,1546.41
2021-06-15,Birmingham,ENG,1439.32
2021-06-15,Blackburn,ENG,1511.59
2021-06-15,Bournemouth,ENG,1607.38
2021-06-15,Brentford,ENG,1671.98
2021-06-15,Brighton,ENG,1720.88
2021-06-15,Bristol City,ENG,1417.59
2021-06-15,Burnley,ENG,1709.37
2021-06-15,Cardiff,ENG,1568.33
2021-06-15,Chelsea,ENG,1923.2
2021-06-15,Coventry,ENG,1470.68
2021-06-15,Crystal Palace,ENG,1693.31
2021-06-15,Derby,ENG,1444.28
2021-06-15,Everton,ENG,1771.19
2021-06-15,Fulham,ENG,1627.01
2021-06-15,Huddersfield,ENG,1453.76
2021-06-15,Leeds,ENG,1783.74
2021-06-15,Leicester,ENG,1801.9
2021-06-15,Liverpool,ENG,1940.2
2021-06-15,Luton,ENG,1483.41
2021-06-15,Man City,ENG,2012.77
2021-06-15,Man United,ENG,1925.87
2021-06-15,Middlesbrough,ENG,1496.03
2021-06-15,Millwall,ENG,1503.4
2021-06-15,Newcastle,ENG,1724.9
2021-06-15,Norwich,ENG,1655.2
2021-06-15,Nottm Forest,ENG,1493.9
2021-06-15,Preston,ENG,1513.6
2021-06-15,QPR,ENG,1535.19
2021-06-15,Reading,ENG,1522.82
2021-06-15,Rotherham,ENG,1411.79
2021-06-15,Sheffield United,ENG,1623.87
2021-06-15,Sheffield Weds,ENG,1438.7
2021-06-15,Southampton,ENG,1700.75
2021-06-15,Stoke,ENG,1499.87
2021-06-15,Swansea,ENG,1570.55
2021-06-15,Tottenham,ENG,1831.75
2021-06-15,Watford,ENG,1673.34
2021-06-15,West Brom,ENG,1618.42
2021-06-15,West Ham,ENG,1811.0
2021-06-15,Wolves,ENG,1738.54
2021-06-15,Wycombe,ENG,1428.67
2021-07-01,Arsenal,ENG,1866.67
2021-07-01,Aston Villa,ENG,1747.11
2021-07-01,Barnsley,ENG,1546.41
2021-07-01,Birmingham,ENG,1439.32
2021-07-01,Blackburn,ENG,1511.59
2021-07-01,Blackpool,ENG,1443.22
2021-07-01,Bournemouth,ENG,1607.38
2021-07-01,Brentford,ENG,1671.98
2021-07-01,Brighton,ENG,1720.88
2021-07-01,Bristol City,ENG,1417.59
2021-07-01,Burnley,ENG,1709.37
2021-07-01,Cardiff,ENG,1568.33
2021-07-01,Chelsea,ENG,1923.2
2021-07-01,Coventry,ENG,1470.68
2021-07-01,Crystal Palace,ENG,1693.31
2021-07-01,Derby,ENG,1444.28
2021-07-01,Everton,ENG,1771.19
2021-07-01,Fulham,ENG,1627.01
2021-07-01,Huddersfield,ENG,1453.76
2021-07-01,Hull,ENG,1443.22
2021-07-01,Leeds,ENG,1783.74
2021-07-01,Leicester,ENG,1801.9
2021-07-01,Liverpool,ENG,1940.2
2021-07-01,Luton,ENG,1483.41
2021-07-01,Man City,ENG,2012.77
2021-07-01,Man United,ENG,1925.87
2021-07-01,Middlesbrough,ENG,1496.03
2021-07-01,Millwall,ENG,1503.4
2021-07-01,Newcastle,ENG,1724.9
2021-07-01,Norwich,ENG,1655.2
2021-07-01,Nottm Forest,ENG,1493.9
2021-07-01,Peterboro,ENG,1443.22
2021-07-01,Preston,ENG,1513.6
2021-07-01,QPR,ENG,1535.19
2021-07-01,Reading,ENG,1522.82
2021-07-01,Rotherham,ENG,1411.79
2021-07-01,Sheffield United,ENG,1623.87
2021-07-01,Sheffield Weds,ENG,1438.7
2021-07-01,Southampton,ENG,1700.75
2021-07-01,Stoke,ENG,1499.87
2021-07-01,Swansea,ENG,1570.55
2021-07-01,Tottenham,ENG,1831.75
2021-07-01,Watford,ENG,1673.34
2021-07-01,West Brom,ENG,1618.42
2021-07-01,West Ham,ENG,1811.0
2021-07-01,Wolves,ENG,1738.54
2021-07-01,Wycombe,ENG,1428.67
2021-07-15,Arsenal,ENG,1866.67
2021-07-15,Aston Villa,ENG,1747.11
2021-07-15,Barnsley,ENG,1546.41
2021-07-15,Birmingham,ENG,1439.32
2021-07-15,Blackburn,ENG,1511.59
2021-07-15,Blackpool,ENG,1443.22
2021-07-15,Bournemouth,ENG,1607.38
2021-07-15,Brentford,ENG,1671.98
2021-07-15,Brighton,ENG,1720.88
2021-07-15,Bristol City,ENG,1417.59
2021-07-15,Burnley,ENG,1709.37
2021-07-15,Cardiff,ENG,1568.33
2021-07-15,Chelsea,ENG,1923.2
2021-07-15,Coventry,ENG,1470.68
2021-07-15,Crystal Palace,ENG,1693.31
2021-07-15,Derby,ENG,1444.28
2021-07-15,Everton,ENG,1771.19
2021-07-15,Fulham,ENG,1627.01
2021-07-15,Huddersfield,ENG,1453.76
2021-07-15,Hull,ENG,1443.22
2021-07-15,Leeds,ENG,1783.74
2021-07-15,Leicester,ENG,1801.9
2021-07-15,Liverpool,ENG,1940.2
2021-07-15,Luton,ENG,1483.41
2021-07-15,Man City,ENG,2012.77
2021-07-15,Man United,ENG,1925.87
2021-07-15,Middlesbrough,ENG,1496.03
2021-07-15,Millwall,ENG,1503.4
2021-07-15,Newcastle,ENG,1724.9
2021-07-15,Norwich,ENG,1655.2
2021-07-15,Nottm Forest,ENG,1493.9
2021-07-15,Peterboro,ENG,1443.22
2021-07-15,Preston,ENG,1513.6
2021-07-15,QPR,ENG,1535.19
2021-07-15,Reading,ENG,1522.82
2021-07-15,Sheffield United,ENG,1623.87
2021-07-15,Southampton,ENG,1700.75
2021-07-15,Stoke,ENG,1499.87
2021-07-15,Swansea,ENG,1570.55
2021-07-15,Tottenham,ENG,1831.75
2021-07-15,Watford,ENG,1673.34
2021-07-15,West Brom,ENG,1618.42
2021-07-15,West Ham,ENG,1811.0
2021-07-15,Wolves,ENG,1738.54
2021-08-01,Arsenal,ENG,1866.67
2021-08-01,Aston Villa,ENG,1747.11
2021-08-01,Barnsley,ENG,1546.41
2021-08-01,Birmingham,ENG,1439.32
2021-08-01,Blackburn,ENG,1511.59
2021-08-01,Blackpool,ENG,1443.22
2021-08-01,Bournemouth,ENG,1607.38
2021-08-01,Brentford,ENG,1671.98
2021-08-01,Brighton,ENG,1720.88
2021-08-01,Bristol City,ENG,1417.59
2021-08-01,Burnley,ENG,1709.37
2021-08-01,Cardiff,ENG,1568.33
2021-08-01,Chelsea,ENG,1923.2
2021-08-01,Coventry,ENG,1470.68
2021-08-01,Crystal Palace,ENG,1693.31
2021-08-01,Derby,ENG,1444.28
2021-08-01,Everton,ENG,1771.19
2021-08-01,Fulham,ENG,1627.01
2021-08-01,Huddersfield,ENG,1453.76
2021-08-01,Hull,ENG,1443.22
2021-08-01,Leeds,ENG,1783.74
2021-08-01,Leicester,ENG,1801.9
2021-08-01,Liverpool,ENG,1940.2
2021-08-01,Luton,ENG,1483.41
2021-08-01,Man City,ENG,2012.77
2021-08-01,Man United,ENG,1925.87
2021-08-01,Middlesbrough,ENG,1496.03
2021-08-01,Millwall,ENG,1503.4
2021-08-01,Newcastle,ENG,1724.9
2021-08-01,Norwich,ENG,1655.2
2021-08-01,Nottm Forest,ENG,1493.9
2021-08-01,Peterboro,ENG,1443.22
2021-08-01,Preston,ENG,1513.6
2021-08-01,QPR,ENG,1535.19
2021-08-01,Reading,ENG,1522.82
2021-08-01,Sheffield United,ENG,1623.87
2021-08-01,Southampton,ENG,1700.75
2021-08-01,Stoke,ENG,1499.87
2021-08-01,Swansea,ENG,1570.55
2021-08-01,Tottenham,ENG,1831.75
2021-08-01,Watford,ENG,1673.34
2021-08-01,West Brom,ENG,1618.42
2021-08-01,West Ham,ENG,1811.0
2021-08-01,Wolves,ENG,1738.54
2021-08-15,Arsenal,ENG,1849.23
2021-08-15,Aston Villa,ENG,1737.63
2021-08-15,Barnsley,ENG,1553.46
2021-08-15,Birmingham,ENG,1453.56
2021-08-15,Blackburn,ENG,1520.88
2021-08-15,Blackpool,ENG,1435.4
2021-08-15,Bournemouth,ENG,1612.67
2021-08-15,Brentford,ENG,1689.42
2021-08-15,Brighton,ENG,1729.43
2021-08-15,Bristol City,ENG,1412.26
2021-08-15,Burnley,ENG,1700.82
2021-08-15,Cardiff,ENG,1574.79
2021-08-15,Chelsea,ENG,1927.9
2021-08-15,Coventry,ENG,1473.18
2021-08-15,Crystal Palace,ENG,1688.61
2021-08-15,Derby,ENG,1436.08
2021-08-15,Everton,ENG,1779.23
2021-08-15,Fulham,ENG,1632.04
2021-08-15,Huddersfield,ENG,1444.96
2021-08-15,Hull,ENG,1449.74
2021-08-15,Leeds,ENG,1775.53
2021-08-15,Leicester,ENG,1807.76
2021-08-15,Liverpool,ENG,1944.61
2021-08-15,Luton,ENG,1490.22
2021-08-15,Man City,ENG,2012.77
2021-08-15,Man United,ENG,1934.08
2021-08-15,Middlesbrough,ENG,1505.59
2021-08-15,Millwall,ENG,1504.73
2021-08-15,Newcastle,ENG,1724.9
2021-08-15,Norwich,ENG,1650.78
2021-08-15,Nottm Forest,ENG,1480.01
2021-08-15,Peterboro,ENG,1439.7
2021-08-15,Preston,ENG,1488.44
2021-08-15,QPR,ENG,1545.36
2021-08-15,Reading,ENG,1521.61
2021-08-15,Sheffield United,ENG,1609.8
2021-08-15,Southampton,ENG,1692.71
2021-08-15,Stoke,ENG,1507.09
2021-08-15,Swansea,ENG,1562.22
2021-08-15,Tottenham,ENG,1831.75
2021-08-15,Watford,ENG,1682.82
2021-08-15,West Brom,ENG,1623.28
2021-08-15,West Ham,ENG,1811.0
2021-08-15,Wolves,ENG,1732.68
2021-09-01,Arsenal,ENG,1831.82
2021-09-01,Aston Villa,ENG,1745.5
2021-09-01,Barnsley,ENG,1541.5
2021-09-01,Birmingham,ENG,1472.63
2021-09-01,Blackburn,ENG,1523.08
2021-09-01,Blackpool,ENG,1427.4
2021-09-01,Bournemouth,ENG,1609.93
2021-09-01,Brentford,ENG,1692.5
2021-09-01,Brighton,ENG,1728.15
2021-09-01,Bristol City,ENG,1430.99
2021-09-01,Burnley,ENG,1699.08
2021-09-01,Cardiff,ENG,1567.73
2021-09-01,Chelsea,ENG,1938.49
2021-09-01,Coventry,ENG,1481.2
2021-09-01,Crystal Palace,ENG,1692.8
2021-09-01,Derby,ENG,1446.33
2021-09-01,Everton,ENG,1790.84
2021-09-01,Fulham,ENG,1650.97
2021-09-01,Huddersfield,ENG,1482.54
2021-09-01,Hull,ENG,1440.64
2021-09-01,Leeds,ENG,1773.81
2021-09-01,Leicester,ENG,1800.7
2021-09-01,Liverpool,ENG,1947.65
2021-09-01,Luton,ENG,1480.68
2021-09-01,Man City,ENG,2012.69
2021-09-01,Man United,ENG,1932.66
2021-09-01,Middlesbrough,ENG,1497.55
2021-09-01,Millwall,ENG,1497.38
2021-09-01,Newcastle,ENG,1705.55
2021-09-01,Norwich,ENG,1643.16
2021-09-01,Nottm Forest,ENG,1466.29
2021-09-01,Peterboro,ENG,1432.76
2021-09-01,Preston,ENG,1500.2
2021-09-01,QPR,ENG,1560.66
2021-09-01,Reading,ENG,1485.56
2021-09-01,Sheffield United,ENG,1581.19
2021-09-01,Southampton,ENG,1699.46
2021-09-01,Stoke,ENG,1519.98
2021-09-01,Swansea,ENG,1540.11
2021-09-01,Tottenham,ENG,1854.27
2021-09-01,Watford,ENG,1670.37
2021-09-01,West Brom,ENG,1647.31
2021-09-01,West Ham,ENG,1828.11
2021-09-01,Wolves,ENG,1723.32
2021-09-15,Arsenal,ENG,1831.77
2021-09-15,Aston Villa,ENG,1736.56
2021-09-15,Barnsley,ENG,1528.21
2021-09-15,Birmingham,ENG,1478.99
2021-09-15,Blackburn,ENG,1525.55
2021-09-15,Blackpool,ENG,1423.73
2021-09-15,Bournemouth,ENG,1622.25
2021-09-15,Brentford,ENG,1681.34
2021-09-15,Brighton,ENG,1732.65
2021-09-15,Bristol City,ENG,1428.97
2021-09-15,Burnley,ENG,1688.36
2021-09-15,Cardiff,ENG,1570.64
2021-09-15,Chelsea,ENG,1942.39
2021-09-15,Coventry,ENG,1489.2
2021-09-15,Crystal Palace,ENG,1709.4
2021-09-15,Derby,ENG,1439.17
2021-09-15,Everton,ENG,1794.91
2021-09-15,Fulham,ENG,1634.53
2021-09-15,Huddersfield,ENG,1486.14
2021-09-15,Hull,ENG,1433.05
2021-09-15,Leeds,ENG,1762.73
2021-09-15,Leicester,ENG,1793.77
2021-09-15,Liverpool,ENG,1952.08
2021-09-15,Luton,ENG,1479.23
2021-09-15,Man City,ENG,2012.97
2021-09-15,Man United,ENG,1921.89
2021-09-15,Middlesbrough,ENG,1482.89
2021-09-15,Millwall,ENG,1498.67
2021-09-15,Newcastle,ENG,1697.6
2021-09-15,Norwich,ENG,1636.56
2021-09-15,Nottm Forest,ENG,1456.73
2021-09-15,Peterboro,ENG,1413.13
2021-09-15,Preston,ENG,1498.83
2021-09-15,QPR,ENG,1550.18
2021-09-15,Reading,ENG,1491.75
2021-09-15,Sheffield United,ENG,1582.86
2021-09-15,Southampton,ENG,1699.07
2021-09-15,Stoke,ENG,1523.18
2021-09-15,Swansea,ENG,1533.38
2021-09-15,Tottenham,ENG,1831.02
2021-09-15,Watford,ENG,1656.43
2021-09-15,West Brom,ENG,1633.51
2021-09-15,West Ham,ENG,1821.85
2021-09-15,Wolves,ENG,1730.61
2021-10-01,Arsenal,ENG,1844.3
2021-10-01,Aston Villa,ENG,1762.6
2021-10-01,Barnsley,ENG,1500.92
2021-10-01,Birmingham,ENG,1445.96
2021-10-01,Blackburn,ENG,1531.25
2021-10-01,Blackpool,ENG,1442.19
2021-10-01,Bournemouth,ENG,1626.22
2021-10-01,Brentford,ENG,1699.6
2021-10-01,Brighton,ENG,1739.22
2021-10-01,Bristol City,ENG,1437.58
2021-10-01,Burnley,ENG,1684.43
2021-10-01,Cardiff,ENG,1523.37
2021-10-01,Chelsea,ENG,1933.44
2021-10-01,Coventry,ENG,1488.64
2021-10-01,Crystal Palace,ENG,1703.31
2021-10-01,Derby,ENG,1451.35
2021-10-01,Everton,ENG,1782.85
2021-10-01,Fulham,ENG,1631.6
2021-10-01,Huddersfield,ENG,1473.12
2021-10-01,Hull,ENG,1416.13
2021-10-01,Leeds,ENG,1752.49
2021-10-01,Leicester,ENG,1764.42
2021-10-01,Liverpool,ENG,1963.76
2021-10-01,Luton,ENG,1491.63
2021-10-01,Man City,ENG,2001.37
2021-10-01,Man United,ENG,1916.83
2021-10-01,Middlesbrough,ENG,1489.7
2021-10-01,Millwall,ENG,1502.9
2021-10-01,Newcastle,ENG,1696.3
2021-10-01,Norwich,ENG,1617.0
2021-10-01,Nottm Forest,ENG,1472.33
2021-10-01,Peterboro,ENG,1421.28
2021-10-01,Preston,ENG,1498.78
2021-10-01,QPR,ENG,1538.82
2021-10-01,Reading,ENG,1499.72
2021-10-01,Sheffield United,ENG,1577.23
2021-10-01,Southampton,ENG,1695.9
2021-10-01,Stoke,ENG,1518.54
2021-10-01,Swansea,ENG,1527.09
2021-10-01,Tottenham,ENG,1806.19
2021-10-01,Watford,ENG,1666.29
2021-10-01,West Brom,ENG,1645.71
2021-10-01,West Ham,ENG,1830.03
2021-10-01,Wolves,ENG,1722.51
2021-10-15,Arsenal,ENG,1842.19
2021-10-15,Aston Villa,ENG,1756.6
2021-10-15,Barnsley,ENG,1491.97
2021-10-15,Birmingham,ENG,1431.46
2021-10-15,Blackburn,ENG,1521.81
2021-10-15,Blackpool,ENG,1451.63
2021-10-15,Bournemouth,ENG,1632.25
2021-10-15,Brentford,ENG,1711.52
2021-10-15,Brighton,ENG,1741.33
2021-10-15,Bristol City,ENG,1446.0
2021-10-15,Burnley,ENG,1681.68
2021-10-15,Cardiff,ENG,1513.91
2021-10-15,Chelsea,ENG,1936.94
2021-10-15,Coventry,ENG,1507.82
2021-10-15,Crystal Palace,ENG,1704.14
2021-10-15,Derby,ENG,1452.64
2021-10-15,Everton,ENG,1787.26
2021-10-15,Fulham,ENG,1612.41
2021-10-15,Huddersfield,ENG,1474.53
2021-10-15,Hull,ENG,1429.17
2021-10-15,Leeds,ENG,1757.71
2021-10-15,Leicester,ENG,1763.59
2021-10-15,Liverpool,ENG,1963.91
2021-10-15,Luton,ENG,1490.23
2021-10-15,Man City,ENG,2001.22
2021-10-15,Man United,ENG,1912.42
2021-10-15,Middlesbrough,ENG,1476.65
2021-10-15,Millwall,ENG,1511.85
2021-10-15,Newcastle,ENG,1689.62
2021-10-15,Norwich,ENG,1619.75
2021-10-15,Nottm Forest,ENG,1486.83
2021-10-15,Peterboro,ENG,1412.85
2021-10-15,Preston,ENG,1492.56
2021-10-15,QPR,ENG,1545.04
2021-10-15,Reading,ENG,1509.18
2021-10-15,Sheffield United,ENG,1571.2
2021-10-15,Southampton,ENG,1692.41
2021-10-15,Stoke,ENG,1529.06
2021-10-15,Swansea,ENG,1525.79
2021-10-15,Tottenham,ENG,1812.19
2021-10-15,Watford,ENG,1661.07
2021-10-15,West Brom,ENG,1635.19
2021-10-15,West Ham,ENG,1818.1
2021-10-15,Wolves,ENG,1729.2
2021-11-01,Arsenal,ENG,1858.58
2021-11-01,Aston Villa,ENG,1732.32
2021-11-01,Barnsley,ENG,1463.18
2021-11-01,Birmingham,ENG,1459.99
2021-11-01,Blackburn,ENG,1534.24
2021-11-01,Blackpool,ENG,1482.82
2021-11-01,Bournemouth,ENG,1660.74
2021-11-01,Brentford,ENG,1693.24
2021-11-01,Brighton,ENG,1743.95
2021-11-01,Bristol City,ENG,1438.72
2021-11-01,Burnley,ENG,1695.51
2021-11-01,Cardiff,ENG,1488.13
2021-11-01,Chelsea,ENG,1955.1
2021-11-01,Coventry,ENG,1509.08
2021-11-01,Crystal Palace,ENG,1732.42
2021-11-01,Derby,ENG,1453.54
2021-11-01,Everton,ENG,1761.7
2021-11-01,Fulham,ENG,1655.35
2021-11-01,Huddersfield,ENG,1486.19
2021-11-01,Hull,ENG,1403.13
2021-11-01,Leeds,ENG,1756.53
2021-11-01,Leicester,ENG,1782.75
2021-11-01,Liverpool,ENG,1989.3
2021-11-01,Luton,ENG,1500.71
2021-11-01,Man City,ENG,1994.31
2021-11-01,Man United,ENG,1900.48
2021-11-01,Middlesbrough,ENG,1495.87
2021-11-01,Millwall,ENG,1511.96
2021-11-01,Newcastle,ENG,1683.83
2021-11-01,Norwich,ENG,1616.05
2021-11-01,Nottm Forest,ENG,1494.91
2021-11-01,Peterboro,ENG,1420.11
2021-11-01,Preston,ENG,1501.15
2021-11-01,QPR,ENG,1533.15
2021-11-01,Reading,ENG,1491.99
2021-11-01,Sheffield United,ENG,1564.74
2021-11-01,Southampton,ENG,1711.38
2021-11-01,Stoke,ENG,1511.19
2021-11-01,Swansea,ENG,1548.5
2021-11-01,Tottenham,ENG,1790.28
2021-11-01,Watford,ENG,1671.48
2021-11-01,West Brom,ENG,1624.77
2021-11-01,West Ham,ENG,1849.27
2021-11-01,Wolves,ENG,1743.67
2021-11-15,Arsenal,ENG,1860.83
2021-11-15,Aston Villa,ENG,1723.38
2021-11-15,Barnsley,ENG,1454.14
2021-11-15,Birmingham,ENG,1462.16
2021-11-15,Blackburn,ENG,1530.12
2021-11-15,Blackpool,ENG,1474.7
2021-11-15,Bournemouth,ENG,1657.17
2021-11-15,Brentford,ENG,1681.41
2021-11-15,Brighton,ENG,1740.41
2021-11-15,Bristol City,ENG,1420.53
2021-11-15,Burnley,ENG,1701.29
2021-11-15,Cardiff,ENG,1486.94
2021-11-15,Chelsea,ENG,1948.96
2021-11-15,Coventry,ENG,1505.64
2021-11-15,Crystal Palace,ENG,1742.68
2021-11-15,Derby,ENG,1448.2
2021-11-15,Everton,ENG,1753.02
2021-11-15,Fulham,ENG,1672.36
2021-11-15,Huddersfield,ENG,1476.7
2021-11-15,Hull,ENG,1414.49
2021-11-15,Leeds,ENG,1755.22
2021-11-15,Leicester,ENG,1774.28
2021-11-15,Liverpool,ENG,1982.67
2021-11-15,Luton,ENG,1501.27
2021-11-15,Man City,ENG,2003.69
2021-11-15,Man United,ENG,1890.05
2021-11-15,Middlesbrough,ENG,1489.15
2021-11-15,Millwall,ENG,1514.89
2021-11-15,Newcastle,ENG,1685.28
2021-11-15,Norwich,ENG,1625.79
2021-11-15,Nottm Forest,ENG,1508.89
2021-11-15,Peterboro,ENG,1417.03
2021-11-15,Preston,ENG,1499.11
2021-11-15,QPR,ENG,1538.55
2021-11-15,Reading,ENG,1492.65
2021-11-15,Sheffield United,ENG,1550.65
2021-11-15,Southampton,ENG,1718.23
2021-11-15,Stoke,ENG,1526.92
2021-11-15,Swansea,ENG,1544.96
2021-11-15,Tottenham,ENG,1790.93
2021-11-15,Watford,ENG,1667.14
2021-11-15,West Brom,ENG,1621.89
2021-11-15,West Ham,ENG,1853.25
2021-11-15,Wolves,ENG,1739.28
2021-12-01,Arsenal,ENG,1861.47
2021-12-01,Aston Villa,ENG,1748.21
2021-12-01,Barnsley,ENG,1444.31
2021-12-01,Birmingham,ENG,1465.3
2021-12-01,Blackburn,ENG,1549.58
2021-12-01,Blackpool,ENG,1476.71
2021-12-01,Bournemouth,ENG,1642.02
2021-12-01,Brentford,ENG,1695.8
2021-12-01,Brighton,ENG,1733.41
2021-12-01,Bristol City,ENG,1431.29
2021-12-01,Burnley,ENG,1706.19
2021-12-01,Cardiff,ENG,1499.13
2021-12-01,Chelsea,ENG,1965.56
2021-12-01,Coventry,ENG,1514.22
2021-12-01,Crystal Palace,ENG,1731.03
2021-12-01,Derby,ENG,1464.6
2021-12-01,Everton,ENG,1744.82
2021-12-01,Fulham,ENG,1671.8
2021-12-01,Huddersfield,ENG,1477.66
2021-12-01,Hull,ENG,1451.26
2021-12-01,Leeds,ENG,1760.75
2021-12-01,Leicester,ENG,1779.94
2021-12-01,Liverpool,ENG,2003.65
2021-12-01,Luton,ENG,1489.16
2021-12-01,Man City,ENG,2019.78
2021-12-01,Man United,ENG,1886.35
2021-12-01,Middlesbrough,ENG,1493.6
2021-12-01,Millwall,ENG,1512.84
2021-12-01,Newcastle,ENG,1681.87
2021-12-01,Norwich,ENG,1644.3
2021-12-01,Nottm Forest,ENG,1516.0
2021-12-01,Peterboro,ENG,1406.47
2021-12-01,Preston,ENG,1507.32
2021-12-01,QPR,ENG,1564.4
2021-12-01,Reading,ENG,1499.95
2021-12-01,Sheffield United,ENG,1566.85
2021-12-01,Southampton,ENG,1709.61
2021-12-01,Stoke,ENG,1519.38
2021-12-01,Swansea,ENG,1545.44
2021-12-01,Tottenham,ENG,1784.37
2021-12-01,Watford,ENG,1686.6
2021-12-01,West Brom,ENG,1608.93
2021-12-01,West Ham,ENG,1847.87
2021-12-01,Wolves,ENG,1751.88
2021-12-15,Arsenal,ENG,1839.24
2021-12-15,Aston Villa,ENG,1747.36
2021-12-15,Barnsley,ENG,1426.16
2021-12-15,Birmingham,ENG,1444.34
2021-12-15,Blackburn,ENG,1558.92
2021-12-15,Blackpool,ENG,1441.88
2021-12-15,Bournemouth,ENG,1615.71
2021-12-15,Brentford,ENG,1686.12
2021-12-15,Brighton,ENG,1725.31
2021-12-15,Bristol City,ENG,1428.49
2021-12-15,Burnley,ENG,1690.97
2021-12-15,Cardiff,ENG,1479.49
2021-12-15,Chelsea,ENG,1943.07
2021-12-15,Coventry,ENG,1495.48
2021-12-15,Crystal Palace,ENG,1726.03
2021-12-15,Derby,ENG,1451.39
2021-12-15,Everton,ENG,1726.53
2021-12-15,Fulham,ENG,1654.04
2021-12-15,Huddersfield,ENG,1465.1
2021-12-15,Hull,ENG,1439.75
2021-12-15,Leeds,ENG,1736.91
2021-12-15,Leicester,ENG,1763.63
2021-12-15,Liverpool,ENG,2006.39
2021-12-15,Luton,ENG,1495.44
2021-12-15,Man City,ENG,2008.13
2021-12-15,Man United,ENG,1879.9
2021-12-15,Middlesbrough,ENG,1491.67
2021-12-15,Millwall,ENG,1498.6
2021-12-15,Newcastle,ENG,1667.2
2021-12-15,Norwich,ENG,1613.68
2021-12-15,Nottm Forest,ENG,1526.94
2021-12-15,Peterboro,ENG,1397.87
2021-12-15,Preston,ENG,1494.68
2021-12-15,QPR,ENG,1537.56
2021-12-15,Reading,ENG,1480.86
2021-12-15,Sheffield United,ENG,1561.78
2021-12-15,Southampton,ENG,1691.13
2021-12-15,Stoke,ENG,1519.47
2021-12-15,Swansea,ENG,1507.77
2021-12-15,Tottenham,ENG,1785.6
2021-12-15,Watford,ENG,1661.75
2021-12-15,West Brom,ENG,1607.45
2021-12-15,West Ham,ENG,1823.76
2021-12-15,Wolves,ENG,1732.02
2022-01-01,Arsenal,ENG,1866.73
2022-01-01,Aston Villa,ENG,1740.97
2022-01-01,Barnsley,ENG,1426.19
2022-01-01,Birmingham,ENG,1435.65
2022-01-01,Blackburn,ENG,1571.46
2022-01-01,Blackpool,ENG,1436.2
2022-01-01,Bournemouth,ENG,1619.45
2022-01-01,Brentford,ENG,1675.1
2022-01-01,Brighton,ENG,1731.34
2022-01-01,Bristol City,ENG,1414.18
2022-01-01,Burnley,ENG,1686.56
2022-01-01,Cardiff,ENG,1472.72
2022-01-01,Chelsea,ENG,1932.72
2022-01-01,Coventry,ENG,1486.27
2022-01-01,Crystal Palace,ENG,1722.39
2022-01-01,Derby,ENG,1473.24
2022-01-01,Everton,ENG,1732.8
2022-01-01,Fulham,ENG,1642.43
2022-01-01,Huddersfield,ENG,1490.04
2022-01-01,Hull,ENG,1434.67
2022-01-01,Leeds,ENG,1726.35
2022-01-01,Leicester,ENG,1772.71
2022-01-01,Liverpool,ENG,1990.65
2022-01-01,Luton,ENG,1495.44
2022-01-01,Man City,ENG,2017.76
2022-01-01,Man United,ENG,1879.6
2022-01-01,Middlesbrough,ENG,1520.87
2022-01-01,Millwall,ENG,1507.8
2022-01-01,Newcastle,ENG,1666.16
2022-01-01,Norwich,ENG,1598.38
2022-01-01,Nottm Forest,ENG,1510.41
2022-01-01,Peterboro,ENG,1389.53
2022-01-01,Preston,ENG,1494.68
2022-01-01,QPR,ENG,1536.42
2022-01-01,Reading,ENG,1480.86
2022-01-01,Sheffield United,ENG,1573.39
2022-01-01,Southampton,ENG,1706.65
2022-01-01,Stoke,ENG,1508.73
2022-01-01,Swansea,ENG,1507.77
2022-01-01,Tottenham,ENG,1798.12
2022-01-01,Watford,ENG,1652.24
2022-01-01,West Brom,ENG,1592.46
2022-01-01,West Ham,ENG,1812.04
2022-01-01,Wolves,ENG,1745.45
2022-01-15,Arsenal,ENG,1861.58
2022-01-15,Aston Villa,ENG,1732.29
2022-01-15,Barnsley,ENG,1426.19
2022-01-15,Birmingham,ENG,1429.2
2022-01-15,Blackburn,ENG,1568.13
2022-01-15,Blackpool,ENG,1443.22
2022-01-15,Bournemouth,ENG,1619.45
2022-01-15,Brentford,ENG,1672.51
2022-01-15,Brighton,ENG,1738.89
2022-01-15,Bristol City,ENG,1423.67
2022-01-15,Burnley,ENG,1678.13
2022-01-15,Cardiff,ENG,1476.99
2022-01-15,Chelsea,ENG,1933.27
2022-01-15,Coventry,ENG,1486.27
2022-01-15,Crystal Palace,ENG,1717.44
2022-01-15,Derby,ENG,1474.58
2022-01-15,Everton,ENG,1723.47
2022-01-15,Fulham,ENG,1655.39
2022-01-15,Huddersfield,ENG,1493.37
2022-01-15,Hull,ENG,1427.64
2022-01-15,Leeds,ENG,1734.78
2022-01-15,Leicester,ENG,1772.71
2022-01-15,Liverpool,ENG,1990.1
2022-01-15,Luton,ENG,1495.44
2022-01-15,Man City,ENG,2022.91
2022-01-15,Man United,ENG,1867.23
2022-01-15,Middlesbrough,ENG,1520.87
2022-01-15,Millwall,ENG,1498.31
2022-01-15,Newcastle,ENG,1666.16
2022-01-15,Norwich,ENG,1594.73
2022-01-15,Nottm Forest,ENG,1510.41
2022-01-15,Peterboro,ENG,1389.53
2022-01-15,Preston,ENG,1504.33
2022-01-15,QPR,ENG,1542.86
2022-01-15,Reading,ENG,1466.56
2022-01-15,Sheffield United,ENG,1573.39
2022-01-15,Southampton,ENG,1717.91
2022-01-15,Stoke,ENG,1499.08
2022-01-15,Swansea,ENG,1507.77
2022-01-15,Tottenham,ENG,1803.46
2022-01-15,Watford,ENG,1646.89
2022-01-15,West Brom,ENG,1588.18
2022-01-15,West Ham,ENG,1822.43
2022-01-15,Wolves,ENG,1757.82
2022-02-01,Arsenal,ENG,1855.96
2022-02-01,Aston Villa,ENG,1743.5
2022-02-01,Barnsley,ENG,1406.5
2022-02-01,Birmingham,ENG,1434.18
2022-02-01,Blackburn,ENG,1564.81
2022-02-01,Blackpool,ENG,1457.85
2022-02-01,Bournemouth,ENG,1600.37
2022-02-01,Brentford,ENG,1657.44
2022-02-01,Brighton,ENG,1744.66
2022-02-01,Bristol City,ENG,1425.45
2022-02-01,Burnley,ENG,1683.75
2022-02-01,Cardiff,ENG,1471.1
2022-02-01,Chelsea,ENG,1930.51
2022-02-01,Coventry,ENG,1490.87
2022-02-01,Crystal Palace,ENG,1713.45
2022-02-01,Derby,ENG,1479.47
2022-02-01,Everton,ENG,1704.6
2022-02-01,Fulham,ENG,1664.07
2022-02-01,Huddersfield,ENG,1499.35
2022-02-01,Hull,ENG,1458.97
2022-02-01,Leeds,ENG,1734.98
2022-02-01,Leicester,ENG,1762.85
2022-02-01,Liverpool,ENG,1996.65
2022-02-01,Luton,ENG,1513.83
2022-02-01,Man City,ENG,2021.13
2022-02-01,Man United,ENG,1875.96
2022-02-01,Middlesbrough,ENG,1526.91
2022-02-01,Millwall,ENG,1494.48
2022-02-01,Newcastle,ENG,1675.48
2022-02-01,Norwich,ENG,1622.88
2022-02-01,Nottm Forest,ENG,1524.93
2022-02-01,Peterboro,ENG,1369.81
2022-02-01,Preston,ENG,1507.58
2022-02-01,QPR,ENG,1565.01
2022-02-01,Reading,ENG,1433.37
2022-02-01,Sheffield United,ENG,1573.61
2022-02-01,Southampton,ENG,1715.99
2022-02-01,Stoke,ENG,1498.18
2022-02-01,Swansea,ENG,1504.86
2022-02-01,Tottenham,ENG,1805.39
2022-02-01,Watford,ENG,1630.75
2022-02-01,West Brom,ENG,1555.3
2022-02-01,West Ham,ENG,1805.83
2022-02-01,Wolves,ENG,1772.93
2022-02-15,Arsenal,ENG,1863.17
2022-02-15,Aston Villa,ENG,1733.81
2022-02-15,Barnsley,ENG,1406.13
2022-02-15,Birmingham,ENG,1440.65
2022-02-15,Blackburn,ENG,1543.15
2022-02-15,Blackpool,ENG,1462.75
2022-02-15,Bournemouth,ENG,1610.58
2022-02-15,Brentford,ENG,1656.26
2022-02-15,Brighton,ENG,1753.62
2022-02-15,Bristol City,ENG,1416.51
2022-02-15,Burnley,ENG,1682.93
2022-02-15,Cardiff,ENG,1480.28
2022-02-15,Chelsea,ENG,1930.51
2022-02-15,Coventry,ENG,1496.54
2022-02-15,Crystal Palace,ENG,1711.71
2022-02-15,Derby,ENG,1469.59
2022-02-15,Everton,ENG,1707.39
2022-02-15,Fulham,ENG,1673.67
2022-02-15,Huddersfield,ENG,1511.16
2022-02-15,Hull,ENG,1437.87
2022-02-15,Leeds,ENG,1722.57
2022-02-15,Leicester,ENG,1759.81
2022-02-15,Liverpool,ENG,2002.28
2022-02-15,Luton,ENG,1510.48
2022-02-15,Man City,ENG,2025.69
2022-02-15,Man United,ENG,1866.84
2022-02-15,Middlesbrough,ENG,1539.19
2022-02-15,Millwall,ENG,1494.8
2022-02-15,Newcastle,ENG,1694.79
2022-02-15,Norwich,ENG,1621.26
2022-02-15,Nottm Forest,ENG,1537.11
2022-02-15,Peterboro,ENG,1355.86
2022-02-15,Preston,ENG,1520.07
2022-02-15,QPR,ENG,1551.38
2022-02-15,Reading,ENG,1418.7
2022-02-15,Sheffield United,ENG,1587.31
2022-02-15,Southampton,ENG,1732.24
2022-02-15,Stoke,ENG,1512.84
2022-02-15,Swansea,ENG,1499.47
2022-02-15,Tottenham,ENG,1779.87
2022-02-15,Watford,ENG,1621.09
2022-02-15,West Brom,ENG,1544.75
2022-02-15,West Ham,ENG,1808.98
2022-02-15,Wolves,ENG,1779.93
2022-03-01,Arsenal,ENG,1876.36
2022-03-01,Aston Villa,ENG,1740.63
2022-03-01,Barnsley,ENG,1431.55
2022-03-01,Birmingham,ENG,1432.45
2022-03-01,Blackburn,ENG,1549.67
2022-03-01,Blackpool,ENG,1475.89
2022-03-01,Bournemouth,ENG,1620.26
2022-03-01,Brentford,ENG,1647.59
2022-03-01,Brighton,ENG,1719.85
2022-03-01,Bristol City,ENG,1418.6
2022-03-01,Burnley,ENG,1718.43
2022-03-01,Cardiff,ENG,1483.18
2022-03-01,Chelsea,ENG,1943.13
2022-03-01,Coventry,ENG,1503.09
2022-03-01,Crystal Palace,ENG,1724.23
2022-03-01,Derby,ENG,1465.25
2022-03-01,Everton,ENG,1701.64
2022-03-01,Fulham,ENG,1672.1
2022-03-01,Huddersfield,ENG,1545.1
2022-03-01,Hull,ENG,1449.74
2022-03-01,Leeds,ENG,1702.18
2022-03-01,Leicester,ENG,1761.1
2022-03-01,Liverpool,ENG,2019.52
2022-03-01,Luton,ENG,1541.31
2022-03-01,Man City,ENG,2021.69
2022-03-01,Man United,ENG,1880.24
2022-03-01,Middlesbrough,ENG,1531.15
2022-03-01,Millwall,ENG,1529.74
2022-03-01,Newcastle,ENG,1715.69
2022-03-01,Norwich,ENG,1619.4
2022-03-01,Nottm Forest,ENG,1548.76
2022-03-01,Peterboro,ENG,1343.36
2022-03-01,Preston,ENG,1514.12
2022-03-01,QPR,ENG,1539.24
2022-03-01,Reading,ENG,1431.5
2022-03-01,Sheffield United,ENG,1594.13
2022-03-01,Southampton,ENG,1752.05
2022-03-01,Stoke,ENG,1501.53
2022-03-01,Swansea,ENG,1509.11
2022-03-01,Tottenham,ENG,1804.85
2022-03-01,Watford,ENG,1632.76
2022-03-01,West Brom,ENG,1517.31
2022-03-01,West Ham,ENG,1816.47
2022-03-01,Wolves,ENG,1780.05
2022-03-15,Arsenal,ENG,1886.84
2022-03-15,Aston Villa,ENG,1762.61
2022-03-15,Barnsley,ENG,1429.56
2022-03-15,Birmingham,ENG,1440.52
2022-03-15,Blackburn,ENG,1530.78
2022-03-15,Blackpool,ENG,1493.96
2022-03-15,Bournemouth,ENG,1609.51
2022-03-15,Brentford,ENG,1671.77
2022-03-15,Brighton,ENG,1709.72
2022-03-15,Bristol City,ENG,1422.66
2022-03-15,Burnley,ENG,1688.73
2022-03-15,Cardiff,ENG,1500.23
2022-03-15,Chelsea,ENG,1956.48
2022-03-15,Coventry,ENG,1503.75
2022-03-15,Crystal Palace,ENG,1746.06
2022-03-15,Derby,ENG,1462.67
2022-03-15,Everton,ENG,1684.89
2022-03-15,Fulham,ENG,1682.98
2022-03-15,Huddersfield,ENG,1551.06
2022-03-15,Hull,ENG,1440.78
2022-03-15,Leeds,ENG,1689.81
2022-03-15,Leicester,ENG,1778.0
2022-03-15,Liverpool,ENG,2024.37
2022-03-15,Luton,ENG,1533.17
2022-03-15,Man City,ENG,2023.53
2022-03-15,Man United,ENG,1879.77
2022-03-15,Middlesbrough,ENG,1530.42
2022-03-15,Millwall,ENG,1536.91
2022-03-15,Newcastle,ENG,1730.33
2022-03-15,Norwich,ENG,1600.07
2022-03-15,Nottm Forest,ENG,1560.04
2022-03-15,Peterboro,ENG,1349.16
2022-03-15,Preston,ENG,1524.9
2022-03-15,QPR,ENG,1539.05
2022-03-15,Reading,ENG,1417.19
2022-03-15,Sheffield United,ENG,1584.22
2022-03-15,Southampton,ENG,1717.03
2022-03-15,Stoke,ENG,1488.48
2022-03-15,Swansea,ENG,1501.54
2022-03-15,Tottenham,ENG,1810.05
2022-03-15,Watford,ENG,1633.49
2022-03-15,West Brom,ENG,1528.07
2022-03-15,West Ham,ENG,1816.56
2022-03-15,Wolves,ENG,1780.86
2022-04-01,Arsenal,ENG,1886.75
2022-04-01,Aston Villa,ENG,1758.21
2022-04-01,Barnsley,ENG,1435.35
2022-04-01,Birmingham,ENG,1435.75
2022-04-01,Blackburn,ENG,1530.15
2022-04-01,Blackpool,ENG,1496.99
2022-04-01,Bournemouth,ENG,1618.35
2022-04-01,Brentford,ENG,1669.12
2022-04-01,Brighton,ENG,1701.97
2022-04-01,Bristol City,ENG,1417.13
2022-04-01,Burnley,ENG,1690.4
2022-04-01,Cardiff,ENG,1508.57
2022-04-01,Chelsea,ENG,1960.77
2022-04-01,Coventry,ENG,1490.22
2022-04-01,Crystal Palace,ENG,1747.73
2022-04-01,Derby,ENG,1456.43
2022-04-01,Everton,ENG,1694.7
2022-04-01,Fulham,ENG,1673.59
2022-04-01,Huddersfield,ENG,1529.25
2022-04-01,Hull,ENG,1448.05
2022-04-01,Leeds,ENG,1703.09
2022-04-01,Leicester,ENG,1785.13
2022-04-01,Liverpool,ENG,2033.88
2022-04-01,Luton,ENG,1558.41
2022-04-01,Man City,ENG,2025.21
2022-04-01,Man United,ENG,1868.27
2022-04-01,Middlesbrough,ENG,1541.83
2022-04-01,Millwall,ENG,1536.66
2022-04-01,Newcastle,ENG,1723.86
2022-04-01,Norwich,ENG,1601.74
2022-04-01,Nottm Forest,ENG,1570.93
2022-04-01,Peterboro,ENG,1364.38
2022-04-01,Preston,ENG,1512.91
2022-04-01,QPR,ENG,1512.65
2022-04-01,Reading,ENG,1434.69
2022-04-01,Sheffield United,ENG,1589.98
2022-04-01,Southampton,ENG,1718.7
2022-04-01,Stoke,ENG,1495.85
2022-04-01,Swansea,ENG,1505.23
2022-04-01,Tottenham,ENG,1831.22
2022-04-01,Watford,ENG,1635.16
2022-04-01,West Brom,ENG,1538.46
2022-04-01,West Ham,ENG,1823.1
2022-04-01,Wolves,ENG,1770.93
2022-04-15,Arsenal,ENG,1860.64
2022-04-15,Aston Villa,ENG,1743.5
2022-04-15,Barnsley,ENG,1431.47
2022-04-15,Birmingham,ENG,1445.94
2022-04-15,Blackburn,ENG,1533.17
2022-04-15,Blackpool,ENG,1485.94
2022-04-15,Bournemouth,ENG,1614.09
2022-04-15,Brentford,ENG,1716.36
2022-04-15,Brighton,ENG,1717.14
2022-04-15,Bristol City,ENG,1417.26
2022-04-15,Burnley,ENG,1686.84
2022-04-15,Cardiff,ENG,1503.47
2022-04-15,Chelsea,ENG,1940.49
2022-04-15,Coventry,ENG,1508.4
2022-04-15,Crystal Palace,ENG,1765.35
2022-04-15,Derby,ENG,1465.3
2022-04-15,Everton,ENG,1700.57
2022-04-15,Fulham,ENG,1672.66
2022-04-15,Huddersfield,ENG,1552.52
2022-04-15,Hull,ENG,1458.54
2022-04-15,Leeds,ENG,1720.74
2022-04-15,Leicester,ENG,1809.32
2022-04-15,Liverpool,ENG,2044.28
2022-04-15,Luton,ENG,1547.52
2022-04-15,Man City,ENG,2037.5
2022-04-15,Man United,ENG,1859.1
2022-04-15,Middlesbrough,ENG,1539.17
2022-04-15,Millwall,ENG,1542.78
2022-04-15,Newcastle,ENG,1729.23
2022-04-15,Norwich,ENG,1624.58
2022-04-15,Nottm Forest,ENG,1601.48
2022-04-15,Peterboro,ENG,1367.77
2022-04-15,Preston,ENG,1523.4
2022-04-15,QPR,ENG,1499.33
2022-04-15,Reading,ENG,1442.38
2022-04-15,Sheffield United,ENG,1590.8
2022-04-15,Southampton,ENG,1714.91
2022-04-15,Stoke,ENG,1517.09
2022-04-15,Swansea,ENG,1544.63
2022-04-15,Tottenham,ENG,1859.46
2022-04-15,Watford,ENG,1626.79
2022-04-15,West Brom,ENG,1532.81
2022-04-15,West Ham,ENG,1830.66
2022-04-15,Wolves,ENG,1774.72
2022-05-01,Arsenal,ENG,1873.72
2022-05-01,Aston Villa,ENG,1750.06
2022-05-01,Barnsley,ENG,1395.13
2022-05-01,Birmingham,ENG,1425.4
2022-05-01,Blackburn,ENG,1515.16
2022-05-01,Blackpool,ENG,1489.92
2022-05-01,Bournemouth,ENG,1631.42
2022-05-01,Brentford,ENG,1723.81
2022-05-01,Brighton,ENG,1741.71
2022-05-01,Bristol City,ENG,1461.77
2022-05-01,Burnley,ENG,1717.11
2022-05-01,Cardiff,ENG,1470.25
2022-05-01,Chelsea,ENG,1925.98
2022-05-01,Coventry,ENG,1499.69
2022-05-01,Crystal Palace,ENG,1761.73
2022-05-01,Derby,ENG,1469.84
2022-05-01,Everton,ENG,1698.75
2022-05-01,Fulham,ENG,1654.68
2022-05-01,Huddersfield,ENG,1572.41
2022-05-01,Hull,ENG,1454.17
2022-05-01,Leeds,ENG,1716.87
2022-05-01,Leicester,ENG,1791.86
2022-05-01,Liverpool,ENG,2055.51
2022-05-01,Luton,ENG,1558.61
2022-05-01,Man City,ENG,2047.45
2022-05-01,Man United,ENG,1845.41
2022-05-01,Middlesbrough,ENG,1546.89
2022-05-01,Millwall,ENG,1550.85
2022-05-01,Newcastle,ENG,1751.81
2022-05-01,Norwich,ENG,1604.65
2022-05-01,Nottm Forest,ENG,1627.9
2022-05-01,Peterboro,ENG,1382.1
2022-05-01,Preston,ENG,1507.47
2022-05-01,QPR,ENG,1489.74
2022-05-01,Reading,ENG,1436.08
2022-05-01,Sheffield United,ENG,1588.33
2022-05-01,Southampton,ENG,1706.04
2022-05-01,Stoke,ENG,1510.69
2022-05-01,Swansea,ENG,1526.84
2022-05-01,Tottenham,ENG,1842.69
2022-05-01,Watford,ENG,1609.69
2022-05-01,West Brom,ENG,1530.73
2022-05-01,West Ham,ENG,1810.74
2022-05-01,Wolves,ENG,1745.92
2022-05-15,Arsenal,ENG,1861.3
2022-05-15,Aston Villa,ENG,1749.29
2022-05-15,Barnsley,ENG,1377.11
2022-05-15,Birmingham,ENG,1408.64
2022-05-15,Blackburn,ENG,1511.99
2022-05-15,Blackpool,ENG,1458.0
2022-05-15,Bournemouth,ENG,1633.42
2022-05-15,Brentford,ENG,1718.08
2022-05-15,Brighton,ENG,1751.83
2022-05-15,Bristol City,ENG,1445.7
2022-05-15,Burnley,ENG,1695.22
2022-05-15,Cardiff,ENG,1469.5
2022-05-15,Chelsea,ENG,1905.3
2022-05-15,Coventry,ENG,1491.18
2022-05-15,Crystal Palace,ENG,1755.43
2022-05-15,Derby,ENG,1450.67
2022-05-15,Everton,ENG,1710.38
2022-05-15,Fulham,ENG,1639.06
2022-05-15,Huddersfield,ENG,1569.02
2022-05-15,Hull,ENG,1447.7
2022-05-15,Leeds,ENG,1696.19
2022-05-15,Leicester,ENG,1759.51
2022-05-15,Liverpool,ENG,2044.17
2022-05-15,Luton,ENG,1539.82
2022-05-15,Man City,ENG,2031.49
2022-05-15,Man United,ENG,1822.61
2022-05-15,Middlesbrough,ENG,1522.77
2022-05-15,Millwall,ENG,1535.86
2022-05-15,Newcastle,ENG,1737.79
2022-05-15,Norwich,ENG,1579.95
2022-05-15,Nottm Forest,ENG,1616.69
2022-05-15,Peterboro,ENG,1394.09
2022-05-15,Preston,ENG,1511.66
2022-05-15,QPR,ENG,1489.72
2022-05-15,Reading,ENG,1421.78
2022-05-15,Sheffield United,ENG,1587.53
2022-05-15,Southampton,ENG,1684.59
2022-05-15,Stoke,ENG,1499.27
2022-05-15,Swansea,ENG,1506.93
2022-05-15,Tottenham,ENG,1859.87
2022-05-15,Watford,ENG,1598.12
2022-05-15,West Brom,ENG,1528.82
2022-05-15,West Ham,ENG,1792.56
2022-05-15,Wolves,ENG,1735.53
2022-06-01,Arsenal,ENG,1851.46
2022-06-01,Aston Villa,ENG,1740.58
2022-06-01,Barnsley,ENG,1374.05
2022-06-01,Birmingham,ENG,1405.58
2022-06-01,Blackburn,ENG,1508.93
2022-06-01,Blackpool,ENG,1454.94
2022-06-01,Bournemouth,ENG,1630.37
2022-06-01,Brentford,ENG,1714.31
2022-06-01,Brighton,ENG,1760.1
2022-06-01,Bristol City,ENG,1442.64
2022-06-01,Burnley,ENG,1683.78
2022-06-01,Cardiff,ENG,1466.44
2022-06-01,Chelsea,ENG,1899.04
2022-06-01,Coventry,ENG,1488.12
2022-06-01,Crystal Palace,ENG,1753.9
2022-06-01,Derby,ENG,1447.61
2022-06-01,Everton,ENG,1698.98
2022-06-01,Fulham,ENG,1636.0
2022-06-01,Huddersfield,ENG,1563.64
2022-06-01,Hull,ENG,1444.64
2022-06-01,Leeds,ENG,1703.28
2022-06-01,Leicester,ENG,1779.34
2022-06-01,Liverpool,ENG,2035.03
2022-06-01,Luton,ENG,1530.52
2022-06-01,Man City,ENG,2025.13
2022-06-01,Man United,ENG,1810.7
2022-06-01,Middlesbrough,ENG,1519.71
2022-06-01,Millwall,ENG,1532.8
2022-06-01,Newcastle,ENG,1756.95
2022-06-01,Norwich,ENG,1575.63
2022-06-01,Nottm Forest,ENG,1612.12
2022-06-01,Peterboro,ENG,1391.03
2022-06-01,Preston,ENG,1508.6
2022-06-01,QPR,ENG,1486.66
2022-06-01,Reading,ENG,1418.72
2022-06-01,Sheffield United,ENG,1594.54
2022-06-01,Southampton,ENG,1671.66
2022-06-01,Stoke,ENG,1496.21
2022-06-01,Swansea,ENG,1503.87
2022-06-01,Tottenham,ENG,1866.62
2022-06-01,Watford,ENG,1583.43
2022-06-01,West Brom,ENG,1525.76
2022-06-01,West Ham,ENG,1782.93
2022-06-01,Wolves,ENG,1725.12
2022-06-15,Arsenal,ENG,1851.46
2022-06-15,Aston Villa,ENG,1740.58
2022-06-15,Barnsley,ENG,1374.05
2022-06-15,Birmingham,ENG,1405.58
2022-06-15,Blackburn,ENG,1508.93
2022-06-15,Blackpool,ENG,1454.94
2022-06-15,Bournemouth,ENG,1630.37
2022-06-15,Brentford,ENG,1714.31
2022-06-15,Brighton,ENG,1760.1
2022-06-15,Bristol City,ENG,1442.64
2022-06-15,Burnley,ENG,1683.78
2022-06-15,Cardiff,ENG,1466.44
2022-06-15,Chelsea,ENG,1899.04
2022-06-15,Coventry,ENG,1488.12
2022-06-15,Crystal Palace,ENG,1753.9
2022-06-15,Derby,ENG,1447.61
2022-06-15,Everton,ENG,1698.98
2022-06-15,Fulham,ENG,1636.0
2022-06-15,Huddersfield,ENG,1563.64
2022-06-15,Hull,ENG,1444.64
2022-06-15,Leeds,ENG,1703.28
2022-06-15,Leicester,ENG,1779.34
2022-06-15,Liverpool,ENG,2035.03
2022-06-15,Luton,ENG,1530.52
2022-06-15,Man City,ENG,2025.13
2022-06-15,Man United,ENG,1810.7
2022-06-15,Middlesbrough,ENG,1519.71
2022-06-15,Millwall,ENG,1532.8
2022-06-15,Newcastle,ENG,1756.95
2022-06-15,Norwich,ENG,1575.63
2022-06-15,Nottm Forest,ENG,1612.12
2022-06-15,Peterboro,ENG,1391.03
2022-06-15,Preston,ENG,1508.6
2022-06-15,QPR,ENG,1486.66
2022-06-15,Reading,ENG,1418.72
2022-06-15,Sheffield United,ENG,1594.54
2022-06-15,Southampton,ENG,1671.66
2022-06-15,Stoke,ENG,1496.21
2022-06-15,Swansea,ENG,1503.87
2022-06-15,Tottenham,ENG,1866.62
2022-06-15,Watford,ENG,1583.43
2022-06-15,West Brom,ENG,1525.76
2022-06-15,West Ham,ENG,1782.93
2022-06-15,Wolves,ENG,1725.12
2022-07-01,Arsenal,ENG,1851.46
2022-07-01,Aston Villa,ENG,1740.58
2022-07-01,Barnsley,ENG,1374.05
2022-07-01,Birmingham,ENG,1405.58
2022-07-01,Blackburn,ENG,1508.93
2022-07-01,Blackpool,ENG,1454.94
2022-07-01,Bournemouth,ENG,1630.37
2022-07-01,Brentford,ENG,1714.31
2022-07-01,Brighton,ENG,1760.1
2022-07-01,Bristol City,ENG,1442.64
2022-07-01,Burnley,ENG,1683.78
2022-07-01,Cardiff,ENG,1466.44
2022-07-01,Chelsea,ENG,1899.04
2022-07-01,Coventry,ENG,1488.12
2022-07-01,Crystal Palace,ENG,1753.9
2022-07-01,Derby,ENG,1447.61
2022-07-01,Everton,ENG,1698.98
2022-07-01,Fulham,ENG,1636.0
2022-07-01,Huddersfield,ENG,1563.64
2022-07-01,Hull,ENG,1444.64
2022-07-01,Leeds,ENG,1703.28
2022-07-01,Leicester,ENG,1779.34
2022-07-01,Liverpool,ENG,2035.03
2022-07-01,Luton,ENG,1530.52
2022-07-01,Man City,ENG,2025.13
2022-07-01,Man United,ENG,1810.7
2022-07-01,Middlesbrough,ENG,1519.71
2022-07-01,Millwall,ENG,1532.8
2022-07-01,Newcastle,ENG,1756.95
2022-07-01,Norwich,ENG,1575.63
2022-07-01,Nottm Forest,ENG,1612.12
2022-07-01,Peterboro,ENG,1391.03
2022-07-01,Preston,ENG,1508.6
2022-07-01,QPR,ENG,1486.66
2022-07-01,Reading,ENG,1418.72
2022-07-01,Rotherham,ENG,1418.36
2022-07-01,Sheffield United,ENG,1594.54
2022-07-01,Southampton,ENG,1671.66
2022-07-01,Stoke,ENG,1496.21
2022-07-01,Sunderland,ENG,1418.36
2022-07-01,Swansea,ENG,1503.87
2022-07-01,Tottenham,ENG,1866.62
2022-07-01,Watford,ENG,1583.43
2022-07-01,West Brom,ENG,1525.76
2022-07-01,West Ham,ENG,1782.93
2022-07-01,Wigan,ENG,1418.36
2022-07-01,Wolves,ENG,1725.12
2022-07-15,Arsenal,ENG,1851.46
2022-07-15,Aston Villa,ENG,1740.58
2022-07-15,Birmingham,ENG,1405.58
2022-07-15,Blackburn,ENG,1508.93
2022-07-15,Blackpool,ENG,1454.94
2022-07-15,Bournemouth,ENG,1630.37
2022-07-15,Brentford,ENG,1714.31
2022-07-15,Brighton,ENG,1760.1
2022-07-15,Bristol City,ENG,1442.64
2022-07-15,Burnley,ENG,1683.78
2022-07-15,Cardiff,ENG,1466.44
2022-07-15,Chelsea,ENG,1899.04
2022-07-15,Coventry,ENG,1488.12
2022-07-15,Crystal Palace,ENG,1753.9
2022-07-15,Everton,ENG,1698.98
2022-07-15,Fulham,ENG,1636.0
2022-07-15,Huddersfield,ENG,1563.64
2022-07-15,Hull,ENG,1444.64
2022-07-15,Leeds,ENG,1703.28
2022-07-15,Leicester,ENG,1779.34
2022-07-15,Liverpool,ENG,2035.03
2022-07-15,Luton,ENG,1530.52
2022-07-15,Man City,ENG,2025.13
2022-07-15,Man United,ENG,1810.7
2022-07-15,Middlesbrough,ENG,1519.71
2022-07-15,Millwall,ENG,1532.8
2022-07-15,Newcastle,ENG,1756.95
2022-07-15,Norwich,ENG,1575.63
2022-07-15,Nottm Forest,ENG,1612.12
2022-07-15,Preston,ENG,1508.6
2022-07-15,QPR,ENG,1486.66
2022-07-15,Reading,ENG,1418.72
2022-07-15,Rotherham,ENG,1418.36
2022-07-15,Sheffield United,ENG,1594.54
2022-07-15,Southampton,ENG,1671.66
2022-07-15,Stoke,ENG,1496.21
2022-07-15,Sunderland,ENG,1418.36
2022-07-15,Swansea,ENG,1503.87
2022-07-15,Tottenham,ENG,1866.62
2022-07-15,Watford,ENG,1583.43
2022-07-15,West Brom,ENG,1525.76
2022-07-15,West Ham,ENG,1782.93
2022-07-15,Wigan,ENG,1418.36
2022-07-15,Wolves,ENG,1725.12
2022-08-01,Arsenal,ENG,1851.46
2022-08-01,Aston Villa,ENG,1740.58
2022-08-01,Birmingham,ENG,1410.08
2022-08-01,Blackburn,ENG,1515.34
2022-08-01,Blackpool,ENG,1460.83
2022-08-01,Bournemouth,ENG,1630.37
2022-08-01,Brentford,ENG,1714.31
2022-08-01,Brighton,ENG,1760.1
2022-08-01,Bristol City,ENG,1435.84
2022-08-01,Burnley,ENG,1689.9
2022-08-01,Cardiff,ENG,1476.16
2022-08-01,Chelsea,ENG,1899.04
2022-08-01,Coventry,ENG,1487.43
2022-08-01,Crystal Palace,ENG,1753.9
2022-08-01,Everton,ENG,1698.98
2022-08-01,Fulham,ENG,1636.0
2022-08-01,Huddersfield,ENG,1557.51
2022-08-01,Hull,ENG,1451.44
2022-08-01,Leeds,ENG,1703.28
2022-08-01,Leicester,ENG,1779.34
2022-08-01,Liverpool,ENG,2035.03
2022-08-01,Luton,ENG,1526.03
2022-08-01,Man City,ENG,2025.13
2022-08-01,Man United,ENG,1810.7
2022-08-01,Middlesbrough,ENG,1518.64
2022-08-01,Millwall,ENG,1541.37
2022-08-01,Newcastle,ENG,1756.95
2022-08-01,Norwich,ENG,1565.91
2022-08-01,Nottm Forest,ENG,1612.12
2022-08-01,Preston,ENG,1507.26
2022-08-01,QPR,ENG,1480.26
2022-08-01,Reading,ENG,1412.83
2022-08-01,Rotherham,ENG,1419.57
2022-08-01,Sheffield United,ENG,1594.54
2022-08-01,Southampton,ENG,1671.66
2022-08-01,Stoke,ENG,1487.63
2022-08-01,Sunderland,ENG,1419.05
2022-08-01,Swansea,ENG,1502.66
2022-08-01,Tottenham,ENG,1866.62
2022-08-01,Watford,ENG,1583.43
2022-08-01,West Brom,ENG,1526.83
2022-08-01,West Ham,ENG,1782.93
2022-08-01,Wigan,ENG,1419.71
2022-08-01,Wolves,ENG,1725.12
2022-08-15,Arsenal,ENG,1867.69
2022-08-15,Aston Villa,ENG,1732.88
2022-08-15,Birmingham,ENG,1415.17
2022-08-15,Blackburn,ENG,1537.64
2022-08-15,Blackpool,ENG,1443.59
2022-08-15,Bournemouth,ENG,1642.1
2022-08-15,Brentford,ENG,1735.38
2022-08-15,Brighton,ENG,1769.16
2022-08-15,Bristol City,ENG,1427.6
2022-08-15,Burnley,ENG,1675.08
2022-08-15,Cardiff,ENG,1473.36
2022-08-15,Chelsea,ENG,1900.98
2022-08-15,Coventry,ENG,1481.75
2022-08-15,Crystal Palace,ENG,1744.34
2022-08-15,Everton,ENG,1688.76
2022-08-15,Fulham,ENG,1647.06
2022-08-15,Huddersfield,ENG,1554.74
2022-08-15,Hull,ENG,1463.95
2022-08-15,Leeds,ENG,1710.79
2022-08-15,Leicester,ENG,1769.5
2022-08-15,Liverpool,ENG,2027.36
2022-08-15,Luton,ENG,1521.35
2022-08-15,Man City,ENG,2032.0
2022-08-15,Man United,ENG,1782.1
2022-08-15,Middlesbrough,ENG,1511.68
2022-08-15,Millwall,ENG,1538.87
2022-08-15,Newcastle,ENG,1763.8
2022-08-15,Norwich,ENG,1551.22
2022-08-15,Nottm Forest,ENG,1618.16
2022-08-15,Preston,ENG,1514.49
2022-08-15,QPR,ENG,1487.84
2022-08-15,Reading,ENG,1407.76
2022-08-15,Rotherham,ENG,1433.02
2022-08-15,Sheffield United,ENG,1594.56
2022-08-15,Southampton,ENG,1666.77
2022-08-15,Stoke,ENG,1488.51
2022-08-15,Sunderland,ENG,1428.95
2022-08-15,Swansea,ENG,1495.53
2022-08-15,Tottenham,ENG,1873.76
2022-08-15,Watford,ENG,1599.58
2022-08-15,West Brom,ENG,1520.61
2022-08-15,West Ham,ENG,1766.68
2022-08-15,Wigan,ENG,1423.42
2022-08-15,Wolves,ENG,1714.36
2022-09-01,Arsenal,ENG,1880.84
2022-09-01,Aston Villa,ENG,1713.08
2022-09-01,Birmingham,ENG,1396.82
2022-09-01,Blackburn,ENG,1510.43
2022-09-01,Blackpool,ENG,1450.98
2022-09-01,Bournemouth,ENG,1633.62
2022-09-01,Brentford,ENG,1726.94
2022-09-01,Brighton,ENG,1778.41
2022-09-01,Bristol City,ENG,1466.35
2022-09-01,Burnley,ENG,1675.97
2022-09-01,Cardiff,ENG,1457.89
2022-09-01,Chelsea,ENG,1873.87
2022-09-01,Coventry,ENG,1466.64
2022-09-01,Crystal Palace,ENG,1756.2
2022-09-01,Everton,ENG,1691.31
2022-09-01,Fulham,ENG,1664.69
2022-09-01,Huddersfield,ENG,1533.88
2022-09-01,Hull,ENG,1459.83
2022-09-01,Leeds,ENG,1723.25
2022-09-01,Leicester,ENG,1754.66
2022-09-01,Liverpool,ENG,2013.16
2022-09-01,Luton,ENG,1531.17
2022-09-01,Man City,ENG,2031.74
2022-09-01,Man United,ENG,1801.75
2022-09-01,Middlesbrough,ENG,1505.36
2022-09-01,Millwall,ENG,1514.25
2022-09-01,Newcastle,ENG,1767.82
2022-09-01,Norwich,ENG,1578.66
2022-09-01,Nottm Forest,ENG,1615.51
2022-09-01,Preston,ENG,1521.39
2022-09-01,QPR,ENG,1496.55
2022-09-01,Reading,ENG,1440.09
2022-09-01,Rotherham,ENG,1436.11
2022-09-01,Sheffield United,ENG,1612.84
2022-09-01,Southampton,ENG,1684.94
2022-09-01,Stoke,ENG,1485.96
2022-09-01,Sunderland,ENG,1443.55
2022-09-01,Swansea,ENG,1478.89
2022-09-01,Tottenham,ENG,1880.94
2022-09-01,Watford,ENG,1588.39
2022-09-01,West Brom,ENG,1528.93
2022-09-01,West Ham,ENG,1766.68
2022-09-01,Wigan,ENG,1426.95
2022-09-01,Wolves,ENG,1711.24
2022-09-15,Arsenal,ENG,1859.54
2022-09-15,Aston Villa,ENG,1708.05
2022-09-15,Birmingham,ENG,1410.69
2022-09-15,Blackburn,ENG,1500.89
2022-09-15,Blackpool,ENG,1438.72
2022-09-15,Bournemouth,ENG,1631.37
2022-09-15,Brentford,ENG,1726.69
2022-09-15,Brighton,ENG,1776.98
2022-09-15,Bristol City,ENG,1461.52
2022-09-15,Burnley,ENG,1659.03
2022-09-15,Cardiff,ENG,1449.98
2022-09-15,Chelsea,ENG,1850.75
2022-09-15,Coventry,ENG,1451.44
2022-09-15,Crystal Palace,ENG,1746.72
2022-09-15,Everton,ENG,1686.33
2022-09-15,Fulham,ENG,1650.92
2022-09-15,Huddersfield,ENG,1499.04
2022-09-15,Hull,ENG,1424.77
2022-09-15,Leeds,ENG,1700.67
2022-09-15,Leicester,ENG,1724.98
2022-09-15,Liverpool,ENG,1980.06
2022-09-15,Luton,ENG,1504.4
2022-09-15,Man City,ENG,2023.86
2022-09-15,Man United,ENG,1799.27
2022-09-15,Middlesbrough,ENG,1488.01
2022-09-15,Millwall,ENG,1495.75
2022-09-15,Newcastle,ENG,1754.47
2022-09-15,Norwich,ENG,1578.27
2022-09-15,Nottm Forest,ENG,1594.93
2022-09-15,Preston,ENG,1500.23
2022-09-15,QPR,ENG,1492.84
2022-09-15,Reading,ENG,1419.81
2022-09-15,Rotherham,ENG,1439.93
2022-09-15,Sheffield United,ENG,1615.55
2022-09-15,Southampton,ENG,1667.58
2022-09-15,Stoke,ENG,1482.38
2022-09-15,Sunderland,ENG,1443.62
2022-09-15,Swansea,ENG,1468.35
2022-09-15,Tottenham,ENG,1863.82
2022-09-15,Watford,ENG,1561.79
2022-09-15,West Brom,ENG,1507.5
2022-09-15,West Ham,ENG,1753.22
2022-09-15,Wigan,ENG,1439.41
2022-09-15,Wolves,ENG,1705.76
2022-10-01,Arsenal,ENG,1871.76
2022-10-01,Aston Villa,ENG,1715.67
2022-10-01,Birmingham,ENG,1412.39
2022-10-01,Blackburn,ENG,1493.56
2022-10-01,Blackpool,ENG,1435.42
2022-10-01,Bournemouth,ENG,1638.14
2022-10-01,Brentford,ENG,1718.62
2022-10-01,Brighton,ENG,1779.06
2022-10-01,Bristol City,ENG,1460.92
2022-10-01,Burnley,ENG,1663.78
2022-10-01,Cardiff,ENG,1446.55
2022-10-01,Chelsea,ENG,1852.83
2022-10-01,Coventry,ENG,1453.89
2022-10-01,Crystal Palace,ENG,1748.79
2022-10-01,Everton,ENG,1696.84
2022-10-01,Fulham,ENG,1661.1
2022-10-01,Huddersfield,ENG,1506.62
2022-10-01,Hull,ENG,1407.29
2022-10-01,Leeds,ENG,1702.75
2022-10-01,Leicester,ENG,1720.06
2022-10-01,Liverpool,ENG,1982.14
2022-10-01,Luton,ENG,1525.75
2022-10-01,Man City,ENG,2030.33
2022-10-01,Man United,ENG,1805.44
2022-10-01,Middlesbrough,ENG,1487.23
2022-10-01,Millwall,ENG,1503.2
2022-10-01,Newcastle,ENG,1751.85
2022-10-01,Norwich,ENG,1576.91
2022-10-01,Nottm Forest,ENG,1588.9
2022-10-01,Preston,ENG,1492.87
2022-10-01,QPR,ENG,1493.09
2022-10-01,Reading,ENG,1431.7
2022-10-01,Rotherham,ENG,1444.85
2022-10-01,Sheffield United,ENG,1627.06
2022-10-01,Southampton,ENG,1664.11
2022-10-01,Stoke,ENG,1486.29
2022-10-01,Sunderland,ENG,1450.28
2022-10-01,Swansea,ENG,1480.11
2022-10-01,Tottenham,ENG,1872.88
2022-10-01,Watford,ENG,1559.28
2022-10-01,West Brom,ENG,1513.02
2022-10-01,West Ham,ENG,1749.47
2022-10-01,Wigan,ENG,1431.67
2022-10-01,Wolves,ENG,1703.45
2022-10-15,Arsenal,ENG,1907.52
2022-10-15,Aston Villa,ENG,1727.12
2022-10-15,Birmingham,ENG,1439.43
2022-10-15,Blackburn,ENG,1505.69
2022-10-15,Blackpool,ENG,1458.85
2022-10-15,Bournemouth,ENG,1660.5
2022-10-15,Brentford,ENG,1731.23
2022-10-15,Brighton,ENG,1778.58
2022-10-15,Bristol City,ENG,1459.07
2022-10-15,Burnley,ENG,1670.69
2022-10-15,Cardiff,ENG,1484.34
2022-10-15,Chelsea,ENG,1900.36
2022-10-15,Coventry,ENG,1470.52
2022-10-15,Crystal Palace,ENG,1760.18
2022-10-15,Everton,ENG,1711.14
2022-10-15,Fulham,ENG,1655.8
2022-10-15,Huddersfield,ENG,1516.14
2022-10-15,Hull,ENG,1421.02
2022-10-15,Leeds,ENG,1708.7
2022-10-15,Leicester,ENG,1731.24
2022-10-15,Liverpool,ENG,1988.67
2022-10-15,Luton,ENG,1536.71
2022-10-15,Man City,ENG,2041.55
2022-10-15,Man United,ENG,1823.84
2022-10-15,Middlesbrough,ENG,1488.33
2022-10-15,Millwall,ENG,1517.71
2022-10-15,Newcastle,ENG,1787.82
2022-10-15,Norwich,ENG,1581.22
2022-10-15,Nottm Forest,ENG,1596.23
2022-10-15,Preston,ENG,1515.94
2022-10-15,QPR,ENG,1531.67
2022-10-15,Reading,ENG,1453.79
2022-10-15,Rotherham,ENG,1434.88
2022-10-15,Sheffield United,ENG,1606.17
2022-10-15,Southampton,ENG,1666.26
2022-10-15,Stoke,ENG,1504.29
2022-10-15,Sunderland,ENG,1455.15
2022-10-15,Swansea,ENG,1519.88
2022-10-15,Tottenham,ENG,1885.38
2022-10-15,Watford,ENG,1561.09
2022-10-15,West Brom,ENG,1507.57
2022-10-15,West Ham,ENG,1782.74
2022-10-15,Wigan,ENG,1446.16
2022-10-15,Wolves,ENG,1702.53
2022-11-01,Arsenal,ENG,1896.91
2022-11-01,Aston Villa,ENG,1709.82
2022-11-01,Birmingham,ENG,1462.91
2022-11-01,Blackburn,ENG,1533.8
2022-11-01,Blackpool,ENG,1469.87
2022-11-01,Bournemouth,ENG,1641.99
2022-11-01,Brentford,ENG,1716.26
2022-11-01,Brighton,ENG,1786.37
2022-11-01,Bristol City,ENG,1455.62
2022-11-01,Burnley,ENG,1683.85
2022-11-01,Cardiff,ENG,1462.44
2022-11-01,Chelsea,ENG,1887.5
2022-11-01,Coventry,ENG,1489.05
2022-11-01,Crystal Palace,ENG,1755.79
2022-11-01,Everton,ENG,1716.06
2022-11-01,Fulham,ENG,1676.82
2022-11-01,Huddersfield,ENG,1505.83
2022-11-01,Hull,ENG,1429.84
2022-11-01,Leeds,ENG,1700.49
2022-11-01,Leicester,ENG,1751.65
2022-11-01,Liverpool,ENG,1976.0
2022-11-01,Luton,ENG,1537.47
2022-11-01,Man City,ENG,2033.52
2022-11-01,Man United,ENG,1842.47
2022-11-01,Middlesbrough,ENG,1484.79
2022-11-01,Millwall,ENG,1536.29
2022-11-01,Newcastle,ENG,1814.74
2022-11-01,Norwich,ENG,1568.06
2022-11-01,Nottm Forest,ENG,1608.63
2022-11-01,Preston,ENG,1505.04
2022-11-01,QPR,ENG,1522.68
2022-11-01,Reading,ENG,1443.93
2022-11-01,Rotherham,ENG,1436.39
2022-11-01,Sheffield United,ENG,1597.89
2022-11-01,Southampton,ENG,1675.83
2022-11-01,Stoke,ENG,1484.68
2022-11-01,Sunderland,ENG,1450.96
2022-11-01,Swansea,ENG,1524.03
2022-11-01,Tottenham,ENG,1864.38
2022-11-01,Watford,ENG,1572.35
2022-11-01,West Brom,ENG,1486.23
2022-11-01,West Ham,ENG,1778.96
2022-11-01,Wigan,ENG,1413.88
2022-11-01,Wolves,ENG,1685.47
2022-11-15,Arsenal,ENG,1920.6
2022-11-15,Aston Villa,ENG,1743.85
2022-11-15,Birmingham,ENG,1471.87
2022-11-15,Blackburn,ENG,1533.63
2022-11-15,Blackpool,ENG,1441.84
2022-11-15,Bournemouth,ENG,1659.95
2022-11-15,Brentford,ENG,1738.86
2022-11-15,Brighton,ENG,1790.72
2022-11-15,Bristol City,ENG,1463.02
2022-11-15,Burnley,ENG,1685.47
2022-11-15,Cardiff,ENG,1457.52
2022-11-15,Chelsea,ENG,1880.5
2022-11-15,Coventry,ENG,1532.47
2022-11-15,Crystal Palace,ENG,1763.27
2022-11-15,Everton,ENG,1697.44
2022-11-15,Fulham,ENG,1678.96
2022-11-15,Huddersfield,ENG,1502.03
2022-11-15,Hull,ENG,1432.35
2022-11-15,Leeds,ENG,1710.7
2022-11-15,Leicester,ENG,1785.4
2022-11-15,Liverpool,ENG,1999.23
2022-11-15,Luton,ENG,1533.94
2022-11-15,Man City,ENG,2029.2
2022-11-15,Man United,ENG,1848.86
2022-11-15,Middlesbrough,ENG,1527.77
2022-11-15,Millwall,ENG,1552.71
2022-11-15,Newcastle,ENG,1841.32
2022-11-15,Norwich,ENG,1568.55
2022-11-15,Nottm Forest,ENG,1629.33
2022-11-15,Preston,ENG,1515.26
2022-11-15,QPR,ENG,1504.04
2022-11-15,Reading,ENG,1452.21
2022-11-15,Rotherham,ENG,1454.06
2022-11-15,Sheffield United,ENG,1619.16
2022-11-15,Southampton,ENG,1672.2
2022-11-15,Stoke,ENG,1492.86
2022-11-15,Sunderland,ENG,1474.88
2022-11-15,Swansea,ENG,1522.08
2022-11-15,Tottenham,ENG,1875.4
2022-11-15,Watford,ENG,1579.13
2022-11-15,West Brom,ENG,1520.48
2022-11-15,West Ham,ENG,1767.14
2022-11-15,Wigan,ENG,1420.3
2022-11-15,Wolves,ENG,1681.09
2022-12-01,Arsenal,ENG,1920.6
2022-12-01,Aston Villa,ENG,1743.85
2022-12-01,Birmingham,ENG,1471.87
2022-12-01,Blackburn,ENG,1533.63
2022-12-01,Blackpool,ENG,1441.84
2022-12-01,Bournemouth,ENG,1659.95
2022-12-01,Brentford,ENG,1738.86
2022-12-01,Brighton,ENG,1790.72
2022-12-01,Bristol City,ENG,1463.02
2022-12-01,Burnley,ENG,1685.47
2022-12-01,Cardiff,ENG,1457.52
2022-12-01,Chelsea,ENG,1880.5
2022-12-01,Coventry,ENG,1532.47
2022-12-01,Crystal Palace,ENG,1763.27
2022-12-01,Everton,ENG,1697.44
2022-12-01,Fulham,ENG,1678.96
2022-12-01,Huddersfield,ENG,1502.03
2022-12-01,Hull,ENG,1432.35
2022-12-01,Leeds,ENG,1710.7
2022-12-01,Leicester,ENG,1785.4
2022-12-01,Liverpool,ENG,1999.23
2022-12-01,Luton,ENG,1533.94
2022-12-01,Man City,ENG,2029.2
2022-12-01,Man United,ENG,1848.86
2022-12-01,Middlesbrough,ENG,1527.77
2022-12-01,Millwall,ENG,1552.71
2022-12-01,Newcastle,ENG,1841.32
2022-12-01,Norwich,ENG,1568.55
2022-12-01,Nottm Forest,ENG,1629.33
2022-12-01,Preston,ENG,1515.26
2022-12-01,QPR,ENG,1504.04
2022-12-01,Reading,ENG,1452.21
2022-12-01,Rotherham,ENG,1454.06
2022-12-01,Sheffield United,ENG,1619.16
2022-12-01,Southampton,ENG,1672.2
2022-12-01,Stoke,ENG,1492.86
2022-12-01,Sunderland,ENG,1474.88
2022-12-01,Swansea,ENG,1522.08
2022-12-01,Tottenham,ENG,1875.4
2022-12-01,Watford,ENG,1579.13
2022-12-01,West Brom,ENG,1520.48
2022-12-01,West Ham,ENG,1767.14
2022-12-01,Wigan,ENG,1420.3
2022-12-01,Wolves,ENG,1681.09
2022-12-15,Arsenal,ENG,1920.6
2022-12-15,Aston Villa,ENG,1743.85
2022-12-15,Birmingham,ENG,1472.4
2022-12-15,Blackburn,ENG,1516.58
2022-12-15,Blackpool,ENG,1441.31
2022-12-15,Bournemouth,ENG,1659.95
2022-12-15,Brentford,ENG,1738.86
2022-12-15,Brighton,ENG,1790.72
2022-12-15,Bristol City,ENG,1475.8
2022-12-15,Burnley,ENG,1693.67
2022-12-15,Cardiff,ENG,1459.89
2022-12-15,Chelsea,ENG,1880.5
2022-12-15,Coventry,ENG,1523.58
2022-12-15,Crystal Palace,ENG,1763.27
2022-12-15,Everton,ENG,1697.44
2022-12-15,Fulham,ENG,1678.96
2022-12-15,Huddersfield,ENG,1497.82
2022-12-15,Hull,ENG,1437.41
2022-12-15,Leeds,ENG,1710.7
2022-12-15,Leicester,ENG,1785.4
2022-12-15,Liverpool,ENG,1999.23
2022-12-15,Luton,ENG,1526.95
2022-12-15,Man City,ENG,2029.2
2022-12-15,Man United,ENG,1848.86
2022-12-15,Middlesbrough,ENG,1534.77
2022-12-15,Millwall,ENG,1532.77
2022-12-15,Newcastle,ENG,1841.32
2022-12-15,Norwich,ENG,1576.74
2022-12-15,Nottm Forest,ENG,1629.33
2022-12-15,Preston,ENG,1532.32
2022-12-15,QPR,ENG,1495.83
2022-12-15,Reading,ENG,1461.1
2022-12-15,Rotherham,ENG,1441.29
2022-12-15,Sheffield United,ENG,1623.36
2022-12-15,Southampton,ENG,1672.2
2022-12-15,Stoke,ENG,1490.49
2022-12-15,Sunderland,ENG,1481.79
2022-12-15,Swansea,ENG,1513.89
2022-12-15,Tottenham,ENG,1875.4
2022-12-15,Watford,ENG,1574.08
2022-12-15,West Brom,ENG,1529.09
2022-12-15,West Ham,ENG,1767.14
2022-12-15,Wigan,ENG,1424.73
2022-12-15,Wolves,ENG,1681.09
2023-01-01,Arsenal,ENG,1933.81
2023-01-01,Aston Villa,ENG,1739.26
2023-01-01,Birmingham,ENG,1464.44
2023-01-01,Blackburn,ENG,1514.95
2023-01-01,Blackpool,ENG,1439.75
2023-01-01,Bournemouth,ENG,1646.68
2023-01-01,Brentford,ENG,1754.92
2023-01-01,Brighton,ENG,1791.14
2023-01-01,Bristol City,ENG,1459.9
2023-01-01,Burnley,ENG,1707.17
2023-01-01,Cardiff,ENG,1461.14
2023-01-01,Chelsea,ENG,1884.17
2023-01-01,Coventry,ENG,1519.85
2023-01-01,Crystal Palace,ENG,1753.38
2023-01-01,Everton,ENG,1695.72
2023-01-01,Fulham,ENG,1704.49
2023-01-01,Huddersfield,ENG,1505.25
2023-01-01,Hull,ENG,1446.3
2023-01-01,Leeds,ENG,1712.42
2023-01-01,Leicester,ENG,1769.74
2023-01-01,Liverpool,ENG,2006.19
2023-01-01,Luton,ENG,1549.67
2023-01-01,Man City,ENG,2024.33
2023-01-01,Man United,ENG,1858.39
2023-01-01,Middlesbrough,ENG,1546.3
2023-01-01,Millwall,ENG,1544.18
2023-01-01,Newcastle,ENG,1849.75
2023-01-01,Norwich,ENG,1549.81
2023-01-01,Nottm Forest,ENG,1624.77
2023-01-01,Preston,ENG,1502.98
2023-01-01,QPR,ENG,1491.09
2023-01-01,Reading,ENG,1466.54
2023-01-01,Rotherham,ENG,1425.79
2023-01-01,Sheffield United,ENG,1638.77
2023-01-01,Southampton,ENG,1657.57
2023-01-01,Stoke,ENG,1494.53
2023-01-01,Sunderland,ENG,1502.43
2023-01-01,Swansea,ENG,1524.37
2023-01-01,Tottenham,ENG,1872.78
2023-01-01,Watford,ENG,1552.1
2023-01-01,West Brom,ENG,1549.84
2023-01-01,West Ham,ENG,1748.67
2023-01-01,Wigan,ENG,1400.47
2023-01-01,Wolves,ENG,1685.84
2023-01-15,Arsenal,ENG,1930.57
2023-01-15,Aston Villa,ENG,1759.75
2023-01-15,Birmingham,ENG,1444.81
2023-01-15,Blackburn,ENG,1500.88
2023-01-15,Blackpool,ENG,1434.26
2023-01-15,Bournemouth,ENG,1636.04
2023-01-15,Brentford,ENG,1779.65
2023-01-15,Brighton,ENG,1823.11
2023-01-15,Bristol City,ENG,1472.51
2023-01-15,Burnley,ENG,1714.71
2023-01-15,Cardiff,ENG,1452.51
2023-01-15,Chelsea,ENG,1862.17
2023-01-15,Coventry,ENG,1514.06
2023-01-15,Crystal Palace,ENG,1741.03
2023-01-15,Everton,ENG,1674.79
2023-01-15,Fulham,ENG,1726.15
2023-01-15,Huddersfield,ENG,1497.09
2023-01-15,Hull,ENG,1460.05
2023-01-15,Leeds,ENG,1706.46
2023-01-15,Leicester,ENG,1744.72
2023-01-15,Liverpool,ENG,1966.57
2023-01-15,Luton,ENG,1548.56
2023-01-15,Man City,ENG,2018.16
2023-01-15,Man United,ENG,1874.46
2023-01-15,Middlesbrough,ENG,1563.2
2023-01-15,Millwall,ENG,1544.62
2023-01-15,Newcastle,ENG,1853.0
2023-01-15,Norwich,ENG,1557.43
2023-01-15,Nottm Forest,ENG,1654.59
2023-01-15,Preston,ENG,1495.25
2023-01-15,QPR,ENG,1494.17
2023-01-15,Reading,ENG,1461.41
2023-01-15,Rotherham,ENG,1438.06
2023-01-15,Sheffield United,ENG,1641.14
2023-01-15,Southampton,ENG,1657.72
2023-01-15,Stoke,ENG,1480.15
2023-01-15,Sunderland,ENG,1489.71
2023-01-15,Swansea,ENG,1531.88
2023-01-15,Tottenham,ENG,1867.87
2023-01-15,Watford,ENG,1567.37
2023-01-15,West Brom,ENG,1564.12
2023-01-15,West Ham,ENG,1739.55
2023-01-15,Wigan,ENG,1389.7
2023-01-15,Wolves,ENG,1697.68
2023-02-01,Arsenal,ENG,1946.27
2023-02-01,Aston Villa,ENG,1766.03
2023-02-01,Birmingham,ENG,1437.01
2023-02-01,Blackburn,ENG,1501.11
2023-02-01,Blackpool,ENG,1434.26
2023-02-01,Bournemouth,ENG,1635.53
2023-02-01,Brentford,ENG,1778.54
2023-02-01,Brighton,ENG,1821.91
2023-02-01,Bristol City,ENG,1472.28
2023-02-01,Burnley,ENG,1718.49
2023-02-01,Cardiff,ENG,1441.19
2023-02-01,Chelsea,ENG,1870.25
2023-02-01,Coventry,ENG,1512.74
2023-02-01,Crystal Palace,ENG,1741.85
2023-02-01,Everton,ENG,1666.92
2023-02-01,Fulham,ENG,1716.52
2023-02-01,Huddersfield,ENG,1487.13
2023-02-01,Hull,ENG,1470.92
2023-02-01,Leeds,ENG,1707.56
2023-02-01,Leicester,ENG,1745.92
2023-02-01,Liverpool,ENG,1962.84
2023-02-01,Luton,ENG,1560.1
2023-02-01,Man City,ENG,2025.65
2023-02-01,Man United,ENG,1866.17
2023-02-01,Middlesbrough,ENG,1560.86
2023-02-01,Millwall,ENG,1551.39
2023-02-01,Newcastle,ENG,1854.86
2023-02-01,Norwich,ENG,1568.72
2023-02-01,Nottm Forest,ENG,1655.1
2023-02-01,Preston,ENG,1503.04
2023-02-01,QPR,ENG,1480.09
2023-02-01,Reading,ENG,1448.23
2023-02-01,Rotherham,ENG,1442.5
2023-02-01,Sheffield United,ENG,1644.39
2023-02-01,Southampton,ENG,1651.44
2023-02-01,Stoke,ENG,1493.33
2023-02-01,Sunderland,ENG,1502.54
2023-02-01,Swansea,ENG,1531.84
2023-02-01,Tottenham,ENG,1858.2
2023-02-01,Watford,ENG,1552.43
2023-02-01,West Brom,ENG,1560.34
2023-02-01,West Ham,ENG,1747.41
2023-02-01,Wigan,ENG,1382.71
2023-02-01,Wolves,ENG,1695.05
2023-02-15,Arsenal,ENG,1926.04
2023-02-15,Aston Villa,ENG,1748.55
2023-02-15,Birmingham,ENG,1446.99
2023-02-15,Blackburn,ENG,1498.15
2023-02-15,Blackpool,ENG,1425.6
2023-02-15,Bournemouth,ENG,1635.76
2023-02-15,Brentford,ENG,1789.18
2023-02-15,Brighton,ENG,1822.36
2023-02-15,Bristol City,ENG,1489.62
2023-02-15,Burnley,ENG,1724.69
2023-02-15,Cardiff,ENG,1439.68
2023-02-15,Chelsea,ENG,1861.85
2023-02-15,Coventry,ENG,1514.26
2023-02-15,Crystal Palace,ENG,1737.58
2023-02-15,Everton,ENG,1676.56
2023-02-15,Fulham,ENG,1728.06
2023-02-15,Huddersfield,ENG,1474.43
2023-02-15,Hull,ENG,1470.07
2023-02-15,Leeds,ENG,1696.18
2023-02-15,Leicester,ENG,1774.42
2023-02-15,Liverpool,ENG,1940.34
2023-02-15,Luton,ENG,1563.73
2023-02-15,Man City,ENG,2016.03
2023-02-15,Man United,ENG,1870.71
2023-02-15,Middlesbrough,ENG,1574.83
2023-02-15,Millwall,ENG,1546.81
2023-02-15,Newcastle,ENG,1844.86
2023-02-15,Norwich,ENG,1556.65
2023-02-15,Nottm Forest,ENG,1654.25
2023-02-15,Preston,ENG,1487.78
2023-02-15,QPR,ENG,1457.93
2023-02-15,Reading,ENG,1450.13
2023-02-15,Rotherham,ENG,1439.3
2023-02-15,Sheffield United,ENG,1645.89
2023-02-15,Southampton,ENG,1635.75
2023-02-15,Stoke,ENG,1485.02
2023-02-15,Sunderland,ENG,1523.75
2023-02-15,Swansea,ENG,1511.8
2023-02-15,Tottenham,ENG,1847.08
2023-02-15,Watford,ENG,1552.3
2023-02-15,West Brom,ENG,1550.63
2023-02-15,West Ham,ENG,1752.06
2023-02-15,Wigan,ENG,1395.23
2023-02-15,Wolves,ENG,1725.1
2023-03-01,Arsenal,ENG,1926.27
2023-03-01,Aston Villa,ENG,1750.49
2023-03-01,Birmingham,ENG,1426.26
2023-03-01,Blackburn,ENG,1522.09
2023-03-01,Blackpool,ENG,1413.38
2023-03-01,Bournemouth,ENG,1642.21
2023-03-01,Brentford,ENG,1784.35
2023-03-01,Brighton,ENG,1808.56
2023-03-01,Bristol City,ENG,1492.4
2023-03-01,Burnley,ENG,1728.33
2023-03-01,Cardiff,ENG,1438.6
2023-03-01,Chelsea,ENG,1831.93
2023-03-01,Coventry,ENG,1529.4
2023-03-01,Crystal Palace,ENG,1742.18
2023-03-01,Everton,ENG,1670.75
2023-03-01,Fulham,ENG,1735.54
2023-03-01,Huddersfield,ENG,1462.95
2023-03-01,Hull,ENG,1460.78
2023-03-01,Leeds,ENG,1692.51
2023-03-01,Leicester,ENG,1759.36
2023-03-01,Liverpool,ENG,1929.21
2023-03-01,Luton,ENG,1560.28
2023-03-01,Man City,ENG,2019.35
2023-03-01,Man United,ENG,1887.84
2023-03-01,Middlesbrough,ENG,1582.09
2023-03-01,Millwall,ENG,1566.61
2023-03-01,Newcastle,ENG,1833.16
2023-03-01,Norwich,ENG,1563.53
2023-03-01,Nottm Forest,ENG,1649.34
2023-03-01,Preston,ENG,1491.88
2023-03-01,QPR,ENG,1439.31
2023-03-01,Reading,ENG,1449.79
2023-03-01,Rotherham,ENG,1439.07
2023-03-01,Sheffield United,ENG,1624.2
2023-03-01,Southampton,ENG,1642.03
2023-03-01,Stoke,ENG,1491.34
2023-03-01,Sunderland,ENG,1503.29
2023-03-01,Swansea,ENG,1490.58
2023-03-01,Tottenham,ENG,1860.91
2023-03-01,Watford,ENG,1551.6
2023-03-01,West Brom,ENG,1550.64
2023-03-01,West Ham,ENG,1753.39
2023-03-01,Wigan,ENG,1395.11
2023-03-01,Wolves,ENG,1713.34
2023-03-15,Arsenal,ENG,1948.01
2023-03-15,Aston Villa,ENG,1766.34
2023-03-15,Birmingham,ENG,1437.46
2023-03-15,Blackburn,ENG,1532.3
2023-03-15,Blackpool,ENG,1436.81
2023-03-15,Bournemouth,ENG,1662.39
2023-03-15,Brentford,ENG,1787.93
2023-03-15,Brighton,ENG,1825.34
2023-03-15,Bristol City,ENG,1496.62
2023-03-15,Burnley,ENG,1732.11
2023-03-15,Cardiff,ENG,1450.15
2023-03-15,Chelsea,ENG,1867.66
2023-03-15,Coventry,ENG,1546.65
2023-03-15,Crystal Palace,ENG,1740.55
2023-03-15,Everton,ENG,1685.34
2023-03-15,Fulham,ENG,1730.36
2023-03-15,Huddersfield,ENG,1450.29
2023-03-15,Hull,ENG,1485.33
2023-03-15,Leeds,ENG,1698.91
2023-03-15,Leicester,ENG,1747.95
2023-03-15,Liverpool,ENG,1941.56
2023-03-15,Luton,ENG,1584.47
2023-03-15,Man City,ENG,2043.75
2023-03-15,Man United,ENG,1881.81
2023-03-15,Middlesbrough,ENG,1604.06
2023-03-15,Millwall,ENG,1575.97
2023-03-15,Newcastle,ENG,1841.24
2023-03-15,Norwich,ENG,1569.14
2023-03-15,Nottm Forest,ENG,1652.36
2023-03-15,Preston,ENG,1518.9
2023-03-15,QPR,ENG,1431.03
2023-03-15,Reading,ENG,1438.03
2023-03-15,Rotherham,ENG,1438.46
2023-03-15,Sheffield United,ENG,1616.55
2023-03-15,Southampton,ENG,1666.37
2023-03-15,Stoke,ENG,1529.59
2023-03-15,Sunderland,ENG,1503.81
2023-03-15,Swansea,ENG,1479.41
2023-03-15,Tottenham,ENG,1854.12
2023-03-15,Watford,ENG,1554.25
2023-03-15,West Brom,ENG,1553.57
2023-03-15,West Ham,ENG,1751.38
2023-03-15,Wigan,ENG,1399.45
2023-03-15,Wolves,ENG,1724.16
2023-04-01,Arsenal,ENG,1942.0
2023-04-01,Aston Villa,ENG,1771.43
2023-04-01,Birmingham,ENG,1444.53
2023-04-01,Blackburn,ENG,1534.48
2023-04-01,Blackpool,ENG,1422.98
2023-04-01,Bournemouth,ENG,1652.87
2023-04-01,Brentford,ENG,1791.74
2023-04-01,Brighton,ENG,1827.83
2023-04-01,Bristol City,ENG,1480.0
2023-04-01,Burnley,ENG,1728.29
2023-04-01,Cardiff,ENG,1449.29
2023-04-01,Chelsea,ENG,1859.51
2023-04-01,Coventry,ENG,1556.06
2023-04-01,Crystal Palace,ENG,1729.0
2023-04-01,Everton,ENG,1689.08
2023-04-01,Fulham,ENG,1728.15
2023-04-01,Huddersfield,ENG,1462.59
2023-04-01,Hull,ENG,1478.12
2023-04-01,Leeds,ENG,1711.11
2023-04-01,Leicester,ENG,1748.66
2023-04-01,Liverpool,ENG,1933.89
2023-04-01,Luton,ENG,1585.79
2023-04-01,Man City,ENG,2041.54
2023-04-01,Man United,ENG,1883.71
2023-04-01,Middlesbrough,ENG,1611.17
2023-04-01,Millwall,ENG,1561.03
2023-04-01,Newcastle,ENG,1843.9
2023-04-01,Norwich,ENG,1565.66
2023-04-01,Nottm Forest,ENG,1645.28
2023-04-01,Preston,ENG,1507.37
2023-04-01,QPR,ENG,1419.53
2023-04-01,Reading,ENG,1431.16
2023-04-01,Rotherham,ENG,1436.25
2023-04-01,Sheffield United,ENG,1620.98
2023-04-01,Southampton,ENG,1659.07
2023-04-01,Stoke,ENG,1526.86
2023-04-01,Sunderland,ENG,1502.87
2023-04-01,Swansea,ENG,1487.03
2023-04-01,Tottenham,ENG,1848.05
2023-04-01,Watford,ENG,1546.63
2023-04-01,West Brom,ENG,1550.0
2023-04-01,West Ham,ENG,1751.75
2023-04-01,Wigan,ENG,1402.65
2023-04-01,Wolves,ENG,1707.54
2023-04-15,Arsenal,ENG,1946.85
2023-04-15,Aston Villa,ENG,1801.51
2023-04-15,Birmingham,ENG,1455.72
2023-04-15,Blackburn,ENG,1513.82
2023-04-15,Blackpool,ENG,1399.59
2023-04-15,Bournemouth,ENG,1665.28
2023-04-15,Brentford,ENG,1782.33
2023-04-15,Brighton,ENG,1826.65
2023-04-15,Bristol City,ENG,1490.01
2023-04-15,Burnley,ENG,1740.74
2023-04-15,Cardiff,ENG,1445.33
2023-04-15,Chelsea,ENG,1827.19
2023-04-15,Coventry,ENG,1534.56
2023-04-15,Crystal Palace,ENG,1754.0
2023-04-15,Everton,ENG,1687.98
2023-04-15,Fulham,ENG,1710.9
2023-04-15,Huddersfield,ENG,1488.14
2023-04-15,Hull,ENG,1487.08
2023-04-15,Leeds,ENG,1694.97
2023-04-15,Leicester,ENG,1722.06
2023-04-15,Liverpool,ENG,1925.26
2023-04-15,Luton,ENG,1598.95
2023-04-15,Man City,ENG,2060.53
2023-04-15,Man United,ENG,1878.95
2023-04-15,Middlesbrough,ENG,1601.32
2023-04-15,Millwall,ENG,1552.6
2023-04-15,Newcastle,ENG,1876.32
2023-04-15,Norwich,ENG,1553.29
2023-04-15,Nottm Forest,ENG,1635.67
2023-04-15,Preston,ENG,1528.67
2023-04-15,QPR,ENG,1407.6
2023-04-15,Reading,ENG,1428.5
2023-04-15,Rotherham,ENG,1457.15
2023-04-15,Sheffield United,ENG,1625.38
2023-04-15,Southampton,ENG,1652.03
2023-04-15,Stoke,ENG,1535.33
2023-04-15,Sunderland,ENG,1508.95
2023-04-15,Swansea,ENG,1505.33
2023-04-15,Tottenham,ENG,1851.72
2023-04-15,Watford,ENG,1529.01
2023-04-15,West Brom,ENG,1530.54
2023-04-15,West Ham,ENG,1751.62
2023-04-15,Wigan,ENG,1397.56
2023-04-15,Wolves,ENG,1717.96
2023-05-01,Arsenal,ENG,1921.98
2023-05-01,Aston Villa,ENG,1808.92
2023-05-01,Birmingham,ENG,1438.35
2023-05-01,Blackburn,ENG,1501.51
2023-05-01,Blackpool,ENG,1396.45
2023-05-01,Bournemouth,ENG,1679.01
2023-05-01,Brentford,ENG,1782.07
2023-05-01,Brighton,ENG,1824.47
2023-05-01,Bristol City,ENG,1474.06
2023-05-01,Burnley,ENG,1713.95
2023-05-01,Cardiff,ENG,1450.69
2023-05-01,Chelsea,ENG,1789.99
2023-05-01,Coventry,ENG,1549.53
2023-05-01,Crystal Palace,ENG,1749.28
2023-05-01,Everton,ENG,1664.74
2023-05-01,Fulham,ENG,1715.74
2023-05-01,Huddersfield,ENG,1486.42
2023-05-01,Hull,ENG,1484.65
2023-05-01,Leeds,ENG,1662.22
2023-05-01,Leicester,ENG,1720.8
2023-05-01,Liverpool,ENG,1937.75
2023-05-01,Luton,ENG,1603.93
2023-05-01,Man City,ENG,2066.56
2023-05-01,Man United,ENG,1857.52
2023-05-01,Middlesbrough,ENG,1593.62
2023-05-01,Millwall,ENG,1537.72
2023-05-01,Newcastle,ENG,1879.39
2023-05-01,Norwich,ENG,1519.46
2023-05-01,Nottm Forest,ENG,1635.79
2023-05-01,Preston,ENG,1494.79
2023-05-01,QPR,ENG,1421.34
2023-05-01,Reading,ENG,1425.53
2023-05-01,Rotherham,ENG,1432.74
2023-05-01,Sheffield United,ENG,1641.27
2023-05-01,Southampton,ENG,1631.33
2023-05-01,Stoke,ENG,1494.24
2023-05-01,Sunderland,ENG,1514.07
2023-05-01,Swansea,ENG,1532.03
2023-05-01,Tottenham,ENG,1813.11
2023-05-01,Watford,ENG,1507.29
2023-05-01,West Brom,ENG,1531.94
2023-05-01,West Ham,ENG,1758.54
2023-05-01,Wigan,ENG,1409.61
2023-05-01,Wolves,ENG,1715.4
2023-05-15,Arsenal,ENG,1918.08
2023-05-15,Aston Villa,ENG,1807.63
2023-05-15,Birmingham,ENG,1434.46
2023-05-15,Blackburn,ENG,1514.31
2023-05-15,Blackpool,ENG,1409.71
2023-05-15,Bournemouth,ENG,1663.03
2023-05-15,Brentford,ENG,1788.73
2023-05-15,Brighton,ENG,1827.98
2023-05-15,Bristol City,ENG,1486.23
2023-05-15,Burnley,ENG,1718.19
2023-05-15,Cardiff,ENG,1448.06
2023-05-15,Chelsea,ENG,1789.66
2023-05-15,Coventry,ENG,1552.13
2023-05-15,Crystal Palace,ENG,1752.17
2023-05-15,Everton,ENG,1691.98
2023-05-15,Fulham,ENG,1733.12
2023-05-15,Huddersfield,ENG,1505.39
2023-05-15,Hull,ENG,1489.97
2023-05-15,Leeds,ENG,1666.53
2023-05-15,Leicester,ENG,1709.17
2023-05-15,Liverpool,ENG,1944.24
2023-05-15,Luton,ENG,1590.01
2023-05-15,Man City,ENG,2074.12
2023-05-15,Man United,ENG,1847.6
2023-05-15,Middlesbrough,ENG,1581.71
2023-05-15,Millwall,ENG,1528.11
2023-05-15,Newcastle,ENG,1864.42
2023-05-15,Norwich,ENG,1507.82
2023-05-15,Nottm Forest,ENG,1648.44
2023-05-15,Preston,ENG,1480.0
2023-05-15,QPR,ENG,1410.8
2023-05-15,Reading,ENG,1419.12
2023-05-15,Rotherham,ENG,1444.98
2023-05-15,Sheffield United,ENG,1635.86
2023-05-15,Southampton,ENG,1616.06
2023-05-15,Stoke,ENG,1485.87
2023-05-15,Sunderland,ENG,1539.14
2023-05-15,Swansea,ENG,1539.56
2023-05-15,Tottenham,ENG,1811.93
2023-05-15,Watford,ENG,1517.28
2023-05-15,West Brom,ENG,1526.03
2023-05-15,West Ham,ENG,1759.05
2023-05-15,Wigan,ENG,1409.93
2023-05-15,Wolves,ENG,1719.55
2023-06-01,Arsenal,ENG,1915.83
2023-06-01,Aston Villa,ENG,1824.46
2023-06-01,Birmingham,ENG,1439.13
2023-06-01,Blackburn,ENG,1518.98
2023-06-01,Blackpool,ENG,1414.39
2023-06-01,Bournemouth,ENG,1657.11
2023-06-01,Brentford,ENG,1820.8
2023-06-01,Brighton,ENG,1824.65
2023-06-01,Bristol City,ENG,1490.9
2023-06-01,Burnley,ENG,1722.87
2023-06-01,Cardiff,ENG,1452.74
2023-06-01,Chelsea,ENG,1784.57
2023-06-01,Coventry,ENG,1566.43
2023-06-01,Crystal Palace,ENG,1753.86
2023-06-01,Everton,ENG,1704.7
2023-06-01,Fulham,ENG,1733.1
2023-06-01,Huddersfield,ENG,1510.06
2023-06-01,Hull,ENG,1494.64
2023-06-01,Leeds,ENG,1655.53
2023-06-01,Leicester,ENG,1721.58
2023-06-01,Liverpool,ENG,1943.37
2023-06-01,Luton,ENG,1602.99
2023-06-01,Man City,ENG,2070.0
2023-06-01,Man United,ENG,1870.12
2023-06-01,Middlesbrough,ENG,1576.39
2023-06-01,Millwall,ENG,1532.78
2023-06-01,Newcastle,ENG,1872.47
2023-06-01,Norwich,ENG,1512.49
2023-06-01,Nottm Forest,ENG,1670.44
2023-06-01,Preston,ENG,1484.67
2023-06-01,QPR,ENG,1415.47
2023-06-01,Reading,ENG,1423.8
2023-06-01,Rotherham,ENG,1449.65
2023-06-01,Sheffield United,ENG,1640.53
2023-06-01,Southampton,ENG,1623.68
2023-06-01,Stoke,ENG,1490.55
2023-06-01,Sunderland,ENG,1535.88
2023-06-01,Swansea,ENG,1544.23
2023-06-01,Tottenham,ENG,1812.34
2023-06-01,Watford,ENG,1521.95
2023-06-01,West Brom,ENG,1530.71
2023-06-01,West Ham,ENG,1768.13
2023-06-01,Wigan,ENG,1414.6
2023-06-01,Wolves,ENG,1715.51
2023-06-15,Arsenal,ENG,1919.38
2023-06-15,Aston Villa,ENG,1828.01
2023-06-15,Birmingham,ENG,1442.68
2023-06-15,Blackburn,ENG,1522.53
2023-06-15,Blackpool,ENG,1417.94
2023-06-15,Bournemouth,ENG,1660.66
2023-06-15,Brentford,ENG,1824.34
2023-06-15,Brighton,ENG,1828.2
2023-06-15,Bristol City,ENG,1494.45
2023-06-15,Burnley,ENG,1726.42
2023-06-15,Cardiff,ENG,1456.29
2023-06-15,Chelsea,ENG,1788.12
2023-06-15,Coventry,ENG,1569.98
2023-06-15,Crystal Palace,ENG,1757.41
2023-06-15,Everton,ENG,1708.25
2023-06-15,Fulham,ENG,1736.65
2023-06-15,Huddersfield,ENG,1513.61
2023-06-15,Hull,ENG,1498.19
2023-06-15,Leeds,ENG,1659.08
2023-06-15,Leicester,ENG,1725.13
2023-06-15,Liverpool,ENG,1946.92
2023-06-15,Luton,ENG,1606.54
2023-06-15,Man City,ENG,2077.27
2023-06-15,Man United,ENG,1873.67
2023-06-15,Middlesbrough,ENG,1579.94
2023-06-15,Millwall,ENG,1536.33
2023-06-15,Newcastle,ENG,1876.02
2023-06-15,Norwich,ENG,1516.04
2023-06-15,Nottm Forest,ENG,1673.98
2023-06-15,Preston,ENG,1488.22
2023-06-15,QPR,ENG,1419.02
2023-06-15,Reading,ENG,1427.35
2023-06-15,Rotherham,ENG,1453.2
2023-06-15,Sheffield United,ENG,1644.08
2023-06-15,Southampton,ENG,1627.23
2023-06-15,Stoke,ENG,1494.1
2023-06-15,Sunderland,ENG,1539.43
2023-06-15,Swansea,ENG,1547.78
2023-06-15,Tottenham,ENG,1815.89
2023-06-15,Watford,ENG,1525.5
2023-06-15,West Brom,ENG,1534.26
2023-06-15,West Ham,ENG,1779.48
2023-06-15,Wigan,ENG,1418.15
2023-06-15,Wolves,ENG,1719.06
2023-07-01,Arsenal,ENG,1919.38
2023-07-01,Aston Villa,ENG,1828.01
2023-07-01,Birmingham,ENG,1442.68
2023-07-01,Blackburn,ENG,1522.53
2023-07-01,Blackpool,ENG,1417.94
2023-07-01,Bournemouth,ENG,1660.66
2023-07-01,Brentford,ENG,1824.34
2023-07-01,Brighton,ENG,1828.2
2023-07-01,Bristol City,ENG,1494.45
2023-07-01,Burnley,ENG,1726.42
2023-07-01,Cardiff,ENG,1456.29
2023-07-01,Chelsea,ENG,1788.12
2023-07-01,Coventry,ENG,1569.98
2023-07-01,Crystal Palace,ENG,1757.41
2023-07-01,Everton,ENG,1708.25
2023-07-01,Fulham,ENG,1736.65
2023-07-01,Huddersfield,ENG,1513.61
2023-07-01,Hull,ENG,1498.19
2023-07-01,Ipswich,ENG,1423.67
2023-07-01,Leeds,ENG,1659.08
2023-07-01,Leicester,ENG,1725.13
2023-07-01,Liverpool,ENG,1946.92
2023-07-01,Luton,ENG,1606.54
2023-07-01,Man City,ENG,2077.27
2023-07-01,Man United,ENG,1873.67
2023-07-01,Middlesbrough,ENG,1579.94
2023-07-01,Millwall,ENG,1536.33
2023-07-01,Newcastle,ENG,1876.02
2023-07-01,Norwich,ENG,1516.04
2023-07-01,Nottm Forest,ENG,1673.98
2023-07-01,Plymouth,ENG,1423.67
2023-07-01,Preston,ENG,1488.22
2023-07-01,QPR,ENG,1419.02
2023-07-01,Reading,ENG,1427.35
2023-07-01,Rotherham,ENG,1453.2
2023-07-01,Sheffield United,ENG,1644.08
2023-07-01,Sheffield Weds,ENG,1423.67
2023-07-01,Southampton,ENG,1627.23
2023-07-01,Stoke,ENG,1494.1
2023-07-01,Sunderland,ENG,1539.43
2023-07-01,Swansea,ENG,1547.78
2023-07-01,Tottenham,ENG,1815.89
2023-07-01,Watford,ENG,1525.5
2023-07-01,West Brom,ENG,1534.26
2023-07-01,West Ham,ENG,1779.48
2023-07-01,Wigan,ENG,1418.15
2023-07-01,Wolves,ENG,1719.06
2023-07-15,Arsenal,ENG,1919.38
2023-07-15,Aston Villa,ENG,1828.01
2023-07-15,Birmingham,ENG,1442.68
2023-07-15,Blackburn,ENG,1522.53
2023-07-15,Bournemouth,ENG,1660.66
2023-07-15,Brentford,ENG,1824.34
2023-07-15,Brighton,ENG,1828.2
2023-07-15,Bristol City,ENG,1494.45
2023-07-15,Burnley,ENG,1726.42
2023-07-15,Cardiff,ENG,1456.29
2023-07-15,Chelsea,ENG,1788.12
2023-07-15,Coventry,ENG,1569.98
2023-07-15,Crystal Palace,ENG,1757.41
2023-07-15,Everton,ENG,1708.25
2023-07-15,Fulham,ENG,1736.65
2023-07-15,Huddersfield,ENG,1513.61
2023-07-15,Hull,ENG,1498.19
2023-07-15,Ipswich,ENG,1423.67
2023-07-15,Leeds,ENG,1659.08
2023-07-15,Leicester,ENG,1725.13
2023-07-15,Liverpool,ENG,1946.92
2023-07-15,Luton,ENG,1606.54
2023-07-15,Man City,ENG,2077.27
2023-07-15,Man United,ENG,1873.67
2023-07-15,Middlesbrough,ENG,1579.94
2023-07-15,Millwall,ENG,1536.33
2023-07-15,Newcastle,ENG,1876.02
2023-07-15,Norwich,ENG,1516.04
2023-07-15,Nottm Forest,ENG,1673.98
2023-07-15,Plymouth,ENG,1423.67
2023-07-15,Preston,ENG,1488.22
2023-07-15,QPR,ENG,1419.02
2023-07-15,Rotherham,ENG,1453.2
2023-07-15,Sheffield United,ENG,1644.08
2023-07-15,Sheffield Weds,ENG,1423.67
2023-07-15,Southampton,ENG,1627.23
2023-07-15,Stoke,ENG,1494.1
2023-07-15,Sunderland,ENG,1539.43
2023-07-15,Swansea,ENG,1547.78
2023-07-15,Tottenham,ENG,1815.89
2023-07-15,Watford,ENG,1525.5
2023-07-15,West Brom,ENG,1534.26
2023-07-15,West Ham,ENG,1779.48
2023-07-15,Wolves,ENG,1719.06
2023-08-01,Arsenal,ENG,1919.38
2023-08-01,Aston Villa,ENG,1828.01
2023-08-01,Birmingham,ENG,1442.68
2023-08-01,Blackburn,ENG,1522.53
2023-08-01,Bournemouth,ENG,1660.66
2023-08-01,Brentford,ENG,1824.34
2023-08-01,Brighton,ENG,1828.2
2023-08-01,Bristol City,ENG,1494.45
2023-08-01,Burnley,ENG,1726.42
2023-08-01,Cardiff,ENG,1456.29
2023-08-01,Chelsea,ENG,1788.12
2023-08-01,Coventry,ENG,1569.98
2023-08-01,Crystal Palace,ENG,1757.41
2023-08-01,Everton,ENG,1708.25
2023-08-01,Fulham,ENG,1736.65
2023-08-01,Huddersfield,ENG,1513.61
2023-08-01,Hull,ENG,1498.19
2023-08-01,Ipswich,ENG,1423.67
2023-08-01,Leeds,ENG,1659.08
2023-08-01,Leicester,ENG,1725.13
2023-08-01,Liverpool,ENG,1946.92
2023-08-01,Luton,ENG,1606.54
2023-08-01,Man City,ENG,2077.27
2023-08-01,Man United,ENG,1873.67
2023-08-01,Middlesbrough,ENG,1579.94
2023-08-01,Millwall,ENG,1536.33
2023-08-01,Newcastle,ENG,1876.02
2023-08-01,Norwich,ENG,1516.04
2023-08-01,Nottm Forest,ENG,1673.98
2023-08-01,Plymouth,ENG,1423.67
2023-08-01,Preston,ENG,1488.22
2023-08-01,QPR,ENG,1419.02
2023-08-01,Rotherham,ENG,1453.2
2023-08-01,Sheffield United,ENG,1644.08
2023-08-01,Sheffield Weds,ENG,1423.67
2023-08-01,Southampton,ENG,1627.23
2023-08-01,Stoke,ENG,1494.1
2023-08-01,Sunderland,ENG,1539.43
2023-08-01,Swansea,ENG,1547.78
2023-08-01,Tottenham,ENG,1815.89
2023-08-01,Watford,ENG,1525.5
2023-08-01,West Brom,ENG,1534.26
2023-08-01,West Ham,ENG,1779.48
2023-08-01,Wolves,ENG,1719.06
2023-08-15,Arsenal,ENG,1921.48
2023-08-15,Aston Villa,ENG,1816.94
2023-08-15,Birmingham,ENG,1458.74
2023-08-15,Blackburn,ENG,1528.66
2023-08-15,Bournemouth,ENG,1662.56
2023-08-15,Brentford,ENG,1822.56
2023-08-15,Brighton,ENG,1832.39
2023-08-15,Bristol City,ENG,1503.76
2023-08-15,Burnley,ENG,1722.82
2023-08-15,Cardiff,ENG,1451.7
2023-08-15,Chelsea,ENG,1791.04
2023-08-15,Coventry,ENG,1578.43
2023-08-15,Crystal Palace,ENG,1764.01
2023-08-15,Everton,ENG,1699.52
2023-08-15,Fulham,ENG,1745.38
2023-08-15,Huddersfield,ENG,1496.81
2023-08-15,Hull,ENG,1499.06
2023-08-15,Ipswich,ENG,1448.03
2023-08-15,Leeds,ENG,1640.97
2023-08-15,Leicester,ENG,1732.32
2023-08-15,Liverpool,ENG,1944.0
2023-08-15,Luton,ENG,1602.34
2023-08-15,Man City,ENG,2080.87
2023-08-15,Man United,ENG,1877.08
2023-08-15,Middlesbrough,ENG,1557.61
2023-08-15,Millwall,ENG,1535.93
2023-08-15,Newcastle,ENG,1887.08
2023-08-15,Norwich,ENG,1526.74
2023-08-15,Nottm Forest,ENG,1671.89
2023-08-15,Plymouth,ENG,1440.67
2023-08-15,Preston,ENG,1497.51
2023-08-15,QPR,ENG,1421.33
2023-08-15,Rotherham,ENG,1444.17
2023-08-15,Sheffield United,ENG,1637.48
2023-08-15,Sheffield Weds,ENG,1412.11
2023-08-15,Southampton,ENG,1627.22
2023-08-15,Stoke,ENG,1492.07
2023-08-15,Sunderland,ENG,1519.47
2023-08-15,Swansea,ENG,1536.44
2023-08-15,Tottenham,ENG,1817.67
2023-08-15,Watford,ENG,1530.0
2023-08-15,West Brom,ENG,1534.26
2023-08-15,West Ham,ENG,1777.58
2023-08-15,Wolves,ENG,1715.65
2023-09-01,Arsenal,ENG,1921.01
2023-09-01,Aston Villa,ENG,1835.71
2023-09-01,Birmingham,ENG,1479.96
2023-09-01,Blackburn,ENG,1528.19
2023-09-01,Bournemouth,ENG,1653.28
2023-09-01,Brentford,ENG,1832.11
2023-09-01,Brighton,ENG,1828.58
2023-09-01,Bristol City,ENG,1490.89
2023-09-01,Burnley,ENG,1713.49
2023-09-01,Cardiff,ENG,1455.83
2023-09-01,Chelsea,ENG,1786.49
2023-09-01,Coventry,ENG,1576.03
2023-09-01,Crystal Palace,ENG,1762.41
2023-09-01,Everton,ENG,1682.24
2023-09-01,Fulham,ENG,1738.86
2023-09-01,Huddersfield,ENG,1483.1
2023-09-01,Hull,ENG,1507.51
2023-09-01,Ipswich,ENG,1452.35
2023-09-01,Leeds,ENG,1641.66
2023-09-01,Leicester,ENG,1737.04
2023-09-01,Liverpool,ENG,1954.3
2023-09-01,Luton,ENG,1597.25
2023-09-01,Man City,ENG,2084.97
2023-09-01,Man United,ENG,1868.75
2023-09-01,Middlesbrough,ENG,1544.63
2023-09-01,Millwall,ENG,1532.27
2023-09-01,Newcastle,ENG,1876.96
2023-09-01,Norwich,ENG,1554.11
2023-09-01,Nottm Forest,ENG,1675.14
2023-09-01,Plymouth,ENG,1430.42
2023-09-01,Preston,ENG,1512.41
2023-09-01,QPR,ENG,1410.35
2023-09-01,Rotherham,ENG,1436.77
2023-09-01,Sheffield United,ENG,1630.7
2023-09-01,Sheffield Weds,ENG,1399.5
2023-09-01,Southampton,ENG,1634.55
2023-09-01,Stoke,ENG,1493.9
2023-09-01,Sunderland,ENG,1527.59
2023-09-01,Swansea,ENG,1528.94
2023-09-01,Tottenham,ENG,1836.47
2023-09-01,Watford,ENG,1513.0
2023-09-01,West Brom,ENG,1548.86
2023-09-01,West Ham,ENG,1803.24
2023-09-01,Wolves,ENG,1713.98
2023-09-15,Arsenal,ENG,1928.77
2023-09-15,Aston Villa,ENG,1828.66
2023-09-15,Birmingham,ENG,1480.07
2023-09-15,Blackburn,ENG,1511.95
2023-09-15,Bournemouth,ENG,1659.03
2023-09-15,Brentford,ENG,1826.36
2023-09-15,Brighton,ENG,1839.81
2023-09-15,Bristol City,ENG,1501.13
2023-09-15,Burnley,ENG,1703.0
2023-09-15,Cardiff,ENG,1448.89
2023-09-15,Chelsea,ENG,1774.23
2023-09-15,Coventry,ENG,1572.92
2023-09-15,Crystal Palace,ENG,1768.2
2023-09-15,Everton,ENG,1682.16
2023-09-15,Fulham,ENG,1736.47
2023-09-15,Huddersfield,ENG,1494.14
2023-09-15,Hull,ENG,1522.01
2023-09-15,Ipswich,ENG,1459.29
2023-09-15,Leeds,ENG,1634.81
2023-09-15,Leicester,ENG,1722.54
2023-09-15,Liverpool,ENG,1961.35
2023-09-15,Luton,ENG,1592.95
2023-09-15,Man City,ENG,2087.37
2023-09-15,Man United,ENG,1860.99
2023-09-15,Middlesbrough,ENG,1526.88
2023-09-15,Millwall,ENG,1532.17
2023-09-15,Newcastle,ENG,1865.73
2023-09-15,Norwich,ENG,1544.33
2023-09-15,Nottm Forest,ENG,1687.4
2023-09-15,Plymouth,ENG,1446.66
2023-09-15,Preston,ENG,1525.19
2023-09-15,QPR,ENG,1428.1
2023-09-15,Rotherham,ENG,1446.54
2023-09-15,Sheffield United,ENG,1630.78
2023-09-15,Sheffield Weds,ENG,1406.34
2023-09-15,Southampton,ENG,1613.58
2023-09-15,Stoke,ENG,1481.11
2023-09-15,Sunderland,ENG,1548.56
2023-09-15,Swansea,ENG,1518.7
2023-09-15,Tottenham,ENG,1846.95
2023-09-15,Watford,ENG,1516.11
2023-09-15,West Brom,ENG,1537.82
2023-09-15,West Ham,ENG,1807.55
2023-09-15,Wolves,ENG,1708.19
2023-10-01,Arsenal,ENG,1932.64
2023-10-01,Aston Villa,ENG,1838.96
2023-10-01,Birmingham,ENG,1448.49
2023-10-01,Blackburn,ENG,1492.4
2023-10-01,Bournemouth,ENG,1643.41
2023-10-01,Brentford,ENG,1795.03
2023-10-01,Brighton,ENG,1818.51
2023-10-01,Bristol City,ENG,1490.04
2023-10-01,Burnley,ENG,1686.62
2023-10-01,Cardiff,ENG,1483.13
2023-10-01,Chelsea,ENG,1756.81
2023-10-01,Coventry,ENG,1560.71
2023-10-01,Crystal Palace,ENG,1762.86
2023-10-01,Everton,ENG,1677.28
2023-10-01,Fulham,ENG,1734.7
2023-10-01,Huddersfield,ENG,1493.93
2023-10-01,Hull,ENG,1524.97
2023-10-01,Ipswich,ENG,1481.51
2023-10-01,Leeds,ENG,1631.78
2023-10-01,Leicester,ENG,1734.9
2023-10-01,Liverpool,ENG,1955.67
2023-10-01,Luton,ENG,1595.82
2023-10-01,Man City,ENG,2070.05
2023-10-01,Man United,ENG,1829.97
2023-10-01,Middlesbrough,ENG,1527.78
2023-10-01,Millwall,ENG,1506.73
2023-10-01,Newcastle,ENG,1879.94
2023-10-01,Norwich,ENG,1524.2
2023-10-01,Nottm Forest,ENG,1677.86
2023-10-01,Plymouth,ENG,1447.57
2023-10-01,Preston,ENG,1507.92
2023-10-01,QPR,ENG,1407.75
2023-10-01,Rotherham,ENG,1416.26
2023-10-01,Sheffield United,ENG,1606.31
2023-10-01,Sheffield Weds,ENG,1376.95
2023-10-01,Southampton,ENG,1586.12
2023-10-01,Stoke,ENG,1469.18
2023-10-01,Sunderland,ENG,1558.53
2023-10-01,Swansea,ENG,1522.24
2023-10-01,Tottenham,ENG,1855.45
2023-10-01,Watford,ENG,1500.09
2023-10-01,West Brom,ENG,1548.8
2023-10-01,West Ham,ENG,1796.58
2023-10-01,Wolves,ENG,1709.83
2023-10-15,Arsenal,ENG,1932.4
2023-10-15,Aston Villa,ENG,1836.85
2023-10-15,Birmingham,ENG,1475.79
2023-10-15,Blackburn,ENG,1495.86
2023-10-15,Bournemouth,ENG,1633.03
2023-10-15,Brentford,ENG,1786.79
2023-10-15,Brighton,ENG,1819.86
2023-10-15,Bristol City,ENG,1493.63
2023-10-15,Burnley,ENG,1680.67
2023-10-15,Cardiff,ENG,1474.15
2023-10-15,Chelsea,ENG,1782.08
2023-10-15,Coventry,ENG,1563.17
2023-10-15,Crystal Palace,ENG,1759.27
2023-10-15,Everton,ENG,1687.64
2023-10-15,Fulham,ENG,1728.23
2023-10-15,Huddersfield,ENG,1478.03
2023-10-15,Hull,ENG,1512.46
2023-10-15,Ipswich,ENG,1505.57
2023-10-15,Leeds,ENG,1637.9
2023-10-15,Leicester,ENG,1747.43
2023-10-15,Liverpool,ENG,1954.83
2023-10-15,Luton,ENG,1585.72
2023-10-15,Man City,ENG,2065.78
2023-10-15,Man United,ENG,1823.07
2023-10-15,Middlesbrough,ENG,1555.73
2023-10-15,Millwall,ENG,1516.06
2023-10-15,Newcastle,ENG,1887.51
2023-10-15,Norwich,ENG,1520.01
2023-10-15,Nottm Forest,ENG,1683.49
2023-10-15,Plymouth,ENG,1427.11
2023-10-15,Preston,ENG,1493.85
2023-10-15,QPR,ENG,1390.72
2023-10-15,Rotherham,ENG,1414.73
2023-10-15,Sheffield United,ENG,1600.39
2023-10-15,Sheffield Weds,ENG,1375.36
2023-10-15,Southampton,ENG,1586.37
2023-10-15,Stoke,ENG,1460.62
2023-10-15,Sunderland,ENG,1546.37
2023-10-15,Swansea,ENG,1538.69
2023-10-15,Tottenham,ENG,1858.57
2023-10-15,Watford,ENG,1493.26
2023-10-15,West Brom,ENG,1538.94
2023-10-15,West Ham,ENG,1805.91
2023-10-15,Wolves,ENG,1712.22
2023-11-01,Arsenal,ENG,1938.42
2023-11-01,Aston Villa,ENG,1860.01
2023-11-01,Birmingham,ENG,1454.2
2023-11-01,Blackburn,ENG,1503.72
2023-11-01,Bournemouth,ENG,1634.7
2023-11-01,Brentford,ENG,1808.19
2023-11-01,Brighton,ENG,1818.9
2023-11-01,Bristol City,ENG,1483.95
2023-11-01,Burnley,ENG,1665.83
2023-11-01,Cardiff,ENG,1498.05
2023-11-01,Chelsea,ENG,1772.83
2023-11-01,Coventry,ENG,1526.85
2023-11-01,Crystal Palace,ENG,1745.74
2023-11-01,Everton,ENG,1697.61
2023-11-01,Fulham,ENG,1727.69
2023-11-01,Huddersfield,ENG,1458.8
2023-11-01,Hull,ENG,1524.34
2023-11-01,Ipswich,ENG,1520.67
2023-11-01,Leeds,ENG,1639.01
2023-11-01,Leicester,ENG,1758.11
2023-11-01,Liverpool,ENG,1963.41
2023-11-01,Luton,ENG,1587.7
2023-11-01,Man City,ENG,2076.81
2023-11-01,Man United,ENG,1823.92
2023-11-01,Middlesbrough,ENG,1553.28
2023-11-01,Millwall,ENG,1509.23
2023-11-01,Newcastle,ENG,1881.87
2023-11-01,Norwich,ENG,1498.25
2023-11-01,Nottm Forest,ENG,1677.31
2023-11-01,Plymouth,ENG,1436.51
2023-11-01,Preston,ENG,1489.24
2023-11-01,QPR,ENG,1379.96
2023-11-01,Rotherham,ENG,1418.37
2023-11-01,Sheffield United,ENG,1594.48
2023-11-01,Sheffield Weds,ENG,1374.83
2023-11-01,Southampton,ENG,1598.36
2023-11-01,Stoke,ENG,1498.05
2023-11-01,Sunderland,ENG,1544.16
2023-11-01,Swansea,ENG,1532.64
2023-11-01,Tottenham,ENG,1871.06
2023-11-01,Watford,ENG,1507.11
2023-11-01,West Brom,ENG,1553.97
2023-11-01,West Ham,ENG,1773.47
2023-11-01,Wolves,ENG,1723.58
2023-11-15,Arsenal,ENG,1930.78
2023-11-15,Aston Villa,ENG,1846.18
2023-11-15,Birmingham,ENG,1442.66
2023-11-15,Blackburn,ENG,1501.55
2023-11-15,Bournemouth,ENG,1646.11
2023-11-15,Brentford,ENG,1801.99
2023-11-15,Brighton,ENG,1813.35
2023-11-15,Bristol City,ENG,1481.14
2023-11-15,Burnley,ENG,1647.58
2023-11-15,Cardiff,ENG,1484.32
2023-11-15,Chelsea,ENG,1793.81
2023-11-15,Coventry,ENG,1511.53
2023-11-15,Crystal Palace,ENG,1739.61
2023-11-15,Everton,ENG,1705.2
2023-11-15,Fulham,ENG,1709.99
2023-11-15,Huddersfield,ENG,1447.9
2023-11-15,Hull,ENG,1515.66
2023-11-15,Ipswich,ENG,1520.07
2023-11-15,Leeds,ENG,1648.16
2023-11-15,Leicester,ENG,1728.93
2023-11-15,Liverpool,ENG,1942.72
2023-11-15,Luton,ENG,1587.15
2023-11-15,Man City,ENG,2067.92
2023-11-15,Man United,ENG,1816.62
2023-11-15,Middlesbrough,ENG,1557.44
2023-11-15,Millwall,ENG,1508.75
2023-11-15,Newcastle,ENG,1856.05
2023-11-15,Norwich,ENG,1489.4
2023-11-15,Nottm Forest,ENG,1683.02
2023-11-15,Plymouth,ENG,1430.55
2023-11-15,Preston,ENG,1501.41
2023-11-15,QPR,ENG,1378.58
2023-11-15,Rotherham,ENG,1401.46
2023-11-15,Sheffield United,ENG,1605.86
2023-11-15,Sheffield Weds,ENG,1353.16
2023-11-15,Southampton,ENG,1605.53
2023-11-15,Stoke,ENG,1493.23
2023-11-15,Sunderland,ENG,1546.37
2023-11-15,Swansea,ENG,1519.1
2023-11-15,Tottenham,ENG,1834.69
2023-11-15,Watford,ENG,1512.31
2023-11-15,West Brom,ENG,1551.52
2023-11-15,West Ham,ENG,1769.92
2023-11-15,Wolves,ENG,1718.2
2023-12-01,Arsenal,ENG,1947.97
2023-12-01,Aston Villa,ENG,1860.94
2023-12-01,Birmingham,ENG,1445.17
2023-12-01,Blackburn,ENG,1529.92
2023-12-01,Bournemouth,ENG,1663.06
2023-12-01,Brentford,ENG,1801.11
2023-12-01,Brighton,ENG,1828.2
2023-12-01,Bristol City,ENG,1490.74
2023-12-01,Burnley,ENG,1646.47
2023-12-01,Cardiff,ENG,1491.47
2023-12-01,Chelsea,ENG,1789.71
2023-12-01,Coventry,ENG,1537.84
2023-12-01,Crystal Palace,ENG,1733.78
2023-12-01,Everton,ENG,1699.07
2023-12-01,Fulham,ENG,1722.1
2023-12-01,Huddersfield,ENG,1467.45
2023-12-01,Hull,ENG,1529.64
2023-12-01,Ipswich,ENG,1525.57
2023-12-01,Leeds,ENG,1653.45
2023-12-01,Leicester,ENG,1730.05
2023-12-01,Liverpool,ENG,1953.79
2023-12-01,Luton,ENG,1603.06
2023-12-01,Man City,ENG,2070.27
2023-12-01,Man United,ENG,1831.3
2023-12-01,Middlesbrough,ENG,1564.44
2023-12-01,Millwall,ENG,1488.51
2023-12-01,Newcastle,ENG,1872.55
2023-12-01,Norwich,ENG,1492.19
2023-12-01,Nottm Forest,ENG,1682.15
2023-12-01,Plymouth,ENG,1444.13
2023-12-01,Preston,ENG,1486.0
2023-12-01,QPR,ENG,1392.9
2023-12-01,Rotherham,ENG,1404.22
2023-12-01,Sheffield United,ENG,1598.98
2023-12-01,Sheffield Weds,ENG,1360.95
2023-12-01,Southampton,ENG,1611.7
2023-12-01,Stoke,ENG,1468.71
2023-12-01,Sunderland,ENG,1526.52
2023-12-01,Swansea,ENG,1517.22
2023-12-01,Tottenham,ENG,1830.81
2023-12-01,Watford,ENG,1520.23
2023-12-01,West Brom,ENG,1572.6
2023-12-01,West Ham,ENG,1782.53
2023-12-01,Wolves,ENG,1716.16
2023-12-15,Arsenal,ENG,1933.94
2023-12-15,Aston Villa,ENG,1860.02
2023-12-15,Birmingham,ENG,1438.86
2023-12-15,Blackburn,ENG,1503.87
2023-12-15,Bournemouth,ENG,1697.19
2023-12-15,Brentford,ENG,1778.42
2023-12-15,Brighton,ENG,1817.04
2023-12-15,Bristol City,ENG,1468.36
2023-12-15,Burnley,ENG,1651.03
2023-12-15,Cardiff,ENG,1473.16
2023-12-15,Chelsea,ENG,1771.25
2023-12-15,Coventry,ENG,1529.61
2023-12-15,Crystal Palace,ENG,1708.63
2023-12-15,Everton,ENG,1730.72
2023-12-15,Fulham,ENG,1741.84
2023-12-15,Huddersfield,ENG,1447.16
2023-12-15,Hull,ENG,1508.89
2023-12-15,Ipswich,ENG,1547.64
2023-12-15,Leeds,ENG,1647.86
2023-12-15,Leicester,ENG,1732.37
2023-12-15,Liverpool,ENG,1941.32
2023-12-15,Luton,ENG,1587.58
2023-12-15,Man City,ENG,2045.39
2023-12-15,Man United,ENG,1794.65
2023-12-15,Middlesbrough,ENG,1526.94
2023-12-15,Millwall,ENG,1471.09
2023-12-15,Newcastle,ENG,1827.07
2023-12-15,Norwich,ENG,1496.56
2023-12-15,Nottm Forest,ENG,1655.74
2023-12-15,Plymouth,ENG,1440.8
2023-12-15,Preston,ENG,1476.97
2023-12-15,QPR,ENG,1413.74
2023-12-15,Rotherham,ENG,1384.03
2023-12-15,Sheffield United,ENG,1587.78
2023-12-15,Sheffield Weds,ENG,1374.43
2023-12-15,Southampton,ENG,1607.53
2023-12-15,Stoke,ENG,1441.61
2023-12-15,Sunderland,ENG,1535.94
2023-12-15,Swansea,ENG,1512.35
2023-12-15,Tottenham,ENG,1831.21
2023-12-15,Watford,ENG,1513.33
2023-12-15,West Brom,ENG,1559.1
2023-12-15,West Ham,ENG,1771.72
2023-12-15,Wolves,ENG,1707.74
2024-01-01,Arsenal,ENG,1910.55
2024-01-01,Aston Villa,ENG,1854.15
2024-01-01,Birmingham,ENG,1425.27
2024-01-01,Blackburn,ENG,1467.56
2024-01-01,Bournemouth,ENG,1711.89
2024-01-01,Brentford,ENG,1740.89
2024-01-01,Brighton,ENG,1820.64
2024-01-01,Bristol City,ENG,1502.79
2024-01-01,Burnley,ENG,1650.16
2024-01-01,Cardiff,ENG,1463.61
2024-01-01,Chelsea,ENG,1777.53
2024-01-01,Coventry,ENG,1551.84
2024-01-01,Crystal Palace,ENG,1723.29
2024-01-01,Everton,ENG,1721.11
2024-01-01,Fulham,ENG,1717.38
2024-01-01,Huddersfield,ENG,1447.88
2024-01-01,Hull,ENG,1507.64
2024-01-01,Ipswich,ENG,1535.05
2024-01-01,Leeds,ENG,1631.19
2024-01-01,Leicester,ENG,1737.82
2024-01-01,Liverpool,ENG,1938.96
2024-01-01,Luton,ENG,1604.56
2024-01-01,Man City,ENG,2042.04
2024-01-01,Man United,ENG,1787.94
2024-01-01,Middlesbrough,ENG,1539.54
2024-01-01,Millwall,ENG,1484.36
2024-01-01,Newcastle,ENG,1802.78
2024-01-01,Norwich,ENG,1494.21
2024-01-01,Nottm Forest,ENG,1669.96
2024-01-01,Plymouth,ENG,1443.66
2024-01-01,Preston,ENG,1453.86
2024-01-01,QPR,ENG,1399.69
2024-01-01,Rotherham,ENG,1390.04
2024-01-01,Sheffield United,ENG,1580.96
2024-01-01,Sheffield Weds,ENG,1382.22
2024-01-01,Southampton,ENG,1631.95
2024-01-01,Stoke,ENG,1461.78
2024-01-01,Sunderland,ENG,1518.48
2024-01-01,Swansea,ENG,1502.9
2024-01-01,Tottenham,ENG,1837.71
2024-01-01,Watford,ENG,1516.86
2024-01-01,West Brom,ENG,1561.99
2024-01-01,West Ham,ENG,1808.97
2024-01-01,Wolves,ENG,1738.8
2024-01-15,Arsenal,ENG,1910.55
2024-01-15,Aston Villa,ENG,1852.02
2024-01-15,Birmingham,ENG,1421.87
2024-01-15,Blackburn,ENG,1456.11
2024-01-15,Bournemouth,ENG,1711.89
2024-01-15,Brentford,ENG,1740.89
2024-01-15,Brighton,ENG,1821.95
2024-01-15,Bristol City,ENG,1481.66
2024-01-15,Burnley,ENG,1647.28
2024-01-15,Cardiff,ENG,1462.29
2024-01-15,Chelsea,ENG,1782.66
2024-01-15,Coventry,ENG,1580.71
2024-01-15,Crystal Palace,ENG,1723.29
2024-01-15,Everton,ENG,1723.25
2024-01-15,Fulham,ENG,1712.25
2024-01-15,Huddersfield,ENG,1443.46
2024-01-15,Hull,ENG,1484.36
2024-01-15,Ipswich,ENG,1540.96
2024-01-15,Leeds,ENG,1644.83
2024-01-15,Leicester,ENG,1724.8
2024-01-15,Liverpool,ENG,1944.01
2024-01-15,Luton,ENG,1607.44
2024-01-15,Man City,ENG,2045.67
2024-01-15,Man United,ENG,1787.71
2024-01-15,Middlesbrough,ENG,1538.79
2024-01-15,Millwall,ENG,1482.12
2024-01-15,Newcastle,ENG,1794.1
2024-01-15,Norwich,ENG,1505.94
2024-01-15,Nottm Forest,ENG,1669.96
2024-01-15,Plymouth,ENG,1445.77
2024-01-15,Preston,ENG,1457.72
2024-01-15,QPR,ENG,1385.43
2024-01-15,Rotherham,ENG,1385.89
2024-01-15,Sheffield United,ENG,1580.96
2024-01-15,Sheffield Weds,ENG,1391.66
2024-01-15,Southampton,ENG,1634.06
2024-01-15,Stoke,ENG,1470.09
2024-01-15,Sunderland,ENG,1519.28
2024-01-15,Swansea,ENG,1510.01
2024-01-15,Tottenham,ENG,1837.93
2024-01-15,Watford,ENG,1522.69
2024-01-15,West Brom,ENG,1561.68
2024-01-15,West Ham,ENG,1807.66
2024-01-15,Wolves,ENG,1738.8
2024-02-01,Arsenal,ENG,1920.36
2024-02-01,Aston Villa,ENG,1836.58
2024-02-01,Birmingham,ENG,1432.79
2024-02-01,Blackburn,ENG,1454.15
2024-02-01,Bournemouth,ENG,1704.17
2024-02-01,Brentford,ENG,1741.56
2024-02-01,Brighton,ENG,1794.08
2024-02-01,Bristol City,ENG,1485.56
2024-02-01,Burnley,ENG,1646.1
2024-02-01,Cardiff,ENG,1452.37
2024-02-01,Chelsea,ENG,1777.44
2024-02-01,Coventry,ENG,1581.19
2024-02-01,Crystal Palace,ENG,1720.75
2024-02-01,Everton,ENG,1724.58
2024-02-01,Fulham,ENG,1710.92
2024-02-01,Huddersfield,ENG,1445.73
2024-02-01,Hull,ENG,1494.85
2024-02-01,Ipswich,ENG,1546.97
2024-02-01,Leeds,ENG,1651.23
2024-02-01,Leicester,ENG,1722.08
2024-02-01,Liverpool,ENG,1956.96
2024-02-01,Luton,ENG,1631.46
2024-02-01,Man City,ENG,2046.85
2024-02-01,Man United,ENG,1787.71
2024-02-01,Middlesbrough,ENG,1533.4
2024-02-01,Millwall,ENG,1467.01
2024-02-01,Newcastle,ENG,1809.53
2024-02-01,Norwich,ENG,1513.67
2024-02-01,Nottm Forest,ENG,1661.52
2024-02-01,Plymouth,ENG,1455.69
2024-02-01,Preston,ENG,1456.99
2024-02-01,QPR,ENG,1398.21
2024-02-01,Rotherham,ENG,1391.28
2024-02-01,Sheffield United,ENG,1581.74
2024-02-01,Sheffield Weds,ENG,1389.05
2024-02-01,Southampton,ENG,1642.74
2024-02-01,Stoke,ENG,1451.47
2024-02-01,Sunderland,ENG,1516.5
2024-02-01,Swansea,ENG,1498.04
2024-02-01,Tottenham,ENG,1842.18
2024-02-01,Watford,ENG,1520.92
2024-02-01,West Brom,ENG,1550.31
2024-02-01,West Ham,ENG,1803.15
2024-02-01,Wolves,ENG,1742.64
2024-02-15,Arsenal,ENG,1944.81
2024-02-15,Aston Villa,ENG,1834.22
2024-02-15,Birmingham,ENG,1425.22
2024-02-15,Blackburn,ENG,1445.23
2024-02-15,Bournemouth,ENG,1696.6
2024-02-15,Brentford,ENG,1751.81
2024-02-15,Brighton,ENG,1797.19
2024-02-15,Bristol City,ENG,1506.6
2024-02-15,Burnley,ENG,1644.39
2024-02-15,Cardiff,ENG,1444.1
2024-02-15,Chelsea,ENG,1774.07
2024-02-15,Coventry,ENG,1575.45
2024-02-15,Crystal Palace,ENG,1700.97
2024-02-15,Everton,ENG,1724.62
2024-02-15,Fulham,ENG,1719.99
2024-02-15,Huddersfield,ENG,1461.15
2024-02-15,Hull,ENG,1497.82
2024-02-15,Ipswich,ENG,1551.91
2024-02-15,Leeds,ENG,1670.25
2024-02-15,Leicester,ENG,1735.41
2024-02-15,Liverpool,ENG,1948.84
2024-02-15,Luton,ENG,1621.88
2024-02-15,Man City,ENG,2053.2
2024-02-15,Man United,ENG,1818.22
2024-02-15,Middlesbrough,ENG,1513.03
2024-02-15,Millwall,ENG,1442.19
2024-02-15,Newcastle,ENG,1809.64
2024-02-15,Norwich,ENG,1529.5
2024-02-15,Nottm Forest,ENG,1658.76
2024-02-15,Plymouth,ENG,1460.77
2024-02-15,Preston,ENG,1487.23
2024-02-15,QPR,ENG,1404.77
2024-02-15,Rotherham,ENG,1376.62
2024-02-15,Sheffield United,ENG,1589.72
2024-02-15,Sheffield Weds,ENG,1388.2
2024-02-15,Southampton,ENG,1636.46
2024-02-15,Stoke,ENG,1441.08
2024-02-15,Sunderland,ENG,1517.66
2024-02-15,Swansea,ENG,1487.13
2024-02-15,Tottenham,ENG,1846.06
2024-02-15,Watford,ENG,1496.8
2024-02-15,West Brom,ENG,1561.8
2024-02-15,West Ham,ENG,1773.71
2024-02-15,Wolves,ENG,1735.65
2024-03-01,Arsenal,ENG,1951.69
2024-03-01,Aston Villa,ENG,1843.88
2024-03-01,Birmingham,ENG,1427.44
2024-03-01,Blackburn,ENG,1448.9
2024-03-01,Bournemouth,ENG,1697.8
2024-03-01,Brentford,ENG,1732.08
2024-03-01,Brighton,ENG,1801.61
2024-03-01,Bristol City,ENG,1483.86
2024-03-01,Burnley,ENG,1627.76
2024-03-01,Cardiff,ENG,1440.81
2024-03-01,Chelsea,ENG,1780.22
2024-03-01,Coventry,ENG,1559.87
2024-03-01,Crystal Palace,ENG,1710.93
2024-03-01,Everton,ENG,1724.86
2024-03-01,Fulham,ENG,1724.17
2024-03-01,Huddersfield,ENG,1461.84
2024-03-01,Hull,ENG,1517.74
2024-03-01,Ipswich,ENG,1566.78
2024-03-01,Leeds,ENG,1686.15
2024-03-01,Leicester,ENG,1708.61
2024-03-01,Liverpool,ENG,1957.48
2024-03-01,Luton,ENG,1613.98
2024-03-01,Man City,ENG,2048.0
2024-03-01,Man United,ENG,1809.47
2024-03-01,Middlesbrough,ENG,1510.28
2024-03-01,Millwall,ENG,1439.22
2024-03-01,Newcastle,ENG,1797.59
2024-03-01,Norwich,ENG,1534.97
2024-03-01,Nottm Forest,ENG,1666.19
2024-03-01,Plymouth,ENG,1457.53
2024-03-01,Preston,ENG,1503.57
2024-03-01,QPR,ENG,1421.35
2024-03-01,Rotherham,ENG,1360.35
2024-03-01,Sheffield United,ENG,1575.9
2024-03-01,Sheffield Weds,ENG,1411.83
2024-03-01,Southampton,ENG,1619.27
2024-03-01,Stoke,ENG,1426.72
2024-03-01,Sunderland,ENG,1497.39
2024-03-01,Swansea,ENG,1488.06
2024-03-01,Tottenham,ENG,1832.72
2024-03-01,Watford,ENG,1491.29
2024-03-01,West Brom,ENG,1561.57
2024-03-01,West Ham,ENG,1768.29
2024-03-01,Wolves,ENG,1749.7
2024-03-15,Arsenal,ENG,1956.66
2024-03-15,Aston Villa,ENG,1836.8
2024-03-15,Birmingham,ENG,1415.61
2024-03-15,Blackburn,ENG,1442.45
2024-03-15,Bournemouth,ENG,1709.96
2024-03-15,Brentford,ENG,1731.64
2024-03-15,Brighton,ENG,1775.9
2024-03-15,Bristol City,ENG,1478.25
2024-03-15,Burnley,ENG,1624.47
2024-03-15,Cardiff,ENG,1470.38
2024-03-15,Chelsea,ENG,1789.41
2024-03-15,Coventry,ENG,1568.28
2024-03-15,Crystal Palace,ENG,1703.25
2024-03-15,Everton,ENG,1708.61
2024-03-15,Fulham,ENG,1734.47
2024-03-15,Huddersfield,ENG,1449.77
2024-03-15,Hull,ENG,1520.37
2024-03-15,Ipswich,ENG,1571.85
2024-03-15,Leeds,ENG,1690.19
2024-03-15,Leicester,ENG,1695.45
2024-03-15,Liverpool,ENG,1967.72
2024-03-15,Luton,ENG,1611.21
2024-03-15,Man City,ENG,2052.31
2024-03-15,Man United,ENG,1814.69
2024-03-15,Middlesbrough,ENG,1527.48
2024-03-15,Millwall,ENG,1456.91
2024-03-15,Newcastle,ENG,1801.73
2024-03-15,Norwich,ENG,1538.2
2024-03-15,Nottm Forest,ENG,1661.09
2024-03-15,Plymouth,ENG,1444.28
2024-03-15,Preston,ENG,1493.51
2024-03-15,QPR,ENG,1430.59
2024-03-15,Rotherham,ENG,1341.27
2024-03-15,Sheffield United,ENG,1578.46
2024-03-15,Sheffield Weds,ENG,1424.5
2024-03-15,Southampton,ENG,1630.82
2024-03-15,Stoke,ENG,1450.16
2024-03-15,Sunderland,ENG,1483.75
2024-03-15,Swansea,ENG,1489.18
2024-03-15,Tottenham,ENG,1858.81
2024-03-15,Watford,ENG,1476.63
2024-03-15,West Brom,ENG,1579.19
2024-03-15,West Ham,ENG,1791.08
2024-03-15,Wolves,ENG,1748.54
2024-04-01,Arsenal,ENG,1960.57
2024-04-01,Aston Villa,ENG,1843.52
2024-04-01,Birmingham,ENG,1401.63
2024-04-01,Blackburn,ENG,1440.41
2024-04-01,Bournemouth,ENG,1716.79
2024-04-01,Brentford,ENG,1723.56
2024-04-01,Brighton,ENG,1773.14
2024-04-01,Bristol City,ENG,1484.39
2024-04-01,Burnley,ENG,1639.1
2024-04-01,Cardiff,ENG,1448.63
2024-04-01,Chelsea,ENG,1784.18
2024-04-01,Coventry,ENG,1576.98
2024-04-01,Crystal Palace,ENG,1703.35
2024-04-01,Everton,ENG,1701.78
2024-04-01,Fulham,ENG,1748.07
2024-04-01,Huddersfield,ENG,1439.26
2024-04-01,Hull,ENG,1504.2
2024-04-01,Ipswich,ENG,1586.31
2024-04-01,Leeds,ENG,1689.16
2024-04-01,Leicester,ENG,1682.85
2024-04-01,Liverpool,ENG,1970.48
2024-04-01,Luton,ENG,1609.06
2024-04-01,Man City,ENG,2048.41
2024-04-01,Man United,ENG,1813.36
2024-04-01,Middlesbrough,ENG,1528.06
2024-04-01,Millwall,ENG,1455.98
2024-04-01,Newcastle,ENG,1808.21
2024-04-01,Norwich,ENG,1554.35
2024-04-01,Nottm Forest,ENG,1660.84
2024-04-01,Plymouth,ENG,1432.26
2024-04-01,Preston,ENG,1507.32
2024-04-01,QPR,ENG,1439.66
2024-04-01,Rotherham,ENG,1337.17
2024-04-01,Sheffield United,ENG,1581.97
2024-04-01,Sheffield Weds,ENG,1416.69
2024-04-01,Southampton,ENG,1626.67
2024-04-01,Stoke,ENG,1454.29
2024-04-01,Sunderland,ENG,1493.57
2024-04-01,Swansea,ENG,1497.33
2024-04-01,Tottenham,ENG,1843.99
2024-04-01,Watford,ENG,1488.65
2024-04-01,West Brom,ENG,1583.24
2024-04-01,West Ham,ENG,1784.58
2024-04-01,Wolves,ENG,1741.85
2024-04-15,Arsenal,ENG,1940.7
2024-04-15,Aston Villa,ENG,1846.46
2024-04-15,Birmingham,ENG,1411.84
2024-04-15,Blackburn,ENG,1457.38
2024-04-15,Bournemouth,ENG,1706.73
2024-04-15,Brentford,ENG,1724.74
2024-04-15,Brighton,ENG,1754.88
2024-04-15,Bristol City,ENG,1495.28
2024-04-15,Burnley,ENG,1629.41
2024-04-15,Cardiff,ENG,1439.64
2024-04-15,Chelsea,ENG,1779.1
2024-04-15,Coventry,ENG,1541.39
2024-04-15,Crystal Palace,ENG,1700.9
2024-04-15,Everton,ENG,1702.99
2024-04-15,Fulham,ENG,1735.09
2024-04-15,Huddersfield,ENG,1433.53
2024-04-15,Hull,ENG,1511.85
2024-04-15,Ipswich,ENG,1571.43
2024-04-15,Leeds,ENG,1654.35
2024-04-15,Leicester,ENG,1655.91
2024-04-15,Liverpool,ENG,1922.76
2024-04-15,Luton,ENG,1607.52
2024-04-15,Man City,ENG,2050.41
2024-04-15,Man United,ENG,1799.7
2024-04-15,Middlesbrough,ENG,1536.93
2024-04-15,Millwall,ENG,1453.79
2024-04-15,Newcastle,ENG,1818.04
2024-04-15,Norwich,ENG,1554.46
2024-04-15,Nottm Forest,ENG,1661.41
2024-04-15,Plymouth,ENG,1434.96
2024-04-15,Preston,ENG,1492.26
2024-04-15,QPR,ENG,1420.03
2024-04-15,Rotherham,ENG,1325.1
2024-04-15,Sheffield United,ENG,1571.93
2024-04-15,Sheffield Weds,ENG,1418.62
2024-04-15,Southampton,ENG,1617.24
2024-04-15,Stoke,ENG,1436.81
2024-04-15,Sunderland,ENG,1481.6
2024-04-15,Swansea,ENG,1484.57
2024-04-15,Tottenham,ENG,1824.92
2024-04-15,Watford,ENG,1483.24
2024-04-15,West Brom,ENG,1559.98
2024-04-15,West Ham,ENG,1764.64
2024-04-15,Wolves,ENG,1723.57
2024-05-01,Arsenal,ENG,1945.49
2024-05-01,Aston Villa,ENG,1835.85
2024-05-01,Birmingham,ENG,1406.13
2024-05-01,Blackburn,ENG,1437.09
2024-05-01,Bournemouth,ENG,1717.85
2024-05-01,Brentford,ENG,1723.67
2024-05-01,Brighton,ENG,1729.74
2024-05-01,Bristol City,ENG,1496.35
2024-05-01,Burnley,ENG,1642.13
2024-05-01,Cardiff,ENG,1431.69
2024-05-01,Chelsea,ENG,1780.29
2024-05-01,Coventry,ENG,1515.38
2024-05-01,Crystal Palace,ENG,1723.38
2024-05-01,Everton,ENG,1717.96
2024-05-01,Fulham,ENG,1720.62
2024-05-01,Huddersfield,ENG,1409.07
2024-05-01,Hull,ENG,1516.08
2024-05-01,Ipswich,ENG,1573.53
2024-05-01,Leeds,ENG,1628.76
2024-05-01,Leicester,ENG,1674.09
2024-05-01,Liverpool,ENG,1902.74
2024-05-01,Luton,ENG,1584.42
2024-05-01,Man City,ENG,2046.36
2024-05-01,Man United,ENG,1790.74
2024-05-01,Middlesbrough,ENG,1537.03
2024-05-01,Millwall,ENG,1463.33
2024-05-01,Newcastle,ENG,1802.54
2024-05-01,Norwich,ENG,1541.95
2024-05-01,Nottm Forest,ENG,1644.14
2024-05-01,Plymouth,ENG,1411.11
2024-05-01,Preston,ENG,1462.65
2024-05-01,QPR,ENG,1447.43
2024-05-01,Rotherham,ENG,1315.2
2024-05-01,Sheffield United,ENG,1544.85
2024-05-01,Sheffield Weds,ENG,1443.96
2024-05-01,Southampton,ENG,1580.84
2024-05-01,Stoke,ENG,1455.09
2024-05-01,Sunderland,ENG,1458.37
2024-05-01,Swansea,ENG,1497.31
2024-05-01,Tottenham,ENG,1812.33
2024-05-01,Watford,ENG,1482.58
2024-05-01,West Brom,ENG,1532.06
2024-05-01,West Ham,ENG,1744.92
2024-05-01,Wolves,ENG,1705.41
2024-05-15,Arsenal,ENG,1944.71
2024-05-15,Aston Villa,ENG,1787.57
2024-05-15,Birmingham,ENG,1406.69
2024-05-15,Blackburn,ENG,1448.37
2024-05-15,Bournemouth,ENG,1695.08
2024-05-15,Brentford,ENG,1721.75
2024-05-15,Brighton,ENG,1732.68
2024-05-15,Bristol City,ENG,1471.11
2024-05-15,Burnley,ENG,1620.34
2024-05-15,Cardiff,ENG,1405.45
2024-05-15,Chelsea,ENG,1798.52
2024-05-15,Coventry,ENG,1494.58
2024-05-15,Crystal Palace,ENG,1742.57
2024-05-15,Everton,ENG,1709.04
2024-05-15,Fulham,ENG,1707.9
2024-05-15,Huddersfield,ENG,1395.12
2024-05-15,Hull,ENG,1497.24
2024-05-15,Ipswich,ENG,1568.33
2024-05-15,Leeds,ENG,1607.72
2024-05-15,Leicester,ENG,1643.67
2024-05-15,Liverpool,ENG,1897.34
2024-05-15,Luton,ENG,1572.35
2024-05-15,Man City,ENG,2048.74
2024-05-15,Man United,ENG,1759.74
2024-05-15,Middlesbrough,ENG,1534.93
2024-05-15,Millwall,ENG,1464.28
2024-05-15,Newcastle,ENG,1798.56
2024-05-15,Norwich,ENG,1523.11
2024-05-15,Nottm Forest,ENG,1638.63
2024-05-15,Plymouth,ENG,1410.8
2024-05-15,Preston,ENG,1444.34
2024-05-15,QPR,ENG,1449.08
2024-05-15,Rotherham,ENG,1322.3
2024-05-15,Sheffield United,ENG,1522.76
2024-05-15,Sheffield Weds,ENG,1448.48
2024-05-15,Southampton,ENG,1582.03
2024-05-15,Stoke,ENG,1461.18
2024-05-15,Sunderland,ENG,1434.7
2024-05-15,Swansea,ENG,1477.22
2024-05-15,Tottenham,ENG,1784.97
2024-05-15,Watford,ENG,1465.54
2024-05-15,West Brom,ENG,1531.07
2024-05-15,West Ham,ENG,1728.07
2024-05-15,Wolves,ENG,1681.21
2024-06-01,Arsenal,ENG,1946.9
2024-06-01,Aston Villa,ENG,1770.44
2024-06-01,Birmingham,ENG,1406.69
2024-06-01,Blackburn,ENG,1448.37
2024-06-01,Bournemouth,ENG,1691.12
2024-06-01,Brentford,ENG,1711.08
2024-06-01,Brighton,ENG,1713.16
2024-06-01,Bristol City,ENG,1471.11
2024-06-01,Burnley,ENG,1611.26
2024-06-01,Cardiff,ENG,1405.45
2024-06-01,Chelsea,ENG,1810.12
2024-06-01,Coventry,ENG,1494.58
2024-06-01,Crystal Palace,ENG,1759.71
2024-06-01,Everton,ENG,1706.85
2024-06-01,Fulham,ENG,1716.28
2024-06-01,Huddersfield,ENG,1395.12
2024-06-01,Hull,ENG,1497.24
2024-06-01,Ipswich,ENG,1568.33
2024-06-01,Leeds,ENG,1606.82
2024-06-01,Leicester,ENG,1643.67
2024-06-01,Liverpool,ENG,1900.69
2024-06-01,Luton,ENG,1563.97
2024-06-01,Man City,ENG,2050.57
2024-06-01,Man United,ENG,1779.04
2024-06-01,Middlesbrough,ENG,1534.93
2024-06-01,Millwall,ENG,1464.28
2024-06-01,Newcastle,ENG,1801.8
2024-06-01,Norwich,ENG,1513.95
2024-06-01,Nottm Forest,ENG,1647.71
2024-06-01,Plymouth,ENG,1410.8
2024-06-01,Preston,ENG,1444.34
2024-06-01,QPR,ENG,1449.08
2024-06-01,Rotherham,ENG,1322.3
2024-06-01,Sheffield United,ENG,1517.17
2024-06-01,Sheffield Weds,ENG,1448.48
2024-06-01,Southampton,ENG,1599.6
2024-06-01,Stoke,ENG,1461.18
2024-06-01,Sunderland,ENG,1434.7
2024-06-01,Swansea,ENG,1477.22
2024-06-01,Tottenham,ENG,1790.56
2024-06-01,Watford,ENG,1465.54
2024-06-01,West Brom,ENG,1523.57
2024-06-01,West Ham,ENG,1726.24
2024-06-01,Wolves,ENG,1677.86
2024-06-15,Arsenal,ENG,1946.9
2024-06-15,Aston Villa,ENG,1770.44
2024-06-15,Birmingham,ENG,1406.69
2024-06-15,Blackburn,ENG,1448.37
2024-06-15,Bournemouth,ENG,1691.12
2024-06-15,Brentford,ENG,1711.08
2024-06-15,Brighton,ENG,1713.16
2024-06-15,Bristol City,ENG,1471.11
2024-06-15,Burnley,ENG,1611.26
2024-06-15,Cardiff,ENG,1405.45
2024-06-15,Chelsea,ENG,1810.12
2024-06-15,Coventry,ENG,1494.58
2024-06-15,Crystal Palace,ENG,1759.71
2024-06-15,Everton,ENG,1706.85
2024-06-15,Fulham,ENG,1716.28
2024-06-15,Huddersfield,ENG,1395.12
2024-06-15,Hull,ENG,1497.24
2024-06-15,Ipswich,ENG,1568.33
2024-06-15,Leeds,ENG,1606.82
2024-06-15,Leicester,ENG,1643.67
2024-06-15,Liverpool,ENG,1900.69
2024-06-15,Luton,ENG,1563.97
2024-06-15,Man City,ENG,2050.57
2024-06-15,Man United,ENG,1779.04
2024-06-15,Middlesbrough,ENG,1534.93
2024-06-15,Millwall,ENG,1464.28
2024-06-15,Newcastle,ENG,1801.8
2024-06-15,Norwich,ENG,1513.95
2024-06-15,Nottm Forest,ENG,1647.71
2024-06-15,Plymouth,ENG,1410.8
2024-06-15,Preston,ENG,1444.34
2024-06-15,QPR,ENG,1449.08
2024-06-15,Rotherham,ENG,1322.3
2024-06-15,Sheffield United,ENG,1517.17
2024-06-15,Sheffield Weds,ENG,1448.48
2024-06-15,Southampton,ENG,1599.6
2024-06-15,Stoke,ENG,1461.18
2024-06-15,Sunderland,ENG,1434.7
2024-06-15,Swansea,ENG,1477.22
2024-06-15,Tottenham,ENG,1790.56
2024-06-15,Watford,ENG,1465.54
2024-06-15,West Brom,ENG,1523.57
2024-06-15,West Ham,ENG,1726.24
2024-06-15,Wolves,ENG,1677.86
2024-07-01,Arsenal,ENG,1946.9
2024-07-01,Aston Villa,ENG,1770.44
2024-07-01,Birmingham,ENG,1406.69
2024-07-01,Blackburn,ENG,1448.37
2024-07-01,Bournemouth,ENG,1691.12
2024-07-01,Brentford,ENG,1711.08
2024-07-01,Brighton,ENG,1713.16
2024-07-01,Bristol City,ENG,1471.11
2024-07-01,Burnley,ENG,1611.26
2024-07-01,Cardiff,ENG,1405.45
2024-07-01,Chelsea,ENG,1810.12
2024-07-01,Coventry,ENG,1494.58
2024-07-01,Crystal Palace,ENG,1759.71
2024-07-01,Everton,ENG,1706.85
2024-07-01,Fulham,ENG,1716.28
2024-07-01,Huddersfield,ENG,1395.12
2024-07-01,Hull,ENG,1497.24
2024-07-01,Ipswich,ENG,1568.33
2024-07-01,Leeds,ENG,1606.82
2024-07-01,Leicester,ENG,1643.67
2024-07-01,Liverpool,ENG,1900.69
2024-07-01,Luton,ENG,1563.97
2024-07-01,Man City,ENG,2050.57
2024-07-01,Man United,ENG,1779.04
2024-07-01,Middlesbrough,ENG,1534.93
2024-07-01,Millwall,ENG,1464.28
2024-07-01,Newcastle,ENG,1801.8
2024-07-01,Norwich,ENG,1513.95
2024-07-01,Nottm Forest,ENG,1647.71
2024-07-01,Plymouth,ENG,1410.8
2024-07-01,Preston,ENG,1444.34
2024-07-01,QPR,ENG,1449.08
2024-07-01,Rotherham,ENG,1322.3
2024-07-01,Sheffield United,ENG,1517.17
2024-07-01,Sheffield Weds,ENG,1448.48
2024-07-01,Southampton,ENG,1599.6
2024-07-01,Stoke,ENG,1461.18
2024-07-01,Sunderland,ENG,1434.7
2024-07-01,Swansea,ENG,1477.22
2024-07-01,Tottenham,ENG,1790.56
2024-07-01,Watford,ENG,1465.54
2024-07-01,West Brom,ENG,1523.57
2024-07-01,West Ham,ENG,1726.24
2024-07-01,Wolves,ENG,1677.86
2024-07-15,Arsenal,ENG,1946.9
2024-07-15,Aston Villa,ENG,1770.44
2024-07-15,Blackburn,ENG,1448.37
2024-07-15,Bournemouth,ENG,1691.12
2024-07-15,Brentford,ENG,1711.08
2024-07-15,Brighton,ENG,1713.16
2024-07-15,Bristol City,ENG,1471.11
2024-07-15,Burnley,ENG,1611.26
2024-07-15,Cardiff,ENG,1405.45
2024-07-15,Chelsea,ENG,1810.12
2024-07-15,Coventry,ENG,1494.58
2024-07-15,Crystal Palace,ENG,1759.71
2024-07-15,Derby,ENG,1383.17
2024-07-15,Everton,ENG,1706.85
2024-07-15,Fulham,ENG,1716.28
2024-07-15,Hull,ENG,1497.24
2024-07-15,Ipswich,ENG,1568.33
2024-07-15,Leeds,ENG,1606.82
2024-07-15,Leicester,ENG,1643.67
2024-07-15,Liverpool,ENG,1900.69
2024-07-15,Luton,ENG,1563.97
2024-07-15,Man City,ENG,2050.57
2024-07-15,Man United,ENG,1779.04
2024-07-15,Middlesbrough,ENG,1534.93
2024-07-15,Millwall,ENG,1464.28
2024-07-15,Newcastle,ENG,1801.8
2024-07-15,Norwich,ENG,1513.95
2024-07-15,Nottm Forest,ENG,1647.71
2024-07-15,Oxford,ENG,1383.17
2024-07-15,Plymouth,ENG,1410.8
2024-07-15,Portsmouth,ENG,1383.17
2024-07-15,Preston,ENG,1444.34
2024-07-15,QPR,ENG,1449.08
2024-07-15,Sheffield United,ENG,1517.17
2024-07-15,Sheffield Weds,ENG,1448.48
2024-07-15,Southampton,ENG,1599.6
2024-07-15,Stoke,ENG,1461.18
2024-07-15,Sunderland,ENG,1434.7
2024-07-15,Swansea,ENG,1477.22
2024-07-15,Tottenham,ENG,1790.56
2024-07-15,Watford,ENG,1465.54
2024-07-15,West Brom,ENG,1523.57
2024-07-15,West Ham,ENG,1726.24
2024-07-15,Wolves,ENG,1677.86
2024-08-01,Arsenal,ENG,1946.9
2024-08-01,Aston Villa,ENG,1770.44
2024-08-01,Blackburn,ENG,1448.37
2024-08-01,Bournemouth,ENG,1691.12
2024-08-01,Brentford,ENG,1711.08
2024-08-01,Brighton,ENG,1713.16
2024-08-01,Bristol City,ENG,1471.11
2024-08-01,Burnley,ENG,1611.26
2024-08-01,Cardiff,ENG,1405.45
2024-08-01,Chelsea,ENG,1810.12
2024-08-01,Coventry,ENG,1494.58
2024-08-01,Crystal Palace,ENG,1759.71
2024-08-01,Derby,ENG,1383.17
2024-08-01,Everton,ENG,1706.85
2024-08-01,Fulham,ENG,1716.28
2024-08-01,Hull,ENG,1497.24
2024-08-01,Ipswich,ENG,1568.33
2024-08-01,Leeds,ENG,1606.82
2024-08-01,Leicester,ENG,1643.67
2024-08-01,Liverpool,ENG,1900.69
2024-08-01,Luton,ENG,1563.97
2024-08-01,Man City,ENG,2050.57
2024-08-01,Man United,ENG,1779.04
2024-08-01,Middlesbrough,ENG,1534.93
2024-08-01,Millwall,ENG,1464.28
2024-08-01,Newcastle,ENG,1801.8
2024-08-01,Norwich,ENG,1513.95
2024-08-01,Nottm Forest,ENG,1647.71
2024-08-01,Oxford,ENG,1383.17
2024-08-01,Plymouth,ENG,1410.8
2024-08-01,Portsmouth,ENG,1383.17
2024-08-01,Preston,ENG,1444.34
2024-08-01,QPR,ENG,1449.08
2024-08-01,Sheffield United,ENG,1517.17
2024-08-01,Sheffield Weds,ENG,1448.48
2024-08-01,Southampton,ENG,1599.6
2024-08-01,Stoke,ENG,1461.18
2024-08-01,Sunderland,ENG,1434.7
2024-08-01,Swansea,ENG,1477.22
2024-08-01,Tottenham,ENG,1790.56
2024-08-01,Watford,ENG,1465.54
2024-08-01,West Brom,ENG,1523.57
2024-08-01,West Ham,ENG,1726.24
2024-08-01,Wolves,ENG,1677.86
2024-08-15,Arsenal,ENG,1946.9
2024-08-15,Aston Villa,ENG,1770.44
2024-08-15,Blackburn,ENG,1455.59
2024-08-15,Bournemouth,ENG,1691.12
2024-08-15,Brentford,ENG,1711.08
2024-08-15,Brighton,ENG,1713.16
2024-08-15,Bristol City,ENG,1473.39
2024-08-15,Burnley,ENG,1625.6
2024-08-15,Cardiff,ENG,1392.96
2024-08-15,Chelsea,ENG,1810.12
2024-08-15,Coventry,ENG,1487.07
2024-08-15,Crystal Palace,ENG,1759.71
2024-08-15,Derby,ENG,1375.95
2024-08-15,Everton,ENG,1706.85
2024-08-15,Fulham,ENG,1716.28
2024-08-15,Hull,ENG,1494.96
2024-08-15,Ipswich,ENG,1568.33
2024-08-15,Leeds,ENG,1600.17
2024-08-15,Leicester,ENG,1643.67
2024-08-15,Liverpool,ENG,1900.69
2024-08-15,Luton,ENG,1549.64
2024-08-15,Man City,ENG,2050.57
2024-08-15,Man United,ENG,1779.04
2024-08-15,Middlesbrough,ENG,1540.08
2024-08-15,Millwall,ENG,1454.64
2024-08-15,Newcastle,ENG,1801.8
2024-08-15,Norwich,ENG,1499.81
2024-08-15,Nottm Forest,ENG,1647.71
2024-08-15,Oxford,ENG,1397.3
2024-08-15,Plymouth,ENG,1399.24
2024-08-15,Portsmouth,ENG,1389.81
2024-08-15,Preston,ENG,1433.69
2024-08-15,QPR,ENG,1438.29
2024-08-15,Sheffield United,ENG,1527.81
2024-08-15,Sheffield Weds,ENG,1460.04
2024-08-15,Southampton,ENG,1599.6
2024-08-15,Stoke,ENG,1468.7
2024-08-15,Sunderland,ENG,1447.18
2024-08-15,Swansea,ENG,1472.06
2024-08-15,Tottenham,ENG,1790.56
2024-08-15,Watford,ENG,1475.17
2024-08-15,West Brom,ENG,1534.36
2024-08-15,West Ham,ENG,1726.24
2024-08-15,Wolves,ENG,1677.86
2024-09-01,Arsenal,ENG,1950.36
2024-09-01,Aston Villa,ENG,1777.81
2024-09-01,Blackburn,ENG,1469.13
2024-09-01,Bournemouth,ENG,1702.65
2024-09-01,Brentford,ENG,1720.59
2024-09-01,Brighton,ENG,1744.24
2024-09-01,Bristol City,ENG,1462.82
2024-09-01,Burnley,ENG,1614.49
2024-09-01,Cardiff,ENG,1383.9
2024-09-01,Chelsea,ENG,1818.39
2024-09-01,Coventry,ENG,1483.85
2024-09-01,Crystal Palace,ENG,1737.58
2024-09-01,Derby,ENG,1398.85
2024-09-01,Everton,ENG,1673.04
2024-09-01,Fulham,ENG,1713.83
2024-09-01,Hull,ENG,1485.56
2024-09-01,Ipswich,ENG,1567.4
2024-09-01,Leeds,ENG,1613.72
2024-09-01,Leicester,ENG,1635.53
2024-09-01,Liverpool,ENG,1908.05
2024-09-01,Luton,ENG,1525.37
2024-09-01,Man City,ENG,2060.21
2024-09-01,Man United,ENG,1776.54
2024-09-01,Middlesbrough,ENG,1532.94
2024-09-01,Millwall,ENG,1462.65
2024-09-01,Newcastle,ENG,1803.01
2024-09-01,Norwich,ENG,1505.91
2024-09-01,Nottm Forest,ENG,1654.59
2024-09-01,Oxford,ENG,1399.07
2024-09-01,Plymouth,ENG,1395.09
2024-09-01,Portsmouth,ENG,1387.37
2024-09-01,Preston,ENG,1422.7
2024-09-01,QPR,ENG,1451.78
2024-09-01,Sheffield United,ENG,1525.07
2024-09-01,Sheffield Weds,ENG,1427.26
2024-09-01,Southampton,ENG,1583.9
2024-09-01,Stoke,ENG,1458.36
2024-09-01,Sunderland,ENG,1483.3
2024-09-01,Swansea,ENG,1473.04
2024-09-01,Tottenham,ENG,1796.9
2024-09-01,Watford,ENG,1491.25
2024-09-01,West Brom,ENG,1547.77
2024-09-01,West Ham,ENG,1729.66
2024-09-01,Wolves,ENG,1664.87
2024-09-15,Arsenal,ENG,1950.36
2024-09-15,Aston Villa,ENG,1782.06
2024-09-15,Blackburn,ENG,1480.51
2024-09-15,Bournemouth,ENG,1696.31
2024-09-15,Brentford,ENG,1719.39
2024-09-15,Brighton,ENG,1738.45
2024-09-15,Bristol City,ENG,1451.43
2024-09-15,Burnley,ENG,1623.88
2024-09-15,Cardiff,ENG,1377.52
2024-09-15,Chelsea,ENG,1821.04
2024-09-15,Coventry,ENG,1485.41
2024-09-15,Crystal Palace,ENG,1737.0
2024-09-15,Derby,ENG,1405.22
2024-09-15,Everton,ENG,1668.79
2024-09-15,Fulham,ENG,1712.78
2024-09-15,Hull,ENG,1473.75
2024-09-15,Ipswich,ENG,1573.19
2024-09-15,Leeds,ENG,1604.32
2024-09-15,Leicester,ENG,1639.8
2024-09-15,Liverpool,ENG,1903.09
2024-09-15,Luton,ENG,1533.22
2024-09-15,Man City,ENG,2061.4
2024-09-15,Man United,ENG,1774.5
2024-09-15,Middlesbrough,ENG,1528.57
2024-09-15,Millwall,ENG,1454.8
2024-09-15,Newcastle,ENG,1809.33
2024-09-15,Norwich,ENG,1498.43
2024-09-15,Nottm Forest,ENG,1669.72
2024-09-15,Oxford,ENG,1407.36
2024-09-15,Plymouth,ENG,1404.28
2024-09-15,Portsmouth,ENG,1387.37
2024-09-15,Preston,ENG,1427.07
2024-09-15,QPR,ENG,1452.59
2024-09-15,Sheffield United,ENG,1542.64
2024-09-15,Sheffield Weds,ENG,1426.45
2024-09-15,Southampton,ENG,1575.78
2024-09-15,Stoke,ENG,1450.07
2024-09-15,Sunderland,ENG,1474.11
2024-09-15,Swansea,ENG,1480.51
2024-09-15,Tottenham,ENG,1790.58
2024-09-15,Watford,ENG,1483.93
2024-09-15,West Brom,ENG,1547.77
2024-09-15,West Ham,ENG,1730.72
2024-09-15,Wolves,ENG,1664.87
2024-10-01,Arsenal,ENG,1964.94
2024-10-01,Aston Villa,ENG,1794.3
2024-10-01,Blackburn,ENG,1492.48
2024-10-01,Bournemouth,ENG,1701.15
2024-10-01,Brentford,ENG,1714.49
2024-10-01,Brighton,ENG,1732.53
2024-10-01,Bristol City,ENG,1463.2
2024-10-01,Burnley,ENG,1624.98
2024-10-01,Cardiff,ENG,1368.4
2024-10-01,Chelsea,ENG,1842.41
2024-10-01,Coventry,ENG,1472.98
2024-10-01,Crystal Palace,ENG,1731.7
2024-10-01,Derby,ENG,1398.47
2024-10-01,Everton,ENG,1681.41
2024-10-01,Fulham,ENG,1737.39
2024-10-01,Hull,ENG,1497.01
2024-10-01,Ipswich,ENG,1582.58
2024-10-01,Leeds,ENG,1619.84
2024-10-01,Leicester,ENG,1640.82
2024-10-01,Liverpool,ENG,1925.49
2024-10-01,Luton,ENG,1526.56
2024-10-01,Man City,ENG,2050.6
2024-10-01,Man United,ENG,1757.0
2024-10-01,Middlesbrough,ENG,1530.64
2024-10-01,Millwall,ENG,1468.29
2024-10-01,Newcastle,ENG,1810.56
2024-10-01,Norwich,ENG,1519.8
2024-10-01,Nottm Forest,ENG,1668.51
2024-10-01,Oxford,ENG,1409.78
2024-10-01,Plymouth,ENG,1418.83
2024-10-01,Portsmouth,ENG,1382.72
2024-10-01,Preston,ENG,1422.04
2024-10-01,QPR,ENG,1446.31
2024-10-01,Sheffield United,ENG,1546.6
2024-10-01,Sheffield Weds,ENG,1436.06
2024-10-01,Southampton,ENG,1572.33
2024-10-01,Stoke,ENG,1434.32
2024-10-01,Sunderland,ENG,1478.88
2024-10-01,Swansea,ENG,1490.99
2024-10-01,Tottenham,ENG,1814.53
2024-10-01,Watford,ENG,1483.18
2024-10-01,West Brom,ENG,1553.74
2024-10-01,West Ham,ENG,1723.84
2024-10-01,Wolves,ENG,1654.28
2024-10-15,Arsenal,ENG,1981.59
2024-10-15,Aston Villa,ENG,1809.55
2024-10-15,Blackburn,ENG,1481.3
2024-10-15,Bournemouth,ENG,1702.37
2024-10-15,Brentford,ENG,1730.89
2024-10-15,Brighton,ENG,1750.22
2024-10-15,Bristol City,ENG,1466.06
2024-10-15,Burnley,ENG,1630.55
2024-10-15,Cardiff,ENG,1390.91
2024-10-15,Chelsea,ENG,1848.47
2024-10-15,Coventry,ENG,1483.53
2024-10-15,Crystal Palace,ENG,1736.3
2024-10-15,Derby,ENG,1411.81
2024-10-15,Everton,ENG,1692.6
2024-10-15,Fulham,ENG,1745.25
2024-10-15,Hull,ENG,1505.62
2024-10-15,Ipswich,ENG,1585.93
2024-10-15,Leeds,ENG,1625.72
2024-10-15,Leicester,ENG,1658.03
2024-10-15,Liverpool,ENG,1943.17
2024-10-15,Luton,ENG,1523.08
2024-10-15,Man City,ENG,2062.18
2024-10-15,Man United,ENG,1772.52
2024-10-15,Middlesbrough,ENG,1541.6
2024-10-15,Millwall,ENG,1472.09
2024-10-15,Newcastle,ENG,1817.79
2024-10-15,Norwich,ENG,1542.67
2024-10-15,Nottm Forest,ENG,1683.7
2024-10-15,Oxford,ENG,1424.06
2024-10-15,Plymouth,ENG,1433.66
2024-10-15,Portsmouth,ENG,1379.44
2024-10-15,Preston,ENG,1451.64
2024-10-15,QPR,ENG,1432.88
2024-10-15,Sheffield United,ENG,1569.11
2024-10-15,Sheffield Weds,ENG,1458.54
2024-10-15,Southampton,ENG,1580.39
2024-10-15,Stoke,ENG,1458.33
2024-10-15,Sunderland,ENG,1496.86
2024-10-15,Swansea,ENG,1492.21
2024-10-15,Tottenham,ENG,1817.91
2024-10-15,Watford,ENG,1486.54
2024-10-15,West Brom,ENG,1548.91
2024-10-15,West Ham,ENG,1738.91
2024-10-15,Wolves,ENG,1656.29
2024-11-01,Arsenal,ENG,1969.05
2024-11-01,Aston Villa,ENG,1830.11
2024-11-01,Blackburn,ENG,1488.59
2024-11-01,Bournemouth,ENG,1733.11
2024-11-01,Brentford,ENG,1736.28
2024-11-01,Brighton,ENG,1764.42
2024-11-01,Bristol City,ENG,1493.65
2024-11-01,Burnley,ENG,1636.78
2024-11-01,Cardiff,ENG,1428.78
2024-11-01,Chelsea,ENG,1862.51
2024-11-01,Coventry,ENG,1491.54
2024-11-01,Crystal Palace,ENG,1744.99
2024-11-01,Derby,ENG,1425.31
2024-11-01,Everton,ENG,1708.98
2024-11-01,Fulham,ENG,1742.29
2024-11-01,Hull,ENG,1504.91
2024-11-01,Ipswich,ENG,1580.44
2024-11-01,Leeds,ENG,1641.06
2024-11-01,Leicester,ENG,1660.33
2024-11-01,Liverpool,ENG,1964.46
2024-11-01,Luton,ENG,1522.02
2024-11-01,Man City,ENG,2073.82
2024-11-01,Man United,ENG,1777.36
2024-11-01,Middlesbrough,ENG,1541.98
2024-11-01,Millwall,ENG,1491.57
2024-11-01,Newcastle,ENG,1808.85
2024-11-01,Norwich,ENG,1546.93
2024-11-01,Nottm Forest,ENG,1711.75
2024-11-01,Oxford,ENG,1425.08
2024-11-01,Plymouth,ENG,1418.6
2024-11-01,Portsmouth,ENG,1381.55
2024-11-01,Preston,ENG,1467.4
2024-11-01,QPR,ENG,1435.63
2024-11-01,Sheffield United,ENG,1568.07
2024-11-01,Sheffield Weds,ENG,1465.6
2024-11-01,Southampton,ENG,1579.82
2024-11-01,Stoke,ENG,1459.24
2024-11-01,Sunderland,ENG,1530.83
2024-11-01,Swansea,ENG,1483.67
2024-11-01,Tottenham,ENG,1825.84
2024-11-01,Watford,ENG,1488.15
2024-11-01,West Brom,ENG,1549.7
2024-11-01,West Ham,ENG,1746.26
2024-11-01,Wolves,ENG,1666.71
2024-11-15,Arsenal,ENG,1943.19
2024-11-15,Aston Villa,ENG,1796.74
2024-11-15,Blackburn,ENG,1467.12
2024-11-15,Bournemouth,ENG,1731.57
2024-11-15,Brentford,ENG,1727.7
2024-11-15,Brighton,ENG,1765.95
2024-11-15,Bristol City,ENG,1504.41
2024-11-15,Burnley,ENG,1620.73
2024-11-15,Cardiff,ENG,1411.86
2024-11-15,Chelsea,ENG,1854.22
2024-11-15,Coventry,ENG,1492.14
2024-11-15,Crystal Palace,ENG,1721.79
2024-11-15,Derby,ENG,1420.47
2024-11-15,Everton,ENG,1693.07
2024-11-15,Fulham,ENG,1753.02
2024-11-15,Hull,ENG,1473.89
2024-11-15,Ipswich,ENG,1586.77
2024-11-15,Leeds,ENG,1629.06
2024-11-15,Leicester,ENG,1644.4
2024-11-15,Liverpool,ENG,1971.55
2024-11-15,Luton,ENG,1504.23
2024-11-15,Man City,ENG,2018.32
2024-11-15,Man United,ENG,1778.55
2024-11-15,Middlesbrough,ENG,1538.97
2024-11-15,Millwall,ENG,1503.97
2024-11-15,Newcastle,ENG,1820.42
2024-11-15,Norwich,ENG,1501.27
2024-11-15,Nottm Forest,ENG,1705.01
2024-11-15,Oxford,ENG,1411.6
2024-11-15,Plymouth,ENG,1413.44
2024-11-15,Portsmouth,ENG,1383.52
2024-11-15,Preston,ENG,1433.91
2024-11-15,QPR,ENG,1411.0
2024-11-15,Sheffield United,ENG,1581.36
2024-11-15,Sheffield Weds,ENG,1446.85
2024-11-15,Southampton,ENG,1574.02
2024-11-15,Stoke,ENG,1469.16
2024-11-15,Sunderland,ENG,1517.84
2024-11-15,Swansea,ENG,1485.93
2024-11-15,Tottenham,ENG,1803.9
2024-11-15,Watford,ENG,1495.3
2024-11-15,West Brom,ENG,1550.37
2024-11-15,West Ham,ENG,1721.82
2024-11-15,Wolves,ENG,1664.36
2024-12-01,Arsenal,ENG,1977.47
2024-12-01,Aston Villa,ENG,1798.8
2024-12-01,Blackburn,ENG,1496.01
2024-12-01,Bournemouth,ENG,1741.2
2024-12-01,Brentford,ENG,1742.68
2024-12-01,Brighton,ENG,1774.88
2024-12-01,Bristol City,ENG,1506.52
2024-12-01,Burnley,ENG,1646.91
2024-12-01,Cardiff,ENG,1411.14
2024-12-01,Chelsea,ENG,1871.19
2024-12-01,Coventry,ENG,1490.17
2024-12-01,Crystal Palace,ENG,1732.7
2024-12-01,Derby,ENG,1420.95
2024-12-01,Everton,ENG,1698.64
2024-12-01,Fulham,ENG,1738.84
2024-12-01,Hull,ENG,1453.93
2024-12-01,Ipswich,ENG,1592.8
2024-12-01,Leeds,ENG,1637.01
2024-12-01,Leicester,ENG,1638.75
2024-12-01,Liverpool,ENG,1986.96
2024-12-01,Luton,ENG,1500.88
2024-12-01,Man City,ENG,1988.89
2024-12-01,Man United,ENG,1783.57
2024-12-01,Middlesbrough,ENG,1553.03
2024-12-01,Millwall,ENG,1507.43
2024-12-01,Newcastle,ENG,1809.46
2024-12-01,Norwich,ENG,1529.56
2024-12-01,Nottm Forest,ENG,1711.94
2024-12-01,Oxford,ENG,1401.85
2024-12-01,Plymouth,ENG,1401.35
2024-12-01,Portsmouth,ENG,1394.26
2024-12-01,Preston,ENG,1442.45
2024-12-01,QPR,ENG,1434.71
2024-12-01,Sheffield United,ENG,1597.22
2024-12-01,Sheffield Weds,ENG,1464.87
2024-12-01,Southampton,ENG,1585.16
2024-12-01,Stoke,ENG,1465.47
2024-12-01,Sunderland,ENG,1519.77
2024-12-01,Swansea,ENG,1490.32
2024-12-01,Tottenham,ENG,1834.32
2024-12-01,Watford,ENG,1504.28
2024-12-01,West Brom,ENG,1552.81
2024-12-01,West Ham,ENG,1738.15
2024-12-01,Wolves,ENG,1679.43
2024-12-15,Arsenal,ENG,1975.82
2024-12-15,Aston Villa,ENG,1803.11
2024-12-15,Blackburn,ENG,1524.55
2024-12-15,Bournemouth,ENG,1757.7
2024-12-15,Brentford,ENG,1749.33
2024-12-15,Brighton,ENG,1765.46
2024-12-15,Bristol City,ENG,1492.52
2024-12-15,Burnley,ENG,1638.1
2024-12-15,Cardiff,ENG,1404.22
2024-12-15,Chelsea,ENG,1896.25
2024-12-15,Coventry,ENG,1500.42
2024-12-15,Crystal Palace,ENG,1745.68
2024-12-15,Derby,ENG,1431.35
2024-12-15,Everton,ENG,1711.92
2024-12-15,Fulham,ENG,1766.95
2024-12-15,Hull,ENG,1442.22
2024-12-15,Ipswich,ENG,1595.27
2024-12-15,Leeds,ENG,1645.28
2024-12-15,Leicester,ENG,1648.95
2024-12-15,Liverpool,ENG,1991.39
2024-12-15,Luton,ENG,1497.86
2024-12-15,Man City,ENG,1966.65
2024-12-15,Man United,ENG,1785.76
2024-12-15,Middlesbrough,ENG,1558.36
2024-12-15,Millwall,ENG,1487.34
2024-12-15,Newcastle,ENG,1809.88
2024-12-15,Norwich,ENG,1514.96
2024-12-15,Nottm Forest,ENG,1731.5
2024-12-15,Oxford,ENG,1385.22
2024-12-15,Plymouth,ENG,1393.02
2024-12-15,Portsmouth,ENG,1401.18
2024-12-15,Preston,ENG,1463.32
2024-12-15,QPR,ENG,1463.09
2024-12-15,Sheffield United,ENG,1610.56
2024-12-15,Sheffield Weds,ENG,1475.53
2024-12-15,Southampton,ENG,1579.6
2024-12-15,Stoke,ENG,1453.63
2024-12-15,Sunderland,ENG,1533.87
2024-12-15,Swansea,ENG,1492.71
2024-12-15,Tottenham,ENG,1812.92
2024-12-15,Watford,ENG,1506.66
2024-12-15,West Brom,ENG,1562.11
2024-12-15,West Ham,ENG,1732.55
2024-12-15,Wolves,ENG,1652.57
2025-01-01,Arsenal,ENG,1985.34
2025-01-01,Aston Villa,ENG,1799.41
2025-01-01,Blackburn,ENG,1504.46
2025-01-01,Bournemouth,ENG,1773.64
2025-01-01,Brentford,ENG,1734.68
2025-01-01,Brighton,ENG,1753.26
2025-01-01,Bristol City,ENG,1500.22
2025-01-01,Burnley,ENG,1659.63
2025-01-01,Cardiff,ENG,1403.74
2025-01-01,Chelsea,ENG,1864.35
2025-01-01,Coventry,ENG,1491.5
2025-01-01,Crystal Palace,ENG,1756.65
2025-01-01,Derby,ENG,1432.38
2025-01-01,Everton,ENG,1709.6
2025-01-01,Fulham,ENG,1771.66
2025-01-01,Hull,ENG,1455.23
2025-01-01,Ipswich,ENG,1605.54
2025-01-01,Leeds,ENG,1659.88
2025-01-01,Leicester,ENG,1627.46
2025-01-01,Liverpool,ENG,2009.38
2025-01-01,Luton,ENG,1489.53
2025-01-01,Man City,ENG,1940.05
2025-01-01,Man United,ENG,1756.4
2025-01-01,Middlesbrough,ENG,1553.28
2025-01-01,Millwall,ENG,1490.56
2025-01-01,Newcastle,ENG,1840.6
2025-01-01,Norwich,ENG,1506.07
2025-01-01,Nott'm Forest,ENG,1766.36
2025-01-01,Oxford,ENG,1397.55
2025-01-01,Plymouth,ENG,1378.29
2025-01-01,Portsmouth,ENG,1404.9
2025-01-01,Preston,ENG,1473.31
2025-01-01,QPR,ENG,1462.15
2025-01-01,Sheffield United,ENG,1601.27
2025-01-01,Sheffield Weds,ENG,1477.71
2025-01-01,Southampton,ENG,1569.21
2025-01-01,Stoke,ENG,1448.04
2025-01-01,Sunderland,ENG,1531.59
2025-01-01,Swansea,ENG,1502.24
2025-01-01,Tottenham,ENG,1799.63
2025-01-01,Watford,ENG,1502.6
2025-01-01,West Brom,ENG,1554.59
2025-01-01,West Ham,ENG,1731.69
2025-01-01,Wolves,ENG,1686.93
2025-01-15,Arsenal,ENG,1985.78
2025-01-15,Aston Villa,ENG,1802.28
2025-01-15,Blackburn,ENG,1503.91
2025-01-15,Bournemouth,ENG,1782.62
2025-01-15,Brentford,ENG,1745.59
2025-01-15,Brighton,ENG,1757.93
2025-01-15,Bristol City,ENG,1503.24
2025-01-15,Burnley,ENG,1659.16
2025-01-15,Cardiff,ENG,1410.51
2025-01-15,Chelsea,ENG,1859.11
2025-01-15,Coventry,ENG,1484.94
2025-01-15,Crystal Palace,ENG,1757.97
2025-01-15,Derby,ENG,1419.94
2025-01-15,Everton,ENG,1704.53
2025-01-15,Fulham,ENG,1758.53
2025-01-15,Hull,ENG,1452.19
2025-01-15,Ipswich,ENG,1611.27
2025-01-15,Leeds,ENG,1650.42
2025-01-15,Leicester,ENG,1624.59
2025-01-15,Liverpool,ENG,1997.82
2025-01-15,Luton,ENG,1473.74
2025-01-15,Man City,ENG,1940.29
2025-01-15,Man United,ENG,1763.57
2025-01-15,Middlesbrough,ENG,1554.72
2025-01-15,Millwall,ENG,1480.37
2025-01-15,Newcastle,ENG,1848.97
2025-01-15,Norwich,ENG,1520.94
2025-01-15,Nott'm Forest,ENG,1783.71
2025-01-15,Oxford,ENG,1413.83
2025-01-15,Plymouth,ENG,1382.9
2025-01-15,Portsmouth,ENG,1419.23
2025-01-15,Preston,ENG,1463.44
2025-01-15,QPR,ENG,1479.6
2025-01-15,Sheffield United,ENG,1599.85
2025-01-15,Sheffield Weds,ENG,1483.44
2025-01-15,Southampton,ENG,1557.1
2025-01-15,Stoke,ENG,1450.86
2025-01-15,Sunderland,ENG,1543.92
2025-01-15,Swansea,ENG,1484.46
2025-01-15,Tottenham,ENG,1791.26
2025-01-15,Watford,ENG,1484.41
2025-01-15,West Brom,ENG,1560.72
2025-01-15,West Ham,ENG,1734.95
2025-01-15,Wolves,ENG,1673.98
2025-02-01,Arsenal,ENG,1990.55
2025-02-01,Aston Villa,ENG,1810.13
2025-02-01,Blackburn,ENG,1490.07
2025-02-01,Bournemouth,ENG,1817.39
2025-02-01,Brentford,ENG,1752.4
2025-02-01,Brighton,ENG,1769.32
2025-02-01,Bristol City,ENG,1505.11
2025-02-01,Burnley,ENG,1661.29
2025-02-01,Cardiff,ENG,1435.39
2025-02-01,Chelsea,ENG,1857.31
2025-02-01,Coventry,ENG,1513.24
2025-02-01,Crystal Palace,ENG,1769.54
2025-02-01,Derby,ENG,1397.85
2025-02-01,Everton,ENG,1719.11
2025-02-01,Fulham,ENG,1758.32
2025-02-01,Hull,ENG,1477.97
2025-02-01,Ipswich,ENG,1597.46
2025-02-01,Leeds,ENG,1663.43
2025-02-01,Leicester,ENG,1622.28
2025-02-01,Liverpool,ENG,1996.88
2025-02-01,Luton,ENG,1455.62
2025-02-01,Man City,ENG,1947.53
2025-02-01,Man United,ENG,1773.39
2025-02-01,Middlesbrough,ENG,1546.77
2025-02-01,Millwall,ENG,1485.93
2025-02-01,Newcastle,ENG,1839.71
2025-02-01,Norwich,ENG,1521.73
2025-02-01,Nott'm Forest,ENG,1773.07
2025-02-01,Oxford,ENG,1433.99
2025-02-01,Plymouth,ENG,1375.95
2025-02-01,Portsmouth,ENG,1417.03
2025-02-01,Preston,ENG,1478.98
2025-02-01,QPR,ENG,1482.85
2025-02-01,Sheffield United,ENG,1590.54
2025-02-01,Sheffield Weds,ENG,1492.31
2025-02-01,Southampton,ENG,1548.53
2025-02-01,Stoke,ENG,1443.96
2025-02-01,Sunderland,ENG,1549.79
2025-02-01,Swansea,ENG,1453.98
2025-02-01,Tottenham,ENG,1775.76
2025-02-01,Watford,ENG,1480.32
2025-02-01,West Brom,ENG,1555.94
2025-02-01,West Ham,ENG,1727.7
2025-02-01,Wolves,ENG,1664.06
2025-02-15,Arsenal,ENG,1999.49
2025-02-15,Aston Villa,ENG,1793.17
2025-02-15,Blackburn,ENG,1496.42
2025-02-15,Bournemouth,ENG,1808.38
2025-02-15,Brentford,ENG,1738.05
2025-02-15,Brighton,ENG,1765.52
2025-02-15,Bristol City,ENG,1499.65
2025-02-15,Burnley,ENG,1660.67
2025-02-15,Cardiff,ENG,1419.95
2025-02-15,Chelsea,ENG,1842.71
2025-02-15,Coventry,ENG,1520.1
2025-02-15,Crystal Palace,ENG,1780.71
2025-02-15,Derby,ENG,1385.52
2025-02-15,Everton,ENG,1731.52
2025-02-15,Fulham,ENG,1767.26
2025-02-15,Hull,ENG,1461.03
2025-02-15,Ipswich,ENG,1584.51
2025-02-15,Leeds,ENG,1684.01
2025-02-15,Leicester,ENG,1611.02
2025-02-15,Liverpool,ENG,1995.58
2025-02-15,Luton,ENG,1449.48
2025-02-15,Man City,ENG,1926.48
2025-02-15,Man United,ENG,1757.62
2025-02-15,Middlesbrough,ENG,1527.65
2025-02-15,Millwall,ENG,1471.36
2025-02-15,Newcastle,ENG,1826.18
2025-02-15,Norwich,ENG,1512.22
2025-02-15,Nott'm Forest,ENG,1788.28
2025-02-15,Oxford,ENG,1430.2
2025-02-15,Plymouth,ENG,1404.1
2025-02-15,Portsmouth,ENG,1423.66
2025-02-15,Preston,ENG,1487.32
2025-02-15,QPR,ENG,1484.79
2025-02-15,Sheffield United,ENG,1603.43
2025-02-15,Sheffield Weds,ENG,1490.63
2025-02-15,Southampton,ENG,1556.9
2025-02-15,Stoke,ENG,1443.69
2025-02-15,Sunderland,ENG,1559.44
2025-02-15,Swansea,ENG,1443.06
2025-02-15,Tottenham,ENG,1785.53
2025-02-15,Watford,ENG,1464.73
2025-02-15,West Brom,ENG,1531.94
2025-02-15,West Ham,ENG,1721.72
2025-02-15,Wolves,ENG,1676.43
2025-03-01,Arsenal,ENG,1979.18
2025-03-01,Aston Villa,ENG,1783.92
2025-03-01,Blackburn,ENG,1485.11
2025-03-01,Bournemouth,ENG,1790.53
2025-03-01,Brentford,ENG,1753.66
2025-03-01,Brighton,ENG,1778.49
2025-03-01,Bristol City,ENG,1503.44
2025-03-01,Burnley,ENG,1661.0
2025-03-01,Cardiff,ENG,1427.15
2025-03-01,Chelsea,ENG,1835.33
2025-03-01,Coventry,ENG,1531.93
2025-03-01,Crystal Palace,ENG,1793.05
2025-03-01,Derby,ENG,1375.62
2025-03-01,Everton,ENG,1740.51
2025-03-01,Fulham,ENG,1765.68
2025-03-01,Hull,ENG,1461.99
2025-03-01,Ipswich,ENG,1577.69
2025-03-01,Leeds,ENG,1695.66
2025-03-01,Leicester,ENG,1589.38
2025-03-01,Liverpool,ENG,2004.54
2025-03-01,Luton,ENG,1430.22
2025-03-01,Man City,ENG,1919.0
2025-03-01,Man United,ENG,1753.38
2025-03-01,Middlesbrough,ENG,1517.65
2025-03-01,Millwall,ENG,1478.17
2025-03-01,Newcastle,ENG,1816.95
2025-03-01,Norwich,ENG,1517.19
2025-03-01,Nott'm Forest,ENG,1776.99
2025-03-01,Oxford,ENG,1408.11
2025-03-01,Plymouth,ENG,1396.99
2025-03-01,Portsmouth,ENG,1442.55
2025-03-01,Preston,ENG,1480.2
2025-03-01,QPR,ENG,1474.15
2025-03-01,Sheffield United,ENG,1595.98
2025-03-01,Sheffield Weds,ENG,1465.4
2025-03-01,Southampton,ENG,1537.95
2025-03-01,Stoke,ENG,1432.2
2025-03-01,Sunderland,ENG,1548.56
2025-03-01,Swansea,ENG,1445.85
2025-03-01,Tottenham,ENG,1790.23
2025-03-01,Watford,ENG,1481.42
2025-03-01,West Brom,ENG,1534.99
2025-03-01,West Ham,ENG,1731.25
2025-03-01,Wolves,ENG,1677.75
2025-03-15,Arsenal,ENG,1995.4
2025-03-15,Aston Villa,ENG,1821.52
2025-03-15,Blackburn,ENG,1479.6
2025-03-15,Bournemouth,ENG,1804.71
2025-03-15,Brentford,ENG,1758.22
2025-03-15,Brighton,ENG,1797.78
2025-03-15,Bristol City,ENG,1536.53
2025-03-15,Burnley,ENG,1678.02
2025-03-15,Cardiff,ENG,1423.1
2025-03-15,Chelsea,ENG,1853.27
2025-03-15,Coventry,ENG,1539.68
2025-03-15,Crystal Palace,ENG,1808.43
2025-03-15,Derby,ENG,1410.24
2025-03-15,Everton,ENG,1752.95
2025-03-15,Fulham,ENG,1772.11
2025-03-15,Hull,ENG,1490.2
2025-03-15,Ipswich,ENG,1588.03
2025-03-15,Leeds,ENG,1694.02
2025-03-15,Leicester,ENG,1600.19
2025-03-15,Liverpool,ENG,2014.81
2025-03-15,Luton,ENG,1454.19
2025-03-15,Man City,ENG,1921.52
2025-03-15,Man United,ENG,1785.17
2025-03-15,Middlesbrough,ENG,1530.93
2025-03-15,Millwall,ENG,1484.37
2025-03-15,Newcastle,ENG,1836.78
2025-03-15,Norwich,ENG,1509.5
2025-03-15,Nott'm Forest,ENG,1800.2
2025-03-15,Oxford,ENG,1413.95
2025-03-15,Plymouth,ENG,1401.08
2025-03-15,Portsmouth,ENG,1450.27
2025-03-15,Preston,ENG,1490.21
2025-03-15,QPR,ENG,1470.04
2025-03-15,Sheffield United,ENG,1615.18
2025-03-15,Sheffield Weds,ENG,1501.0
2025-03-15,Southampton,ENG,1550.01
2025-03-15,Stoke,ENG,1448.79
2025-03-15,Sunderland,ENG,1561.86
2025-03-15,Swansea,ENG,1463.36
2025-03-15,Tottenham,ENG,1805.86
2025-03-15,Watford,ENG,1490.86
2025-03-15,West Brom,ENG,1563.14
2025-03-15,West Ham,ENG,1737.13
2025-03-15,Wolves,ENG,1691.03
2025-04-01,Arsenal,ENG,1998.97
2025-04-01,Aston Villa,ENG,1821.52
2025-04-01,Blackburn,ENG,1461.22
2025-04-01,Bournemouth,ENG,1794.07
2025-04-01,Brentford,ENG,1768.86
2025-04-01,Brighton,ENG,1802.44
2025-04-01,Bristol City,ENG,1532.85
2025-04-01,Burnley,ENG,1687.75
2025-04-01,Cardiff,ENG,1434.35
2025-04-01,Chelsea,ENG,1849.7
2025-04-01,Coventry,ENG,1545.08
2025-04-01,Crystal Palace,ENG,1808.43
2025-04-01,Derby,ENG,1419.42
2025-04-01,Everton,ENG,1751.03
2025-04-01,Fulham,ENG,1782.73
2025-04-01,Hull,ENG,1483.1
2025-04-01,Ipswich,ENG,1582.15
2025-04-01,Leeds,ENG,1682.71
2025-04-01,Leicester,ENG,1592.07
2025-04-01,Liverpool,ENG,2014.81
2025-04-01,Luton,ENG,1465.45
2025-04-01,Man City,ENG,1916.85
2025-04-01,Man United,ENG,1793.3
2025-04-01,Middlesbrough,ENG,1534.44
2025-04-01,Millwall,ENG,1484.89
2025-04-01,Newcastle,ENG,1836.78
2025-04-01,Norwich,ENG,1517.6
2025-04-01,Nott'm Forest,ENG,1806.07
2025-04-01,Oxford,ENG,1418.57
2025-04-01,Plymouth,ENG,1395.75
2025-04-01,Portsmouth,ENG,1451.86
2025-04-01,Preston,ENG,1496.03
2025-04-01,QPR,ENG,1463.76
2025-04-01,Sheffield United,ENG,1628.8
2025-04-01,Sheffield Weds,ENG,1494.4
2025-04-01,Southampton,ENG,1544.37
2025-04-01,Stoke,ENG,1453.61
2025-04-01,Sunderland,ENG,1554.68
2025-04-01,Swansea,ENG,1464.03
2025-04-01,Tottenham,ENG,1795.24
2025-04-01,Watford,ENG,1478.17
2025-04-01,West Brom,ENG,1551.61
2025-04-01,West Ham,ENG,1739.05
2025-04-01,Wolves,ENG,1696.67
2025-04-15,Arsenal,ENG,2000.47
2025-04-15,Aston Villa,ENG,1844.73
2025-04-15,Blackburn,ENG,1461.59
2025-04-15,Bournemouth,ENG,1788.55
2025-04-15,Brentford,ENG,1773.41
2025-04-15,Brighton,ENG,1776.22
2025-04-15,Bristol City,ENG,1546.27
2025-04-15,Burnley,ENG,1692.7
2025-04-15,Cardiff,ENG,1431.88
2025-04-15,Chelsea,ENG,1849.31
2025-04-15,Coventry,ENG,1545.01
2025-04-15,Crystal Palace,ENG,1803.7
2025-04-15,Derby,ENG,1434.8
2025-04-15,Everton,ENG,1766.83
2025-04-15,Fulham,ENG,1787.51
2025-04-15,Hull,ENG,1487.2
2025-04-15,Ipswich,ENG,1598.5
2025-04-15,Leeds,ENG,1688.38
2025-04-15,Leicester,ENG,1591.92
2025-04-15,Liverpool,ENG,2007.41
2025-04-15,Luton,ENG,1462.47
2025-04-15,Man City,ENG,1925.22
2025-04-15,Man United,ENG,1784.0
2025-04-15,Middlesbrough,ENG,1533.02
2025-04-15,Millwall,ENG,1512.9
2025-04-15,Newcastle,ENG,1858.42
2025-04-15,Norwich,ENG,1506.58
2025-04-15,Nott'm Forest,ENG,1796.89
2025-04-15,Oxford,ENG,1431.08
2025-04-15,Plymouth,ENG,1409.84
2025-04-15,Portsmouth,ENG,1441.12
2025-04-15,Preston,ENG,1477.31
2025-04-15,QPR,ENG,1475.81
2025-04-15,Sheffield United,ENG,1593.56
2025-04-15,Sheffield Weds,ENG,1475.67
2025-04-15,Southampton,ENG,1543.48
2025-04-15,Stoke,ENG,1465.43
2025-04-15,Sunderland,ENG,1553.99
2025-04-15,Swansea,ENG,1492.19
2025-04-15,Tottenham,ENG,1778.63
2025-04-15,Watford,ENG,1476.0
2025-04-15,West Brom,ENG,1542.15
2025-04-15,West Ham,ENG,1730.92
2025-04-15,Wolves,ENG,1724.77
2025-05-01,Arsenal,ENG,1997.35
2025-05-01,Aston Villa,ENG,1855.61
2025-05-01,Blackburn,ENG,1497.4
2025-05-01,Bournemouth,ENG,1792.29
2025-05-01,Brentford,ENG,1786.69
2025-05-01,Brighton,ENG,1776.41
2025-05-01,Bristol City,ENG,1538.02
2025-05-01,Burnley,ENG,1714.82
2025-05-01,Cardiff,ENG,1430.69
2025-05-01,Chelsea,ENG,1865.62
2025-05-01,Coventry,ENG,1535.68
2025-05-01,Crystal Palace,ENG,1800.8
2025-05-01,Derby,ENG,1458.25
2025-05-01,Everton,ENG,1758.6
2025-05-01,Fulham,ENG,1787.45
2025-05-01,Hull,ENG,1480.14
2025-05-01,Ipswich,ENG,1596.27
2025-05-01,Leeds,ENG,1708.44
2025-05-01,Leicester,ENG,1588.48
2025-05-01,Liverpool,ENG,2017.22
2025-05-01,Luton,ENG,1496.02
2025-05-01,Man City,ENG,1941.68
2025-05-01,Man United,ENG,1785.17
2025-05-01,Middlesbrough,ENG,1529.45
2025-05-01,Millwall,ENG,1518.7
2025-05-01,Newcastle,ENG,1864.93
2025-05-01,Norwich,ENG,1488.5
2025-05-01,Nott'm Forest,ENG,1810.1
2025-05-01,Oxford,ENG,1446.53
2025-05-01,Plymouth,ENG,1435.28
2025-05-01,Portsmouth,ENG,1469.63
2025-05-01,Preston,ENG,1454.45
2025-05-01,QPR,ENG,1470.89
2025-05-01,Sheffield United,ENG,1606.57
2025-05-01,Sheffield Weds,ENG,1476.45
2025-05-01,Southampton,ENG,1549.61
2025-05-01,Stoke,ENG,1464.15
2025-05-01,Sunderland,ENG,1526.13
2025-05-01,Swansea,ENG,1505.23
2025-05-01,Tottenham,ENG,1780.19
2025-05-01,Watford,ENG,1462.46
2025-05-01,West Brom,ENG,1518.34
2025-05-01,West Ham,ENG,1723.31
2025-05-01,Wolves,ENG,1745.77
2025-05-15,Arsenal,ENG,1985.45
2025-05-15,Aston Villa,ENG,1877.14
2025-05-15,Blackburn,ENG,1510.24
2025-05-15,Bournemouth,ENG,1806.69
2025-05-15,Brentford,ENG,1820.23
2025-05-15,Brighton,ENG,1797.83
2025-05-15,Bristol City,ENG,1521.11
2025-05-15,Burnley,ENG,1727.23
2025-05-15,Cardiff,ENG,1431.74
2025-05-15,Chelsea,ENG,1880.42
2025-05-15,Coventry,ENG,1543.96
2025-05-15,Crystal Palace,ENG,1820.28
2025-05-15,Derby,ENG,1465.2
2025-05-15,Everton,ENG,1776.2
2025-05-15,Fulham,ENG,1776.09
2025-05-15,Hull,ENG,1489.86
2025-05-15,Ipswich,ENG,1605.94
2025-05-15,Leeds,ENG,1719.99
2025-05-15,Leicester,ENG,1611.09
2025-05-15,Liverpool,ENG,2008.67
2025-05-15,Luton,ENG,1495.67
2025-05-15,Man City,ENG,1945.1
2025-05-15,Man United,ENG,1797.14
2025-05-15,Middlesbrough,ENG,1528.74
2025-05-15,Millwall,ENG,1523.09
2025-05-15,Newcastle,ENG,1882.33
2025-05-15,Norwich,ENG,1504.26
2025-05-15,Nott'm Forest,ENG,1799.76
2025-05-15,Oxford,ENG,1458.14
2025-05-15,Plymouth,ENG,1440.53
2025-05-15,Portsmouth,ENG,1476.71
2025-05-15,Preston,ENG,1466.68
2025-05-15,QPR,ENG,1490.43
2025-05-15,Sheffield United,ENG,1632.01
2025-05-15,Sheffield Weds,ENG,1486.08
2025-05-15,Southampton,ENG,1557.66
2025-05-15,Stoke,ENG,1474.0
2025-05-15,Sunderland,ENG,1532.63
2025-05-15,Swansea,ENG,1510.43
2025-05-15,Tottenham,ENG,1784.55
2025-05-15,Watford,ENG,1469.64
2025-05-15,West Brom,ENG,1535.5
2025-05-15,West Ham,ENG,1747.89
2025-05-15,Wolves,ENG,1739.45
2025-06-01,Arsenal,ENG,1993.34
2025-06-01,Aston Villa,ENG,1872.84
2025-06-01,Blackburn,ENG,1512.61
2025-06-01,Bournemouth,ENG,1808.1
2025-06-01,Brentford,ENG,1811.27
2025-06-01,Brighton,ENG,1827.13
2025-06-01,Bristol City,ENG,1523.48
2025-06-01,Burnley,ENG,1729.6
2025-06-01,Cardiff,ENG,1434.1
2025-06-01,Chelsea,ENG,1902.8
2025-06-01,Coventry,ENG,1546.33
2025-06-01,Crystal Palace,ENG,1835.04
2025-06-01,Derby,ENG,1467.56
2025-06-01,Everton,ENG,1793.98
2025-06-01,Fulham,ENG,1781.72
2025-06-01,Hull,ENG,1492.23
2025-06-01,Ipswich,ENG,1591.07
2025-06-01,Leeds,ENG,1722.36
2025-06-01,Leicester,ENG,1618.57
2025-06-01,Liverpool,ENG,1993.42
2025-06-01,Luton,ENG,1498.03
2025-06-01,Man City,ENG,1959.94
2025-06-01,Man United,ENG,1799.46
2025-06-01,Middlesbrough,ENG,1531.11
2025-06-01,Millwall,ENG,1525.46
2025-06-01,Newcastle,ENG,1868.55
2025-06-01,Norwich,ENG,1506.63
2025-06-01,Nott'm Forest,ENG,1802.87
2025-06-01,Oxford,ENG,1460.51
2025-06-01,Plymouth,ENG,1442.9
2025-06-01,Portsmouth,ENG,1479.08
2025-06-01,Preston,ENG,1469.05
2025-06-01,QPR,ENG,1492.8
2025-06-01,Sheffield United,ENG,1622.27
2025-06-01,Sheffield Weds,ENG,1488.45
2025-06-01,Southampton,ENG,1555.24
2025-06-01,Stoke,ENG,1476.37
2025-06-01,Sunderland,ENG,1547.1
2025-06-01,Swansea,ENG,1512.8
2025-06-01,Tottenham,ENG,1774.01
2025-06-01,Watford,ENG,1472.01
2025-06-01,West Brom,ENG,1537.86
2025-06-01,West Ham,ENG,1750.13
2025-06-01,Wolves,ENG,1735.76
2025-06-15,Arsenal,ENG,1993.34
2025-06-15,Aston Villa,ENG,1872.84
2025-06-15,Barnsley,ENG,1374.05
2025-06-15,Birmingham,ENG,1406.69
2025-06-15,Blackburn,ENG,1512.61
2025-06-15,Blackpool,ENG,1417.94
2025-06-15,Bolton,ENG,1321.84
2025-06-15,Bournemouth,ENG,1808.1
2025-06-15,Bradford,ENG,1323.78
2025-06-15,Brentford,ENG,1811.27
2025-06-15,Brighton,ENG,1827.13
2025-06-15,Bristol City,ENG,1523.48
2025-06-15,Burnley,ENG,1729.6
2025-06-15,Burton,ENG,1373.2
2025-06-15,Cardiff,ENG,1434.1
2025-06-15,Charlton,ENG,1398.32
2025-06-15,Chelsea,ENG,1902.8
2025-06-15,Colchester,ENG,1432.49
2025-06-15,Coventry,ENG,1546.33
2025-06-15,Crewe,ENG,1402.18
2025-06-15,Crystal Palace,ENG,1835.04
2025-06-15,Derby,ENG,1467.56
2025-06-15,Doncaster,ENG,1382.97
2025-06-15,Everton,ENG,1793.98
2025-06-15,Fulham,ENG,1781.72
2025-06-15,Gillingham,ENG,1433.8
2025-06-15,Grimsby,ENG,1352.07
2025-06-15,Huddersfield,ENG,1395.12
2025-06-15,Hull,ENG,1492.23
2025-06-15,Ipswich,ENG,1591.07
2025-06-15,Leeds,ENG,1722.36
2025-06-15,Leicester,ENG,1618.57
2025-06-15,Liverpool,ENG,1993.42
2025-06-15,Luton,ENG,1498.03
2025-06-15,Man City,ENG,1959.94
2025-06-15,Man United,ENG,1799.46
2025-06-15,Middlesbrough,ENG,1531.11
2025-06-15,Millwall,ENG,1525.46
2025-06-15,Milton Keynes Dons,ENG,1345.69
2025-06-15,Newcastle,ENG,1868.55
2025-06-15,Norwich,ENG,1506.63
2025-06-15,Nott'm Forest,ENG,1802.87
2025-06-15,Nottm Forest,ENG,1731.5
2025-06-15,Oxford,ENG,1460.51
2025-06-15,Peterboro,ENG,1391.03
2025-06-15,Plymouth,ENG,1442.9
2025-06-15,Plymouth Argyle,ENG,1381.53
2025-06-15,Port Vale,ENG,1378.04
2025-06-15,Portsmouth,ENG,1479.08
2025-06-15,Preston,ENG,1469.05
2025-06-15,QPR,ENG,1492.8
2025-06-15,Reading,ENG,1427.35
2025-06-15,Rotherham,ENG,1322.3
2025-06-15,Scunthorpe,ENG,1355.15
2025-06-15,Sheffield United,ENG,1622.27
2025-06-15,Sheffield Weds,ENG,1488.45
2025-06-15,Southampton,ENG,1555.24
2025-06-15,Southend,ENG,1386.46
2025-06-15,Stockport,ENG,1317.89
2025-06-15,Stoke,ENG,1476.37
2025-06-15,Sunderland,ENG,1547.1
2025-06-15,Swansea,ENG,1512.8
2025-06-15,Swindon,ENG,1368.68
2025-06-15,Tottenham,ENG,1774.01
2025-06-15,Tranmere,ENG,1374.39
2025-06-15,Walsall,ENG,1375.28
2025-06-15,Watford,ENG,1472.01
2025-06-15,West Brom,ENG,1537.86
2025-06-15,West Ham,ENG,1750.13
2025-06-15,Wigan,ENG,1418.15
2025-06-15,Wimbledon,ENG,1332.15
2025-06-15,Wolves,ENG,1735.76
2025-06-15,Wycombe,ENG,1428.67
2025-06-15,Yeovil,ENG,1373.17
2025-07-01,Arsenal,ENG,1993.34
2025-07-01,Aston Villa,ENG,1872.84
2025-07-01,Barnsley,ENG,1374.05
2025-07-01,Birmingham,ENG,1406.69
2025-07-01,Blackburn,ENG,1512.61
2025-07-01,Blackpool,ENG,1417.94
2025-07-01,Bolton,ENG,1321.84
2025-07-01,Bournemouth,ENG,1808.1
2025-07-01,Bradford,ENG,1323.78
2025-07-01,Brentford,ENG,1811.27
2025-07-01,Brighton,ENG,1827.13
2025-07-01,Bristol City,ENG,1523.48
2025-07-01,Burnley,ENG,1729.6
2025-07-01,Burton,ENG,1373.2
2025-07-01,Cardiff,ENG,1434.1
2025-07-01,Charlton,ENG,1398.32
2025-07-01,Chelsea,ENG,1902.8
2025-07-01,Colchester,ENG,1432.49
2025-07-01,Coventry,ENG,1546.33
2025-07-01,Crewe,ENG,1402.18
2025-07-01,Crystal Palace,ENG,1835.04
2025-07-01,Derby,ENG,1467.56
2025-07-01,Doncaster,ENG,1382.97
2025-07-01,Everton,ENG,1793.98
2025-07-01,Fulham,ENG,1781.72
2025-07-01,Gillingham,ENG,1433.8
2025-07-01,Grimsby,ENG,1352.07
2025-07-01,Huddersfield,ENG,1395.12
2025-07-01,Hull,ENG,1492.23
2025-07-01,Ipswich,ENG,1591.07
2025-07-01,Leeds,ENG,1722.36
2025-07-01,Leicester,ENG,1618.57
2025-07-01,Liverpool,ENG,1993.42
2025-07-01,Luton,ENG,1498.03
2025-07-01,Man City,ENG,1959.94
2025-07-01,Man United,ENG,1799.46
2025-07-01,Middlesbrough,ENG,1531.11
2025-07-01,Millwall,ENG,1525.46
2025-07-01,Milton Keynes Dons,ENG,1345.69
2025-07-01,Newcastle,ENG,1868.55
2025-07-01,Norwich,ENG,1506.63
2025-07-01,Nott'm Forest,ENG,1802.87
2025-07-01,Nottm Forest,ENG,1731.5
2025-07-01,Oxford,ENG,1460.51
2025-07-01,Peterboro,ENG,1391.03
2025-07-01,Plymouth,ENG,1442.9
2025-07-01,Plymouth Argyle,ENG,1381.53
2025-07-01,Port Vale,ENG,1378.04
2025-07-01,Portsmouth,ENG,1479.08
2025-07-01,Preston,ENG,1469.05
2025-07-01,QPR,ENG,1492.8
2025-07-01,Reading,ENG,1427.35
2025-07-01,Rotherham,ENG,1322.3
2025-07-01,Scunthorpe,ENG,1355.15
2025-07-01,Sheffield United,ENG,1622.27
2025-07-01,Sheffield Weds,ENG,1488.45
2025-07-01,Southampton,ENG,1555.24
2025-07-01,Southend,ENG,1386.46
2025-07-01,Stockport,ENG,1317.89
2025-07-01,Stoke,ENG,1476.37
2025-07-01,Sunderland,ENG,1547.1
2025-07-01,Swansea,ENG,1512.8
2025-07-01,Swindon,ENG,1368.68
2025-07-01,Tottenham,ENG,1774.01
2025-07-01,Tranmere,ENG,1374.39
2025-07-01,Walsall,ENG,1375.28
2025-07-01,Watford,ENG,1472.01
2025-07-01,West Brom,ENG,1537.86
2025-07-01,West Ham,ENG,1750.13
2025-07-01,Wigan,ENG,1418.15
2025-07-01,Wimbledon,ENG,1332.15
2025-07-01,Wolves,ENG,1735.76
2025-07-01,Wycombe,ENG,1428.67
2025-07-01,Yeovil,ENG,1373.17
2025-07-15,Arsenal,ENG,1993.34
2025-07-15,Aston Villa,ENG,1872.84
2025-07-15,Barnsley,ENG,1374.05
2025-07-15,Birmingham,ENG,1406.69
2025-07-15,Blackburn,ENG,1512.61
2025-07-15,Blackpool,ENG,1417.94
2025-07-15,Bolton,ENG,1321.84
2025-07-15,Bournemouth,ENG,1808.1
2025-07-15,Bradford,ENG,1323.78
2025-07-15,Brentford,ENG,1811.27
2025-07-15,Brighton,ENG,1827.13
2025-07-15,Bristol City,ENG,1523.48
2025-07-15,Burnley,ENG,1729.6
2025-07-15,Burton,ENG,1373.2
2025-07-15,Cardiff,ENG,1434.1
2025-07-15,Charlton,ENG,1398.32
2025-07-15,Chelsea,ENG,1902.8
2025-07-15,Colchester,ENG,1432.49
2025-07-15,Coventry,ENG,1546.33
2025-07-15,Crewe,ENG,1402.18
2025-07-15,Crystal Palace,ENG,1835.04
2025-07-15,Derby,ENG,1467.56
2025-07-15,Doncaster,ENG,1382.97
2025-07-15,Everton,ENG,1793.98
2025-07-15,Fulham,ENG,1781.72
2025-07-15,Gillingham,ENG,1433.8
2025-07-15,Grimsby,ENG,1352.07
2025-07-15,Huddersfield,ENG,1395.12
2025-07-15,Hull,ENG,1492.23
2025-07-15,Ipswich,ENG,1591.07
2025-07-15,Leeds,ENG,1722.36
2025-07-15,Leicester,ENG,1618.57
2025-07-15,Liverpool,ENG,1993.42
2025-07-15,Luton,ENG,1498.03
2025-07-15,Man City,ENG,1959.94
2025-07-15,Man United,ENG,1799.46
2025-07-15,Middlesbrough,ENG,1531.11
2025-07-15,Millwall,ENG,1525.46
2025-07-15,Milton Keynes Dons,ENG,1345.69
2025-07-15,Newcastle,ENG,1868.55
2025-07-15,Norwich,ENG,1506.63
2025-07-15,Nott'm Forest,ENG,1802.87
2025-07-15,Nottm Forest,ENG,1731.5
2025-07-15,Oxford,ENG,1460.51
2025-07-15,Peterboro,ENG,1391.03
2025-07-15,Plymouth,ENG,1442.9
2025-07-15,Plymouth Argyle,ENG,1381.53
2025-07-15,Port Vale,ENG,1378.04
2025-07-15,Portsmouth,ENG,1479.08
2025-07-15,Preston,ENG,1469.05
2025-07-15,QPR,ENG,1492.8
2025-07-15,Reading,ENG,1427.35
2025-07-15,Rotherham,ENG,1322.3
2025-07-15,Scunthorpe,ENG,1355.15
2025-07-15,Sheffield United,ENG,1622.27
2025-07-15,Sheffield Weds,ENG,1488.45
2025-07-15,Southampton,ENG,1555.24
2025-07-15,Southend,ENG,1386.46
2025-07-15,Stockport,ENG,1317.89
2025-07-15,Stoke,ENG,1476.37
2025-07-15,Sunderland,ENG,1547.1
2025-07-15,Swansea,ENG,1512.8
2025-07-15,Swindon,ENG,1368.68
2025-07-15,Tottenham,ENG,1774.01
2025-07-15,Tranmere,ENG,1374.39
2025-07-15,Walsall,ENG,1375.28
2025-07-15,Watford,ENG,1472.01
2025-07-15,West Brom,ENG,1537.86
2025-07-15,West Ham,ENG,1750.13
2025-07-15,Wigan,ENG,1418.15
2025-07-15,Wimbledon,ENG,1332.15
2025-07-15,Wolves,ENG,1735.76
2025-07-15,Wycombe,ENG,1428.67
2025-07-15,Yeovil,ENG,1373.17
2025-08-01,Arsenal,ENG,1993.34
2025-08-01,Aston Villa,ENG,1872.84
2025-08-01,Barnsley,ENG,1374.05
2025-08-01,Birmingham,ENG,1406.69
2025-08-01,Blackburn,ENG,1512.61
2025-08-01,Blackpool,ENG,1417.94
2025-08-01,Bolton,ENG,1321.84
2025-08-01,Bournemouth,ENG,1808.1
2025-08-01,Bradford,ENG,1323.78
2025-08-01,Brentford,ENG,1811.27
2025-08-01,Brighton,ENG,1827.13
2025-08-01,Bristol City,ENG,1523.48
2025-08-01,Burnley,ENG,1729.6
2025-08-01,Burton,ENG,1373.2
2025-08-01,Cardiff,ENG,1434.1
2025-08-01,Charlton,ENG,1398.32
2025-08-01,Chelsea,ENG,1902.8
2025-08-01,Colchester,ENG,1432.49
2025-08-01,Coventry,ENG,1546.33
2025-08-01,Crewe,ENG,1402.18
2025-08-01,Crystal Palace,ENG,1835.04
2025-08-01,Derby,ENG,1467.56
2025-08-01,Doncaster,ENG,1382.97
2025-08-01,Everton,ENG,1793.98
2025-08-01,Fulham,ENG,1781.72
2025-08-01,Gillingham,ENG,1433.8
2025-08-01,Grimsby,ENG,1352.07
2025-08-01,Huddersfield,ENG,1395.12
2025-08-01,Hull,ENG,1492.23
2025-08-01,Ipswich,ENG,1591.07
2025-08-01,Leeds,ENG,1722.36
2025-08-01,Leicester,ENG,1618.57
2025-08-01,Liverpool,ENG,1993.42
2025-08-01,Luton,ENG,1498.03
2025-08-01,Man City,ENG,1959.94
2025-08-01,Man United,ENG,1799.46
2025-08-01,Middlesbrough,ENG,1531.11
2025-08-01,Millwall,ENG,1525.46
2025-08-01,Milton Keynes Dons,ENG,1345.69
2025-08-01,Newcastle,ENG,1868.55
2025-08-01,Norwich,ENG,1506.63
2025-08-01,Nott'm Forest,ENG,1802.87
2025-08-01,Nottm Forest,ENG,1731.5
2025-08-01,Oxford,ENG,1460.51
2025-08-01,Peterboro,ENG,1391.03
2025-08-01,Plymouth,ENG,1442.9
2025-08-01,Plymouth Argyle,ENG,1381.53
2025-08-01,Port Vale,ENG,1378.04
2025-08-01,Portsmouth,ENG,1479.08
2025-08-01,Preston,ENG,1469.05
2025-08-01,QPR,ENG,1492.8
2025-08-01,Reading,ENG,1427.35
2025-08-01,Rotherham,ENG,1322.3
2025-08-01,Scunthorpe,ENG,1355.15
2025-08-01,Sheffield United,ENG,1622.27
2025-08-01,Sheffield Weds,ENG,1488.45
2025-08-01,Southampton,ENG,1555.24
2025-08-01,Southend,ENG,1386.46
2025-08-01,Stockport,ENG,1317.89
2025-08-01,Stoke,ENG,1476.37
2025-08-01,Sunderland,ENG,1547.1
2025-08-01,Swansea,ENG,1512.8
2025-08-01,Swindon,ENG,1368.68
2025-08-01,Tottenham,ENG,1774.01
2025-08-01,Tranmere,ENG,1374.39
2025-08-01,Walsall,ENG,1375.28
2025-08-01,Watford,ENG,1472.01
2025-08-01,West Brom,ENG,1537.86
2025-08-01,West Ham,ENG,1750.13
2025-08-01,Wigan,ENG,1418.15
2025-08-01,Wimbledon,ENG,1332.15
2025-08-01,Wolves,ENG,1735.76
2025-08-01,Wycombe,ENG,1428.67
2025-08-01,Yeovil,ENG,1373.17
2025-08-15,AFC Wimbledon,ENG,1500.36
2025-08-15,Accrington,ENG,1485.94
2025-08-15,Aldershot,ENG,1491.71
2025-08-15,Altrincham,ENG,1508.29
2025-08-15,Arsenal,ENG,1993.34
2025-08-15,Aston Villa,ENG,1872.84
2025-08-15,Barnet,ENG,1480.37
2025-08-15,Barnsley,ENG,1395.82
2025-08-15,Barrow,ENG,1476.44
2025-08-15,Birmingham,ENG,1410.12
2025-08-15,Blackburn,ENG,1505.02
2025-08-15,Blackpool,ENG,1402.39
2025-08-15,Bolton,ENG,1325.03
2025-08-15,Boreham Wood,ENG,1488.29
2025-08-15,Bournemouth,ENG,1808.1
2025-08-15,Brackley Town,ENG,1508.29
2025-08-15,Bradford,ENG,1340.55
2025-08-15,Braintree Town,ENG,1508.29
2025-08-15,Brentford,ENG,1811.27
2025-08-15,Brighton,ENG,1827.13
2025-08-15,Bristol City,ENG,1537.76
2025-08-15,Bristol Rvs,ENG,1480.65
2025-08-15,Bromley,ENG,1509.63
2025-08-15,Burnley,ENG,1729.6
2025-08-15,Burton,ENG,1376.88
2025-08-15,Cambridge,ENG,1495.82
2025-08-15,Cardiff,ENG,1440.84
2025-08-15,Carlisle,ENG,1511.71
2025-08-15,Charlton,ENG,1408.71
2025-08-15,Chelsea,ENG,1902.8
2025-08-15,Cheltenham,ENG,1480.47
2025-08-15,Chesterfield,ENG,1519.53
2025-08-15,Colchester,ENG,1432.75
2025-08-15,Coventry,ENG,1543.16
2025-08-15,Crawley Town,ENG,1476.11
2025-08-15,Crewe,ENG,1427.01
2025-08-15,Crystal Palace,ENG,1835.04
2025-08-15,Derby,ENG,1459.52
2025-08-15,Doncaster,ENG,1408.75
2025-08-15,Eastleigh,ENG,1491.71
2025-08-15,Everton,ENG,1793.98
2025-08-15,Exeter,ENG,1494.55
2025-08-15,Fleetwood Town,ENG,1519.35
2025-08-15,Forest Green,ENG,1501.71
2025-08-15,Fulham,ENG,1781.72
2025-08-15,Gateshead,ENG,1485.38
2025-08-15,Gillingham,ENG,1444.12
2025-08-15,Grimsby,ENG,1369.89
2025-08-15,Halifax,ENG,1491.71
2025-08-15,Harrogate,ENG,1506.37
2025-08-15,Hartlepool,ENG,1498.1
2025-08-15,Huddersfield,ENG,1418.52
2025-08-15,Hull,ENG,1495.4
2025-08-15,Ipswich,ENG,1587.64
2025-08-15,Leeds,ENG,1722.36
2025-08-15,Leicester,ENG,1623.59
2025-08-15,Leyton Orient,ENG,1495.39
2025-08-15,Lincoln,ENG,1497.65
2025-08-15,Liverpool,ENG,1993.42
2025-08-15,Luton,ENG,1514.6
2025-08-15,Man City,ENG,1959.94
2025-08-15,Man United,ENG,1799.46
2025-08-15,Mansfield,ENG,1473.95
2025-08-15,Middlesbrough,ENG,1538.89
2025-08-15,Millwall,ENG,1536.64
2025-08-15,Milton Keynes Dons,ENG,1363.61
2025-08-15,Newcastle,ENG,1868.55
2025-08-15,Newport County,ENG,1509.7
2025-08-15,Northampton,ENG,1483.88
2025-08-15,Norwich,ENG,1495.45
2025-08-15,Nott'm Forest,ENG,1802.87
2025-08-15,Nottm Forest,ENG,1731.5
2025-08-15,Notts County,ENG,1489.56
2025-08-15,Oldham,ENG,1493.82
2025-08-15,Oxford,ENG,1449.32
2025-08-15,Peterboro,ENG,1375.69
2025-08-15,Plymouth,ENG,1417.76
2025-08-15,Plymouth Argyle,ENG,1381.53
2025-08-15,Port Vale,ENG,1368.54
2025-08-15,Portsmouth,ENG,1490.27
2025-08-15,Preston,ENG,1471.41
2025-08-15,QPR,ENG,1490.44
2025-08-15,Reading,ENG,1408.88
2025-08-15,Rochdale,ENG,1511.71
2025-08-15,Rotherham,ENG,1328.11
2025-08-15,Salford,ENG,1497.9
2025-08-15,Scunthorpe,ENG,1370.45
2025-08-15,Sheffield United,ENG,1607.99
2025-08-15,Sheffield Weds,ENG,1483.43
2025-08-15,Shrewsbury,ENG,1486.56
2025-08-15,Solihull,ENG,1498.29
2025-08-15,Southampton,ENG,1562.04
2025-08-15,Southend,ENG,1401.08
2025-08-15,Stevenage,ENG,1513.43
2025-08-15,Stockport,ENG,1340.38
2025-08-15,Stoke,ENG,1484.41
2025-08-15,Sunderland,ENG,1547.1
2025-08-15,Sutton,ENG,1501.71
2025-08-15,Swansea,ENG,1505.02
2025-08-15,Swindon,ENG,1373.05
2025-08-15,Tamworth,ENG,1484.7
2025-08-15,Tottenham,ENG,1774.01
2025-08-15,Tranmere,ENG,1389.39
2025-08-15,Truro,ENG,1491.71
2025-08-15,Walsall,ENG,1376.55
2025-08-15,Watford,ENG,1461.62
2025-08-15,Wealdstone,ENG,1508.29
2025-08-15,West Brom,ENG,1545.45
2025-08-15,West Ham,ENG,1750.13
2025-08-15,Wigan,ENG,1422.1
2025-08-15,Wimbledon,ENG,1332.15
2025-08-15,Woking,ENG,1488.29
2025-08-15,Wolves,ENG,1735.76
2025-08-15,Wrexham,ENG,1493.2
2025-08-15,Wycombe,ENG,1403.29
2025-08-15,Yeovil,ENG,1375.07
2025-08-15,York,ENG,1498.29
2025-09-01,AFC Wimbledon,ENG,1489.78
2025-09-01,Accrington,ENG,1475.22
2025-09-01,Aldershot,ENG,1492.34
2025-09-01,Altrincham,ENG,1480.94
2025-09-01,Arsenal,ENG,1994.11
2025-09-01,Aston Villa,ENG,1848.38
2025-09-01,Barnet,ENG,1483.32
2025-09-01,Barnsley,ENG,1406.6
2025-09-01,Barrow,ENG,1476.71
2025-09-01,Birmingham,ENG,1429.17
2025-09-01,Blackburn,ENG,1490.98
2025-09-01,Blackpool,ENG,1393.05
2025-09-01,Bolton,ENG,1335.85
2025-09-01,Boreham Wood,ENG,1508.57
2025-09-01,Boston Utd,ENG,1489.81
2025-09-01,Bournemouth,ENG,1821.84
2025-09-01,Brackley Town,ENG,1501.59
2025-09-01,Bradford,ENG,1378.84
2025-09-01,Braintree Town,ENG,1488.56
2025-09-01,Brentford,ENG,1797.86
2025-09-01,Brighton,ENG,1826.86
2025-09-01,Bristol City,ENG,1539.3
2025-09-01,Bristol Rvs,ENG,1490.42
2025-09-01,Bromley,ENG,1527.5
2025-09-01,Burnley,ENG,1720.4
2025-09-01,Burton,ENG,1357.46
2025-09-01,Cambridge,ENG,1503.14
2025-09-01,Cardiff,ENG,1479.28
2025-09-01,Carlisle,ENG,1517.37
2025-09-01,Charlton,ENG,1400.95
2025-09-01,Chelsea,ENG,1911.56
2025-09-01,Cheltenham,ENG,1450.3
2025-09-01,Chesterfield,ENG,1524.0
2025-09-01,Colchester,ENG,1428.42
2025-09-01,Coventry,ENG,1557.01
2025-09-01,Crawley Town,ENG,1452.48
2025-09-01,Crewe,ENG,1429.3
2025-09-01,Crystal Palace,ENG,1848.49
2025-09-01,Derby,ENG,1455.68
2025-09-01,Doncaster,ENG,1415.42
2025-09-01,Eastleigh,ENG,1500.67
2025-09-01,Everton,ENG,1802.82
2025-09-01,Exeter,ENG,1487.84
2025-09-01,Fleetwood Town,ENG,1515.68
2025-09-01,Forest Green,ENG,1534.1
2025-09-01,Fulham,ENG,1778.02
2025-09-01,Gateshead,ENG,1503.81
2025-09-01,Gillingham,ENG,1475.35
2025-09-01,Grimsby,ENG,1388.69
2025-09-01,Halifax,ENG,1489.67
2025-09-01,Harrogate,ENG,1495.9
2025-09-01,Hartlepool,ENG,1521.77
2025-09-01,Huddersfield,ENG,1420.23
2025-09-01,Hull,ENG,1483.25
2025-09-01,Ipswich,ENG,1569.21
2025-09-01,Leeds,ENG,1732.1
2025-09-01,Leicester,ENG,1621.17
2025-09-01,Leyton Orient,ENG,1478.72
2025-09-01,Lincoln,ENG,1509.3
2025-09-01,Liverpool,ENG,2013.64
2025-09-01,Luton,ENG,1502.81
2025-09-01,Man City,ENG,1937.35
2025-09-01,Man United,ENG,1801.09
2025-09-01,Mansfield,ENG,1503.0
2025-09-01,Middlesbrough,ENG,1569.93
2025-09-01,Millwall,ENG,1525.35
2025-09-01,Milton Keynes Dons,ENG,1382.0
2025-09-01,Morecambe,ENG,1486.12
2025-09-01,Newcastle,ENG,1860.23
2025-09-01,Newport County,ENG,1463.88
2025-09-01,Northampton,ENG,1486.67
2025-09-01,Norwich,ENG,1508.43
2025-09-01,Nott'm Forest,ENG,1799.91
2025-09-01,Nottm Forest,ENG,1731.5
2025-09-01,Notts County,ENG,1497.39
2025-09-01,Oldham,ENG,1470.77
2025-09-01,Oxford,ENG,1435.35
2025-09-01,Peterboro,ENG,1351.03
2025-09-01,Plymouth,ENG,1403.85
2025-09-01,Plymouth Argyle,ENG,1381.53
2025-09-01,Port Vale,ENG,1345.36
2025-09-01,Portsmouth,ENG,1491.1
2025-09-01,Preston,ENG,1486.54
2025-09-01,QPR,ENG,1481.42
2025-09-01,Reading,ENG,1408.03
2025-09-01,Rochdale,ENG,1536.7
2025-09-01,Rotherham,ENG,1317.82
2025-09-01,Salford,ENG,1501.84
2025-09-01,Scunthorpe,ENG,1401.95
2025-09-01,Sheffield United,ENG,1574.23
2025-09-01,Sheffield Weds,ENG,1463.18
2025-09-01,Shrewsbury,ENG,1453.38
2025-09-01,Solihull,ENG,1467.74
2025-09-01,Southampton,ENG,1550.42
2025-09-01,Southend,ENG,1440.42
2025-09-01,Stevenage,ENG,1522.1
2025-09-01,Stockport,ENG,1347.61
2025-09-01,Stoke,ENG,1499.12
2025-09-01,Sunderland,ENG,1571.75
2025-09-01,Sutton,ENG,1480.03
2025-09-01,Swansea,ENG,1523.89
2025-09-01,Swindon,ENG,1402.27
2025-09-01,Tamworth,ENG,1473.56
2025-09-01,Tottenham,ENG,1785.82
2025-09-01,Tranmere,ENG,1393.62
2025-09-01,Truro,ENG,1460.91
2025-09-01,Walsall,ENG,1402.99
2025-09-01,Watford,ENG,1474.16
2025-09-01,Wealdstone,ENG,1494.36
2025-09-01,West Brom,ENG,1562.44
2025-09-01,West Ham,ENG,1743.05
2025-09-01,Wigan,ENG,1417.85
2025-09-01,Wimbledon,ENG,1332.15
2025-09-01,Woking,ENG,1471.67
2025-09-01,Wolves,ENG,1714.11
2025-09-01,Wrexham,ENG,1494.22
2025-09-01,Wycombe,ENG,1388.87
2025-09-01,Yeovil,ENG,1363.12
2025-09-01,York,ENG,1509.03
2025-09-15,AFC Wimbledon,ENG,1481.82
2025-09-15,Accrington,ENG,1473.44
2025-09-15,Aldershot,ENG,1484.27
2025-09-15,Altrincham,ENG,1493.32
2025-09-15,Arsenal,ENG,1997.87
2025-09-15,Aston Villa,ENG,1848.8
2025-09-15,Barnet,ENG,1481.37
2025-09-15,Barnsley,ENG,1414.93
2025-09-15,Barrow,ENG,1455.78
2025-09-15,Birmingham,ENG,1422.74
2025-09-15,Blackburn,ENG,1502.21
2025-09-15,Blackpool,ENG,1387.2
2025-09-15,Bolton,ENG,1353.64
2025-09-15,Boreham Wood,ENG,1534.15
2025-09-15,Boston Utd,ENG,1480.31
2025-09-15,Bournemouth,ENG,1830.27
2025-09-15,Brackley Town,ENG,1494.36
2025-09-15,Bradford,ENG,1381.41
2025-09-15,Braintree Town,ENG,1459.62
2025-09-15,Brentford,ENG,1799.4
2025-09-15,Brighton,ENG,1818.43
2025-09-15,Bristol City,ENG,1548.84
2025-09-15,Bristol Rvs,ENG,1508.63
2025-09-15,Bromley,ENG,1514.93
2025-09-15,Burnley,ENG,1716.26
2025-09-15,Burton,ENG,1349.94
2025-09-15,Cambridge,ENG,1489.67
2025-09-15,Cardiff,ENG,1477.06
2025-09-15,Carlisle,ENG,1542.19
2025-09-15,Charlton,ENG,1402.78
2025-09-15,Chelsea,ENG,1910.03
2025-09-15,Cheltenham,ENG,1451.17
2025-09-15,Chesterfield,ENG,1507.03
2025-09-15,Colchester,ENG,1419.52
2025-09-15,Coventry,ENG,1553.99
2025-09-15,Crawley Town,ENG,1473.49
2025-09-15,Crewe,ENG,1420.41
2025-09-15,Crystal Palace,ENG,1841.01
2025-09-15,Derby,ENG,1470.14
2025-09-15,Doncaster,ENG,1414.4
2025-09-15,Eastleigh,ENG,1493.26
2025-09-15,Everton,ENG,1802.4
2025-09-15,Exeter,ENG,1459.64
2025-09-15,Fleetwood Town,ENG,1502.75
2025-09-15,Forest Green,ENG,1546.87
2025-09-15,Fulham,ENG,1785.07
2025-09-15,Gateshead,ENG,1484.6
2025-09-15,Gillingham,ENG,1487.54
2025-09-15,Grimsby,ENG,1401.08
2025-09-15,Halifax,ENG,1476.33
2025-09-15,Harrogate,ENG,1472.81
2025-09-15,Hartlepool,ENG,1509.34
2025-09-15,Huddersfield,ENG,1416.81
2025-09-15,Hull,ENG,1486.07
2025-09-15,Ipswich,ENG,1577.64
2025-09-15,Leeds,ENG,1725.06
2025-09-15,Leicester,ENG,1617.7
2025-09-15,Leyton Orient,ENG,1481.48
2025-09-15,Lincoln,ENG,1512.72
2025-09-15,Liverpool,ENG,2017.78
2025-09-15,Luton,ENG,1488.69
2025-09-15,Man City,ENG,1942.24
2025-09-15,Man United,ENG,1796.2
2025-09-15,Mansfield,ENG,1490.61
2025-09-15,Middlesbrough,ENG,1569.26
2025-09-15,Millwall,ENG,1523.52
2025-09-15,Milton Keynes Dons,ENG,1375.71
2025-09-15,Morecambe,ENG,1470.31
2025-09-15,Newcastle,ENG,1864.91
2025-09-15,Newport County,ENG,1452.78
2025-09-15,Northampton,ENG,1492.51
2025-09-15,Norwich,ENG,1511.45
2025-09-15,Nott'm Forest,ENG,1796.15
2025-09-15,Nottm Forest,ENG,1731.5
2025-09-15,Notts County,ENG,1497.12
2025-09-15,Oldham,ENG,1492.82
2025-09-15,Oxford,ENG,1438.82
2025-09-15,Peterboro,ENG,1354.46
2025-09-15,Plymouth,ENG,1424.74
2025-09-15,Plymouth Argyle,ENG,1381.53
2025-09-15,Port Vale,ENG,1352.58
2025-09-15,Portsmouth,ENG,1494.41
2025-09-15,Preston,ENG,1487.21
2025-09-15,QPR,ENG,1493.49
2025-09-15,Reading,ENG,1399.7
2025-09-15,Rochdale,ENG,1552.52
2025-09-15,Rotherham,ENG,1326.21
2025-09-15,Salford,ENG,1517.88
2025-09-15,Scunthorpe,ENG,1418.25
2025-09-15,Sheffield United,ENG,1565.8
2025-09-15,Sheffield Weds,ENG,1453.65
2025-09-15,Shrewsbury,ENG,1455.38
2025-09-15,Solihull,ENG,1464.46
2025-09-15,Southampton,ENG,1547.12
2025-09-15,Southend,ENG,1442.72
2025-09-15,Stevenage,ENG,1522.94
2025-09-15,Stockport,ENG,1343.05
2025-09-15,Stoke,ENG,1505.55
2025-09-15,Sunderland,ENG,1579.23
2025-09-15,Sutton,ENG,1450.5
2025-09-15,Swansea,ENG,1521.07
2025-09-15,Swindon,ENG,1426.16
2025-09-15,Tamworth,ENG,1497.73
2025-09-15,Tottenham,ENG,1796.32
2025-09-15,Tranmere,ENG,1388.25
2025-09-15,Truro,ENG,1444.48
2025-09-15,Walsall,ENG,1418.85
2025-09-15,Watford,ENG,1462.93
2025-09-15,Wealdstone,ENG,1488.15
2025-09-15,West Brom,ENG,1547.97
2025-09-15,West Ham,ENG,1732.56
2025-09-15,Wigan,ENG,1430.26
2025-09-15,Wimbledon,ENG,1332.15
2025-09-15,Woking,ENG,1471.15
2025-09-15,Wolves,ENG,1709.43
2025-09-15,Wrexham,ENG,1482.15
2025-09-15,Wycombe,ENG,1390.53
2025-09-15,Yeovil,ENG,1381.08
2025-09-15,York,ENG,1534.81
2025-10-01,AFC Wimbledon,ENG,1497.54
2025-10-01,Accrington,ENG,1469.14
2025-10-01,Aldershot,ENG,1468.63
2025-10-01,Altrincham,ENG,1462.73
2025-10-01,Arsenal,ENG,2002.69
2025-10-01,Aston Villa,ENG,1850.35
2025-10-01,Barnet,ENG,1489.68
2025-10-01,Barnsley,ENG,1393.02
2025-10-01,Barrow,ENG,1474.89
2025-10-01,Birmingham,ENG,1428.02
2025-10-01,Blackburn,ENG,1480.31
2025-10-01,Blackpool,ENG,1389.1
2025-10-01,Bolton,ENG,1358.82
2025-10-01,Boreham Wood,ENG,1543.92
2025-10-01,Boston Utd,ENG,1479.26
2025-10-01,Bournemouth,ENG,1828.59
2025-10-01,Brackley Town,ENG,1498.66
2025-10-01,Bradford,ENG,1403.92
2025-10-01,Braintree Town,ENG,1454.36
2025-10-01,Brentford,ENG,1799.47
2025-10-01,Brighton,ENG,1830.0
2025-10-01,Bristol City,ENG,1534.66
2025-10-01,Bristol Rvs,ENG,1516.53
2025-10-01,Bromley,ENG,1502.06
2025-10-01,Burnley,ENG,1713.64
2025-10-01,Burton,ENG,1358.35
2025-10-01,Cambridge,ENG,1496.69
2025-10-01,Cardiff,ENG,1458.37
2025-10-01,Carlisle,ENG,1532.06
2025-10-01,Charlton,ENG,1431.73
2025-10-01,Chelsea,ENG,1884.61
2025-10-01,Cheltenham,ENG,1431.05
2025-10-01,Chesterfield,ENG,1515.46
2025-10-01,Colchester,ENG,1414.03
2025-10-01,Coventry,ENG,1562.56
2025-10-01,Crawley Town,ENG,1454.07
2025-10-01,Crewe,ENG,1423.99
2025-10-01,Crystal Palace,ENG,1862.73
2025-10-01,Derby,ENG,1459.0
2025-10-01,Doncaster,ENG,1398.35
2025-10-01,Eastleigh,ENG,1499.68
2025-10-01,Everton,ENG,1795.3
2025-10-01,Exeter,ENG,1440.25
2025-10-01,Fleetwood Town,ENG,1500.43
2025-10-01,Forest Green,ENG,1563.34
2025-10-01,Fulham,ENG,1786.82
2025-10-01,Gateshead,ENG,1484.78
2025-10-01,Gillingham,ENG,1486.07
2025-10-01,Grimsby,ENG,1404.5
2025-10-01,Halifax,ENG,1507.43
2025-10-01,Harrogate,ENG,1492.81
2025-10-01,Hartlepool,ENG,1509.26
2025-10-01,Huddersfield,ENG,1426.11
2025-10-01,Hull,ENG,1485.28
2025-10-01,Ipswich,ENG,1583.76
2025-10-01,Leeds,ENG,1737.28
2025-10-01,Leicester,ENG,1609.08
2025-10-01,Leyton Orient,ENG,1460.82
2025-10-01,Lincoln,ENG,1527.76
2025-10-01,Liverpool,ENG,2008.08
2025-10-01,Luton,ENG,1486.2
2025-10-01,Man City,ENG,1948.64
2025-10-01,Man United,ENG,1798.97
2025-10-01,Mansfield,ENG,1482.73
2025-10-01,Middlesbrough,ENG,1573.66
2025-10-01,Millwall,ENG,1531.32
2025-10-01,Milton Keynes Dons,ENG,1380.64
2025-10-01,Morecambe,ENG,1446.98
2025-10-01,Newcastle,ENG,1857.6
2025-10-01,Newport County,ENG,1435.55
2025-10-01,Northampton,ENG,1486.61
2025-10-01,Norwich,ENG,1500.59
2025-10-01,Nott'm Forest,ENG,1779.05
2025-10-01,Nottm Forest,ENG,1731.5
2025-10-01,Notts County,ENG,1493.85
2025-10-01,Oldham,ENG,1501.2
2025-10-01,Oxford,ENG,1444.41
2025-10-01,Peterboro,ENG,1360.64
2025-10-01,Plymouth,ENG,1421.23
2025-10-01,Plymouth Argyle,ENG,1381.53
2025-10-01,Port Vale,ENG,1377.62
2025-10-01,Portsmouth,ENG,1475.8
2025-10-01,Preston,ENG,1499.15
2025-10-01,QPR,ENG,1502.82
2025-10-01,Reading,ENG,1410.44
2025-10-01,Rochdale,ENG,1570.1
2025-10-01,Rotherham,ENG,1310.64
2025-10-01,Salford,ENG,1515.03
2025-10-01,Scunthorpe,ENG,1440.8
2025-10-01,Sheffield United,ENG,1546.75
2025-10-01,Sheffield Weds,ENG,1466.43
2025-10-01,Shrewsbury,ENG,1433.73
2025-10-01,Solihull,ENG,1468.58
2025-10-01,Southampton,ENG,1548.84
2025-10-01,Southend,ENG,1428.45
2025-10-01,Stevenage,ENG,1539.57
2025-10-01,Stockport,ENG,1354.18
2025-10-01,Stoke,ENG,1499.15
2025-10-01,Sunderland,ENG,1601.15
2025-10-01,Sutton,ENG,1431.94
2025-10-01,Swansea,ENG,1520.05
2025-10-01,Swindon,ENG,1431.21
2025-10-01,Tamworth,ENG,1502.68
2025-10-01,Tottenham,ENG,1794.32
2025-10-01,Tranmere,ENG,1382.44
2025-10-01,Truro,ENG,1428.06
2025-10-01,Walsall,ENG,1439.52
2025-10-01,Watford,ENG,1465.69
2025-10-01,Wealdstone,ENG,1480.18
2025-10-01,West Brom,ENG,1540.67
2025-10-01,West Ham,ENG,1727.65
2025-10-01,Wigan,ENG,1409.29
2025-10-01,Wimbledon,ENG,1332.15
2025-10-01,Woking,ENG,1465.77
2025-10-01,Wolves,ENG,1702.47
2025-10-01,Wrexham,ENG,1496.78
2025-10-01,Wycombe,ENG,1395.8
2025-10-01,Yeovil,ENG,1414.03
2025-10-01,York,ENG,1533.08
2025-10-15,AFC Wimbledon,ENG,1501.24
2025-10-15,Accrington,ENG,1448.68
2025-10-15,Aldershot,ENG,1459.2
2025-10-15,Altrincham,ENG,1454.96
2025-10-15,Arsenal,ENG,2005.23
2025-10-15,Aston Villa,ENG,1855.22
2025-10-15,Barnet,ENG,1505.97
2025-10-15,Barnsley,ENG,1394.81
2025-10-15,Barrow,ENG,1474.34
2025-10-15,Birmingham,ENG,1431.57
2025-10-15,Blackburn,ENG,1479.13
2025-10-15,Blackpool,ENG,1371.83
2025-10-15,Bolton,ENG,1358.7
2025-10-15,Boreham Wood,ENG,1551.93
2025-10-15,Boston Utd,ENG,1491.8
2025-10-15,Bournemouth,ENG,1835.74
2025-10-15,Brackley Town,ENG,1479.09
2025-10-15,Bradford,ENG,1402.97
2025-10-15,Braintree Town,ENG,1452.03
2025-10-15,Brentford,ENG,1791.99
2025-10-15,Brighton,ENG,1828.08
2025-10-15,Bristol City,ENG,1521.99
2025-10-15,Bristol Rvs,ENG,1491.41
2025-10-15,Bromley,ENG,1507.31
2025-10-15,Burnley,ENG,1708.77
2025-10-15,Burton,ENG,1369.61
2025-10-15,Cambridge,ENG,1493.61
2025-10-15,Cardiff,ENG,1466.73
2025-10-15,Carlisle,ENG,1549.01
2025-10-15,Charlton,ENG,1425.24
2025-10-15,Chelsea,ENG,1896.42
2025-10-15,Cheltenham,ENG,1443.95
2025-10-15,Chesterfield,ENG,1512.46
2025-10-15,Colchester,ENG,1436.75
2025-10-15,Coventry,ENG,1582.05
2025-10-15,Crawley Town,ENG,1445.31
2025-10-15,Crewe,ENG,1427.53
2025-10-15,Crystal Palace,ENG,1852.51
2025-10-15,Derby,ENG,1459.85
2025-10-15,Doncaster,ENG,1388.79
2025-10-15,Eastleigh,ENG,1497.12
2025-10-15,Everton,ENG,1805.51
2025-10-15,Exeter,ENG,1451.36
2025-10-15,Fleetwood Town,ENG,1498.15
2025-10-15,Forest Green,ENG,1550.78
2025-10-15,Fulham,ENG,1779.66
2025-10-15,Gateshead,ENG,1472.94
2025-10-15,Gillingham,ENG,1472.14
2025-10-15,Grimsby,ENG,1407.51
2025-10-15,Halifax,ENG,1528.17
2025-10-15,Harrogate,ENG,1471.28
2025-10-15,Hartlepool,ENG,1490.38
2025-10-15,Huddersfield,ENG,1412.48
2025-10-15,Hull,ENG,1495.33
2025-10-15,Ipswich,ENG,1589.6
2025-10-15,Leeds,ENG,1727.2
2025-10-15,Leicester,ENG,1618.24
2025-10-15,Leyton Orient,ENG,1459.22
2025-10-15,Lincoln,ENG,1513.75
2025-10-15,Liverpool,ENG,1996.27
2025-10-15,Luton,ENG,1479.35
2025-10-15,Man City,ENG,1956.13
2025-10-15,Man United,ENG,1802.67
2025-10-15,Mansfield,ENG,1482.38
2025-10-15,Middlesbrough,ENG,1562.51
2025-10-15,Millwall,ENG,1529.65
2025-10-15,Milton Keynes Dons,ENG,1406.57
2025-10-15,Morecambe,ENG,1442.04
2025-10-15,Newcastle,ENG,1863.81
2025-10-15,Newport County,ENG,1436.46
2025-10-15,Northampton,ENG,1469.34
2025-10-15,Norwich,ENG,1484.18
2025-10-15,Nott'm Forest,ENG,1772.84
2025-10-15,Nottm Forest,ENG,1731.5
2025-10-15,Notts County,ENG,1502.35
2025-10-15,Oldham,ENG,1490.42
2025-10-15,Oxford,ENG,1439.96
2025-10-15,Peterboro,ENG,1352.3
2025-10-15,Plymouth,ENG,1419.19
2025-10-15,Plymouth Argyle,ENG,1381.53
2025-10-15,Port Vale,ENG,1383.94
2025-10-15,Portsmouth,ENG,1484.95
2025-10-15,Preston,ENG,1505.64
2025-10-15,QPR,ENG,1512.21
2025-10-15,Reading,ENG,1413.69
2025-10-15,Rochdale,ENG,1568.59
2025-10-15,Rotherham,ENG,1327.46
2025-10-15,Salford,ENG,1492.3
2025-10-15,Scunthorpe,ENG,1454.06
2025-10-15,Sheffield United,ENG,1536.71
2025-10-15,Sheffield Weds,ENG,1457.77
2025-10-15,Shrewsbury,ENG,1446.77
2025-10-15,Solihull,ENG,1471.14
2025-10-15,Southampton,ENG,1547.99
2025-10-15,Southend,ENG,1437.88
2025-10-15,Stevenage,ENG,1546.42
2025-10-15,Stockport,ENG,1376.45
2025-10-15,Stoke,ENG,1500.33
2025-10-15,Sunderland,ENG,1597.46
2025-10-15,Sutton,ENG,1434.27
2025-10-15,Swansea,ENG,1510.89
2025-10-15,Swindon,ENG,1443.04
2025-10-15,Tamworth,ENG,1509.77
2025-10-15,Tottenham,ENG,1804.41
2025-10-15,Tranmere,ENG,1378.63
2025-10-15,Truro,ENG,1430.8
2025-10-15,Walsall,ENG,1451.63
2025-10-15,Watford,ENG,1475.41
2025-10-15,Wealdstone,ENG,1489.6
2025-10-15,West Brom,ENG,1542.09
2025-10-15,West Ham,ENG,1725.11
2025-10-15,Wigan,ENG,1399.15
2025-10-15,Wimbledon,ENG,1332.15
2025-10-15,Woking,ENG,1463.03
2025-10-15,Wolves,ENG,1704.39
2025-10-15,Wrexham,ENG,1493.24
2025-10-15,Wycombe,ENG,1406.2
2025-10-15,Yeovil,ENG,1406.01
2025-10-15,York,ENG,1530.18
2025-11-01,AFC Wimbledon,ENG,1495.14
2025-11-01,Accrington,ENG,1446.51
2025-11-01,Aldershot,ENG,1440.93
2025-11-01,Altrincham,ENG,1445.21
2025-11-01,Arsenal,ENG,2015.19
2025-11-01,Aston Villa,ENG,1876.5
2025-11-01,Barnet,ENG,1495.62
2025-11-01,Barnsley,ENG,1383.5
2025-11-01,Barrow,ENG,1483.95
2025-11-01,Birmingham,ENG,1429.86
2025-11-01,Blackburn,ENG,1474.15
2025-11-01,Blackpool,ENG,1382.62
2025-11-01,Bolton,ENG,1383.06
2025-11-01,Boreham Wood,ENG,1551.07
2025-11-01,Boston Utd,ENG,1488.68
2025-11-01,Bournemouth,ENG,1844.26
2025-11-01,Brackley Town,ENG,1468.14
2025-11-01,Bradford,ENG,1407.47
2025-11-01,Braintree Town,ENG,1442.53
2025-11-01,Brentford,ENG,1815.07
2025-11-01,Brighton,ENG,1828.57
2025-11-01,Bristol City,ENG,1546.83
2025-11-01,Bristol Rvs,ENG,1467.39
2025-11-01,Bromley,ENG,1504.73
2025-11-01,Burnley,ENG,1728.6
2025-11-01,Burton,ENG,1372.89
2025-11-01,Cambridge,ENG,1494.31
2025-11-01,Cardiff,ENG,1462.39
2025-11-01,Carlisle,ENG,1554.67
2025-11-01,Charlton,ENG,1453.27
2025-11-01,Chelsea,ENG,1886.89
2025-11-01,Cheltenham,ENG,1463.33
2025-11-01,Chesterfield,ENG,1508.72
2025-11-01,Colchester,ENG,1447.43
2025-11-01,Coventry,ENG,1590.59
2025-11-01,Crawley Town,ENG,1446.48
2025-11-01,Crewe,ENG,1426.91
2025-11-01,Crystal Palace,ENG,1845.95
2025-11-01,Derby,ENG,1469.73
2025-11-01,Doncaster,ENG,1382.12
2025-11-01,Eastleigh,ENG,1494.77
2025-11-01,Everton,ENG,1789.03
2025-11-01,Exeter,ENG,1448.37
2025-11-01,Fleetwood Town,ENG,1507.36
2025-11-01,Forest Green,ENG,1551.22
2025-11-01,Fulham,ENG,1767.93
2025-11-01,Gateshead,ENG,1472.21
2025-11-01,Gillingham,ENG,1451.39
2025-11-01,Grimsby,ENG,1409.38
2025-11-01,Halifax,ENG,1515.93
2025-11-01,Harrogate,ENG,1449.29
2025-11-01,Hartlepool,ENG,1498.46
2025-11-01,Huddersfield,ENG,1391.24
2025-11-01,Hull,ENG,1513.09
2025-11-01,Ipswich,ENG,1572.79
2025-11-01,Leeds,ENG,1726.59
2025-11-01,Leicester,ENG,1592.01
2025-11-01,Leyton Orient,ENG,1457.63
2025-11-01,Lincoln,ENG,1511.18
2025-11-01,Liverpool,ENG,1966.76
2025-11-01,Luton,ENG,1479.45
2025-11-01,Man City,ENG,1949.7
2025-11-01,Man United,ENG,1827.71
2025-11-01,Mansfield,ENG,1496.0
2025-11-01,Middlesbrough,ENG,1575.77
2025-11-01,Millwall,ENG,1558.09
2025-11-01,Milton Keynes Dons,ENG,1409.35
2025-11-01,Morecambe,ENG,1436.42
2025-11-01,Newcastle,ENG,1860.67
2025-11-01,Newport County,ENG,1437.69
2025-11-01,Northampton,ENG,1456.68
2025-11-01,Norwich,ENG,1457.33
2025-11-01,Nott'm Forest,ENG,1758.31
2025-11-01,Nottm Forest,ENG,1731.5
2025-11-01,Notts County,ENG,1521.58
2025-11-01,Oldham,ENG,1479.73
2025-11-01,Oxford,ENG,1453.19
2025-11-01,Peterboro,ENG,1352.97
2025-11-01,Plymouth,ENG,1396.39
2025-11-01,Plymouth Argyle,ENG,1381.53
2025-11-01,Port Vale,ENG,1364.66
2025-11-01,Portsmouth,ENG,1469.93
2025-11-01,Preston,ENG,1494.84
2025-11-01,QPR,ENG,1503.25
2025-11-01,Reading,ENG,1414.43
2025-11-01,Rochdale,ENG,1571.83
2025-11-01,Rotherham,ENG,1352.75
2025-11-01,Salford,ENG,1511.15
2025-11-01,Scunthorpe,ENG,1467.43
2025-11-01,Sheffield United,ENG,1542.82
2025-11-01,Sheffield Weds,ENG,1428.68
2025-11-01,Shrewsbury,ENG,1457.48
2025-11-01,Solihull,ENG,1470.94
2025-11-01,Southampton,ENG,1526.25
2025-11-01,Southend,ENG,1458.78
2025-11-01,Stevenage,ENG,1532.09
2025-11-01,Stockport,ENG,1398.28
2025-11-01,Stoke,ENG,1512.17
2025-11-01,Sunderland,ENG,1626.51
2025-11-01,Sutton,ENG,1427.17
2025-11-01,Swansea,ENG,1508.83
2025-11-01,Swindon,ENG,1434.05
2025-11-01,Tamworth,ENG,1507.13
2025-11-01,Tottenham,ENG,1806.04
2025-11-01,Tranmere,ENG,1398.05
2025-11-01,Truro,ENG,1444.49
2025-11-01,Walsall,ENG,1432.69
2025-11-01,Watford,ENG,1474.06
2025-11-01,Wealdstone,ENG,1489.39
2025-11-01,West Brom,ENG,1531.23
2025-11-01,West Ham,ENG,1707.1
2025-11-01,Wigan,ENG,1411.01
2025-11-01,Wimbledon,ENG,1332.15
2025-11-01,Woking,ENG,1475.61
2025-11-01,Wolves,ENG,1682.03
2025-11-01,Wrexham,ENG,1507.75
2025-11-01,Wycombe,ENG,1415.02
2025-11-01,Yeovil,ENG,1404.35
2025-11-01,York,ENG,1537.43
2025-11-15,AFC Wimbledon,ENG,1482.81
2025-11-15,Accrington,ENG,1449.89
2025-11-15,Aldershot,ENG,1427.06
2025-11-15,Altrincham,ENG,1465.94
2025-11-15,Arsenal,ENG,2012.06
2025-11-15,Aston Villa,ENG,1877.99
2025-11-15,Barnet,ENG,1491.65
2025-11-15,Barnsley,ENG,1395.17
2025-11-15,Barrow,ENG,1480.26
2025-11-15,Birmingham,ENG,1445.59
2025-11-15,Blackburn,ENG,1489.94
2025-11-15,Blackpool,ENG,1393.19
2025-11-15,Bolton,ENG,1390.84
2025-11-15,Boreham Wood,ENG,1566.03
2025-11-15,Boston Utd,ENG,1470.09
2025-11-15,Bournemouth,ENG,1831.27
2025-11-15,Brackley Town,ENG,1469.63
2025-11-15,Bradford,ENG,1394.85
2025-11-15,Braintree Town,ENG,1425.05
2025-11-15,Brentford,ENG,1817.06
2025-11-15,Brighton,ENG,1836.46
2025-11-15,Bristol City,ENG,1525.24
2025-11-15,Bristol Rvs,ENG,1455.24
2025-11-15,Bromley,ENG,1514.81
2025-11-15,Burnley,ENG,1715.91
2025-11-15,Burton,ENG,1386.66
2025-11-15,Cambridge,ENG,1496.49
2025-11-15,Cardiff,ENG,1451.82
2025-11-15,Carlisle,ENG,1570.73
2025-11-15,Charlton,ENG,1456.46
2025-11-15,Chelsea,ENG,1899.62
2025-11-15,Cheltenham,ENG,1453.28
2025-11-15,Chesterfield,ENG,1505.34
2025-11-15,Colchester,ENG,1437.36
2025-11-15,Coventry,ENG,1607.06
2025-11-15,Crawley Town,ENG,1456.51
2025-11-15,Crewe,ENG,1436.07
2025-11-15,Crystal Palace,ENG,1851.15
2025-11-15,Derby,ENG,1504.77
2025-11-15,Doncaster,ENG,1370.45
2025-11-15,Eastleigh,ENG,1474.53
2025-11-15,Everton,ENG,1794.11
2025-11-15,Exeter,ENG,1445.64
2025-11-15,Fleetwood Town,ENG,1497.33
2025-11-15,Forest Green,ENG,1566.17
2025-11-15,Fulham,ENG,1766.01
2025-11-15,Gateshead,ENG,1454.31
2025-11-15,Gillingham,ENG,1463.54
2025-11-15,Grimsby,ENG,1413.07
2025-11-15,Halifax,ENG,1496.61
2025-11-15,Harrogate,ENG,1438.44
2025-11-15,Hartlepool,ENG,1507.17
2025-11-15,Huddersfield,ENG,1399.68
2025-11-15,Hull,ENG,1520.64
2025-11-15,Ipswich,ENG,1587.76
2025-11-15,Leeds,ENG,1713.68
2025-11-15,Leicester,ENG,1583.33
2025-11-15,Leyton Orient,ENG,1448.13
2025-11-15,Lincoln,ENG,1498.39
2025-11-15,Liverpool,ENG,1963.91
2025-11-15,Luton,ENG,1488.84
2025-11-15,Man City,ENG,1964.05
2025-11-15,Man United,ENG,1828.28
2025-11-15,Mansfield,ENG,1486.6
2025-11-15,Middlesbrough,ENG,1571.97
2025-11-15,Millwall,ENG,1542.64
2025-11-15,Milton Keynes Dons,ENG,1413.33
2025-11-15,Morecambe,ENG,1438.02
2025-11-15,Newcastle,ENG,1838.61
2025-11-15,Newport County,ENG,1425.84
2025-11-15,Northampton,ENG,1466.09
2025-11-15,Norwich,ENG,1440.42
2025-11-15,Nott'm Forest,ENG,1765.84
2025-11-15,Nottm Forest,ENG,1731.5
2025-11-15,Notts County,ENG,1531.63
2025-11-15,Oldham,ENG,1490.58
2025-11-15,Oxford,ENG,1438.29
2025-11-15,Peterboro,ENG,1365.29
2025-11-15,Plymouth,ENG,1387.96
2025-11-15,Plymouth Argyle,ENG,1381.53
2025-11-15,Port Vale,ENG,1356.88
2025-11-15,Portsmouth,ENG,1453.3
2025-11-15,Preston,ENG,1518.27
2025-11-15,QPR,ENG,1485.18
2025-11-15,Reading,ENG,1426.08
2025-11-15,Rochdale,ENG,1571.85
2025-11-15,Rotherham,ENG,1364.4
2025-11-15,Salford,ENG,1508.97
2025-11-15,Scunthorpe,ENG,1473.79
2025-11-15,Sheffield United,ENG,1519.72
2025-11-15,Sheffield Weds,ENG,1425.87
2025-11-15,Shrewsbury,ENG,1448.32
2025-11-15,Solihull,ENG,1489.85
2025-11-15,Southampton,ENG,1530.68
2025-11-15,Southend,ENG,1452.13
2025-11-15,Stevenage,ENG,1520.45
2025-11-15,Stockport,ENG,1388.89
2025-11-15,Stoke,ENG,1521.41
2025-11-15,Sunderland,ENG,1636.78
2025-11-15,Sutton,ENG,1439.17
2025-11-15,Swansea,ENG,1491.13
2025-11-15,Swindon,ENG,1441.35
2025-11-15,Tamworth,ENG,1487.95
2025-11-15,Tottenham,ENG,1795.8
2025-11-15,Tranmere,ENG,1390.75
2025-11-15,Truro,ENG,1425.72
2025-11-15,Walsall,ENG,1444.54
2025-11-15,Watford,ENG,1488.78
2025-11-15,Wealdstone,ENG,1505.17
2025-11-15,West Brom,ENG,1522.85
2025-11-15,West Ham,ENG,1728.15
2025-11-15,Wigan,ENG,1413.74
2025-11-15,Wimbledon,ENG,1332.15
2025-11-15,Woking,ENG,1486.07
2025-11-15,Wolves,ENG,1672.68
2025-11-15,Wrexham,ENG,1515.19
2025-11-15,Wycombe,ENG,1424.52
2025-11-15,Yeovil,ENG,1388.71
2025-11-15,York,ENG,1563.04
2025-12-01,AFC Wimbledon,ENG,1469.2
2025-12-01,Accrington,ENG,1469.29
2025-12-01,Aldershot,ENG,1408.08
2025-12-01,Altrincham,ENG,1473.92
2025-12-01,Arsenal,ENG,2014.04
2025-12-01,Aston Villa,ENG,1888.41
2025-12-01,Barnet,ENG,1490.88
2025-12-01,Barnsley,ENG,1406.97
2025-12-01,Barrow,ENG,1462.1
2025-12-01,Birmingham,ENG,1457.14
2025-12-01,Blackburn,ENG,1493.22
2025-12-01,Blackpool,ENG,1377.6
2025-12-01,Bolton,ENG,1393.33
2025-12-01,Boreham Wood,ENG,1567.54
2025-12-01,Boston Utd,ENG,1452.62
2025-12-01,Bournemouth,ENG,1813.19
2025-12-01,Brackley Town,ENG,1436.81
2025-12-01,Bradford,ENG,1405.9
2025-12-01,Braintree Town,ENG,1444.33
2025-12-01,Brentford,ENG,1815.0
2025-12-01,Brighton,ENG,1854.15
2025-12-01,Bristol City,ENG,1533.74
2025-12-01,Bristol Rvs,ENG,1428.85
2025-12-01,Bromley,ENG,1519.05
2025-12-01,Burnley,ENG,1703.63
2025-12-01,Burton,ENG,1385.06
2025-12-01,Cambridge,ENG,1512.26
2025-12-01,Cardiff,ENG,1472.46
2025-12-01,Carlisle,ENG,1581.62
2025-12-01,Charlton,ENG,1436.43
2025-12-01,Chelsea,ENG,1907.61
2025-12-01,Cheltenham,ENG,1443.62
2025-12-01,Chesterfield,ENG,1500.35
2025-12-01,Colchester,ENG,1471.02
2025-12-01,Coventry,ENG,1627.57
2025-12-01,Crawley Town,ENG,1449.33
2025-12-01,Crewe,ENG,1433.16
2025-12-01,Crystal Palace,ENG,1845.01
2025-12-01,Derby,ENG,1497.28
2025-12-01,Doncaster,ENG,1379.06
2025-12-01,Eastleigh,ENG,1462.51
2025-12-01,Everton,ENG,1796.29
2025-12-01,Exeter,ENG,1427.97
2025-12-01,Fleetwood Town,ENG,1490.9
2025-12-01,Forest Green,ENG,1577.14
2025-12-01,Fulham,ENG,1783.35
2025-12-01,Gateshead,ENG,1432.39
2025-12-01,Gillingham,ENG,1462.2
2025-12-01,Grimsby,ENG,1394.91
2025-12-01,Halifax,ENG,1488.75
2025-12-01,Harrogate,ENG,1434.02
2025-12-01,Hartlepool,ENG,1521.83
2025-12-01,Huddersfield,ENG,1407.05
2025-12-01,Hull,ENG,1513.96
2025-12-01,Ipswich,ENG,1581.17
2025-12-01,Leeds,ENG,1703.66
2025-12-01,Leicester,ENG,1567.32
2025-12-01,Leyton Orient,ENG,1462.81
2025-12-01,Lincoln,ENG,1497.57
2025-12-01,Liverpool,ENG,1953.41
2025-12-01,Luton,ENG,1475.76
2025-12-01,Man City,ENG,1955.13
2025-12-01,Man United,ENG,1828.49
2025-12-01,Mansfield,ENG,1464.07
2025-12-01,Middlesbrough,ENG,1566.2
2025-12-01,Millwall,ENG,1545.8
2025-12-01,Milton Keynes Dons,ENG,1435.86
2025-12-01,Morecambe,ENG,1430.21
2025-12-01,Newcastle,ENG,1860.94
2025-12-01,Newport County,ENG,1411.44
2025-12-01,Northampton,ENG,1464.12
2025-12-01,Norwich,ENG,1441.24
2025-12-01,Nott'm Forest,ENG,1772.21
2025-12-01,Nottm Forest,ENG,1731.5
2025-12-01,Notts County,ENG,1523.26
2025-12-01,Oldham,ENG,1484.59
2025-12-01,Oxford,ENG,1454.45
2025-12-01,Peterboro,ENG,1358.36
2025-12-01,Plymouth,ENG,1388.66
2025-12-01,Plymouth Argyle,ENG,1381.53
2025-12-01,Port Vale,ENG,1341.6
2025-12-01,Portsmouth,ENG,1447.76
2025-12-01,Preston,ENG,1516.32
2025-12-01,QPR,ENG,1495.96
2025-12-01,Reading,ENG,1433.57
2025-12-01,Rochdale,ENG,1591.4
2025-12-01,Rotherham,ENG,1372.57
2025-12-01,Salford,ENG,1497.7
2025-12-01,Scunthorpe,ENG,1455.12
2025-12-01,Sheffield United,ENG,1548.24
2025-12-01,Sheffield Weds,ENG,1402.52
2025-12-01,Shrewsbury,ENG,1447.37
2025-12-01,Solihull,ENG,1487.89
2025-12-01,Southampton,ENG,1541.32
2025-12-01,Southend,ENG,1464.99
2025-12-01,Stevenage,ENG,1521.65
2025-12-01,Stockport,ENG,1378.96
2025-12-01,Stoke,ENG,1509.01
2025-12-01,Sunderland,ENG,1645.45
2025-12-01,Sutton,ENG,1467.65
2025-12-01,Swansea,ENG,1465.15
2025-12-01,Swindon,ENG,1455.39
2025-12-01,Tamworth,ENG,1486.06
2025-12-01,Tottenham,ENG,1780.12
2025-12-01,Tranmere,ENG,1411.68
2025-12-01,Truro,ENG,1401.13
2025-12-01,Walsall,ENG,1455.34
2025-12-01,Watford,ENG,1499.36
2025-12-01,Wealdstone,ENG,1508.27
2025-12-01,West Brom,ENG,1520.54
2025-12-01,West Ham,ENG,1726.72
2025-12-01,Wigan,ENG,1428.31
2025-12-01,Wimbledon,ENG,1332.15
2025-12-01,Woking,ENG,1500.8
2025-12-01,Wolves,ENG,1662.62
2025-12-01,Wrexham,ENG,1524.79
2025-12-01,Wycombe,ENG,1434.78
2025-12-01,Yeovil,ENG,1392.81
2025-12-01,York,ENG,1580.88
2025-12-15,AFC Wimbledon,ENG,1457.77
2025-12-15,Accrington,ENG,1469.58
2025-12-15,Aldershot,ENG,1418.25
2025-12-15,Altrincham,ENG,1463.75
2025-12-15,Arsenal,ENG,2007.69
2025-12-15,Aston Villa,ENG,1917.62
2025-12-15,Barnet,ENG,1489.35
2025-12-15,Barnsley,ENG,1411.06
2025-12-15,Barrow,ENG,1451.15
2025-12-15,Birmingham,ENG,1450.86
2025-12-15,Blackburn,ENG,1481.28
2025-12-15,Blackpool,ENG,1390.72
2025-12-15,Bolton,ENG,1416.07
2025-12-15,Boreham Wood,ENG,1567.54
2025-12-15,Boston Utd,ENG,1463.7
2025-12-15,Bournemouth,ENG,1801.95
2025-12-15,Brackley Town,ENG,1436.81
2025-12-15,Bradford,ENG,1425.49
2025-12-15,Braintree Town,ENG,1437.24
2025-12-15,Brentford,ENG,1798.43
2025-12-15,Brighton,ENG,1833.18
2025-12-15,Bristol City,ENG,1516.39
2025-12-15,Bristol Rvs,ENG,1411.11
2025-12-15,Bromley,ENG,1535.9
2025-12-15,Burnley,ENG,1682.0
2025-12-15,Burton,ENG,1377.48
2025-12-15,Cambridge,ENG,1509.64
2025-12-15,Cardiff,ENG,1497.01
2025-12-15,Carlisle,ENG,1567.77
2025-12-15,Charlton,ENG,1431.08
2025-12-15,Chelsea,ENG,1899.0
2025-12-15,Cheltenham,ENG,1453.06
2025-12-15,Chesterfield,ENG,1510.55
2025-12-15,Colchester,ENG,1461.6
2025-12-15,Coventry,ENG,1622.53
2025-12-15,Crawley Town,ENG,1442.02
2025-12-15,Crewe,ENG,1442.39
2025-12-15,Crystal Palace,ENG,1853.44
2025-12-15,Derby,ENG,1487.85
2025-12-15,Doncaster,ENG,1362.21
2025-12-15,Eastleigh,ENG,1462.51
2025-12-15,Everton,ENG,1809.74
2025-12-15,Exeter,ENG,1428.27
2025-12-15,Fleetwood Town,ENG,1498.94
2025-12-15,Forest Green,ENG,1573.09
2025-12-15,Fulham,ENG,1776.48
2025-12-15,Gateshead,ENG,1432.39
2025-12-15,Gillingham,ENG,1462.02
2025-12-15,Grimsby,ENG,1390.06
2025-12-15,Halifax,ENG,1495.83
2025-12-15,Harrogate,ENG,1425.9
2025-12-15,Hartlepool,ENG,1506.87
2025-12-15,Huddersfield,ENG,1403.1
2025-12-15,Hull,ENG,1525.57
2025-12-15,Ipswich,ENG,1587.16
2025-12-15,Leeds,ENG,1725.9
2025-12-15,Leicester,ENG,1586.01
2025-12-15,Leyton Orient,ENG,1451.45
2025-12-15,Lincoln,ENG,1501.94
2025-12-15,Liverpool,ENG,1946.71
2025-12-15,Luton,ENG,1472.01
2025-12-15,Man City,ENG,1972.95
2025-12-15,Man United,ENG,1831.08
2025-12-15,Mansfield,ENG,1452.44
2025-12-15,Middlesbrough,ENG,1590.53
2025-12-15,Millwall,ENG,1543.98
2025-12-15,Milton Keynes Dons,ENG,1430.45
2025-12-15,Morecambe,ENG,1419.14
2025-12-15,Newcastle,ENG,1847.39
2025-12-15,Newport County,ENG,1404.2
2025-12-15,Northampton,ENG,1449.88
2025-12-15,Norwich,ENG,1450.65
2025-12-15,Nott'm Forest,ENG,1782.11
2025-12-15,Nottm Forest,ENG,1731.5
2025-12-15,Notts County,ENG,1537.24
2025-12-15,Oldham,ENG,1472.96
2025-12-15,Oxford,ENG,1439.65
2025-12-15,Peterboro,ENG,1382.89
2025-12-15,Plymouth,ENG,1398.16
2025-12-15,Plymouth Argyle,ENG,1381.53
2025-12-15,Port Vale,ENG,1346.7
2025-12-15,Portsmouth,ENG,1449.91
2025-12-15,Preston,ENG,1525.89
2025-12-15,QPR,ENG,1505.65
2025-12-15,Reading,ENG,1411.5
2025-12-15,Rochdale,ENG,1591.4
2025-12-15,Rotherham,ENG,1353.52
2025-12-15,Salford,ENG,1506.68
2025-12-15,Scunthorpe,ENG,1464.28
2025-12-15,Sheffield United,ENG,1541.06
2025-12-15,Sheffield Weds,ENG,1406.69
2025-12-15,Shrewsbury,ENG,1446.61
2025-12-15,Solihull,ENG,1491.94
2025-12-15,Southampton,ENG,1543.33
2025-12-15,Southend,ENG,1464.99
2025-12-15,Stevenage,ENG,1517.12
2025-12-15,Stockport,ENG,1382.33
2025-12-15,Stoke,ENG,1503.69
2025-12-15,Sunderland,ENG,1665.24
2025-12-15,Sutton,ENG,1467.65
2025-12-15,Swansea,ENG,1472.86
2025-12-15,Swindon,ENG,1454.47
2025-12-15,Tamworth,ENG,1476.9
2025-12-15,Tottenham,ENG,1784.18
2025-12-15,Tranmere,ENG,1413.22
2025-12-15,Truro,ENG,1401.13
2025-12-15,Walsall,ENG,1465.49
2025-12-15,Watford,ENG,1495.06
2025-12-15,Wealdstone,ENG,1508.27
2025-12-15,West Brom,ENG,1513.87
2025-12-15,West Ham,ENG,1728.85
2025-12-15,Wigan,ENG,1436.24
2025-12-15,Wimbledon,ENG,1332.15
2025-12-15,Woking,ENG,1514.65
2025-12-15,Wolves,ENG,1645.46
2025-12-15,Wrexham,ENG,1514.94
2025-12-15,Wycombe,ENG,1422.0
2025-12-15,Yeovil,ENG,1407.77
2025-12-15,York,ENG,1580.88
2026-01-01,AFC Wimbledon,ENG,1437.07
2026-01-01,Accrington,ENG,1476.69
2026-01-01,Aldershot,ENG,1443.57
2026-01-01,Altrincham,ENG,1440.47
2026-01-01,Arsenal,ENG,2023.91
2026-01-01,Aston Villa,ENG,1928.51
2026-01-01,Barnet,ENG,1487.19
2026-01-01,Barnsley,ENG,1384.43
2026-01-01,Barrow,ENG,1443.15
2026-01-01,Birmingham,ENG,1445.42
2026-01-01,Blackburn,ENG,1494.26
2026-01-01,Blackpool,ENG,1416.88
2026-01-01,Bolton,ENG,1403.79
2026-01-01,Boreham Wood,ENG,1591.57
2026-01-01,Boston Utd,ENG,1443.61
2026-01-01,Bournemouth,ENG,1795.75
2026-01-01,Brackley Town,ENG,1449.52
2026-01-01,Bradford,ENG,1432.13
2026-01-01,Braintree Town,ENG,1440.09
2026-01-01,Brentford,ENG,1813.94
2026-01-01,Brighton,ENG,1822.16
2026-01-01,Bristol City,ENG,1529.51
2026-01-01,Bristol Rvs,ENG,1395.92
2026-01-01,Bromley,ENG,1557.1
2026-01-01,Burnley,ENG,1680.96
2026-01-01,Burton,ENG,1382.02
2026-01-01,Cambridge,ENG,1528.83
2026-01-01,Cardiff,ENG,1504.46
2026-01-01,Carlisle,ENG,1572.02
2026-01-01,Charlton,ENG,1424.03
2026-01-01,Chelsea,ENG,1883.99
2026-01-01,Cheltenham,ENG,1460.01
2026-01-01,Chesterfield,ENG,1517.04
2026-01-01,Colchester,ENG,1470.39
2026-01-01,Coventry,ENG,1614.1
2026-01-01,Crawley Town,ENG,1424.91
2026-01-01,Crewe,ENG,1423.08
2026-01-01,Crystal Palace,ENG,1828.09
2026-01-01,Derby,ENG,1488.06
2026-01-01,Doncaster,ENG,1337.52
2026-01-01,Eastleigh,ENG,1471.89
2026-01-01,Everton,ENG,1812.64
2026-01-01,Exeter,ENG,1441.49
2026-01-01,Fleetwood Town,ENG,1497.57
2026-01-01,Forest Green,ENG,1562.04
2026-01-01,Fulham,ENG,1794.96
2026-01-01,Gateshead,ENG,1407.47
2026-01-01,Gillingham,ENG,1453.5
2026-01-01,Grimsby,ENG,1395.87
2026-01-01,Halifax,ENG,1512.41
2026-01-01,Harrogate,ENG,1402.06
2026-01-01,Hartlepool,ENG,1508.67
2026-01-01,Huddersfield,ENG,1428.73
2026-01-01,Hull,ENG,1544.2
2026-01-01,Ipswich,ENG,1603.76
2026-01-01,Leeds,ENG,1737.62
2026-01-01,Leicester,ENG,1568.29
2026-01-01,Leyton Orient,ENG,1441.14
2026-01-01,Lincoln,ENG,1526.67
2026-01-01,Liverpool,ENG,1955.9
2026-01-01,Luton,ENG,1477.13
2026-01-01,Man City,ENG,1982.03
2026-01-01,Man United,ENG,1825.33
2026-01-01,Mansfield,ENG,1460.28
2026-01-01,Middlesbrough,ENG,1563.16
2026-01-01,Millwall,ENG,1542.23
2026-01-01,Milton Keynes Dons,ENG,1451.3
2026-01-01,Morecambe,ENG,1419.61
2026-01-01,Newcastle,ENG,1845.64
2026-01-01,Newport County,ENG,1407.31
2026-01-01,Northampton,ENG,1438.85
2026-01-01,Norwich,ENG,1452.1
2026-01-01,Nott'm Forest,ENG,1756.81
2026-01-01,Nottm Forest,ENG,1731.5
2026-01-01,Notts County,ENG,1524.55
2026-01-01,Oldham,ENG,1490.31
2026-01-01,Oxford,ENG,1431.91
2026-01-01,Peterboro,ENG,1402.84
2026-01-01,Plymouth,ENG,1396.5
2026-01-01,Plymouth Argyle,ENG,1381.53
2026-01-01,Port Vale,ENG,1324.0
2026-01-01,Portsmouth,ENG,1460.7
2026-01-01,Preston,ENG,1514.61
2026-01-01,QPR,ENG,1507.25
2026-01-01,Reading,ENG,1433.75
2026-01-01,Rochdale,ENG,1591.87
2026-01-01,Rotherham,ENG,1330.34
2026-01-01,Salford,ENG,1521.02
2026-01-01,Scunthorpe,ENG,1496.14
2026-01-01,Sheffield United,ENG,1548.0
2026-01-01,Sheffield Weds,ENG,1396.87
2026-01-01,Shrewsbury,ENG,1419.69
2026-01-01,Solihull,ENG,1501.22
2026-01-01,Southampton,ENG,1531.58
2026-01-01,Southend,ENG,1476.18
2026-01-01,Stevenage,ENG,1503.11
2026-01-01,Stockport,ENG,1394.58
2026-01-01,Stoke,ENG,1483.73
2026-01-01,Sunderland,ENG,1671.19
2026-01-01,Sutton,ENG,1449.54
2026-01-01,Swansea,ENG,1488.25
2026-01-01,Swindon,ENG,1465.77
2026-01-01,Tamworth,ENG,1465.95
2026-01-01,Tottenham,ENG,1790.48
2026-01-01,Tranmere,ENG,1406.36
2026-01-01,Truro,ENG,1421.75
2026-01-01,Walsall,ENG,1464.94
2026-01-01,Watford,ENG,1527.36
2026-01-01,Wealdstone,ENG,1479.23
2026-01-01,West Brom,ENG,1503.67
2026-01-01,West Ham,ENG,1717.23
2026-01-01,Wigan,ENG,1425.95
2026-01-01,Wimbledon,ENG,1332.15
2026-01-01,Woking,ENG,1488.76
2026-01-01,Wolves,ENG,1642.28
2026-01-01,Wrexham,ENG,1523.45
2026-01-01,Wycombe,ENG,1423.71
2026-01-01,Yeovil,ENG,1393.2
2026-01-01,York,ENG,1588.01
2026-01-15,AFC Wimbledon,ENG,1439.91
2026-01-15,Accrington,ENG,1489.7
2026-01-15,Aldershot,ENG,1433.5
2026-01-15,Altrincham,ENG,1440.47
2026-01-15,Arsenal,ENG,2025.52
2026-01-15,Aston Villa,ENG,1931.11
2026-01-15,Barnet,ENG,1493.81
2026-01-15,Barnsley,ENG,1387.27
2026-01-15,Barrow,ENG,1433.66
2026-01-15,Birmingham,ENG,1452.39
2026-01-15,Blackburn,ENG,1480.16
2026-01-15,Blackpool,ENG,1394.75
2026-01-15,Bolton,ENG,1394.64
2026-01-15,Boreham Wood,ENG,1591.57
2026-01-15,Boston Utd,ENG,1434.34
2026-01-15,Bournemouth,ENG,1798.48
2026-01-15,Brackley Town,ENG,1449.52
2026-01-15,Bradford,ENG,1435.8
2026-01-15,Braintree Town,ENG,1428.82
2026-01-15,Brentford,ENG,1828.1
2026-01-15,Brighton,ENG,1832.24
2026-01-15,Bristol City,ENG,1523.81
2026-01-15,Bristol Rvs,ENG,1408.29
2026-01-15,Bromley,ENG,1569.34
2026-01-15,Burnley,ENG,1678.67
2026-01-15,Burton,ENG,1367.55
2026-01-15,Cambridge,ENG,1535.4
2026-01-15,Cardiff,ENG,1509.43
2026-01-15,Carlisle,ENG,1577.88
2026-01-15,Charlton,ENG,1430.82
2026-01-15,Chelsea,ENG,1877.3
2026-01-15,Cheltenham,ENG,1458.08
2026-01-15,Chesterfield,ENG,1517.58
2026-01-15,Colchester,ENG,1478.16
2026-01-15,Coventry,ENG,1597.43
2026-01-15,Crawley Town,ENG,1410.89
2026-01-15,Crewe,ENG,1429.56
2026-01-15,Crystal Palace,ENG,1819.3
2026-01-15,Derby,ENG,1487.8
2026-01-15,Doncaster,ENG,1337.7
2026-01-15,Eastleigh,ENG,1482.8
2026-01-15,Everton,ENG,1795.53
2026-01-15,Exeter,ENG,1452.0
2026-01-15,Fleetwood Town,ENG,1483.23
2026-01-15,Forest Green,ENG,1568.98
2026-01-15,Fulham,ENG,1810.96
2026-01-15,Gateshead,ENG,1400.75
2026-01-15,Gillingham,ENG,1445.55
2026-01-15,Grimsby,ENG,1410.21
2026-01-15,Halifax,ENG,1505.47
2026-01-15,Harrogate,ENG,1393.33
2026-01-15,Hartlepool,ENG,1499.82
2026-01-15,Huddersfield,ENG,1422.32
2026-01-15,Hull,ENG,1530.87
2026-01-15,Ipswich,ENG,1607.93
2026-01-15,Leeds,ENG,1739.38
2026-01-15,Leicester,ENG,1565.99
2026-01-15,Leyton Orient,ENG,1429.92
2026-01-15,Lincoln,ENG,1527.88
2026-01-15,Liverpool,ENG,1950.57
2026-01-15,Luton,ENG,1477.0
2026-01-15,Man City,ENG,1966.45
2026-01-15,Man United,ENG,1822.23
2026-01-15,Mansfield,ENG,1467.8
2026-01-15,Middlesbrough,ENG,1560.39
2026-01-15,Millwall,ENG,1550.66
2026-01-15,Milton Keynes Dons,ENG,1443.95
2026-01-15,Morecambe,ENG,1419.61
2026-01-15,Newcastle,ENG,1858.87
2026-01-15,Newport County,ENG,1402.71
2026-01-15,Northampton,ENG,1436.73
2026-01-15,Norwich,ENG,1454.48
2026-01-15,Nott'm Forest,ENG,1763.04
2026-01-15,Nottm Forest,ENG,1731.5
2026-01-15,Notts County,ENG,1511.54
2026-01-15,Oldham,ENG,1489.36
2026-01-15,Oxford,ENG,1427.74
2026-01-15,Peterboro,ENG,1415.19
2026-01-15,Plymouth,ENG,1408.54
2026-01-15,Plymouth Argyle,ENG,1381.53
2026-01-15,Port Vale,ENG,1334.94
2026-01-15,Portsmouth,ENG,1454.25
2026-01-15,Preston,ENG,1532.06
2026-01-15,QPR,ENG,1499.69
2026-01-15,Reading,ENG,1447.76
2026-01-15,Rochdale,ENG,1591.87
2026-01-15,Rotherham,ENG,1320.7
2026-01-15,Salford,ENG,1530.51
2026-01-15,Scunthorpe,ENG,1496.14
2026-01-15,Sheffield United,ENG,1556.86
2026-01-15,Sheffield Weds,ENG,1385.94
2026-01-15,Shrewsbury,ENG,1407.33
2026-01-15,Solihull,ENG,1511.28
2026-01-15,Southampton,ENG,1522.5
2026-01-15,Southend,ENG,1476.18
2026-01-15,Stevenage,ENG,1489.49
2026-01-15,Stockport,ENG,1399.85
2026-01-15,Stoke,ENG,1507.87
2026-01-15,Sunderland,ENG,1677.26
2026-01-15,Sutton,ENG,1441.76
2026-01-15,Swansea,ENG,1489.95
2026-01-15,Swindon,ENG,1473.72
2026-01-15,Tamworth,ENG,1472.67
2026-01-15,Tottenham,ENG,1779.95
2026-01-15,Tranmere,ENG,1410.31
2026-01-15,Truro,ENG,1421.75
2026-01-15,Walsall,ENG,1458.36
2026-01-15,Watford,ENG,1533.49
2026-01-15,Wealdstone,ENG,1473.37
2026-01-15,West Brom,ENG,1488.39
2026-01-15,West Ham,ENG,1696.39
2026-01-15,Wigan,ENG,1416.95
2026-01-15,Wimbledon,ENG,1332.15
2026-01-15,Woking,ENG,1497.61
2026-01-15,Wolves,ENG,1658.07
2026-01-15,Wrexham,ENG,1545.03
2026-01-15,Wycombe,ENG,1433.29
2026-01-15,Yeovil,ENG,1402.83
2026-01-15,York,ENG,1595.79
2026-02-01,AFC Wimbledon,ENG,1412.46
2026-02-01,Accrington,ENG,1494.86
2026-02-01,Aldershot,ENG,1460.01
2026-02-01,Altrincham,ENG,1445.89
2026-02-01,Arsenal,ENG,2009.18
2026-02-01,Aston Villa,ENG,1925.98
2026-02-01,Barnet,ENG,1496.6
2026-02-01,Barnsley,ENG,1404.13
2026-02-01,Barrow,ENG,1405.68
2026-02-01,Birmingham,ENG,1474.92
2026-02-01,Blackburn,ENG,1457.86
2026-02-01,Blackpool,ENG,1378.0
2026-02-01,Bolton,ENG,1438.36
2026-02-01,Boreham Wood,ENG,1556.63
2026-02-01,Boston Utd,ENG,1443.25
2026-02-01,Bournemouth,ENG,1820.8
2026-02-01,Brackley Town,ENG,1458.79
2026-02-01,Bradford,ENG,1419.11
2026-02-01,Braintree Town,ENG,1426.94
2026-02-01,Brentford,ENG,1808.0
2026-02-01,Brighton,ENG,1818.42
2026-02-01,Bristol City,ENG,1509.36
2026-02-01,Bristol Rvs,ENG,1395.97
2026-02-01,Bromley,ENG,1578.51
2026-02-01,Burnley,ENG,1686.67
2026-02-01,Burton,ENG,1368.44
2026-02-01,Cambridge,ENG,1564.87
2026-02-01,Cardiff,ENG,1517.12
2026-02-01,Carlisle,ENG,1571.7
2026-02-01,Charlton,ENG,1442.15
2026-02-01,Chelsea,ENG,1897.86
2026-02-01,Cheltenham,ENG,1431.18
2026-02-01,Chesterfield,ENG,1515.2
2026-02-01,Colchester,ENG,1472.79
2026-02-01,Coventry,ENG,1588.53
2026-02-01,Crawley Town,ENG,1424.45
2026-02-01,Crewe,ENG,1446.69
2026-02-01,Crystal Palace,ENG,1797.48
2026-02-01,Derby,ENG,1519.95
2026-02-01,Doncaster,ENG,1355.41
2026-02-01,Eastleigh,ENG,1442.41
2026-02-01,Everton,ENG,1809.36
2026-02-01,Exeter,ENG,1454.84
2026-02-01,Fleetwood Town,ENG,1464.24
2026-02-01,Forest Green,ENG,1552.25
2026-02-01,Fulham,ENG,1809.74
2026-02-01,Gateshead,ENG,1388.94
2026-02-01,Gillingham,ENG,1453.82
2026-02-01,Grimsby,ENG,1445.76
2026-02-01,Halifax,ENG,1527.87
2026-02-01,Harrogate,ENG,1359.57
2026-02-01,Hartlepool,ENG,1498.62
2026-02-01,Huddersfield,ENG,1441.84
2026-02-01,Hull,ENG,1569.17
2026-02-01,Ipswich,ENG,1603.8
2026-02-01,Leeds,ENG,1748.06
2026-02-01,Leicester,ENG,1529.81
2026-02-01,Leyton Orient,ENG,1404.88
2026-02-01,Lincoln,ENG,1545.78
2026-02-01,Liverpool,ENG,1936.86
2026-02-01,Luton,ENG,1463.6
2026-02-01,Man City,ENG,1956.4
2026-02-01,Man United,ENG,1850.7
2026-02-01,Mansfield,ENG,1472.34
2026-02-01,Middlesbrough,ENG,1592.15
2026-02-01,Millwall,ENG,1557.87
2026-02-01,Milton Keynes Dons,ENG,1471.52
2026-02-01,Morecambe,ENG,1405.0
2026-02-01,Newcastle,ENG,1839.02
2026-02-01,Newport County,ENG,1389.08
2026-02-01,Northampton,ENG,1393.57
2026-02-01,Norwich,ENG,1486.74
2026-02-01,Nott'm Forest,ENG,1781.43
2026-02-01,Nottm Forest,ENG,1731.5
2026-02-01,Notts County,ENG,1543.0
2026-02-01,Oldham,ENG,1478.32
2026-02-01,Oxford,ENG,1432.97
2026-02-01,Peterboro,ENG,1398.32
2026-02-01,Plymouth,ENG,1421.36
2026-02-01,Plymouth Argyle,ENG,1381.53
2026-02-01,Port Vale,ENG,1336.25
2026-02-01,Portsmouth,ENG,1475.45
2026-02-01,Preston,ENG,1506.17
2026-02-01,QPR,ENG,1501.78
2026-02-01,Reading,ENG,1446.15
2026-02-01,Rochdale,ENG,1616.57
2026-02-01,Rotherham,ENG,1342.35
2026-02-01,Salford,ENG,1540.22
2026-02-01,Scunthorpe,ENG,1519.81
2026-02-01,Sheffield United,ENG,1548.49
2026-02-01,Sheffield Weds,ENG,1355.42
2026-02-01,Shrewsbury,ENG,1404.3
2026-02-01,Solihull,ENG,1502.44
2026-02-01,Southampton,ENG,1531.53
2026-02-01,Southend,ENG,1483.7
2026-02-01,Stevenage,ENG,1470.58
2026-02-01,Stockport,ENG,1430.45
2026-02-01,Stoke,ENG,1485.83
2026-02-01,Sunderland,ENG,1681.86
2026-02-01,Sutton,ENG,1454.5
2026-02-01,Swansea,ENG,1501.0
2026-02-01,Swindon,ENG,1458.84
2026-02-01,Tamworth,ENG,1460.42
2026-02-01,Tottenham,ENG,1765.46
2026-02-01,Tranmere,ENG,1381.85
2026-02-01,Truro,ENG,1416.88
2026-02-01,Walsall,ENG,1467.26
2026-02-01,Watford,ENG,1506.66
2026-02-01,Wealdstone,ENG,1482.34
2026-02-01,West Brom,ENG,1461.28
2026-02-01,West Ham,ENG,1713.93
2026-02-01,Wigan,ENG,1389.59
2026-02-01,Wimbledon,ENG,1332.15
2026-02-01,Woking,ENG,1488.64
2026-02-01,Wolves,ENG,1652.23
2026-02-01,Wrexham,ENG,1547.62
2026-02-01,Wycombe,ENG,1442.45
2026-02-01,Yeovil,ENG,1395.81
2026-02-01,York,ENG,1615.37
2026-02-15,AFC Wimbledon,ENG,1431.65
2026-02-15,Accrington,ENG,1494.48
2026-02-15,Aldershot,ENG,1471.65
2026-02-15,Altrincham,ENG,1439.87
2026-02-15,Arsenal,ENG,2007.98
2026-02-15,Aston Villa,ENG,1915.98
2026-02-15,Barnet,ENG,1500.3
2026-02-15,Barnsley,ENG,1394.14
2026-02-15,Barrow,ENG,1403.33
2026-02-15,Birmingham,ENG,1482.39
2026-02-15,Blackburn,ENG,1468.81
2026-02-15,Blackpool,ENG,1370.61
2026-02-15,Bolton,ENG,1450.16
2026-02-15,Boreham Wood,ENG,1553.6
2026-02-15,Boston Utd,ENG,1471.82
2026-02-15,Bournemouth,ENG,1833.36
2026-02-15,Brackley Town,ENG,1468.28
2026-02-15,Bradford,ENG,1420.54
2026-02-15,Braintree Town,ENG,1429.18
2026-02-15,Brentford,ENG,1838.11
2026-02-15,Brighton,ENG,1800.57
2026-02-15,Bristol City,ENG,1522.59
2026-02-15,Bristol Rvs,ENG,1393.31
2026-02-15,Bromley,ENG,1584.34
2026-02-15,Burnley,ENG,1682.81
2026-02-15,Burton,ENG,1357.24
2026-02-15,Cambridge,ENG,1562.9
2026-02-15,Cardiff,ENG,1530.79
2026-02-15,Carlisle,ENG,1583.04
2026-02-15,Charlton,ENG,1451.7
2026-02-15,Chelsea,ENG,1897.66
2026-02-15,Cheltenham,ENG,1424.53
2026-02-15,Chesterfield,ENG,1518.22
2026-02-15,Colchester,ENG,1468.49
2026-02-15,Coventry,ENG,1582.91
2026-02-15,Crawley Town,ENG,1396.5
2026-02-15,Crewe,ENG,1468.86
2026-02-15,Crystal Palace,ENG,1795.73
2026-02-15,Derby,ENG,1518.78
2026-02-15,Doncaster,ENG,1361.18
2026-02-15,Eastleigh,ENG,1456.3
2026-02-15,Everton,ENG,1809.19
2026-02-15,Exeter,ENG,1453.94
2026-02-15,Fleetwood Town,ENG,1457.88
2026-02-15,Forest Green,ENG,1534.88
2026-02-15,Fulham,ENG,1786.9
2026-02-15,Gateshead,ENG,1372.81
2026-02-15,Gillingham,ENG,1446.28
2026-02-15,Grimsby,ENG,1455.81
2026-02-15,Halifax,ENG,1523.38
2026-02-15,Harrogate,ENG,1370.45
2026-02-15,Hartlepool,ENG,1494.07
2026-02-15,Huddersfield,ENG,1430.73
2026-02-15,Hull,ENG,1552.55
2026-02-15,Ipswich,ENG,1613.12
2026-02-15,Leeds,ENG,1762.58
2026-02-15,Leicester,ENG,1508.79
2026-02-15,Leyton Orient,ENG,1407.29
2026-02-15,Lincoln,ENG,1549.45
2026-02-15,Liverpool,ENG,1930.9
2026-02-15,Luton,ENG,1463.83
2026-02-15,Man City,ENG,1968.2
2026-02-15,Man United,ENG,1861.59
2026-02-15,Mansfield,ENG,1456.73
2026-02-15,Middlesbrough,ENG,1602.77
2026-02-15,Millwall,ENG,1574.89
2026-02-15,Milton Keynes Dons,ENG,1487.8
2026-02-15,Morecambe,ENG,1390.29
2026-02-15,Newcastle,ENG,1836.75
2026-02-15,Newport County,ENG,1377.27
2026-02-15,Northampton,ENG,1409.09
2026-02-15,Norwich,ENG,1504.36
2026-02-15,Nott'm Forest,ENG,1766.12
2026-02-15,Nottm Forest,ENG,1731.5
2026-02-15,Notts County,ENG,1556.31
2026-02-15,Oldham,ENG,1467.63
2026-02-15,Oxford,ENG,1423.29
2026-02-15,Peterboro,ENG,1411.28
2026-02-15,Plymouth,ENG,1424.0
2026-02-15,Plymouth Argyle,ENG,1381.53
2026-02-15,Port Vale,ENG,1325.84
2026-02-15,Portsmouth,ENG,1458.44
2026-02-15,Preston,ENG,1511.59
2026-02-15,QPR,ENG,1488.83
2026-02-15,Reading,ENG,1455.63
2026-02-15,Rochdale,ENG,1631.78
2026-02-15,Rotherham,ENG,1335.54
2026-02-15,Salford,ENG,1530.64
2026-02-15,Scunthorpe,ENG,1506.5
2026-02-15,Sheffield United,ENG,1552.76
2026-02-15,Sheffield Weds,ENG,1339.61
2026-02-15,Shrewsbury,ENG,1416.68
2026-02-15,Solihull,ENG,1489.1
2026-02-15,Southampton,ENG,1550.39
2026-02-15,Southend,ENG,1482.58
2026-02-15,Stevenage,ENG,1467.83
2026-02-15,Stockport,ENG,1428.03
2026-02-15,Stoke,ENG,1477.29
2026-02-15,Sunderland,ENG,1682.96
2026-02-15,Sutton,ENG,1443.66
2026-02-15,Swansea,ENG,1497.42
2026-02-15,Swindon,ENG,1471.84
2026-02-15,Tamworth,ENG,1458.28
2026-02-15,Tottenham,ENG,1753.21
2026-02-15,Tranmere,ENG,1384.47
2026-02-15,Truro,ENG,1412.44
2026-02-15,Walsall,ENG,1446.26
2026-02-15,Watford,ENG,1504.38
2026-02-15,Wealdstone,ENG,1465.77
2026-02-15,West Brom,ENG,1462.65
2026-02-15,West Ham,ENG,1726.87
2026-02-15,Wigan,ENG,1371.41
2026-02-15,Wimbledon,ENG,1332.15
2026-02-15,Woking,ENG,1492.23
2026-02-15,Wolves,ENG,1651.96
2026-02-15,Wrexham,ENG,1536.2
2026-02-15,Wycombe,ENG,1440.42
2026-02-15,Yeovil,ENG,1408.61
2026-02-15,York,ENG,1634.66
2026-03-01,AFC Wimbledon,ENG,1436.1
2026-03-01,Accrington,ENG,1471.62
2026-03-01,Aldershot,ENG,1492.39
2026-03-01,Altrincham,ENG,1451.87
2026-03-01,Arsenal,ENG,2006.12
2026-03-01,Aston Villa,ENG,1895.39
2026-03-01,Barnet,ENG,1500.27
2026-03-01,Barnsley,ENG,1407.17
2026-03-01,Barrow,ENG,1374.08
2026-03-01,Birmingham,ENG,1488.17
2026-03-01,Blackburn,ENG,1460.23
2026-03-01,Blackpool,ENG,1380.9
2026-03-01,Bolton,ENG,1460.24
2026-03-01,Boreham Wood,ENG,1550.49
2026-03-01,Boston Utd,ENG,1483.24
2026-03-01,Bournemouth,ENG,1826.47
2026-03-01,Brackley Town,ENG,1436.74
2026-03-01,Bradford,ENG,1418.69
2026-03-01,Braintree Town,ENG,1422.65
2026-03-01,Brentford,ENG,1833.22
2026-03-01,Brighton,ENG,1813.3
2026-03-01,Bristol City,ENG,1510.81
2026-03-01,Bristol Rvs,ENG,1400.89
2026-03-01,Bromley,ENG,1580.78
2026-03-01,Burnley,ENG,1681.55
2026-03-01,Burton,ENG,1372.53
2026-03-01,Cambridge,ENG,1562.16
2026-03-01,Cardiff,ENG,1532.96
2026-03-01,Carlisle,ENG,1584.56
2026-03-01,Charlton,ENG,1438.07
2026-03-01,Chelsea,ENG,1891.07
2026-03-01,Cheltenham,ENG,1441.01
2026-03-01,Chesterfield,ENG,1513.59
2026-03-01,Colchester,ENG,1469.94
2026-03-01,Coventry,ENG,1615.36
2026-03-01,Crawley Town,ENG,1396.3
2026-03-01,Crewe,ENG,1475.06
2026-03-01,Crystal Palace,ENG,1800.6
2026-03-01,Derby,ENG,1509.93
2026-03-01,Doncaster,ENG,1374.28
2026-03-01,Eastleigh,ENG,1444.97
2026-03-01,Everton,ENG,1811.58
2026-03-01,Exeter,ENG,1440.35
2026-03-01,Fleetwood Town,ENG,1472.02
2026-03-01,Forest Green,ENG,1531.75
2026-03-01,Fulham,ENG,1795.64
2026-03-01,Gateshead,ENG,1390.73
2026-03-01,Gillingham,ENG,1439.6
2026-03-01,Grimsby,ENG,1458.05
2026-03-01,Halifax,ENG,1501.69
2026-03-01,Harrogate,ENG,1386.61
2026-03-01,Hartlepool,ENG,1516.26
2026-03-01,Huddersfield,ENG,1418.45
2026-03-01,Hull,ENG,1556.37
2026-03-01,Ipswich,ENG,1617.34
2026-03-01,Leeds,ENG,1762.0
2026-03-01,Leicester,ENG,1501.22
2026-03-01,Leyton Orient,ENG,1395.92
2026-03-01,Lincoln,ENG,1566.92
2026-03-01,Liverpool,ENG,1941.46
2026-03-01,Luton,ENG,1447.39
2026-03-01,Man City,ENG,1979.24
2026-03-01,Man United,ENG,1871.81
2026-03-01,Mansfield,ENG,1435.57
2026-03-01,Middlesbrough,ENG,1584.33
2026-03-01,Millwall,ENG,1576.91
2026-03-01,Milton Keynes Dons,ENG,1498.02
2026-03-01,Morecambe,ENG,1397.06
2026-03-01,Newcastle,ENG,1819.16
2026-03-01,Newport County,ENG,1389.78
2026-03-01,Northampton,ENG,1377.75
2026-03-01,Norwich,ENG,1508.7
2026-03-01,Nott'm Forest,ENG,1759.05
2026-03-01,Nottm Forest,ENG,1731.5
2026-03-01,Notts County,ENG,1533.88
2026-03-01,Oldham,ENG,1490.81
2026-03-01,Oxford,ENG,1431.25
2026-03-01,Peterboro,ENG,1403.25
2026-03-01,Plymouth,ENG,1434.31
2026-03-01,Plymouth Argyle,ENG,1381.53
2026-03-01,Port Vale,ENG,1338.19
2026-03-01,Portsmouth,ENG,1468.05
2026-03-01,Preston,ENG,1494.0
2026-03-01,QPR,ENG,1484.87
2026-03-01,Reading,ENG,1459.29
2026-03-01,Rochdale,ENG,1637.69
2026-03-01,Rotherham,ENG,1323.88
2026-03-01,Salford,ENG,1502.52
2026-03-01,Scunthorpe,ENG,1492.26
2026-03-01,Sheffield United,ENG,1556.0
2026-03-01,Sheffield Weds,ENG,1326.03
2026-03-01,Shrewsbury,ENG,1443.76
2026-03-01,Solihull,ENG,1479.71
2026-03-01,Southampton,ENG,1558.62
2026-03-01,Southend,ENG,1483.81
2026-03-01,Stevenage,ENG,1470.48
2026-03-01,Stockport,ENG,1409.84
2026-03-01,Stoke,ENG,1478.38
2026-03-01,Sunderland,ENG,1679.77
2026-03-01,Sutton,ENG,1454.91
2026-03-01,Swansea,ENG,1499.03
2026-03-01,Swindon,ENG,1468.17
2026-03-01,Tamworth,ENG,1479.26
2026-03-01,Tottenham,ENG,1748.14
2026-03-01,Tranmere,ENG,1365.91
2026-03-01,Truro,ENG,1381.84
2026-03-01,Walsall,ENG,1449.75
2026-03-01,Watford,ENG,1516.16
2026-03-01,Wealdstone,ENG,1465.42
2026-03-01,West Brom,ENG,1443.48
2026-03-01,West Ham,ENG,1724.7
2026-03-01,Wigan,ENG,1384.87
2026-03-01,Wimbledon,ENG,1332.15
2026-03-01,Woking,ENG,1477.85
2026-03-01,Wolves,ENG,1669.13
2026-03-01,Wrexham,ENG,1563.19
2026-03-01,Wycombe,ENG,1458.0
2026-03-01,Yeovil,ENG,1404.97
2026-03-01,York,ENG,1652.68
2026-03-15,AFC Wimbledon,ENG,1441.56
2026-03-15,Accrington,ENG,1471.19
2026-03-15,Aldershot,ENG,1469.21
2026-03-15,Altrincham,ENG,1450.95
2026-03-15,Arsenal,ENG,2021.5
2026-03-15,Aston Villa,ENG,1883.41
2026-03-15,Barnet,ENG,1477.37
2026-03-15,Barnsley,ENG,1410.61
2026-03-15,Barrow,ENG,1368.13
2026-03-15,Birmingham,ENG,1478.33
2026-03-15,Blackburn,ENG,1465.34
2026-03-15,Blackpool,ENG,1364.29
2026-03-15,Bolton,ENG,1466.24
2026-03-15,Boreham Wood,ENG,1556.41
2026-03-15,Boston Utd,ENG,1483.38
2026-03-15,Bournemouth,ENG,1822.46
2026-03-15,Brackley Town,ENG,1410.35
2026-03-15,Bradford,ENG,1425.56
2026-03-15,Braintree Town,ENG,1405.12
2026-03-15,Brentford,ENG,1834.74
2026-03-15,Brighton,ENG,1822.03
2026-03-15,Bristol City,ENG,1498.03
2026-03-15,Bristol Rvs,ENG,1417.52
2026-03-15,Bromley,ENG,1579.84
2026-03-15,Burnley,ENG,1679.03
2026-03-15,Burton,ENG,1378.86
2026-03-15,Cambridge,ENG,1566.25
2026-03-15,Cardiff,ENG,1529.46
2026-03-15,Carlisle,ENG,1576.97
2026-03-15,Charlton,ENG,1464.46
2026-03-15,Chelsea,ENG,1884.16
2026-03-15,Cheltenham,ENG,1452.66
2026-03-15,Chesterfield,ENG,1519.64
2026-03-15,Colchester,ENG,1468.95
2026-03-15,Coventry,ENG,1615.2
2026-03-15,Crawley Town,ENG,1400.37
2026-03-15,Crewe,ENG,1451.82
2026-03-15,Crystal Palace,ENG,1804.4
2026-03-15,Derby,ENG,1507.55
2026-03-15,Doncaster,ENG,1376.27
2026-03-15,Eastleigh,ENG,1442.91
2026-03-15,Everton,ENG,1812.96
2026-03-15,Exeter,ENG,1411.11
2026-03-15,Fleetwood Town,ENG,1475.63
2026-03-15,Forest Green,ENG,1529.01
2026-03-15,Fulham,ENG,1788.87
2026-03-15,Gateshead,ENG,1417.06
2026-03-15,Gillingham,ENG,1424.27
2026-03-15,Grimsby,ENG,1461.64
2026-03-15,Halifax,ENG,1523.22
2026-03-15,Harrogate,ENG,1373.07
2026-03-15,Hartlepool,ENG,1499.68
2026-03-15,Huddersfield,ENG,1423.3
2026-03-15,Hull,ENG,1539.97
2026-03-15,Ipswich,ENG,1620.86
2026-03-15,Leeds,ENG,1748.12
2026-03-15,Leicester,ENG,1501.25
2026-03-15,Leyton Orient,ENG,1410.67
2026-03-15,Lincoln,ENG,1589.23
2026-03-15,Liverpool,ENG,1926.02
2026-03-15,Luton,ENG,1448.14
2026-03-15,Man City,ENG,1967.83
2026-03-15,Man United,ENG,1868.23
2026-03-15,Mansfield,ENG,1440.73
2026-03-15,Middlesbrough,ENG,1582.29
2026-03-15,Millwall,ENG,1578.9
2026-03-15,Milton Keynes Dons,ENG,1523.74
2026-03-15,Morecambe,ENG,1421.57
2026-03-15,Newcastle,ENG,1842.67
2026-03-15,Newport County,ENG,1401.97
2026-03-15,Northampton,ENG,1359.21
2026-03-15,Norwich,ENG,1525.34
2026-03-15,Nott'm Forest,ENG,1759.01
2026-03-15,Nottm Forest,ENG,1731.5
2026-03-15,Notts County,ENG,1530.18
2026-03-15,Oldham,ENG,1510.08
2026-03-15,Oxford,ENG,1451.89
2026-03-15,Peterboro,ENG,1394.93
2026-03-15,Plymouth,ENG,1453.14
2026-03-15,Plymouth Argyle,ENG,1381.53
2026-03-15,Port Vale,ENG,1330.01
2026-03-15,Portsmouth,ENG,1458.88
2026-03-15,Preston,ENG,1468.74
2026-03-15,QPR,ENG,1480.76
2026-03-15,Reading,ENG,1459.35
2026-03-15,Rochdale,ENG,1651.99
2026-03-15,Rotherham,ENG,1322.01
2026-03-15,Salford,ENG,1515.94
2026-03-15,Scunthorpe,ENG,1496.25
2026-03-15,Sheffield United,ENG,1541.8
2026-03-15,Sheffield Weds,ENG,1321.58
2026-03-15,Shrewsbury,ENG,1445.33
2026-03-15,Solihull,ENG,1457.74
2026-03-15,Southampton,ENG,1570.79
2026-03-15,Southend,ENG,1490.27
2026-03-15,Stevenage,ENG,1473.24
2026-03-15,Stockport,ENG,1405.74
2026-03-15,Stoke,ENG,1482.56
2026-03-15,Sunderland,ENG,1685.37
2026-03-15,Sutton,ENG,1468.25
2026-03-15,Swansea,ENG,1510.03
2026-03-15,Swindon,ENG,1457.41
2026-03-15,Tamworth,ENG,1464.78
2026-03-15,Tottenham,ENG,1730.94
2026-03-15,Tranmere,ENG,1355.44
2026-03-15,Truro,ENG,1371.13
2026-03-15,Walsall,ENG,1436.14
2026-03-15,Watford,ENG,1503.08
2026-03-15,Wealdstone,ENG,1478.9
2026-03-15,West Brom,ENG,1460.71
2026-03-15,West Ham,ENG,1743.1
2026-03-15,Wigan,ENG,1386.29
2026-03-15,Wimbledon,ENG,1332.15
2026-03-15,Woking,ENG,1498.01
2026-03-15,Wolves,ENG,1684.58
2026-03-15,Wrexham,ENG,1558.18
2026-03-15,Wycombe,ENG,1447.38
2026-03-15,Yeovil,ENG,1399.47
2026-03-15,York,ENG,1652.15
2026-04-01,AFC Wimbledon,ENG,1417.94
2026-04-01,Accrington,ENG,1442.12
2026-04-01,Aldershot,ENG,1463.3
2026-04-01,Altrincham,ENG,1457.33
2026-04-01,Arsenal,ENG,2021.5
2026-04-01,Aston Villa,ENG,1879.68
2026-04-01,Barnet,ENG,1500.66
2026-04-01,Barnsley,ENG,1395.75
2026-04-01,Barrow,ENG,1372.57
2026-04-01,Birmingham,ENG,1471.12
2026-04-01,Blackburn,ENG,1466.96
2026-04-01,Blackpool,ENG,1385.27
2026-04-01,Bolton,ENG,1449.92
2026-04-01,Boreham Wood,ENG,1566.67
2026-04-01,Boston Utd,ENG,1475.36
2026-04-01,Bournemouth,ENG,1822.3
2026-04-01,Brackley Town,ENG,1395.17
2026-04-01,Bradford,ENG,1414.43
2026-04-01,Braintree Town,ENG,1391.96
2026-04-01,Brentford,ENG,1828.82
2026-04-01,Brighton,ENG,1833.11
2026-04-01,Bristol City,ENG,1485.3
2026-04-01,Bristol Rvs,ENG,1446.59
2026-04-01,Bromley,ENG,1577.09
2026-04-01,Burnley,ENG,1673.58
2026-04-01,Burton,ENG,1370.95
2026-04-01,Cambridge,ENG,1560.75
2026-04-01,Cardiff,ENG,1510.3
2026-04-01,Carlisle,ENG,1599.41
2026-04-01,Charlton,ENG,1454.28
2026-04-01,Chelsea,ENG,1873.83
2026-04-01,Cheltenham,ENG,1444.98
2026-04-01,Chesterfield,ENG,1518.05
2026-04-01,Colchester,ENG,1454.97
2026-04-01,Coventry,ENG,1623.9
2026-04-01,Crawley Town,ENG,1402.84
2026-04-01,Crewe,ENG,1475.09
2026-04-01,Crystal Palace,ENG,1801.18
2026-04-01,Derby,ENG,1525.08
2026-04-01,Doncaster,ENG,1399.55
2026-04-01,Eastleigh,ENG,1416.09
2026-04-01,Everton,ENG,1823.29
2026-04-01,Exeter,ENG,1394.47
2026-04-01,Fleetwood Town,ENG,1475.26
2026-04-01,Forest Green,ENG,1534.09
2026-04-01,Fulham,ENG,1795.18
2026-04-01,Gateshead,ENG,1444.4
2026-04-01,Gillingham,ENG,1393.65
2026-04-01,Grimsby,ENG,1475.86
2026-04-01,Halifax,ENG,1510.86
2026-04-01,Harrogate,ENG,1372.18
2026-04-01,Hartlepool,ENG,1505.28
2026-04-01,Huddersfield,ENG,1418.95
2026-04-01,Hull,ENG,1543.32
2026-04-01,Ipswich,ENG,1618.01
2026-04-01,Leeds,ENG,1751.86
2026-04-01,Leicester,ENG,1503.29
2026-04-01,Leyton Orient,ENG,1433.25
2026-04-01,Lincoln,ENG,1588.87
2026-04-01,Liverpool,ENG,1908.68
2026-04-01,Luton,ENG,1452.55
2026-04-01,Man City,ENG,1967.83
2026-04-01,Man United,ENG,1877.1
2026-04-01,Mansfield,ENG,1447.95
2026-04-01,Middlesbrough,ENG,1580.66
2026-04-01,Millwall,ENG,1581.75
2026-04-01,Milton Keynes Dons,ENG,1508.99
2026-04-01,Morecambe,ENG,1393.16
2026-04-01,Newcastle,ENG,1827.12
2026-04-01,Newport County,ENG,1397.45
2026-04-01,Northampton,ENG,1346.25
2026-04-01,Norwich,ENG,1528.46
2026-04-01,Nott'm Forest,ENG,1769.26
2026-04-01,Nottm Forest,ENG,1731.5
2026-04-01,Notts County,ENG,1544.58
2026-04-01,Oldham,ENG,1525.42
2026-04-01,Oxford,ENG,1446.78
2026-04-01,Peterboro,ENG,1403.76
2026-04-01,Plymouth,ENG,1469.31
2026-04-01,Plymouth Argyle,ENG,1381.53
2026-04-01,Port Vale,ENG,1323.02
2026-04-01,Portsmouth,ENG,1441.15
2026-04-01,Preston,ENG,1477.42
2026-04-01,QPR,ENG,1488.16
2026-04-01,Reading,ENG,1466.95
2026-04-01,Rochdale,ENG,1648.05
2026-04-01,Rotherham,ENG,1313.07
2026-04-01,Salford,ENG,1521.89
2026-04-01,Scunthorpe,ENG,1527.18
2026-04-01,Sheffield United,ENG,1530.27
2026-04-01,Sheffield Weds,ENG,1318.22
2026-04-01,Shrewsbury,ENG,1415.69
2026-04-01,Solihull,ENG,1456.65
2026-04-01,Southampton,ENG,1582.95
2026-04-01,Southend,ENG,1498.22
2026-04-01,Stevenage,ENG,1472.8
2026-04-01,Stockport,ENG,1424.23
2026-04-01,Stoke,ENG,1473.89
2026-04-01,Sunderland,ENG,1700.91
2026-04-01,Sutton,ENG,1458.26
2026-04-01,Swansea,ENG,1501.32
2026-04-01,Swindon,ENG,1474.57
2026-04-01,Tamworth,ENG,1480.92
2026-04-01,Tottenham,ENG,1726.08
2026-04-01,Tranmere,ENG,1336.04
2026-04-01,Truro,ENG,1381.36
2026-04-01,Walsall,ENG,1447.29
2026-04-01,Watford,ENG,1510.9
2026-04-01,Wealdstone,ENG,1459.06
2026-04-01,West Brom,ENG,1473.44
2026-04-01,West Ham,ENG,1738.12
2026-04-01,Wigan,ENG,1390.79
2026-04-01,Wimbledon,ENG,1332.15
2026-04-01,Woking,ENG,1504.09
2026-04-01,Wolves,ENG,1689.99
2026-04-01,Wrexham,ENG,1559.85
2026-04-01,Wycombe,ENG,1457.04
2026-04-01,Yeovil,ENG,1402.32
2026-04-01,York,ENG,1645.59
2026-04-15,AFC Wimbledon,ENG,1394.22
2026-04-15,Accrington,ENG,1422.79
2026-04-15,Aldershot,ENG,1431.72
2026-04-15,Altrincham,ENG,1451.44
2026-04-15,Arsenal,ENG,2005.17
2026-04-15,Aston Villa,ENG,1878.24
2026-04-15,Barnet,ENG,1516.62
2026-04-15,Barnsley,ENG,1396.08
2026-04-15,Barrow,ENG,1378.05
2026-04-15,Birmingham,ENG,1465.82
2026-04-15,Blackburn,ENG,1473.3
2026-04-15,Blackpool,ENG,1396.14
2026-04-15,Bolton,ENG,1461.97
2026-04-15,Boreham Wood,ENG,1567.3
2026-04-15,Boston Utd,ENG,1475.07
2026-04-15,Bournemouth,ENG,1838.63
2026-04-15,Brackley Town,ENG,1385.7
2026-04-15,Bradford,ENG,1422.86
2026-04-15,Braintree Town,ENG,1383.3
2026-04-15,Brentford,ENG,1826.96
2026-04-15,Brighton,ENG,1840.32
2026-04-15,Bristol City,ENG,1506.83
2026-04-15,Bristol Rvs,ENG,1472.07
2026-04-15,Bromley,ENG,1570.69
2026-04-15,Burnley,ENG,1666.37
2026-04-15,Burton,ENG,1383.09
2026-04-15,Cambridge,ENG,1563.0
2026-04-15,Cardiff,ENG,1514.97
2026-04-15,Carlisle,ENG,1595.28
2026-04-15,Charlton,ENG,1435.92
2026-04-15,Chelsea,ENG,1864.81
2026-04-15,Cheltenham,ENG,1459.08
2026-04-15,Chesterfield,ENG,1532.49
2026-04-15,Colchester,ENG,1470.28
2026-04-15,Coventry,ENG,1620.95
2026-04-15,Crawley Town,ENG,1397.39
2026-04-15,Crewe,ENG,1467.6
2026-04-15,Crystal Palace,ENG,1810.2
2026-04-15,Derby,ENG,1520.05
2026-04-15,Doncaster,ENG,1391.36
2026-04-15,Eastleigh,ENG,1420.26
2026-04-15,Everton,ENG,1825.15
2026-04-15,Exeter,ENG,1397.95
2026-04-15,Fleetwood Town,ENG,1466.76
2026-04-15,Forest Green,ENG,1540.62
2026-04-15,Fulham,ENG,1789.8
2026-04-15,Gateshead,ENG,1471.84
2026-04-15,Gillingham,ENG,1404.1
2026-04-15,Grimsby,ENG,1473.19
2026-04-15,Halifax,ENG,1516.83
2026-04-15,Harrogate,ENG,1368.67
2026-04-15,Hartlepool,ENG,1502.49
2026-04-15,Huddersfield,ENG,1429.91
2026-04-15,Hull,ENG,1534.08
2026-04-15,Ipswich,ENG,1618.58
2026-04-15,Leeds,ENG,1766.74
2026-04-15,Leicester,ENG,1485.84
2026-04-15,Leyton Orient,ENG,1416.65
2026-04-15,Lincoln,ENG,1605.21
2026-04-15,Liverpool,ENG,1914.06
2026-04-15,Luton,ENG,1469.93
2026-04-15,Man City,ENG,1976.85
2026-04-15,Man United,ENG,1862.23
2026-04-15,Mansfield,ENG,1445.39
2026-04-15,Middlesbrough,ENG,1553.95
2026-04-15,Millwall,ENG,1578.63
2026-04-15,Milton Keynes Dons,ENG,1516.86
2026-04-15,Morecambe,ENG,1407.71
2026-04-15,Newcastle,ENG,1818.1
2026-04-15,Newport County,ENG,1389.45
2026-04-15,Northampton,ENG,1329.51
2026-04-15,Norwich,ENG,1528.71
2026-04-15,Nott'm Forest,ENG,1770.7
2026-04-15,Nottm Forest,ENG,1731.5
2026-04-15,Notts County,ENG,1532.37
2026-04-15,Oldham,ENG,1508.29
2026-04-15,Oxford,ENG,1459.16
2026-04-15,Peterboro,ENG,1389.73
2026-04-15,Plymouth,ENG,1463.41
2026-04-15,Plymouth Argyle,ENG,1381.53
2026-04-15,Port Vale,ENG,1331.26
2026-04-15,Portsmouth,ENG,1471.55
2026-04-15,Preston,ENG,1489.43
2026-04-15,QPR,ENG,1496.8
2026-04-15,Reading,ENG,1448.64
2026-04-15,Rochdale,ENG,1633.32
2026-04-15,Rotherham,ENG,1292.9
2026-04-15,Salford,ENG,1516.05
2026-04-15,Scunthorpe,ENG,1519.59
2026-04-15,Sheffield United,ENG,1527.56
2026-04-15,Sheffield Weds,ENG,1325.14
2026-04-15,Shrewsbury,ENG,1428.95
2026-04-15,Solihull,ENG,1466.79
2026-04-15,Southampton,ENG,1605.67
2026-04-15,Southend,ENG,1520.8
2026-04-15,Stevenage,ENG,1477.51
2026-04-15,Stockport,ENG,1435.95
2026-04-15,Stoke,ENG,1469.65
2026-04-15,Sunderland,ENG,1709.92
2026-04-15,Sutton,ENG,1444.85
2026-04-15,Swansea,ENG,1515.5
2026-04-15,Swindon,ENG,1476.7
2026-04-15,Tamworth,ENG,1484.07
2026-04-15,Tottenham,ENG,1717.08
2026-04-15,Tranmere,ENG,1327.96
2026-04-15,Truro,ENG,1370.69
2026-04-15,Walsall,ENG,1425.17
2026-04-15,Watford,ENG,1488.99
2026-04-15,Wealdstone,ENG,1456.53
2026-04-15,West Brom,ENG,1477.29
2026-04-15,West Ham,ENG,1745.1
2026-04-15,Wigan,ENG,1415.79
2026-04-15,Wimbledon,ENG,1332.15
2026-04-15,Woking,ENG,1501.78
2026-04-15,Wolves,ENG,1683.0
2026-04-15,Wrexham,ENG,1537.1
2026-04-15,Wycombe,ENG,1436.95
2026-04-15,Yeovil,ENG,1403.63
2026-04-15,York,ENG,1663.15
2026-05-01,AFC Wimbledon,ENG,1387.1
2026-05-01,Accrington,ENG,1423.44
2026-05-01,Aldershot,ENG,1408.87
2026-05-01,Altrincham,ENG,1471.2
2026-05-01,Arsenal,ENG,1999.93
2026-05-01,Aston Villa,ENG,1871.61
2026-05-01,Barnet,ENG,1533.69
2026-05-01,Barnsley,ENG,1392.87
2026-05-01,Barrow,ENG,1363.73
2026-05-01,Birmingham,ENG,1486.8
2026-05-01,Blackburn,ENG,1489.16
2026-05-01,Blackpool,ENG,1417.06
2026-05-01,Bolton,ENG,1460.07
2026-05-01,Boreham Wood,ENG,1579.29
2026-05-01,Boston Utd,ENG,1495.81
2026-05-01,Bournemouth,ENG,1846.01
2026-05-01,Brackley Town,ENG,1391.74
2026-05-01,Bradford,ENG,1422.8
2026-05-01,Braintree Town,ENG,1372.72
2026-05-01,Brentford,ENG,1817.29
2026-05-01,Brighton,ENG,1847.22
2026-05-01,Bristol City,ENG,1491.55
2026-05-01,Bristol Rvs,ENG,1487.17
2026-05-01,Bromley,ENG,1559.31
2026-05-01,Burnley,ENG,1657.21
2026-05-01,Burton,ENG,1383.26
2026-05-01,Cambridge,ENG,1555.0
2026-05-01,Cardiff,ENG,1532.23
2026-05-01,Carlisle,ENG,1604.43
2026-05-01,Charlton,ENG,1439.04
2026-05-01,Chelsea,ENG,1844.33
2026-05-01,Cheltenham,ENG,1442.73
2026-05-01,Chesterfield,ENG,1538.63
2026-05-01,Colchester,ENG,1449.12
2026-05-01,Coventry,ENG,1629.73
2026-05-01,Crawley Town,ENG,1399.09
2026-05-01,Crewe,ENG,1450.99
2026-05-01,Crystal Palace,ENG,1801.43
2026-05-01,Derby,ENG,1529.37
2026-05-01,Doncaster,ENG,1395.92
2026-05-01,Eastleigh,ENG,1434.66
2026-05-01,Everton,ENG,1805.77
2026-05-01,Exeter,ENG,1398.96
2026-05-01,Fleetwood Town,ENG,1467.58
2026-05-01,Forest Green,ENG,1536.25
2026-05-01,Fulham,ENG,1803.38
2026-05-01,Gateshead,ENG,1452.74
2026-05-01,Gillingham,ENG,1389.44
2026-05-01,Grimsby,ENG,1504.45
2026-05-01,Halifax,ENG,1517.15
2026-05-01,Harrogate,ENG,1393.07
2026-05-01,Hartlepool,ENG,1511.47
2026-05-01,Huddersfield,ENG,1421.46
2026-05-01,Hull,ENG,1519.5
2026-05-01,Ipswich,ENG,1621.4
2026-05-01,Leeds,ENG,1776.57
2026-05-01,Leicester,ENG,1478.55
2026-05-01,Leyton Orient,ENG,1393.71
2026-05-01,Lincoln,ENG,1613.33
2026-05-01,Liverpool,ENG,1928.55
2026-05-01,Luton,ENG,1488.44
2026-05-01,Man City,ENG,1989.51
2026-05-01,Man United,ENG,1880.95
2026-05-01,Mansfield,ENG,1466.2
2026-05-01,Middlesbrough,ENG,1566.48
2026-05-01,Millwall,ENG,1591.4
2026-05-01,Milton Keynes Dons,ENG,1530.98
2026-05-01,Morecambe,ENG,1395.5
2026-05-01,Newcastle,ENG,1803.12
2026-05-01,Newport County,ENG,1394.56
2026-05-01,Northampton,ENG,1301.81
2026-05-01,Norwich,ENG,1545.19
2026-05-01,Nott'm Forest,ENG,1785.99
2026-05-01,Nottm Forest,ENG,1731.5
2026-05-01,Notts County,ENG,1530.19
2026-05-01,Oldham,ENG,1485.27
2026-05-01,Oxford,ENG,1448.63
2026-05-01,Peterboro,ENG,1369.36
2026-05-01,Plymouth,ENG,1478.12
2026-05-01,Plymouth Argyle,ENG,1381.53
2026-05-01,Port Vale,ENG,1350.32
2026-05-01,Portsmouth,ENG,1486.53
2026-05-01,Preston,ENG,1482.08
2026-05-01,QPR,ENG,1468.81
2026-05-01,Reading,ENG,1436.61
2026-05-01,Rochdale,ENG,1637.41
2026-05-01,Rotherham,ENG,1302.96
2026-05-01,Salford,ENG,1537.0
2026-05-01,Scunthorpe,ENG,1505.22
2026-05-01,Sheffield United,ENG,1511.58
2026-05-01,Sheffield Weds,ENG,1318.19
2026-05-01,Shrewsbury,ENG,1429.11
2026-05-01,Solihull,ENG,1465.48
2026-05-01,Southampton,ENG,1608.63
2026-05-01,Southend,ENG,1530.03
2026-05-01,Stevenage,ENG,1484.63
2026-05-01,Stockport,ENG,1427.27
2026-05-01,Stoke,ENG,1443.78
2026-05-01,Sunderland,ENG,1695.99
2026-05-01,Sutton,ENG,1428.55
2026-05-01,Swansea,ENG,1520.17
2026-05-01,Swindon,ENG,1465.88
2026-05-01,Tamworth,ENG,1489.52
2026-05-01,Tottenham,ENG,1729.4
2026-05-01,Tranmere,ENG,1331.83
2026-05-01,Truro,ENG,1378.35
2026-05-01,Walsall,ENG,1422.33
2026-05-01,Watford,ENG,1464.46
2026-05-01,Wealdstone,ENG,1450.12
2026-05-01,West Brom,ENG,1499.16
2026-05-01,West Ham,ENG,1758.77
2026-05-01,Wigan,ENG,1402.64
2026-05-01,Wimbledon,ENG,1332.15
2026-05-01,Woking,ENG,1500.73
2026-05-01,Wolves,ENG,1666.4
2026-05-01,Wrexham,ENG,1546.29
2026-05-01,Wycombe,ENG,1420.21
2026-05-01,Yeovil,ENG,1390.72
2026-05-01,York,ENG,1666.83
2026-05-15,AFC Wimbledon,ENG,1376.36
2026-05-15,Accrington,ENG,1416.81
2026-05-15,Aldershot,ENG,1408.87
2026-05-15,Altrincham,ENG,1471.2
2026-05-15,Arsenal,ENG,2008.63
2026-05-15,Aston Villa,ENG,1852.44
2026-05-15,Barnet,ENG,1541.41
2026-05-15,Barnsley,ENG,1382.13
2026-05-15,Barrow,ENG,1352.89
2026-05-15,Birmingham,ENG,1488.5
2026-05-15,Blackburn,ENG,1477.15
2026-05-15,Blackpool,ENG,1429.31
2026-05-15,Bolton,ENG,1449.16
2026-05-15,Boreham Wood,ENG,1579.29
2026-05-15,Boston Utd,ENG,1495.81
2026-05-15,Bournemouth,ENG,1863.28
2026-05-15,Brackley Town,ENG,1391.74
2026-05-15,Bradford,ENG,1433.84
2026-05-15,Braintree Town,ENG,1372.72
2026-05-15,Brentford,ENG,1819.65
2026-05-15,Brighton,ENG,1841.84
2026-05-15,Bristol City,ENG,1498.55
2026-05-15,Bristol Rvs,ENG,1490.05
2026-05-15,Bromley,ENG,1564.18
2026-05-15,Burnley,ENG,1655.89
2026-05-15,Burton,ENG,1385.27
2026-05-15,Cambridge,ENG,1553.74
2026-05-15,Cardiff,ENG,1522.06
2026-05-15,Carlisle,ENG,1604.43
2026-05-15,Charlton,ENG,1432.89
2026-05-15,Chelsea,ENG,1835.07
2026-05-15,Cheltenham,ENG,1431.2
2026-05-15,Chesterfield,ENG,1548.26
2026-05-15,Colchester,ENG,1460.65
2026-05-15,Coventry,ENG,1636.79
2026-05-15,Crawley Town,ENG,1401.29
2026-05-15,Crewe,ENG,1452.25
2026-05-15,Crystal Palace,ENG,1789.36
2026-05-15,Derby,ENG,1517.16
2026-05-15,Doncaster,ENG,1406.88
2026-05-15,Eastleigh,ENG,1434.66
2026-05-15,Everton,ENG,1810.48
2026-05-15,Exeter,ENG,1387.93
2026-05-15,Fleetwood Town,ENG,1467.68
2026-05-15,Forest Green,ENG,1536.25
2026-05-15,Fulham,ENG,1789.47
2026-05-15,Gateshead,ENG,1452.74
2026-05-15,Gillingham,ENG,1398.85
2026-05-15,Grimsby,ENG,1501.32
2026-05-15,Halifax,ENG,1517.15
2026-05-15,Harrogate,ENG,1385.35
2026-05-15,Hartlepool,ENG,1511.47
2026-05-15,Huddersfield,ENG,1432.2
2026-05-15,Hull,ENG,1528.52
2026-05-15,Ipswich,ENG,1625.94
2026-05-15,Leeds,ENG,1782.48
2026-05-15,Leicester,ENG,1490.56
2026-05-15,Leyton Orient,ENG,1391.71
2026-05-15,Lincoln,ENG,1618.07
2026-05-15,Liverpool,ENG,1914.89
2026-05-15,Luton,ENG,1499.35
2026-05-15,Man City,ENG,1994.16
2026-05-15,Man United,ENG,1886.92
2026-05-15,Mansfield,ENG,1476.38
2026-05-15,Middlesbrough,ENG,1567.62
2026-05-15,Millwall,ENG,1596.15
2026-05-15,Milton Keynes Dons,ENG,1530.88
2026-05-15,Morecambe,ENG,1395.5
2026-05-15,Newcastle,ENG,1813.99
2026-05-15,Newport County,ENG,1405.39
2026-05-15,Northampton,ENG,1295.04
2026-05-15,Norwich,ENG,1536.18
2026-05-15,Nott'm Forest,ENG,1797.94
2026-05-15,Nottm Forest,ENG,1731.5
2026-05-15,Notts County,ENG,1527.31
2026-05-15,Oldham,ENG,1491.9
2026-05-15,Oxford,ENG,1443.89
2026-05-15,Peterboro,ENG,1358.4
2026-05-15,Plymouth,ENG,1484.9
2026-05-15,Plymouth Argyle,ENG,1381.53
2026-05-15,Port Vale,ENG,1345.58
2026-05-15,Portsmouth,ENG,1484.83
2026-05-15,Preston,ENG,1473.97
2026-05-15,QPR,ENG,1464.27
2026-05-15,Reading,ENG,1424.36
2026-05-15,Rochdale,ENG,1637.41
2026-05-15,Rotherham,ENG,1297.66
2026-05-15,Salford,ENG,1534.79
2026-05-15,Scunthorpe,ENG,1505.22
2026-05-15,Sheffield United,ENG,1523.78
2026-05-15,Sheffield Weds,ENG,1331.54
2026-05-15,Shrewsbury,ENG,1419.69
2026-05-15,Solihull,ENG,1465.48
2026-05-15,Southampton,ENG,1616.74
2026-05-15,Southend,ENG,1530.03
2026-05-15,Stevenage,ENG,1490.76
2026-05-15,Stockport,ENG,1438.0
2026-05-15,Stoke,ENG,1436.79
2026-05-15,Sunderland,ENG,1700.53
2026-05-15,Sutton,ENG,1428.55
2026-05-15,Swansea,ENG,1526.32
2026-05-15,Swindon,ENG,1456.25
2026-05-15,Tamworth,ENG,1489.52
2026-05-15,Tottenham,ENG,1743.98
2026-05-15,Tranmere,ENG,1334.96
2026-05-15,Truro,ENG,1378.35
2026-05-15,Walsall,ENG,1417.46
2026-05-15,Watford,ENG,1457.4
2026-05-15,Wealdstone,ENG,1450.12
2026-05-15,West Brom,ENG,1485.81
2026-05-15,West Ham,ENG,1747.07
2026-05-15,Wigan,ENG,1396.51
2026-05-15,Wimbledon,ENG,1332.15
2026-05-15,Woking,ENG,1500.73
2026-05-15,Wolves,ENG,1661.36
2026-05-15,Wrexham,ENG,1545.15
2026-05-15,Wycombe,ENG,1425.51
2026-05-15,Yeovil,ENG,1390.72
2026-05-15,York,ENG,1666.83
2026-06-01,AFC Wimbledon,ENG,1376.36
2026-06-01,Accrington,ENG,1416.81
2026-06-01,Aldershot,ENG,1408.87
2026-06-01,Altrincham,ENG,1471.2
2026-06-01,Arsenal,ENG,2016.06
2026-06-01,Aston Villa,ENG,1877.48
2026-06-01,Barnet,ENG,1541.41
2026-06-01,Barnsley,ENG,1382.13
2026-06-01,Barrow,ENG,1352.89
2026-06-01,Birmingham,ENG,1488.5
2026-06-01,Blackburn,ENG,1477.15
2026-06-01,Blackpool,ENG,1429.31
2026-06-01,Bolton,ENG,1449.16
2026-06-01,Boreham Wood,ENG,1579.29
2026-06-01,Boston Utd,ENG,1495.81
2026-06-01,Bournemouth,ENG,1864.9
2026-06-01,Brackley Town,ENG,1391.74
2026-06-01,Bradford,ENG,1433.84
2026-06-01,Braintree Town,ENG,1372.72
2026-06-01,Brentford,ENG,1821.12
2026-06-01,Brighton,ENG,1821.88
2026-06-01,Bristol City,ENG,1498.55
2026-06-01,Bristol Rvs,ENG,1490.05
2026-06-01,Bromley,ENG,1564.18
2026-06-01,Burnley,ENG,1652.73
2026-06-01,Burton,ENG,1385.27
2026-06-01,Cambridge,ENG,1553.74
2026-06-01,Cardiff,ENG,1522.06
2026-06-01,Carlisle,ENG,1604.43
2026-06-01,Charlton,ENG,1432.89
2026-06-01,Chelsea,ENG,1829.1
2026-06-01,Cheltenham,ENG,1431.2
2026-06-01,Chesterfield,ENG,1548.26
2026-06-01,Colchester,ENG,1460.65
2026-06-01,Coventry,ENG,1636.79
2026-06-01,Crawley Town,ENG,1401.29
2026-06-01,Crewe,ENG,1452.25
2026-06-01,Crystal Palace,ENG,1786.17
2026-06-01,Derby,ENG,1517.16
2026-06-01,Doncaster,ENG,1406.88
2026-06-01,Eastleigh,ENG,1434.66
2026-06-01,Everton,ENG,1786.0
2026-06-01,Exeter,ENG,1387.93
2026-06-01,Fleetwood Town,ENG,1467.68
2026-06-01,Forest Green,ENG,1536.25
2026-06-01,Fulham,ENG,1796.76
2026-06-01,Gateshead,ENG,1452.74
2026-06-01,Gillingham,ENG,1398.85
2026-06-01,Grimsby,ENG,1501.32
2026-06-01,Halifax,ENG,1517.15
2026-06-01,Harrogate,ENG,1385.35
2026-06-01,Hartlepool,ENG,1511.47
2026-06-01,Huddersfield,ENG,1432.2
2026-06-01,Hull,ENG,1528.52
2026-06-01,Ipswich,ENG,1625.94
2026-06-01,Leeds,ENG,1782.7
2026-06-01,Leicester,ENG,1490.56
2026-06-01,Leyton Orient,ENG,1391.71
2026-06-01,Lincoln,ENG,1618.07
2026-06-01,Liverpool,ENG,1900.81
2026-06-01,Luton,ENG,1499.35
2026-06-01,Man City,ENG,1977.17
2026-06-01,Man United,ENG,1902.85
2026-06-01,Mansfield,ENG,1476.38
2026-06-01,Middlesbrough,ENG,1567.62
2026-06-01,Millwall,ENG,1596.15
2026-06-01,Milton Keynes Dons,ENG,1530.88
2026-06-01,Morecambe,ENG,1395.5
2026-06-01,Newcastle,ENG,1811.27
2026-06-01,Newport County,ENG,1405.39
2026-06-01,Northampton,ENG,1295.04
2026-06-01,Norwich,ENG,1536.18
2026-06-01,Nott'm Forest,ENG,1792.37
2026-06-01,Nottm Forest,ENG,1731.5
2026-06-01,Notts County,ENG,1527.31
2026-06-01,Oldham,ENG,1491.9
2026-06-01,Oxford,ENG,1443.89
2026-06-01,Peterboro,ENG,1358.4
2026-06-01,Plymouth,ENG,1484.9
2026-06-01,Plymouth Argyle,ENG,1381.53
2026-06-01,Port Vale,ENG,1345.58
2026-06-01,Portsmouth,ENG,1484.83
2026-06-01,Preston,ENG,1473.97
2026-06-01,QPR,ENG,1464.27
2026-06-01,Reading,ENG,1424.36
2026-06-01,Rochdale,ENG,1637.41
2026-06-01,Rotherham,ENG,1297.66
2026-06-01,Salford,ENG,1534.79
2026-06-01,Scunthorpe,ENG,1505.22
2026-06-01,Sheffield United,ENG,1523.78
2026-06-01,Sheffield Weds,ENG,1331.54
2026-06-01,Shrewsbury,ENG,1419.69
2026-06-01,Solihull,ENG,1465.48
2026-06-01,Southampton,ENG,1616.74
2026-06-01,Southend,ENG,1530.03
2026-06-01,Stevenage,ENG,1490.76
2026-06-01,Stockport,ENG,1438.0
2026-06-01,Stoke,ENG,1436.79
2026-06-01,Sunderland,ENG,1726.94
2026-06-01,Sutton,ENG,1428.55
2026-06-01,Swansea,ENG,1526.32
2026-06-01,Swindon,ENG,1456.25
2026-06-01,Tamworth,ENG,1489.52
2026-06-01,Tottenham,ENG,1748.02
2026-06-01,Tranmere,ENG,1334.96
2026-06-01,Truro,ENG,1378.35
2026-06-01,Walsall,ENG,1417.46
2026-06-01,Watford,ENG,1457.4
2026-06-01,Wealdstone,ENG,1450.12
2026-06-01,West Brom,ENG,1485.81
2026-06-01,West Ham,ENG,1750.34
2026-06-01,Wigan,ENG,1396.51
2026-06-01,Wimbledon,ENG,1332.15
2026-06-01,Woking,ENG,1500.73
2026-06-01,Wolves,ENG,1664.75
2026-06-01,Wrexham,ENG,1545.15
2026-06-01,Wycombe,ENG,1425.51
2026-06-01,Yeovil,ENG,1390.72
2026-06-01,York,ENG,1666.83
2026-06-15,AFC Wimbledon,ENG,1376.36
2026-06-15,Accrington,ENG,1416.81
2026-06-15,Aldershot,ENG,1408.87
2026-06-15,Altrincham,ENG,1471.2
2026-06-15,Arsenal,ENG,2016.06
2026-06-15,Aston Villa,ENG,1877.48
2026-06-15,Barnet,ENG,1541.41
2026-06-15,Barnsley,ENG,1382.13
2026-06-15,Barrow,ENG,1352.89
2026-06-15,Birmingham,ENG,1488.5
2026-06-15,Blackburn,ENG,1477.15
2026-06-15,Blackpool,ENG,1429.31
2026-06-15,Bolton,ENG,1449.16
2026-06-15,Boreham Wood,ENG,1579.29
2026-06-15,Boston Utd,ENG,1495.81
2026-06-15,Bournemouth,ENG,1864.9
2026-06-15,Brackley Town,ENG,1391.74
2026-06-15,Bradford,ENG,1433.84
2026-06-15,Braintree Town,ENG,1372.72
2026-06-15,Brentford,ENG,1821.12
2026-06-15,Brighton,ENG,1821.88
2026-06-15,Bristol City,ENG,1498.55
2026-06-15,Bristol Rvs,ENG,1490.05
2026-06-15,Bromley,ENG,1564.18
2026-06-15,Burnley,ENG,1652.73
2026-06-15,Burton,ENG,1385.27
2026-06-15,Cambridge,ENG,1553.74
2026-06-15,Cardiff,ENG,1522.06
2026-06-15,Carlisle,ENG,1604.43
2026-06-15,Charlton,ENG,1432.89
2026-06-15,Chelsea,ENG,1829.1
2026-06-15,Cheltenham,ENG,1431.2
2026-06-15,Chesterfield,ENG,1548.26
2026-06-15,Colchester,ENG,1460.65
2026-06-15,Coventry,ENG,1636.79
2026-06-15,Crawley Town,ENG,1401.29
2026-06-15,Crewe,ENG,1452.25
2026-06-15,Crystal Palace,ENG,1786.17
2026-06-15,Derby,ENG,1517.16
2026-06-15,Doncaster,ENG,1406.88
2026-06-15,Eastleigh,ENG,1434.66
2026-06-15,Everton,ENG,1786.0
2026-06-15,Exeter,ENG,1387.93
2026-06-15,Fleetwood Town,ENG,1467.68
2026-06-15,Forest Green,ENG,1536.25
2026-06-15,Fulham,ENG,1796.76
2026-06-15,Gateshead,ENG,1452.74
2026-06-15,Gillingham,ENG,1398.85
2026-06-15,Grimsby,ENG,1501.32
2026-06-15,Halifax,ENG,1517.15
2026-06-15,Harrogate,ENG,1385.35
2026-06-15,Hartlepool,ENG,1511.47
2026-06-15,Huddersfield,ENG,1432.2
2026-06-15,Hull,ENG,1528.52
2026-06-15,Ipswich,ENG,1625.94
2026-06-15,Leeds,ENG,1782.7
2026-06-15,Leicester,ENG,1490.56
2026-06-15,Leyton Orient,ENG,1391.71
2026-06-15,Lincoln,ENG,1618.07
2026-06-15,Liverpool,ENG,1900.81
2026-06-15,Luton,ENG,1499.35
2026-06-15,Man City,ENG,1977.17
2026-06-15,Man United,ENG,1902.85
2026-06-15,Mansfield,ENG,1476.38
2026-06-15,Middlesbrough,ENG,1567.62
2026-06-15,Millwall,ENG,1596.15
2026-06-15,Milton Keynes Dons,ENG,1530.88
2026-06-15,Morecambe,ENG,1395.5
2026-06-15,Newcastle,ENG,1811.27
2026-06-15,Newport County,ENG,1405.39
2026-06-15,Northampton,ENG,1295.04
2026-06-15,Norwich,ENG,1536.18
2026-06-15,Nott'm Forest,ENG,1792.37
2026-06-15,Nottm Forest,ENG,1731.5
2026-06-15,Notts County,ENG,1527.31
2026-06-15,Oldham,ENG,1491.9
2026-06-15,Oxford,ENG,1443.89
2026-06-15,Peterboro,ENG,1358.4
2026-06-15,Plymouth,ENG,1484.9
2026-06-15,Plymouth Argyle,ENG,1381.53
2026-06-15,Port Vale,ENG,1345.58
2026-06-15,Portsmouth,ENG,1484.83
2026-06-15,Preston,ENG,1473.97
2026-06-15,QPR,ENG,1464.27
2026-06-15,Reading,ENG,1424.36
2026-06-15,Rochdale,ENG,1637.41
2026-06-15,Rotherham,ENG,1297.66
2026-06-15,Salford,ENG,1534.79
2026-06-15,Scunthorpe,ENG,1505.22
2026-06-15,Sheffield United,ENG,1523.78
2026-06-15,Sheffield Weds,ENG,1331.54
2026-06-15,Shrewsbury,ENG,1419.69
2026-06-15,Solihull,ENG,1465.48
2026-06-15,Southampton,ENG,1616.74
2026-06-15,Southend,ENG,1530.03
2026-06-15,Stevenage,ENG,1490.76
2026-06-15,Stockport,ENG,1438.0
2026-06-15,Stoke,ENG,1436.79
2026-06-15,Sunderland,ENG,1726.94
2026-06-15,Sutton,ENG,1428.55
2026-06-15,Swansea,ENG,1526.32
2026-06-15,Swindon,ENG,1456.25
2026-06-15,Tamworth,ENG,1489.52
2026-06-15,Tottenham,ENG,1748.02
2026-06-15,Tranmere,ENG,1334.96
2026-06-15,Truro,ENG,1378.35
2026-06-15,Walsall,ENG,1417.46
2026-06-15,Watford,ENG,1457.4
2026-06-15,Wealdstone,ENG,1450.12
2026-06-15,West Brom,ENG,1485.81
2026-06-15,West Ham,ENG,1750.34
2026-06-15,Wigan,ENG,1396.51
2026-06-15,Wimbledon,ENG,1332.15
2026-06-15,Woking,ENG,1500.73
2026-06-15,Wolves,ENG,1664.75
2026-06-15,Wrexham,ENG,1545.15
2026-06-15,Wycombe,ENG,1425.51
2026-06-15,Yeovil,ENG,1390.72
2026-06-15,York,ENG,1666.83
2026-07-01,AFC Wimbledon,ENG,1376.36
2026-07-01,Accrington,ENG,1416.81
2026-07-01,Aldershot,ENG,1408.87
2026-07-01,Altrincham,ENG,1471.2
2026-07-01,Arsenal,ENG,2016.06
2026-07-01,Aston Villa,ENG,1877.48
2026-07-01,Barnet,ENG,1541.41
2026-07-01,Barnsley,ENG,1382.13
2026-07-01,Barrow,ENG,1352.89
2026-07-01,Birmingham,ENG,1488.5
2026-07-01,Blackburn,ENG,1477.15
2026-07-01,Blackpool,ENG,1429.31
2026-07-01,Bolton,ENG,1449.16
2026-07-01,Boreham Wood,ENG,1579.29
2026-07-01,Boston Utd,ENG,1495.81
2026-07-01,Bournemouth,ENG,1864.9
2026-07-01,Brackley Town,ENG,1391.74
2026-07-01,Bradford,ENG,1433.84
2026-07-01,Braintree Town,ENG,1372.72
2026-07-01,Brentford,ENG,1821.12
2026-07-01,Brighton,ENG,1821.88
2026-07-01,Bristol City,ENG,1498.55
2026-07-01,Bristol Rvs,ENG,1490.05
2026-07-01,Bromley,ENG,1564.18
2026-07-01,Burnley,ENG,1652.73
2026-07-01,Burton,ENG,1385.27
2026-07-01,Cambridge,ENG,1553.74
2026-07-01,Cardiff,ENG,1522.06
2026-07-01,Carlisle,ENG,1604.43
2026-07-01,Charlton,ENG,1432.89
2026-07-01,Chelsea,ENG,1829.1
2026-07-01,Cheltenham,ENG,1431.2
2026-07-01,Chesterfield,ENG,1548.26
2026-07-01,Colchester,ENG,1460.65
2026-07-01,Coventry,ENG,1636.79
2026-07-01,Crawley Town,ENG,1401.29
2026-07-01,Crewe,ENG,1452.25
2026-07-01,Crystal Palace,ENG,1786.17
2026-07-01,Derby,ENG,1517.16
2026-07-01,Doncaster,ENG,1406.88
2026-07-01,Eastleigh,ENG,1434.66
2026-07-01,Everton,ENG,1786.0
2026-07-01,Exeter,ENG,1387.93
2026-07-01,Fleetwood Town,ENG,1467.68
2026-07-01,Forest Green,ENG,1536.25
2026-07-01,Fulham,ENG,1796.76
2026-07-01,Gateshead,ENG,1452.74
2026-07-01,Gillingham,ENG,1398.85
2026-07-01,Grimsby,ENG,1501.32
2026-07-01,Halifax,ENG,1517.15
2026-07-01,Harrogate,ENG,1385.35
2026-07-01,Hartlepool,ENG,1511.47
2026-07-01,Huddersfield,ENG,1432.2
2026-07-01,Hull,ENG,1528.52
2026-07-01,Ipswich,ENG,1625.94
2026-07-01,Leeds,ENG,1782.7
2026-07-01,Leicester,ENG,1490.56
2026-07-01,Leyton Orient,ENG,1391.71
2026-07-01,Lincoln,ENG,1618.07
2026-07-01,Liverpool,ENG,1900.81
2026-07-01,Luton,ENG,1499.35
2026-07-01,Man City,ENG,1977.17
2026-07-01,Man United,ENG,1902.85
2026-07-01,Mansfield,ENG,1476.38
2026-07-01,Middlesbrough,ENG,1567.62
2026-07-01,Millwall,ENG,1596.15
2026-07-01,Milton Keynes Dons,ENG,1530.88
2026-07-01,Morecambe,ENG,1395.5
2026-07-01,Newcastle,ENG,1811.27
2026-07-01,Newport County,ENG,1405.39
2026-07-01,Northampton,ENG,1295.04
2026-07-01,Norwich,ENG,1536.18
2026-07-01,Nott'm Forest,ENG,1792.37
2026-07-01,Nottm Forest,ENG,1731.5
2026-07-01,Notts County,ENG,1527.31
2026-07-01,Oldham,ENG,1491.9
2026-07-01,Oxford,ENG,1443.89
2026-07-01,Peterboro,ENG,1358.4
2026-07-01,Plymouth,ENG,1484.9
2026-07-01,Plymouth Argyle,ENG,1381.53
2026-07-01,Port Vale,ENG,1345.58
2026-07-01,Portsmouth,ENG,1484.83
2026-07-01,Preston,ENG,1473.97
2026-07-01,QPR,ENG,1464.27
2026-07-01,Reading,ENG,1424.36
2026-07-01,Rochdale,ENG,1637.41
2026-07-01,Rotherham,ENG,1297.66
2026-07-01,Salford,ENG,1534.79
2026-07-01,Scunthorpe,ENG,1505.22
2026-07-01,Sheffield United,ENG,1523.78
2026-07-01,Sheffield Weds,ENG,1331.54
2026-07-01,Shrewsbury,ENG,1419.69
2026-07-01,Solihull,ENG,1465.48
2026-07-01,Southampton,ENG,1616.74
2026-07-01,Southend,ENG,1530.03
2026-07-01,Stevenage,ENG,1490.76
2026-07-01,Stockport,ENG,1438.0
2026-07-01,Stoke,ENG,1436.79
2026-07-01,Sunderland,ENG,1726.94
2026-07-01,Sutton,ENG,1428.55
2026-07-01,Swansea,ENG,1526.32
2026-07-01,Swindon,ENG,1456.25
2026-07-01,Tamworth,ENG,1489.52
2026-07-01,Tottenham,ENG,1748.02
2026-07-01,Tranmere,ENG,1334.96
2026-07-01,Truro,ENG,1378.35
2026-07-01,Walsall,ENG,1417.46
2026-07-01,Watford,ENG,1457.4
2026-07-01,Wealdstone,ENG,1450.12
2026-07-01,West Brom,ENG,1485.81
2026-07-01,West Ham,ENG,1750.34
2026-07-01,Wigan,ENG,1396.51
2026-07-01,Wimbledon,ENG,1332.15
2026-07-01,Woking,ENG,1500.73
2026-07-01,Wolves,ENG,1664.75
2026-07-01,Wrexham,ENG,1545.15
2026-07-01,Wycombe,ENG,1425.51
2026-07-01,Yeovil,ENG,1390.72
2026-07-01,York,ENG,1666.83
2026-07-15,AFC Wimbledon,ENG,1376.36
2026-07-15,Accrington,ENG,1416.81
2026-07-15,Aldershot,ENG,1408.87
2026-07-15,Altrincham,ENG,1471.2
2026-07-15,Arsenal,ENG,2016.06
2026-07-15,Aston Villa,ENG,1877.48
2026-07-15,Barnet,ENG,1541.41
2026-07-15,Barnsley,ENG,1382.13
2026-07-15,Barrow,ENG,1352.89
2026-07-15,Birmingham,ENG,1488.5
2026-07-15,Blackburn,ENG,1477.15
2026-07-15,Blackpool,ENG,1429.31
2026-07-15,Bolton,ENG,1449.16
2026-07-15,Boreham Wood,ENG,1579.29
2026-07-15,Boston Utd,ENG,1495.81
2026-07-15,Bournemouth,ENG,1864.9
2026-07-15,Brackley Town,ENG,1391.74
2026-07-15,Bradford,ENG,1433.84
2026-07-15,Braintree Town,ENG,1372.72
2026-07-15,Brentford,ENG,1821.12
2026-07-15,Brighton,ENG,1821.88
2026-07-15,Bristol City,ENG,1498.55
2026-07-15,Bristol Rvs,ENG,1490.05
2026-07-15,Bromley,ENG,1564.18
2026-07-15,Burnley,ENG,1652.73
2026-07-15,Burton,ENG,1385.27
2026-07-15,Cambridge,ENG,1553.74
2026-07-15,Cardiff,ENG,1522.06
2026-07-15,Carlisle,ENG,1604.43
2026-07-15,Charlton,ENG,1432.89
2026-07-15,Chelsea,ENG,1829.1
2026-07-15,Cheltenham,ENG,1431.2
2026-07-15,Chesterfield,ENG,1548.26
2026-07-15,Colchester,ENG,1460.65
2026-07-15,Coventry,ENG,1636.79
2026-07-15,Crawley Town,ENG,1401.29
2026-07-15,Crewe,ENG,1452.25
2026-07-15,Crystal Palace,ENG,1786.17
2026-07-15,Derby,ENG,1517.16
2026-07-15,Doncaster,ENG,1406.88
2026-07-15,Eastleigh,ENG,1434.66
2026-07-15,Everton,ENG,1786.0
2026-07-15,Exeter,ENG,1387.93
2026-07-15,Fleetwood Town,ENG,1467.68
2026-07-15,Forest Green,ENG,1536.25
2026-07-15,Fulham,ENG,1796.76
2026-07-15,Gateshead,ENG,1452.74
2026-07-15,Gillingham,ENG,1398.85
2026-07-15,Grimsby,ENG,1501.32
2026-07-15,Halifax,ENG,1517.15
2026-07-15,Harrogate,ENG,1385.35
2026-07-15,Hartlepool,ENG,1511.47
2026-07-15,Huddersfield,ENG,1432.2
2026-07-15,Hull,ENG,1528.52
2026-07-15,Ipswich,ENG,1625.94
2026-07-15,Leeds,ENG,1782.7
2026-07-15,Leicester,ENG,1490.56
2026-07-15,Leyton Orient,ENG,1391.71
2026-07-15,Lincoln,ENG,1618.07
2026-07-15,Liverpool,ENG,1900.81
2026-07-15,Luton,ENG,1499.35
2026-07-15,Man City,ENG,1977.17
2026-07-15,Man United,ENG,1902.85
2026-07-15,Mansfield,ENG,1476.38
2026-07-15,Middlesbrough,ENG,1567.62
2026-07-15,Millwall,ENG,1596.15
2026-07-15,Milton Keynes Dons,ENG,1530.88
2026-07-15,Morecambe,ENG,1395.5
2026-07-15,Newcastle,ENG,1811.27
2026-07-15,Newport County,ENG,1405.39
2026-07-15,Northampton,ENG,1295.04
2026-07-15,Norwich,ENG,1536.18
2026-07-15,Nott'm Forest,ENG,1792.37
2026-07-15,Nottm Forest,ENG,1731.5
2026-07-15,Notts County,ENG,1527.31
2026-07-15,Oldham,ENG,1491.9
2026-07-15,Oxford,ENG,1443.89
2026-07-15,Peterboro,ENG,1358.4
2026-07-15,Plymouth,ENG,1484.9
2026-07-15,Plymouth Argyle,ENG,1381.53
2026-07-15,Port Vale,ENG,1345.58
2026-07-15,Portsmouth,ENG,1484.83
2026-07-15,Preston,ENG,1473.97
2026-07-15,QPR,ENG,1464.27
2026-07-15,Reading,ENG,1424.36
2026-07-15,Rochdale,ENG,1637.41
2026-07-15,Rotherham,ENG,1297.66
2026-07-15,Salford,ENG,1534.79
2026-07-15,Scunthorpe,ENG,1505.22
2026-07-15,Sheffield United,ENG,1523.78
2026-07-15,Sheffield Weds,ENG,1331.54
2026-07-15,Shrewsbury,ENG,1419.69
2026-07-15,Solihull,ENG,1465.48
2026-07-15,Southampton,ENG,1616.74
2026-07-15,Southend,ENG,1530.03
2026-07-15,Stevenage,ENG,1490.76
2026-07-15,Stockport,ENG,1438.0
2026-07-15,Stoke,ENG,1436.79
2026-07-15,Sunderland,ENG,1726.94
2026-07-15,Sutton,ENG,1428.55
2026-07-15,Swansea,ENG,1526.32
2026-07-15,Swindon,ENG,1456.25
2026-07-15,Tamworth,ENG,1489.52
2026-07-15,Tottenham,ENG,1748.02
2026-07-15,Tranmere,ENG,1334.96
2026-07-15,Truro,ENG,1378.35
2026-07-15,Walsall,ENG,1417.46
2026-07-15,Watford,ENG,1457.4
2026-07-15,Wealdstone,ENG,1450.12
2026-07-15,West Brom,ENG,1485.81
2026-07-15,West Ham,ENG,1750.34
2026-07-15,Wigan,ENG,1396.51
2026-07-15,Wimbledon,ENG,1332.15
2026-07-15,Woking,ENG,1500.73
2026-07-15,Wolves,ENG,1664.75
2026-07-15,Wrexham,ENG,1545.15
2026-07-15,Wycombe,ENG,1425.51
2026-07-15,Yeovil,ENG,1390.72
2026-07-15,York,ENG,1666.83
2026-08-01,AFC Wimbledon,ENG,1376.36
2026-08-01,Accrington,ENG,1416.81
2026-08-01,Aldershot,ENG,1408.87
2026-08-01,Altrincham,ENG,1471.2
2026-08-01,Arsenal,ENG,2016.06
2026-08-01,Aston Villa,ENG,1877.48
2026-08-01,Barnet,ENG,1541.41
2026-08-01,Barnsley,ENG,1382.13
2026-08-01,Barrow,ENG,1352.89
2026-08-01,Birmingham,ENG,1488.5
2026-08-01,Blackburn,ENG,1477.15
2026-08-01,Blackpool,ENG,1429.31
2026-08-01,Bolton,ENG,1449.16
2026-08-01,Boreham Wood,ENG,1579.29
2026-08-01,Boston Utd,ENG,1495.81
2026-08-01,Bournemouth,ENG,1864.9
2026-08-01,Brackley Town,ENG,1391.74
2026-08-01,Bradford,ENG,1433.84
2026-08-01,Braintree Town,ENG,1372.72
2026-08-01,Brentford,ENG,1821.12
2026-08-01,Brighton,ENG,1821.88
2026-08-01,Bristol City,ENG,1498.55
2026-08-01,Bristol Rvs,ENG,1490.05
2026-08-01,Bromley,ENG,1564.18
2026-08-01,Burnley,ENG,1652.73
2026-08-01,Burton,ENG,1385.27
2026-08-01,Cambridge,ENG,1553.74
2026-08-01,Cardiff,ENG,1522.06
2026-08-01,Carlisle,ENG,1604.43
2026-08-01,Charlton,ENG,1432.89
2026-08-01,Chelsea,ENG,1829.1
2026-08-01,Cheltenham,ENG,1431.2
2026-08-01,Chesterfield,ENG,1548.26
2026-08-01,Colchester,ENG,1460.65
2026-08-01,Coventry,ENG,1636.79
2026-08-01,Crawley Town,ENG,1401.29
2026-08-01,Crewe,ENG,1452.25
2026-08-01,Crystal Palace,ENG,1786.17
2026-08-01,Derby,ENG,1517.16
2026-08-01,Doncaster,ENG,1406.88
2026-08-01,Eastleigh,ENG,1434.66
2026-08-01,Everton,ENG,1786.0
2026-08-01,Exeter,ENG,1387.93
2026-08-01,Fleetwood Town,ENG,1467.68
2026-08-01,Forest Green,ENG,1536.25
2026-08-01,Fulham,ENG,1796.76
2026-08-01,Gateshead,ENG,1452.74
2026-08-01,Gillingham,ENG,1398.85
2026-08-01,Grimsby,ENG,1501.32
2026-08-01,Halifax,ENG,1517.15
2026-08-01,Harrogate,ENG,1385.35
2026-08-01,Hartlepool,ENG,1511.47
2026-08-01,Huddersfield,ENG,1432.2
2026-08-01,Hull,ENG,1528.52
2026-08-01,Ipswich,ENG,1625.94
2026-08-01,Leeds,ENG,1782.7
2026-08-01,Leicester,ENG,1490.56
2026-08-01,Leyton Orient,ENG,1391.71
2026-08-01,Lincoln,ENG,1618.07
2026-08-01,Liverpool,ENG,1900.81
2026-08-01,Luton,ENG,1499.35
2026-08-01,Man City,ENG,1977.17
2026-08-01,Man United,ENG,1902.85
2026-08-01,Mansfield,ENG,1476.38
2026-08-01,Middlesbrough,ENG,1567.62
2026-08-01,Millwall,ENG,1596.15
2026-08-01,Milton Keynes Dons,ENG,1530.88
2026-08-01,Morecambe,ENG,1395.5
2026-08-01,Newcastle,ENG,1811.27
2026-08-01,Newport County,ENG,1405.39
2026-08-01,Northampton,ENG,1295.04
2026-08-01,Norwich,ENG,1536.18
2026-08-01,Nott'm Forest,ENG,1792.37
2026-08-01,Nottm Forest,ENG,1731.5
2026-08-01,Notts County,ENG,1527.31
2026-08-01,Oldham,ENG,1491.9
2026-08-01,Oxford,ENG,1443.89
2026-08-01,Peterboro,ENG,1358.4
2026-08-01,Plymouth,ENG,1484.9
2026-08-01,Plymouth Argyle,ENG,1381.53
2026-08-01,Port Vale,ENG,1345.58
2026-08-01,Portsmouth,ENG,1484.83
2026-08-01,Preston,ENG,1473.97
2026-08-01,QPR,ENG,1464.27
2026-08-01,Reading,ENG,1424.36
2026-08-01,Rochdale,ENG,1637.41
2026-08-01,Rotherham,ENG,1297.66
2026-08-01,Salford,ENG,1534.79
2026-08-01,Scunthorpe,ENG,1505.22
2026-08-01,Sheffield United,ENG,1523.78
2026-08-01,Sheffield Weds,ENG,1331.54
2026-08-01,Shrewsbury,ENG,1419.69
2026-08-01,Solihull,ENG,1465.48
2026-08-01,Southampton,ENG,1616.74
2026-08-01,Southend,ENG,1530.03
2026-08-01,Stevenage,ENG,1490.76
2026-08-01,Stockport,ENG,1438.0
2026-08-01,Stoke,ENG,1436.79
2026-08-01,Sunderland,ENG,1726.94
2026-08-01,Sutton,ENG,1428.55
2026-08-01,Swansea,ENG,1526.32
2026-08-01,Swindon,ENG,1456.25
2026-08-01,Tamworth,ENG,1489.52
2026-08-01,Tottenham,ENG,1748.02
2026-08-01,Tranmere,ENG,1334.96
2026-08-01,Truro,ENG,1378.35
2026-08-01,Walsall,ENG,1417.46
2026-08-01,Watford,ENG,1457.4
2026-08-01,Wealdstone,ENG,1450.12
2026-08-01,West Brom,ENG,1485.81
2026-08-01,West Ham,ENG,1750.34
2026-08-01,Wigan,ENG,1396.51
2026-08-01,Wimbledon,ENG,1332.15
2026-08-01,Woking,ENG,1500.73
2026-08-01,Wolves,ENG,1664.75
2026-08-01,Wrexham,ENG,1545.15
2026-08-01,Wycombe,ENG,1425.51
2026-08-01,Yeovil,ENG,1390.72
2026-08-01,York,ENG,1666.83
2026-08-15,AFC Wimbledon,ENG,1376.36
2026-08-15,Accrington,ENG,1416.81
2026-08-15,Aldershot,ENG,1422.87
2026-08-15,Altrincham,ENG,1461.17
2026-08-15,Arsenal,ENG,2016.06
2026-08-15,Aston Villa,ENG,1877.48
2026-08-15,Barnet,ENG,1541.41
2026-08-15,Barnsley,ENG,1382.13
2026-08-15,Barrow,ENG,1348.47
2026-08-15,Birmingham,ENG,1488.5
2026-08-15,Blackburn,ENG,1483.28
2026-08-15,Blackpool,ENG,1429.31
2026-08-15,Bolton,ENG,1449.16
2026-08-15,Boreham Wood,ENG,1575.23
2026-08-15,Boston Utd,ENG,1481.81
2026-08-15,Bournemouth,ENG,1864.9
2026-08-15,Brackley Town,ENG,1391.74
2026-08-15,Bradford,ENG,1433.84
2026-08-15,Braintree Town,ENG,1372.72
2026-08-15,Brentford,ENG,1821.12
2026-08-15,Brighton,ENG,1821.88
2026-08-15,Bristol City,ENG,1498.55
2026-08-15,Bristol Rvs,ENG,1490.05
2026-08-15,Bromley,ENG,1564.18
2026-08-15,Burnley,ENG,1652.73
2026-08-15,Burton,ENG,1385.27
2026-08-15,Cambridge,ENG,1553.74
2026-08-15,Cardiff,ENG,1522.06
2026-08-15,Carlisle,ENG,1590.02
2026-08-15,Charlton,ENG,1432.89
2026-08-15,Chelsea,ENG,1829.1
2026-08-15,Cheltenham,ENG,1431.2
2026-08-15,Chesterfield,ENG,1548.26
2026-08-15,Colchester,ENG,1460.65
2026-08-15,Coventry,ENG,1636.79
2026-08-15,Crawley Town,ENG,1401.29
2026-08-15,Crewe,ENG,1452.25
2026-08-15,Crystal Palace,ENG,1786.17
2026-08-15,Derby,ENG,1517.16
2026-08-15,Doncaster,ENG,1406.88
2026-08-15,Eastleigh,ENG,1443.46
2026-08-15,Everton,ENG,1786.0
2026-08-15,Exeter,ENG,1387.93
2026-08-15,Fleetwood Town,ENG,1467.68
2026-08-15,Forest Green,ENG,1544.01
2026-08-15,Fulham,ENG,1796.76
2026-08-15,Fylde,ENG,1496.94
2026-08-15,Gateshead,ENG,1443.94
2026-08-15,Gillingham,ENG,1398.85
2026-08-15,Grimsby,ENG,1501.32
2026-08-15,Halifax,ENG,1509.39
2026-08-15,Harrogate,ENG,1395.93
2026-08-15,Hartlepool,ENG,1515.89
2026-08-15,Hornchurch,ENG,1508.29
2026-08-15,Huddersfield,ENG,1432.2
2026-08-15,Hull,ENG,1528.52
2026-08-15,Ipswich,ENG,1625.94
2026-08-15,Kidderminster,ENG,1491.71
2026-08-15,Leeds,ENG,1782.7
2026-08-15,Leicester,ENG,1490.56
2026-08-15,Leyton Orient,ENG,1391.71
2026-08-15,Lincoln,ENG,1618.07
2026-08-15,Liverpool,ENG,1900.81
2026-08-15,Luton,ENG,1499.35
2026-08-15,Man City,ENG,1977.17
2026-08-15,Man United,ENG,1902.85
2026-08-15,Mansfield,ENG,1476.38
2026-08-15,Middlesbrough,ENG,1567.62
2026-08-15,Millwall,ENG,1596.15
2026-08-15,Milton Keynes Dons,ENG,1530.88
2026-08-15,Morecambe,ENG,1395.5
2026-08-15,Newcastle,ENG,1811.27
2026-08-15,Newport County,ENG,1405.39
2026-08-15,Northampton,ENG,1295.04
2026-08-15,Norwich,ENG,1536.18
2026-08-15,Nott'm Forest,ENG,1792.37
2026-08-15,Nottm Forest,ENG,1731.5
2026-08-15,Notts County,ENG,1527.31
2026-08-15,Oldham,ENG,1491.9
2026-08-15,Oxford,ENG,1443.89
2026-08-15,Peterboro,ENG,1358.4
2026-08-15,Plymouth,ENG,1484.9
2026-08-15,Plymouth Argyle,ENG,1381.53
2026-08-15,Port Vale,ENG,1345.58
2026-08-15,Portsmouth,ENG,1484.83
2026-08-15,Preston,ENG,1473.97
2026-08-15,QPR,ENG,1464.27
2026-08-15,Reading,ENG,1424.36
2026-08-15,Rochdale,ENG,1637.41
2026-08-15,Rotherham,ENG,1297.66
2026-08-15,Salford,ENG,1534.79
2026-08-15,Scunthorpe,ENG,1500.58
2026-08-15,Sheffield United,ENG,1523.78
2026-08-15,Sheffield Weds,ENG,1331.54
2026-08-15,Shrewsbury,ENG,1419.69
2026-08-15,Solihull,ENG,1454.9
2026-08-15,Southampton,ENG,1616.74
2026-08-15,Southend,ENG,1540.07
2026-08-15,Stevenage,ENG,1490.76
2026-08-15,Stockport,ENG,1438.0
2026-08-15,Stoke,ENG,1436.79
2026-08-15,Sunderland,ENG,1726.94
2026-08-15,Sutton,ENG,1442.18
2026-08-15,Swansea,ENG,1526.32
2026-08-15,Swindon,ENG,1456.25
2026-08-15,Tamworth,ENG,1493.59
2026-08-15,Tottenham,ENG,1748.02
2026-08-15,Tranmere,ENG,1334.96
2026-08-15,Truro,ENG,1378.35
2026-08-15,Walsall,ENG,1417.46
2026-08-15,Watford,ENG,1457.4
2026-08-15,Wealdstone,ENG,1453.18
2026-08-15,West Brom,ENG,1485.81
2026-08-15,West Ham,ENG,1750.34
2026-08-15,Wigan,ENG,1396.51
2026-08-15,Wimbledon,ENG,1332.15
2026-08-15,Woking,ENG,1487.1
2026-08-15,Wolves,ENG,1658.63
2026-08-15,Worthing,ENG,1514.41
2026-08-15,Wrexham,ENG,1545.15
2026-08-15,Wycombe,ENG,1425.51
2026-08-15,Yeovil,ENG,1395.36
2026-08-15,York,ENG,1666.83
2026-09-01,AFC Wimbledon,ENG,1377.74
2026-09-01,Accrington,ENG,1399.42
2026-09-01,Aldershot,ENG,1428.36
2026-09-01,Altrincham,ENG,1469.02
2026-09-01,Arsenal,ENG,2025.01
2026-09-01,Aston Villa,ENG,1860.14
2026-09-01,Barnet,ENG,1552.28
2026-09-01,Barnsley,ENG,1389.96
2026-09-01,Barrow,ENG,1340.76
2026-09-01,Birmingham,ENG,1502.57
2026-09-01,Blackburn,ENG,1481.99
2026-09-01,Blackpool,ENG,1446.13
2026-09-01,Bolton,ENG,1452.44
2026-09-01,Boreham Wood,ENG,1610.53
2026-09-01,Boston Utd,ENG,1483.09
2026-09-01,Bournemouth,ENG,1856.04
2026-09-01,Brackley Town,ENG,1391.74
2026-09-01,Bradford,ENG,1441.47
2026-09-01,Braintree Town,ENG,1372.72
2026-09-01,Brentford,ENG,1828.25
2026-09-01,Brighton,ENG,1823.69
2026-09-01,Bristol City,ENG,1499.56
2026-09-01,Bristol Rvs,ENG,1501.8
2026-09-01,Bromley,ENG,1554.14
2026-09-01,Burnley,ENG,1629.32
2026-09-01,Burton,ENG,1395.9
2026-09-01,Cambridge,ENG,1545.55
2026-09-01,Cardiff,ENG,1520.61
2026-09-01,Carlisle,ENG,1595.66
2026-09-01,Charlton,ENG,1469.63
2026-09-01,Chelsea,ENG,1847.96
2026-09-01,Cheltenham,ENG,1433.29
2026-09-01,Chesterfield,ENG,1531.02
2026-09-01,Colchester,ENG,1482.55
2026-09-01,Coventry,ENG,1621.25
2026-09-01,Crawley Town,ENG,1398.6
2026-09-01,Crewe,ENG,1464.9
2026-09-01,Crystal Palace,ENG,1771.81
2026-09-01,Derby,ENG,1494.25
2026-09-01,Doncaster,ENG,1401.83
2026-09-01,Eastleigh,ENG,1457.27
2026-09-01,Everton,ENG,1797.75
2026-09-01,Exeter,ENG,1389.21
2026-09-01,Fleetwood Town,ENG,1479.86
2026-09-01,Forest Green,ENG,1520.66
2026-09-01,Fulham,ENG,1775.67
2026-09-01,Fylde,ENG,1518.35
2026-09-01,Gateshead,ENG,1423.14
2026-09-01,Gillingham,ENG,1387.56
2026-09-01,Grimsby,ENG,1503.68
2026-09-01,Halifax,ENG,1497.3
2026-09-01,Harrogate,ENG,1406.98
2026-09-01,Hartlepool,ENG,1501.01
2026-09-01,Hornchurch,ENG,1527.84
2026-09-01,Huddersfield,ENG,1457.78
2026-09-01,Hull,ENG,1559.76
2026-09-01,Ipswich,ENG,1634.22
2026-09-01,Kidderminster,ENG,1502.25
2026-09-01,Leeds,ENG,1793.89
2026-09-01,Leicester,ENG,1481.8
2026-09-01,Leyton Orient,ENG,1378.41
2026-09-01,Lincoln,ENG,1601.17
2026-09-01,Liverpool,ENG,1895.2
2026-09-01,Luton,ENG,1498.32
2026-09-01,Man City,ENG,1988.64
2026-09-01,Man United,ENG,1888.56
2026-09-01,Mansfield,ENG,1480.14
2026-09-01,Middlesbrough,ENG,1573.18
2026-09-01,Millwall,ENG,1602.82
2026-09-01,Milton Keynes Dons,ENG,1523.02
2026-09-01,Morecambe,ENG,1395.5
2026-09-01,Newcastle,ENG,1821.82
2026-09-01,Newport County,ENG,1409.97
2026-09-01,Northampton,ENG,1297.83
2026-09-01,Norwich,ENG,1528.8
2026-09-01,Nott'm Forest,ENG,1785.14
2026-09-01,Nottm Forest,ENG,1731.5
2026-09-01,Notts County,ENG,1531.0
2026-09-01,Oldham,ENG,1494.85
2026-09-01,Oxford,ENG,1457.59
2026-09-01,Peterboro,ENG,1357.84
2026-09-01,Plymouth,ENG,1480.01
2026-09-01,Plymouth Argyle,ENG,1381.53
2026-09-01,Port Vale,ENG,1341.25
2026-09-01,Portsmouth,ENG,1479.47
2026-09-01,Preston,ENG,1450.44
2026-09-01,QPR,ENG,1486.59
2026-09-01,Reading,ENG,1415.22
2026-09-01,Rochdale,ENG,1593.83
2026-09-01,Rotherham,ENG,1314.85
2026-09-01,Salford,ENG,1503.65
2026-09-01,Scunthorpe,ENG,1484.73
2026-09-01,Sheffield United,ENG,1524.9
2026-09-01,Sheffield Weds,ENG,1350.48
2026-09-01,Shrewsbury,ENG,1412.8
2026-09-01,Solihull,ENG,1418.8
2026-09-01,Southampton,ENG,1616.42
2026-09-01,Southend,ENG,1542.58
2026-09-01,Stevenage,ENG,1472.74
2026-09-01,Stockport,ENG,1446.59
2026-09-01,Stoke,ENG,1420.55
2026-09-01,Sunderland,ENG,1726.06
2026-09-01,Sutton,ENG,1459.91
2026-09-01,Swansea,ENG,1544.28
2026-09-01,Swindon,ENG,1453.65
2026-09-01,Tamworth,ENG,1473.34
2026-09-01,Tottenham,ENG,1731.97
2026-09-01,Tranmere,ENG,1350.73
2026-09-01,Truro,ENG,1378.35
2026-09-01,Walsall,ENG,1436.85
2026-09-01,Watford,ENG,1479.06
2026-09-01,Wealdstone,ENG,1448.84
2026-09-01,West Brom,ENG,1504.74
2026-09-01,West Ham,ENG,1726.29
2026-09-01,Wigan,ENG,1371.37
2026-09-01,Wimbledon,ENG,1332.15
2026-09-01,Woking,ENG,1479.18
2026-09-01,Wolves,ENG,1667.96
2026-09-01,Worthing,ENG,1491.98
2026-09-01,Wrexham,ENG,1529.34
2026-09-01,Wycombe,ENG,1418.92
2026-09-01,Yeovil,ENG,1428.91
2026-09-01,York,ENG,1666.24
